47558 9987 
47481 29203 
75047 79127 
78839 17297 
5172 96310 
10260 82558 
18988 94962 
77197 5799 
4262 47427 
48895 40904 
36641 43545 
52428 29752 
56892 14598 
99156 83070 
70625 44364 
80285 23712 
9467 81807 
87377 673 
83420 45765 
30915 47068 
22968 91033 
75476 73397 
56446 87363 
83562 58607 
93333 48137 
61837 25753 
87301 33885 
33263 66531 
34239 47269 
16577 9505 
19916 30856 
80560 10551 
69566 76673 
54710 80853 
67386 57499 
20243 57715 
7792 93785 
75717 66556 
12251 77257 
70136 18598 
95601 82519 
23051 38110 
93995 11309 
5942 15505 
72958 30622 
42086 38130 
18513 85490 
93168 59322 
76923 89999 
40015 28075 
49337 25990 
32145 16649 
66462 7888 
76239 51463 
65356 4237 
57145 73875 
65535 41788 
36730 31701 
94825 56334 
55631 29813 
46706 96020 
70913 48697 
60406 27467 
98643 73555 
2563 42814 
94563 63358 
95025 16649 
98336 29167 
77195 15819 
87237 84153 
13290 22215 
33695 73891 
55003 88919 
37771 94856 
48256 13432 
10424 61469 
29105 78248 
16329 87614 
88293 78640 
46052 7244 
96604 30296 
76551 70492 
73818 25300 
96241 16678 
52986 83994 
16290 43623 
38669 32338 
63334 63922 
82902 19678 
50471 63106 
5871 80192 
53157 52080 
69617 32800 
74580 36800 
72581 8927 
71069 11815 
70381 95306 
22298 21150 
43950 79836 
73309 19924 
29988 92554 
45797 13174 
693 40895 
14626 44539 
29788 48656 
72217 56782 
10119 21478 
58224 48578 
94430 78158 
14832 7529 
15391 6715 
39036 8102 
3577 26927 
42433 24972 
62774 66883 
96336 27202 
80887 90147 
35426 86763 
51655 42226 
16708 56080 
57503 20307 
82177 43614 
17075 8593 
53396 43934 
32327 63084 
94111 59275 
79563 74277 
13031 83316 
76351 83994 
43087 4673 
22024 83459 
25772 27589 
53289 73717 
49548 348 
78443 26637 
39865 88125 
53805 44983 
74992 26325 
44188 83434 
6636 42883 
65576 58901 
97246 43566 
42659 48176 
46933 13022 
26467 43631 
72082 96135 
8058 13632 
15045 89162 
33089 93288 
9683 88235 
69044 13304 
1090 13965 
1999 59967 
19468 55231 
43043 47656 
37914 52651 
5799 76779 
1808 72826 
75967 44680 
3493 8109 
31424 74788 
90130 73508 
87119 30184 
34874 62223 
32858 81747 
71939 64428 
4047 8187 
94655 50079 
75559 15508 
42265 65838 
97106 76831 
56026 98672 
94857 10020 
68052 14225 
48504 30171 
97394 86761 
15585 36776 
67014 99303 
15590 21267 
22585 7518 
5217 9632 
29456 28978 
73150 86942 
47672 40604 
57767 85860 
36591 41440 
44485 59608 
20411 65313 
30727 1344 
53862 8529 
56022 16552 
63323 71436 
82304 2799 
2789 99497 
75239 42067 
56431 49467 
81218 64918 
39845 99324 
16658 2825 
668 66806 
86333 5314 
95892 717 
25678 61875 
27961 61596 
18381 35173 
54688 13942 
75010 81662 
49033 10830 
71056 8492 
73966 63623 
33485 91462 
54904 54377 
33723 57796 
77629 66648 
91995 19608 
13142 81558 
23028 29232 
72545 10331 
56332 15914 
24848 11923 
45665 54918 
68487 74958 
41698 14683 
33413 26857 
39566 25455 
4709 69871 
28642 13682 
1053 33672 
65781 50466 
11687 77219 
65201 69485 
94137 68808 
48313 20085 
61547 22526 
24996 34568 
43328 71795 
84177 5263 
85670 16208 
56063 86550 
69552 86618 
70937 59789 
63021 35188 
80178 24970 
91800 72113 
24009 11916 
7695 38742 
27438 35986 
57805 28051 
80968 58488 
9208 37725 
15869 50396 
63570 68537 
15147 99449 
4037 61307 
10830 45364 
52806 99373 
5782 75631 
81941 90371 
23968 65241 
12261 81020 
36971 97712 
55564 51703 
36496 61883 
3973 83808 
22719 79233 
46841 92125 
56564 79835 
462 67022 
80317 11559 
68721 76701 
45479 36797 
13866 38518 
99348 43687 
5732 80168 
72546 74746 
35054 76497 
78556 54780 
21886 65720 
83294 82104 
23712 20091 
27867 32327 
49456 70298 
90853 12360 
15433 60389 
57817 93809 
37132 40517 
25245 49509 
36822 88551 
3649 14771 
61073 88375 
362 95724 
44622 82651 
56355 51191 
27372 60890 
83387 81642 
29898 39880 
97921 69023 
19451 42789 
76425 24646 
53269 85770 
63047 18823 
68895 36407 
45126 85553 
2229 17053 
74593 18338 
53250 87933 
54035 99073 
86547 59818 
25043 30949 
49294 54135 
93465 78462 
12783 49595 
1221 52860 
95298 28708 
7641 19725 
3928 65010 
74551 46928 
40790 72399 
58883 55785 
55179 71651 
4112 86018 
87349 16025 
87603 36001 
41867 57785 
24759 93772 
48930 30549 
52863 31416 
20561 68569 
17572 95694 
85242 83337 
63283 91147 
89356 70394 
84904 18434 
86698 24744 
33049 280 
98358 2000 
77290 153 
14445 74176 
22783 14690 
26391 94011 
44479 99881 
23999 99751 
50060 73151 
64933 63518 
7868 18737 
25990 10718 
79315 12141 
75306 15361 
76582 70918 
62541 6762 
25927 33734 
10123 6749 
54490 67332 
2797 53348 
34222 1957 
15018 56853 
10402 99784 
86108 77226 
14186 68017 
51673 8018 
8727 38590 
66397 1257 
46631 49776 
8150 70238 
22848 81513 
36221 62692 
91598 15880 
87558 5516 
78488 16925 
34035 84040 
59750 49912 
91051 33782 
99323 89060 
63190 90676 
31523 94981 
36195 66974 
52113 78275 
76167 94320 
33809 4120 
76701 2951 
13627 34192 
2562 86536 
8924 46896 
14549 35862 
6599 24620 
24354 11384 
35635 47620 
20515 64614 
77015 88145 
26949 11368 
87014 55535 
4122 6094 
9972 3278 
79536 65830 
34871 72398 
99026 44759 
6384 12050 
23256 65912 
35549 87816 
54845 75260 
67802 60956 
70706 95242 
56837 97759 
51471 19728 
61608 47118 
45296 10481 
30759 6608 
76848 26363 
63854 82576 
13968 40865 
42029 38156 
34260 80967 
2008 14595 
91797 50897 
86910 5939 
70129 88074 
44878 64860 
21990 35308 
62261 18282 
38337 3289 
11967 75483 
59796 40452 
69526 18471 
42107 23511 
99547 74680 
13844 31256 
43445 85421 
19430 66655 
45686 26 
23428 47876 
40233 45239 
63077 97523 
81529 42180 
75243 21200 
45013 69077 
91199 81470 
41072 96959 
88105 41327 
83254 57655 
9540 72493 
26704 38661 
19157 98183 
45982 37857 
31264 67396 
52783 52526 
70081 38392 
63541 21778 
45434 82661 
14515 89224 
96833 7560 
87653 3626 
50132 35677 
54394 29262 
51414 72106 
66551 94854 
91257 36956 
23471 70193 
9197 39775 
22958 22928 
73010 24984 
59723 74540 
60316 22989 
69657 44113 
31072 347 
30778 41291 
68649 14154 
22444 45668 
84512 40771 
13278 88889 
26892 67091 
95205 37841 
7411 3712 
6119 62586 
61250 3708 
86900 61061 
86253 48151 
99865 4065 
64268 90064 
95209 58707 
54063 32216 
49573 46207 
59295 50965 
16617 90853 
17336 68287 
23318 20906 
25120 17236 
17686 89372 
16757 42213 
23670 92818 
34284 24800 
87299 79799 
87731 28294 
4385 56933 
83581 9713 
4632 20340 
11738 56656 
29595 62863 
20277 68295 
82612 33410 
74538 14664 
47740 53733 
92544 76490 
71645 30101 
72224 89024 
77525 32574 
77642 87608 
33364 52968 
31152 80197 
28151 94097 
66356 52579 
19174 87518 
32763 45774 
1110 84747 
7197 31860 
13342 17802 
59304 54459 
45777 78928 
38904 93150 
25425 26491 
1476 57292 
66096 84280 
64735 14032 
41774 64834 
94009 7749 
607 13915 
47087 33697 
70897 42884 
70195 87375 
23084 88481 
25946 22889 
42442 15387 
51389 18578 
36049 55970 
89685 66206 
44562 63718 
12484 71221 
54434 42137 
51730 75905 
9432 99263 
89398 94673 
1647 69436 
11609 81347 
81685 38628 
19558 31933 
65310 7355 
3893 63220 
29524 26080 
31432 97491 
84945 42050 
63553 26686 
83287 3588 
24089 25546 
68858 78158 
61244 32595 
11222 53882 
2832 20246 
62495 10685 
87030 30898 
67244 66897 
61902 64562 
15538 29862 
86075 65400 
70430 5010 
30275 69461 
19997 46849 
74800 44010 
1032 67441 
21567 70004 
16581 53201 
91036 93602 
22760 79239 
54061 22 
91588 51950 
56684 43653 
66108 55206 
31873 1988 
11603 23234 
56394 7781 
32488 14183 
3280 53762 
68263 12331 
60781 57331 
3934 44068 
37201 18806 
30344 53006 
47695 6154 
68147 42963 
83884 51551 
25449 64064 
61 50704 
93642 86845 
10780 14526 
98558 81979 
83802 34618 
14763 99142 
29640 88905 
19703 17519 
34360 31889 
11338 22614 
55842 85111 
38040 49230 
5336 67807 
92728 18925 
65971 85110 
4569 91690 
57757 21774 
21048 46294 
44659 73048 
10795 1412 
93497 81166 
33315 90625 
36701 35860 
15560 8290 
61349 40353 
47302 50494 
45477 40498 
57346 85482 
89287 64041 
60839 1395 
43674 19416 
74288 95611 
21411 59066 
79364 89629 
87339 20957 
79182 76193 
63111 23780 
31449 31226 
49277 6275 
61737 52152 
62949 69171 
57099 16299 
12797 99438 
15351 88355 
84783 30859 
78568 44208 
91846 22356 
10669 20010 
48647 16112 
88476 39935 
68515 71162 
63188 23860 
43905 55011 
14970 27058 
63964 15704 
67178 18035 
43194 49919 
48722 57710 
83762 28770 
93186 3468 
70657 42383 
41502 24918 
3656 76706 
71380 84756 
3016 41617 
11112 7715 
86803 28048 
8010 33367 
6958 83701 
12439 24409 
48461 61827 
7245 81070 
41387 15647 
59391 94404 
9167 82169 
95649 56494 
78032 23454 
7486 33962 
2409 70855 
71572 2693 
18938 48312 
31854 36299 
27818 34450 
26708 38619 
14357 60088 
60422 11404 
65881 27671 
12099 52382 
9549 82227 
47050 85967 
95209 59622 
45840 39200 
74010 87225 
94375 88819 
78358 14526 
84759 21920 
91643 6797 
61138 72257 
7232 43622 
7326 17002 
15393 25893 
13750 44665 
24070 9838 
80075 33867 
14855 54700 
6876 14804 
59053 91897 
4785 20480 
70365 97767 
2788 73169 
50523 79502 
68696 93078 
92110 64393 
64259 60805 
38845 16218 
45029 12926 
67749 89430 
80770 972 
49926 71720 
16068 97984 
67076 58626 
12784 94048 
9401 50022 
16065 82390 
57237 57656 
63861 1056 
53505 65344 
16257 61640 
7014 88983 
15374 66219 
27650 42256 
99226 86355 
83690 25693 
83597 53922 
88710 21730 
94902 92537 
71021 96428 
83926 469 
52053 79750 
75450 81186 
61818 20579 
12004 6045 
49307 90118 
31316 85186 
3660 37869 
76508 17245 
87899 88094 
75700 86341 
1259 1460 
43371 75589 
28368 16517 
49719 70458 
3980 28743 
76198 32390 
20480 61039 
25521 33353 
32046 28930 
82651 55386 
64145 6115 
29624 75697 
19931 51610 
1556 77507 
86170 68405 
33740 49565 
80465 25387 
90510 63185 
48842 89195 
85351 44596 
18164 80767 
98744 92589 
31384 92517 
75305 26648 
45300 76404 
35015 89168 
50269 40576 
64690 66838 
79227 72876 
65285 40916 
9433 43145 
18266 23867 
24476 23110 
99963 90721 
96391 2561 
16701 67503 
68146 73606 
55460 96214 
65269 963 
44898 56129 
42085 95598 
99845 84486 
72773 61411 
78657 6240 
30403 90294 
17345 52085 
58117 39530 
16960 16782 
25809 37337 
51464 85665 
82905 27321 
32124 36212 
63301 80620 
11495 3695 
72005 75773 
35101 85192 
84727 70608 
52176 44598 
21422 67925 
78185 72790 
12717 7296 
61264 51736 
64176 99004 
42396 69077 
37521 52950 
14788 30603 
10221 45308 
81802 22031 
45253 8773 
84761 78648 
1397 28435 
22041 31610 
41065 74627 
9085 13084 
47457 6539 
35323 18910 
45767 35964 
58457 47109 
34156 49219 
39166 53286 
69405 47102 
60003 89900 
19441 77712 
91125 25323 
90309 4980 
62428 70789 
58748 77003 
76806 78560 
93139 32541 
52443 13007 
25419 11513 
13398 37849 
44433 15882 
57232 7375 
17258 998 
16009 97242 
9175 64313 
92723 61358 
65248 38295 
99071 55291 
36907 87454 
42438 23848 
85427 55566 
10073 10666 
70887 8528 
76672 11075 
39961 70671 
17883 55964 
58817 57981 
46787 84044 
98412 70317 
2944 32617 
68661 16568 
14364 52880 
15222 11620 
21584 34767 
38053 2054 
0 8469 
64437 48726 
41733 75030 
10830 18656 
61496 6799 
97669 16118 
72286 50006 
39190 13385 
36220 56378 
16334 25269 
33394 68452 
55000 8417 
7398 84126 
74156 56269 
39950 29992 
38763 3635 
79100 80129 
50977 51065 
95524 67268 
39768 68479 
69695 46654 
63874 39968 
19019 89404 
25926 67263 
58530 1796 
6601 58045 
51319 89696 
66827 87070 
45603 13175 
33373 33067 
14182 5407 
78508 62390 
9002 62047 
28015 51623 
18659 42546 
83469 15638 
69863 63239 
24470 35064 
45287 3552 
64450 57674 
99622 91291 
69710 81900 
43341 80742 
15468 17494 
29324 88187 
45044 58306 
21392 3431 
18649 95206 
45754 53089 
86848 43366 
26452 51614 
363 57454 
84157 39438 
72730 60703 
33958 74096 
45174 19415 
52311 9832 
64150 53130 
95877 73956 
71128 82515 
45719 24059 
21499 81967 
19177 49253 
94886 22002 
38687 60683 
32671 57661 
71952 1842 
40230 43529 
61052 97579 
21126 33356 
39448 52213 
68442 52869 
95324 1784 
24466 18043 
77263 23219 
34085 7910 
54020 4088 
59552 90942 
33991 80613 
94693 47084 
21926 58729 
15146 23749 
40569 43254 
27894 13343 
73096 13592 
38138 42390 
88597 901 
34470 17850 
97308 41307 
4326 84929 
44888 2458 
30881 12512 
95780 6632 
89808 37256 
74528 2589 
59762 65491 
30889 70505 
83964 53215 
69702 79566 
71913 58850 
39665 56175 
10078 90796 
6548 62265 
58287 52456 
45828 27778 
44587 21039 
77319 29185 
35514 83297 
30134 56767 
50986 91293 
70102 67381 
13446 94340 
43792 76583 
69412 49466 
93368 4215 
98270 12078 
74713 50950 
27902 60905 
67628 49798 
9678 16913 
1376 6189 
66359 74551 
31434 13026 
15626 75494 
94048 2950 
89235 20015 
34021 79098 
13197 29176 
48153 47735 
87944 42198 
11835 61403 
9068 57727 
59532 69623 
99028 5114 
71224 65668 
78124 62422 
76373 12569 
89078 21548 
24545 29262 
3701 37671 
87573 18677 
82445 90185 
51971 23541 
28009 25320 
32297 2843 
72742 46871 
86246 32125 
66217 70763 
40498 44146 
84150 61611 
42664 43006 
62743 25010 
39173 44383 
73565 37985 
41533 17363 
93250 61843 
84102 29145 
89571 96593 
95393 22988 
40861 4215 
1858 91813 
29284 49182 
58250 45206 
127 79019 
51833 5876 
59060 95092 
59095 13185 
87235 44373 
43068 55953 
90098 96669 
66972 4519 
60004 58561 
65622 62912 
24943 15275 
59859 15981 
76157 84775 
21284 3481 
15913 14536 
94629 13339 
43399 50792 
63352 49736 
1458 62487 
362 98113 
39817 7729 
80287 78858 
11476 89225 
42263 54182 
8108 57015 
82967 28555 
57586 81736 
28457 62112 
52165 39732 
80341 98524 
49400 22523 
56932 94115 
89519 7440 
53222 23373 
2772 3685 
24888 27510 
38170 18661 
61008 67352 
31082 73071 
47757 39594 
41310 30132 
41074 16332 
35535 94175 
60163 71804 
58463 76982 
85617 67374 
35511 26385 
96098 76064 
76546 60979 
5713 41321 
4973 57250 
70551 81199 
19378 90968 
17357 68770 
5959 43393 
9888 42328 
59154 44668 
9235 24843 
35153 41707 
3228 61101 
58378 45939 
77025 13122 
24576 37491 
72088 89685 
95804 76683 
33953 24160 
62394 1152 
80564 56390 
54872 67511 
32409 18938 
24865 30113 
33302 75821 
78168 36312 
56353 12688 
35443 57583 
33547 31448 
16426 68872 
69308 59434 
92052 34812 
98514 43484 
25576 60679 
27682 62675 
28541 18480 
54353 59962 
90365 64060 
94199 62587 
1347 19865 
57983 33907 
78060 9781 
11192 75129 
17372 97416 
18047 74482 
50757 97264 
18541 83455 
44092 99389 
12265 85009 
89792 72548 
26005 7020 
67916 88176 
23438 25753 
10800 38143 
74721 98758 
91805 2969 
41385 64355 
72908 63917 
47637 45747 
88180 42402 
3061 1811 
10592 93152 
13639 73726 
48110 73810 
68141 86884 
41724 62919 
15148 80871 
92829 746 
52311 56841 
30291 82894 
33935 51216 
38560 45398 
65558 67404 
7347 41785 
94942 23108 
30700 27542 
27708 99805 
78670 35478 
92856 13089 
88348 46680 
58477 57846 
72672 36067 
51207 20595 
25215 98992 
64312 92833 
7060 45899 
48766 63859 
37916 85756 
69281 19296 
77769 5772 
72988 22417 
77674 94867 
62271 9378 
98683 51433 
85291 86600 
46442 62095 
57774 78778 
45662 37515 
7910 39402 
83452 43729 
92514 2145 
83380 73045 
67113 21127 
33231 57251 
5186 20814 
78505 37684 
52534 52182 
11070 71659 
71579 30773 
27723 72812 
77393 14436 
6987 54113 
92329 63745 
54133 66625 
49362 16512 
94176 4511 
55594 99292 
50521 77367 
86850 93413 
32982 34660 
21890 70815 
73024 63842 
40473 15871 
86397 73673 
3382 53346 
13719 17353 
4465 9809 
88108 6230 
34863 46029 
5630 14204 
27806 11310 
29098 75351 
58719 87172 
38684 32896 
59833 7476 
53830 6313 
71123 64766 
90120 5182 
90084 38577 
82021 33361 
1731 10357 
97881 95091 
67163 61874 
97021 35849 
24146 89166 
30494 25091 
6374 2507 
66820 15445 
19423 24350 
31947 93506 
20900 41844 
88691 71055 
39858 18279 
45104 52351 
36289 18673 
73485 53094 
45360 58747 
42143 39702 
73008 43640 
10604 3754 
9635 22979 
15555 85764 
6838 52305 
79653 14895 
18482 17341 
8208 36764 
41877 47232 
99794 60227 
7438 15646 
85999 65807 
55904 4476 
32819 83386 
11060 83931 
81599 64853 
2883 44878 
80959 48582 
21093 4612 
62823 36936 
82371 95551 
45429 85432 
75798 37902 
4121 32773 
10581 91949 
36756 84633 
27706 83374 
64725 913 
52892 95904 
52865 26114 
62063 29575 
1950 45548 
2541 30035 
65981 46299 
63224 4570 
73179 11145 
15293 53900 
84324 76135 
51275 65311 
5042 38024 
34825 32305 
79643 6516 
36134 88722 
33296 58038 
68621 71139 
96585 62742 
61416 52390 
41941 24477 
99106 21140 
84926 94668 
35302 17748 
55067 95364 
39831 74974 
20669 14160 
70699 53653 
59967 14244 
71423 8027 
7040 36528 
81952 63233 
65009 57652 
17115 38285 
71383 7546 
10363 1909 
20805 43363 
42580 5718 
98972 22724 
75794 99472 
58185 18587 
89870 96525 
69767 70457 
76617 24108 
21477 72238 
80189 62664 
89114 55706 
85276 51272 
635 40426 
45308 12030 
28418 85833 
11723 25279 
90707 99308 
72345 69698 
16793 25247 
31996 26529 
32176 64434 
71707 35592 
49714 50495 
4215 82234 
10677 40742 
2947 89000 
5683 62441 
19238 83559 
19612 92329 
18300 15303 
86923 37164 
58268 97041 
14177 26144 
8664 55321 
25117 22233 
54660 83206 
10320 8747 
61806 2661 
18209 9986 
82198 60253 
7138 60272 
67531 99466 
89281 44453 
17115 75706 
36236 94724 
29607 5940 
83521 43580 
46106 73917 
66561 778 
69194 44056 
44301 43370 
17619 72323 
18226 82187 
29552 40829 
34376 95603 
58667 84335 
63837 1964 
16791 21544 
93224 75763 
4455 51750 
20850 99468 
36419 28336 
46538 82822 
13054 74597 
63455 74542 
10478 64504 
8889 37506 
62420 51271 
7521 57830 
85003 89958 
45576 10709 
52002 66883 
47102 11429 
62593 18183 
84680 38667 
56211 92692 
46040 29008 
19852 90114 
95325 6552 
2020 84521 
13152 29538 
94459 25314 
73184 7125 
67952 93041 
14544 63768 
51645 75844 
99227 6075 
26735 23821 
1550 77598 
64830 33206 
62729 70704 
78865 10027 
57822 1480 
70202 63777 
64570 43581 
49382 85666 
94080 59986 
79978 73088 
41815 67818 
45075 72267 
44038 20705 
64146 24366 
79616 95605 
94433 16876 
40029 26571 
35419 61723 
1436 36636 
17562 44282 
71835 80804 
97197 13376 
53616 28086 
98367 11331 
57242 78576 
39280 75292 
25298 32758 
56248 76254 
77837 4554 
91111 656 
69721 97055 
39578 20866 
58561 40460 
67309 45537 
17914 25413 
88231 88552 
94534 51786 
65257 46162 
779 52836 
37429 25923 
53663 47808 
99518 28171 
20607 22169 
60157 41020 
8563 34036 
82835 73254 
38024 97762 
70441 15981 
76283 1242 
88481 93558 
65389 72153 
34725 37035 
69378 20211 
53739 89253 
82659 47414 
63628 29738 
86827 36346 
9256 89652 
16739 97801 
81347 12325 
98312 83276 
44055 3269 
50326 45362 
94966 5072 
385 59606 
40959 27210 
51269 5109 
10938 58563 
48026 37946 
42200 91290 
38464 81438 
71010 88753 
90119 365 
29974 37260 
25281 22405 
4850 31710 
62351 19404 
31707 58540 
6567 63511 
21646 55935 
16057 28797 
84805 50845 
80213 17642 
87944 95143 
86524 53030 
20644 49100 
19321 92787 
63985 89404 
29267 89894 
52570 51026 
35976 44198 
95810 47531 
77805 65148 
77678 52796 
2641 92615 
85402 68596 
1427 3467 
27130 47150 
22189 65198 
86119 85489 
66498 84781 
24778 59353 
62594 40820 
95706 18378 
29784 80168 
38866 21394 
97289 6346 
44119 50992 
17349 86435 
36560 9815 
17211 55544 
98462 67596 
67503 3522 
76093 97558 
5548 87278 
32274 13557 
41346 23885 
96270 95226 
91199 84603 
31447 67391 
29408 27977 
88113 82138 
21972 81427 
34039 37186 
7902 4988 
58407 52585 
23528 48361 
26243 19276 
23113 42970 
19910 27658 
35089 54408 
41781 82082 
7431 57500 
67994 8059 
37925 86125 
36984 62981 
55544 53008 
28489 68267 
17635 30910 
38835 91123 
14316 35922 
86482 17465 
26245 56042 
88226 74063 
64850 23766 
30852 77606 
35123 40116 
25704 11110 
267 19350 
74295 54018 
94744 38527 
91972 21285 
27706 44197 
33612 98935 
42308 89626 
40402 98771 
48068 50345 
80019 93343 
23234 93197 
83834 33754 
92009 54662 
94254 97533 
17540 17904 
22928 61539 
15716 64823 
86233 45755 
87132 19324 
28327 27831 
84959 91075 
64034 85355 
85009 75238 
73895 83088 
952 62952 
61971 85799 
92403 69799 
43316 43803 
46533 95057 
62516 67960 
74878 83217 
57286 83645 
56177 71071 
71841 29066 
73385 68622 
93598 42320 
38356 40117 
33753 63705 
71310 22719 
97359 65056 
3769 44624 
91767 6263 
3513 81897 
3622 10603 
77951 23838 
34107 45201 
98385 420 
19690 90627 
1778 62106 
81383 84555 
68931 92348 
39355 28410 
48387 76088 
1712 53040 
93905 43818 
86355 49722 
10021 60029 
63064 86174 
54993 27348 
9284 43774 
33319 33235 
57572 31781 
21091 74769 
75257 57135 
6566 58898 
57599 54289 
95654 90467 
34562 8504 
27413 28392 
88306 38205 
68173 11540 
53589 37225 
4600 30212 
26502 16145 
35757 46533 
38292 23448 
72166 47664 
60530 71838 
85869 49382 
95442 42810 
19699 54470 
70966 93464 
56204 10209 
3955 43533 
67113 2419 
16882 77737 
12750 69612 
93546 58838 
37479 20200 
37458 10118 
12021 88086 
52975 92553 
6429 67574 
3685 71541 
38505 27215 
15163 40814 
31640 14001 
79950 47060 
33315 24289 
91427 37743 
90919 35892 
80249 36786 
55088 66960 
52111 38000 
82405 51598 
28800 94526 
39118 99608 
75882 74098 
65400 38300 
59823 44494 
45762 18032 
14934 51371 
45345 99920 
16260 51503 
14123 34129 
48400 68478 
31467 80217 
32176 45017 
62028 17180 
21206 76350 
20593 40184 
8639 22456 
98315 43397 
90655 13459 
85663 43905 
17823 82151 
38449 10378 
27989 80297 
72455 22003 
95099 61328 
39482 98083 
47209 40967 
33028 6827 
3897 79521 
95363 83009 
58413 64768 
49409 58507 
83088 12803 
58630 37171 
67915 45665 
26041 26030 
11654 49221 
79486 68553 
72414 62540 
54490 12474 
50423 834 
78278 84659 
19477 68109 
78956 38534 
45619 72730 
92405 85802 
31604 19401 
16072 23488 
4007 14436 
63649 19782 
16135 87679 
7530 27743 
74382 4084 
56968 54583 
8278 10709 
9037 26099 
95190 40748 
26750 50740 
19499 75257 
44129 5872 
93022 45323 
71552 40002 
88572 42707 
76337 9014 
41767 95355 
43341 41949 
57523 55689 
78246 62384 
17178 44196 
2237 75195 
19755 88615 
943 65288 
6619 99883 
32800 44808 
12615 30002 
72387 28449 
58762 64136 
62854 12610 
51660 9483 
78190 83540 
82996 56852 
50873 81976 
28896 7390 
3365 7414 
33312 76501 
32942 53787 
22260 9805 
38507 30186 
36438 71801 
45316 35169 
88592 96963 
78975 21292 
48980 25076 
63579 7664 
37385 77906 
70541 72680 
53338 72673 
24431 86473 
7567 9268 
80063 23262 
27168 12844 
21112 27401 
94575 61093 
94670 93777 
46144 76470 
88485 63169 
3 17568 
77987 26194 
4800 61025 
18779 75707 
1075 25566 
36910 46811 
65204 53172 
74031 36081 
62215 28889 
77461 97175 
68239 90376 
86217 68698 
35977 51101 
53208 1981 
67252 36924 
61108 21425 
25606 14838 
34803 68066 
68838 74757 
26860 48259 
6490 10498 
54126 33667 
90528 34481 
93341 36194 
28769 52179 
1561 12063 
70137 16968 
13235 32928 
48367 83789 
79921 98747 
86550 80928 
60921 57041 
58722 23179 
43535 36279 
76701 96843 
70142 97293 
20456 57221 
76010 55940 
58517 92660 
96491 32685 
11287 25715 
85191 40345 
94593 41620 
95724 29905 
43404 56995 
18827 76156 
56357 67631 
33907 99833 
20613 43157 
29464 91016 
73495 68564 
70432 19707 
32492 67775 
42074 93872 
78411 82864 
79897 52620 
7832 24004 
2948 62803 
80464 49870 
3879 20978 
74624 85965 
13354 49513 
29770 39232 
48613 15554 
98864 21293 
76484 94616 
55328 49819 
69585 46793 
99439 57749 
11206 72859 
87232 3501 
9069 69991 
61354 41774 
11133 12424 
97733 84206 
77609 41002 
94578 51893 
52525 57453 
20924 97638 
95471 84113 
10759 54843 
79543 67926 
35812 52036 
35076 78716 
15088 17322 
20368 76044 
22540 85391 
30436 96431 
35567 11254 
12702 43249 
26517 89477 
44594 45316 
36958 75453 
42160 87029 
90242 6124 
11107 2798 
91663 21582 
22085 71645 
37569 96086 
90560 43979 
4812 97298 
68282 81918 
20185 5928 
8153 96941 
15829 44463 
47196 24221 
61068 83299 
63357 81710 
23724 15334 
1057 23816 
54691 15992 
27664 14503 
8395 34593 
78490 12672 
8732 95185 
71443 83902 
45192 20137 
24122 26915 
37064 28240 
85928 30609 
35019 495 
5693 58035 
38780 51467 
91329 87402 
97234 91779 
82190 27008 
23036 18234 
47114 60944 
97614 22051 
41515 75458 
64455 62811 
5448 62094 
8645 15996 
61208 93012 
98872 65347 
73829 16339 
24418 77800 
70743 24982 
94189 68370 
77915 11006 
77375 35116 
18899 29513 
56092 20191 
40577 60887 
29195 32004 
74738 78345 
53408 45612 
18178 98920 
33059 83758 
15697 20323 
72858 69324 
60105 23564 
89587 31474 
81310 51796 
37979 42394 
82560 59510 
43688 59293 
96078 63053 
51980 47212 
72637 13369 
94604 62167 
89997 54924 
49291 81316 
63688 30982 
16413 77072 
70272 44701 
65578 45460 
48003 87978 
11248 15542 
22718 5507 
60987 86334 
17817 70244 
42500 60418 
46372 8260 
56378 69314 
50657 25919 
20285 14696 
49833 60375 
67328 81641 
80045 95583 
36414 15386 
62835 60334 
45648 91417 
17583 52254 
71157 50243 
41585 12284 
63203 12809 
17413 7857 
19053 40288 
71365 69777 
97779 52845 
99096 67784 
6031 75983 
94930 2817 
5778 40205 
69901 40207 
95119 19982 
20199 7342 
91501 61392 
12532 31766 
2991 14316 
85770 1285 
7781 54666 
29313 86285 
74630 54928 
87771 76350 
47742 37140 
58827 48148 
88369 21436 
96559 99657 
12437 65438 
6053 56989 
88571 75012 
16778 84374 
64135 55276 
51987 5315 
68220 62283 
69314 73501 
34 10392 
33790 15727 
48688 88127 
98628 5932 
6148 36187 
11452 19357 
28934 45265 
34014 58936 
76139 38489 
62014 42185 
1421 13533 
58281 86207 
4874 32815 
67344 30848 
56991 66739 
62379 95609 
91445 14527 
86488 74616 
25982 49969 
89485 35774 
11449 65280 
28617 5142 
27852 15267 
97059 85678 
43266 96140 
67579 80648 
26563 28542 
90398 66345 
58117 52768 
64080 86184 
14001 85630 
6191 18817 
8668 33071 
86492 6595 
68698 372 
49599 17529 
75930 92685 
46331 53838 
62115 52612 
13368 13235 
59244 38710 
89388 55300 
9757 9010 
32498 24613 
19094 37072 
8565 34733 
89384 54546 
52981 22709 
7530 83894 
69392 42482 
73581 97620 
18123 77346 
45955 16295 
64282 16613 
48964 36629 
964 59638 
35055 62974 
36497 81604 
19264 921 
36315 19757 
6620 59995 
39882 16222 
14581 4001 
30925 84100 
52040 82150 
25350 47252 
54063 71902 
55297 40969 
87226 65298 
70151 50685 
34265 34588 
45664 8942 
38734 20066 
90939 67036 
40469 93300 
69645 7044 
60847 62303 
6641 62417 
3228 1717 
34090 70874 
18389 10681 
42164 92003 
47392 23843 
38642 83833 
95036 26828 
88933 47546 
5888 56488 
3518 17578 
11878 98391 
63297 95562 
95514 29257 
25030 852 
66019 90418 
28799 37844 
77026 19916 
37368 60840 
23954 15433 
73340 50932 
46761 48042 
84148 6164 
29519 97630 
57248 86186 
32088 34840 
28249 45692 
11147 31537 
73265 37102 
87928 42014 
53457 62278 
98227 60573 
84470 5512 
16626 27596 
36426 85574 
81304 25863 
31153 23306 
58438 81608 
92468 33073 
75910 60721 
22661 11316 
24882 29455 
23698 13504 
74769 31183 
55217 82013 
72249 15948 
23045 11726 
98162 47982 
21747 17639 
37507 7826 
12641 99272 
77202 349 
4717 80435 
83893 77690 
20110 39661 
29795 87047 
67997 36589 
28429 57227 
21264 82645 
14043 45010 
88772 552 
48661 72619 
2735 66512 
68869 991 
95518 31368 
90852 22 
23042 72591 
76611 96604 
3050 37646 
26928 4019 
75625 1106 
7366 62147 
60658 72822 
32407 46919 
82345 62513 
29845 39611 
54361 27357 
82617 81808 
70987 3456 
98500 80244 
29279 49497 
89431 67238 
15256 11503 
51693 67079 
23137 51253 
25806 66438 
40801 67771 
80674 37809 
26939 81222 
10395 18946 
25779 41614 
54129 8402 
13796 70913 
49473 97555 
49467 46485 
8069 22840 
1952 86197 
58474 88450 
67443 1139 
35820 79380 
43005 40532 
10382 57438 
16855 65295 
37884 8734 
51345 51606 
83249 90164 
80287 43915 
16433 4531 
15831 48031 
4112 19189 
61739 79225 
24206 31493 
59704 57736 
11558 75838 
53244 74636 
2574 61676 
39780 34693 
84225 29697 
95623 19693 
68530 14191 
908 5623 
7483 3652 
61912 10188 
35382 98788 
26732 43313 
75576 77366 
16958 82604 
76911 88698 
52760 98201 
51480 17077 
31716 6990 
69750 73107 
32760 44853 
31756 94610 
55750 7453 
73765 64684 
74500 24979 
88647 83499 
76462 4361 
35193 62518 
85844 93631 
86693 45106 
18559 97445 
22305 95880 
97219 222 
96136 42616 
62279 33897 
28360 99197 
51477 61007 
50370 45826 
83885 30634 
1619 93607 
77154 4659 
19704 14589 
46953 44862 
87178 75525 
86155 97598 
98708 73823 
97951 12069 
90390 37567 
61876 80695 
29403 17969 
44653 95603 
96642 72261 
28767 74002 
7568 7786 
20870 16966 
7252 33906 
19376 31149 
44414 47383 
66046 60969 
76247 58989 
79865 50039 
80911 54365 
73207 74888 
57796 70539 
80031 71500 
77017 60994 
83802 5755 
99056 16820 
18835 22510 
23085 9254 
32931 44943 
38205 19740 
41466 85657 
45707 27711 
73492 74157 
92413 33373 
8949 1466 
5264 3047 
32755 32001 
45539 37996 
86310 35232 
7448 84183 
79875 45244 
70294 20007 
40319 65000 
76019 81854 
7871 93923 
44657 13137 
62832 72341 
59067 51547 
58574 4445 
47298 1333 
60727 42549 
66035 72686 
44071 89801 
41776 8714 
78480 5915 
57786 61946 
43148 81054 
84282 26978 
44361 76711 
36962 83605 
76261 19226 
14679 55660 
56303 71525 
10906 44807 
87545 1745 
15632 55628 
48429 13587 
24419 88637 
87368 2562 
49555 41206 
4266 54730 
84614 22895 
33961 10111 
8181 61323 
7670 71624 
25124 47456 
57631 52234 
34486 45065 
47454 17927 
81947 68122 
56072 2209 
1760 12031 
16758 38986 
78175 9828 
14291 85042 
59571 72883 
73168 80736 
39888 67129 
27668 28131 
81397 70476 
50589 49435 
90467 54823 
31662 25481 
73692 36957 
38913 3879 
95602 46630 
66675 9578 
31148 67239 
72465 86727 
56250 14794 
31603 50080 
47920 34214 
93274 26593 
71819 8521 
4569 23464 
19580 96124 
80163 67528 
20831 34121 
34374 22759 
95563 71458 
59683 7549 
31349 24760 
31173 1525 
66882 81784 
39904 52841 
38410 12715 
9883 71196 
98853 87885 
33080 19286 
50748 42003 
64858 95946 
43628 69619 
58203 37948 
74064 84299 
79325 54213 
92274 24860 
39459 46166 
63113 46017 
98120 61009 
51175 87939 
41611 70878 
99866 79446 
17213 70181 
52530 92961 
8308 35842 
20027 35848 
68561 745 
33696 32388 
94354 49373 
35150 23382 
3795 56435 
45157 86288 
7940 54241 
22643 57765 
5250 32618 
71870 22635 
3857 46385 
80909 18559 
77868 29705 
77771 94043 
93714 94062 
71899 48959 
480 17207 
8193 81340 
64161 14084 
98340 61995 
39979 17567 
9961 59363 
19148 86791 
87893 41016 
56916 3919 
53945 85366 
87227 16376 
81530 47372 
56014 30906 
69816 35433 
59916 68234 
48374 73152 
60131 42706 
27789 39280 
52137 39945 
74277 1907 
11183 27396 
27102 88855 
746 47560 
96399 65213 
26535 11805 
76015 21100 
42178 33804 
81058 7987 
64392 15993 
73073 289 
35201 29863 
67110 442 
76690 11490 
24421 50319 
19824 27368 
22130 59565 
53008 52450 
56921 12351 
28352 42242 
83661 68014 
84024 73842 
11839 28190 
89607 77034 
82783 3327 
98014 75840 
28874 74789 
92345 13390 
72289 15328 
48929 38531 
55295 280 
98869 91289 
6719 14624 
59550 36100 
39931 36911 
24855 56705 
46517 60079 
48248 44618 
96819 91285 
26420 84317 
83587 58166 
92853 62587 
48232 37290 
60431 6914 
10502 12078 
10161 88370 
81887 62114 
9078 8140 
80644 83487 
54582 23654 
82078 40727 
84734 60213 
31526 54855 
64454 97090 
19509 39237 
56098 13261 
68572 5170 
9534 27236 
9587 72487 
61662 67919 
31622 37014 
18182 68965 
73953 66304 
1495 87825 
91418 17840 
87754 12457 
64991 99788 
23372 33647 
48345 23361 
6720 28930 
38115 28016 
44260 25303 
30690 95927 
42027 82248 
81570 10573 
73181 63992 
14684 55797 
70210 50541 
38527 96281 
26459 70685 
13589 28185 
55777 26986 
81237 39533 
51373 22731 
8109 73972 
5390 93876 
22003 48616 
99232 95187 
15373 36985 
51337 89141 
70749 91403 
13884 38546 
18767 45713 
42826 9436 
73931 8830 
26675 49479 
5876 32374 
48622 18949 
94575 11520 
73881 16251 
86809 57207 
99520 58077 
18199 59965 
77615 45429 
90157 50889 
24193 71089 
94387 53650 
56238 1546 
58869 12959 
56920 96946 
48771 79503 
55279 16352 
93294 29150 
20705 92386 
25209 95078 
14891 49280 
13672 95510 
14316 81441 
42894 46840 
14847 5793 
39317 62210 
56747 50519 
78192 48965 
63097 45231 
6789 34924 
67626 33179 
5949 73026 
18904 34808 
74284 96675 
87080 53759 
60043 23971 
66571 31401 
84537 38038 
63577 23986 
97948 2771 
80774 97768 
83492 8587 
63256 11708 
79078 81141 
49522 84832 
17005 27479 
79268 25897 
91662 38713 
45750 36683 
52839 16071 
44633 87059 
87935 38059 
63575 99927 
238 40447 
77137 77181 
12397 37955 
60213 44032 
24315 76757 
9781 88379 
32911 70269 
69589 24300 
77550 37260 
85301 14367 
9407 30871 
78643 44119 
95640 19952 
18272 53895 
59950 59957 
82359 98127 
29981 69673 
53306 20300 
8951 12167 
58520 2933 
14042 63594 
72873 76304 
27268 41902 
28214 47027 
85896 58953 
33250 38204 
98985 54217 
93110 16535 
14176 65959 
32116 18596 
74615 96693 
65502 78446 
99722 33724 
36310 1766 
95502 92665 
32156 27955 
50181 62141 
23268 70896 
99187 41211 
17967 31567 
49829 77579 
14653 31227 
40505 34283 
40440 22601 
71880 35296 
5689 98311 
88170 66373 
71016 30728 
5547 36456 
18735 45500 
81628 37106 
44254 52194 
95121 72648 
34578 29810 
57927 72148 
80883 92361 
13330 35780 
80002 40297 
83389 12825 
15750 37209 
16254 56266 
75113 38101 
49827 49835 
46668 35442 
52051 57368 
68966 82270 
20094 1452 
45184 97833 
20759 38605 
16980 60539 
32715 61607 
95286 45459 
7452 26105 
78686 69173 
373 68240 
51055 63447 
36001 52806 
39295 11040 
62019 67317 
29292 41898 
15717 56379 
83629 6036 
73360 72884 
78123 10610 
78134 7777 
75910 33014 
45503 48579 
87602 99241 
26201 8291 
23930 47354 
66514 60970 
33332 79571 
43148 18020 
31120 43313 
65657 80108 
69108 71478 
33292 3619 
65034 55297 
5081 27707 
9614 19290 
92049 18241 
95752 17197 
8725 98321 
69175 70142 
27414 51555 
82737 23928 
63193 3912 
47587 10978 
80184 12716 
13646 64311 
50382 17215 
79039 45851 
15172 34208 
23613 19443 
96614 14266 
85142 20146 
80705 9422 
48531 45684 
48044 41505 
98085 23373 
58638 1871 
90831 86422 
7118 57834 
44922 27179 
52179 88940 
1289 81734 
89821 27023 
9025 40201 
83776 28049 
5366 70099 
88518 60852 
9693 86420 
329 58122 
27606 1299 
50112 38389 
65961 38645 
8008 74262 
92598 4646 
4326 51779 
35600 63770 
83922 38515 
6021 81680 
1839 53949 
45340 61445 
36924 14607 
44300 17474 
47062 8613 
53322 2805 
14800 39563 
6359 29694 
35321 67970 
9802 891 
80126 70083 
6023 99546 
29194 28478 
7112 69408 
2043 66569 
8557 53753 
33793 40109 
34911 51462 
36220 2695 
39867 91709 
55729 69466 
81724 24914 
90281 13418 
21884 76946 
55557 42145 
48790 15987 
96943 19305 
12639 37044 
28436 14758 
67243 77778 
42144 90077 
54546 41151 
72786 51975 
34631 15309 
20431 35263 
59412 49223 
31715 9003 
11793 63751 
14849 34847 
83686 52151 
16956 44877 
46109 51478 
23633 47799 
72463 46892 
50107 16958 
12141 4574 
80932 61392 
75768 15770 
80924 32036 
85677 74448 
43860 69179 
65611 4062 
67438 54407 
92194 95188 
43119 90530 
7364 15028 
27654 96345 
95759 2298 
19476 69626 
63939 66518 
97612 41332 
19380 69462 
93340 16784 
36317 78301 
55566 75457 
12826 44966 
39731 80014 
68912 84247 
97040 27358 
8927 94432 
65878 59707 
73308 88513 
70545 42114 
34373 81494 
13734 4318 
48879 9873 
8707 39461 
66028 43060 
34664 49969 
3801 83325 
14577 31739 
48773 40799 
8566 91833 
4976 13120 
87889 1943 
15896 95504 
4710 208 
10389 96357 
1032 67290 
78035 35949 
6533 19163 
62405 61278 
59501 78668 
71713 18908 
47685 10650 
45526 89411 
6587 31382 
83445 1958 
31563 31971 
37120 15693 
57088 87569 
90469 75706 
31627 59492 
4648 25723 
69785 35680 
84096 87101 
94739 96494 
27890 94272 
93462 37421 
66690 10441 
94803 28051 
49692 34216 
46241 37544 
38317 47742 
8976 10826 
83759 49997 
12973 36871 
14054 65099 
13699 10680 
32993 14785 
70487 53955 
37986 96673 
22837 25969 
96899 15463 
75423 25748 
84906 72961 
15164 59449 
71584 34582 
74453 22697 
65733 54973 
23492 26642 
70845 63426 
21622 78623 
77656 80969 
82681 13590 
21882 65327 
12597 60807 
65038 57386 
58812 21862 
14132 33370 
70582 30647 
82070 50609 
6788 63712 
4762 11631 
43663 70293 
73217 61208 
28613 95290 
9311 74087 
98354 75646 
12451 87306 
29639 775 
31023 80335 
19097 41112 
67298 8692 
95028 65341 
7364 52274 
48505 86492 
78713 48340 
33700 99835 
77251 40866 
28087 1421 
72792 92969 
62033 5060 
97508 77147 
24237 7723 
45346 79274 
24588 88554 
62061 26603 
49252 65087 
85346 77487 
74104 71761 
2387 91067 
12138 70448 
28262 28896 
58056 50472 
72738 27268 
58972 26468 
55297 18961 
84017 96440 
48654 76183 
87590 79504 
79550 92682 
61110 13050 
92269 22322 
46357 52455 
85108 43841 
39794 82943 
62949 27095 
51800 22881 
10100 34773 
97275 70474 
76757 5390 
84853 21780 
89702 28298 
40781 66906 
43266 39525 
50487 53418 
138 38461 
25992 91225 
33240 49685 
10496 61598 
69677 31718 
12870 84462 
55701 65011 
24196 92762 
47636 35201 
6166 60421 
47884 64462 
56802 31320 
47424 33722 
52867 705 
6609 81609 
40262 7586 
4621 62132 
93847 6914 
14581 92479 
96296 3724 
16125 24696 
91992 47931 
40133 30618 
56414 8085 
51371 98113 
84057 65161 
13928 98481 
38686 93328 
51646 99831 
28528 23637 
11135 69318 
66012 18726 
58505 28281 
46751 21860 
92601 98687 
35676 82025 
37322 6694 
79598 98288 
83517 89721 
74935 71272 
86962 87117 
6926 97344 
93120 81312 
42418 91986 
51630 96296 
2102 82847 
3923 53339 
60100 70067 
75867 30033 
18865 11751 
84003 68083 
85607 55834 
68753 27692 
32774 6078 
849 91971 
59631 79586 
68293 83471 
84526 85953 
40309 66787 
88213 34072 
22036 76086 
97395 51605 
59122 24500 
44660 84257 
24912 23521 
66068 27253 
24577 64829 
861 29789 
80332 94456 
39137 4743 
19791 39713 
22775 70540 
75536 33052 
42518 49846 
18149 13802 
89842 50623 
87237 78693 
16055 59093 
55392 95127 
23102 81276 
58547 87360 
60583 80047 
52890 55077 
31770 67993 
13221 86257 
17713 32901 
70612 81837 
13038 92305 
98222 18333 
29597 96286 
93293 36411 
64882 23596 
70638 58350 
50955 45188 
78343 5384 
96614 61343 
69943 7125 
10610 53864 
18979 69562 
46973 33172 
41643 95597 
44815 1637 
1126 32623 
44501 99126 
3304 55354 
49622 44479 
57584 78929 
69976 37527 
68987 37256 
24570 40253 
47983 54627 
5665 12826 
73103 84813 
4951 40517 
18040 91201 
81177 50835 
59704 93930 
4926 86784 
16641 15588 
50651 71725 
28227 15693 
18746 74107 
74245 16025 
61081 56191 
51697 83802 
52356 69913 
71151 57748 
96514 45157 
8427 73325 
82639 942 
49121 67691 
7907 98438 
93203 22385 
66570 46209 
44891 32335 
63391 62717 
98989 73440 
47541 98866 
49071 77825 
78728 24261 
85160 15787 
31130 84849 
18965 26523 
12708 46736 
73282 35936 
27571 51227 
98814 49109 
37259 19539 
36453 7489 
83200 62102 
25986 56400 
17038 67017 
73214 77171 
48133 64996 
26622 5 
58270 93971 
82062 28645 
52447 15579 
29260 75961 
11588 67844 
77563 30765 
88132 73650 
49944 50504 
38657 62962 
14093 1890 
19071 8254 
27348 52102 
77334 17250 
8213 46918 
66326 74823 
11414 98888 
65140 76776 
75702 48668 
40982 52242 
34030 55650 
5795 28554 
24265 20249 
21826 52717 
15262 39501 
88606 46956 
67911 50076 
120 42349 
83653 18386 
95445 4163 
54053 96144 
38732 35289 
14107 71547 
55101 20009 
19309 11224 
17906 49385 
11871 6106 
29770 51640 
15043 5620 
64908 36191 
96139 48894 
43445 48355 
68654 79105 
89845 23244 
61776 57676 
86965 22035 
71624 78713 
74902 31489 
22701 20899 
59505 8543 
10354 63988 
89264 55749 
65420 40121 
31263 20487 
80787 86370 
27005 21133 
66251 14246 
37100 16736 
52847 14321 
90187 53260 
50728 69717 
35921 39085 
75703 60865 
64451 25206 
98724 5801 
95544 91452 
39870 95156 
59358 69053 
23798 49108 
87830 62002 
37180 44729 
10753 64932 
80277 36484 
3840 13584 
84612 20079 
67403 45460 
76599 70428 
23778 92885 
3022 18190 
9191 78447 
98427 16152 
1502 33671 
66769 86671 
69125 15778 
70050 34451 
48345 54523 
65268 55137 
56423 21345 
7585 69502 
26030 76448 
42478 65468 
2950 15939 
42501 35747 
83443 10767 
5334 57595 
80258 1977 
18972 72988 
97014 92654 
17154 92449 
59510 55954 
93589 63854 
99497 60730 
17029 18715 
11548 1528 
90929 32754 
6887 8104 
31204 15033 
69362 1109 
93506 70477 
78264 55237 
67480 64283 
240 28853 
69624 53580 
68314 20036 
8643 41596 
59854 12945 
67635 52685 
57297 85555 
45934 22739 
25553 60075 
30135 48850 
68227 90712 
18592 44499 
31128 99982 
6593 2139 
6041 94381 
50456 73721 
50308 12962 
67943 41531 
78494 88293 
99676 66635 
1266 28232 
51656 70325 
83582 59094 
62518 25112 
69387 6050 
90796 6162 
73230 24978 
97302 81491 
70573 41457 
5582 99812 
28025 97278 
59476 68616 
2343 52554 
60977 1875 
2754 42403 
63838 56725 
55005 41203 
18813 71518 
27519 44511 
14942 63837 
80146 39024 
37960 46412 
74183 94316 
71674 71260 
38734 76602 
1081 17990 
22923 54411 
37042 885 
76067 38780 
71452 81174 
88660 76505 
89176 35888 
95858 93932 
8396 52714 
92109 70957 
94565 91489 
30708 10109 
94828 77275 
85239 54004 
69537 67402 
31243 95946 
55426 65421 
65905 23072 
81009 38630 
21169 29223 
68960 32617 
41394 35557 
2509 66228 
90519 60968 
3271 33422 
25687 91472 
66506 34689 
24357 7993 
26435 9977 
80174 45348 
79033 47584 
89202 71755 
72622 98958 
32601 97779 
87651 38108 
24436 46435 
66158 66115 
34008 42001 
18752 76154 
10969 4120 
32318 62555 
38433 65901 
25211 78575 
14416 69977 
48353 21890 
15135 34840 
10426 54266 
25064 25325 
13284 42409 
28113 5681 
19730 40708 
41883 1474 
39953 23400 
42683 47419 
15226 13605 
72853 52240 
97872 49775 
43870 68802 
75022 76276 
48872 18009 
60374 44130 
76394 78318 
82924 60421 
73511 19263 
34579 30381 
41014 26970 
99559 94917 
55878 42437 
77694 78123 
6977 9197 
30978 24271 
98859 6011 
28167 21847 
25370 22354 
35741 83384 
40008 19718 
5204 74158 
53109 10128 
36494 60261 
67334 74773 
55167 77131 
22350 40292 
27068 3299 
57274 27995 
48367 60952 
15081 92180 
91098 54815 
7100 67730 
54776 3980 
27660 54271 
73195 17428 
59030 74452 
52155 13372 
35071 57282 
68677 84956 
38310 13942 
45143 70409 
89652 93157 
22876 94465 
52539 25930 
98785 9668 
14073 95337 
56032 81099 
24490 96095 
15051 26180 
73321 80709 
54806 42343 
55697 24310 
5838 29712 
35458 78619 
96405 43363 
43083 27023 
40979 90311 
55931 97346 
96350 20046 
95881 36667 
74776 44264 
45174 3419 
95903 61400 
25121 85987 
79567 54593 
4296 14180 
30157 77947 
2950 90180 
39848 45249 
38595 28967 
42817 87740 
14043 64724 
85463 53124 
83687 49325 
38677 76662 
46379 41814 
67380 67043 
3999 63619 
89822 14642 
93648 73260 
4563 47858 
48393 96457 
36556 34412 
66540 32770 
55464 48790 
72700 48301 
49078 4476 
35201 55489 
92643 80172 
63911 75654 
40929 52904 
50114 77693 
84035 87715 
25809 87232 
50210 23608 
13663 64521 
9381 38448 
10788 56489 
29603 71734 
99657 38650 
65335 33472 
7644 75901 
11192 29810 
43074 47786 
37767 91667 
20091 3397 
37127 1296 
47293 33875 
44772 73493 
95772 76317 
72110 63173 
81074 91918 
78909 39025 
90530 93306 
38757 84211 
62559 31279 
2171 59362 
77703 89519 
41821 90554 
52559 77390 
72224 25556 
37213 55532 
72309 35274 
4382 76720 
3407 24195 
84211 75356 
7504 53520 
42486 92926 
91024 73781 
22044 83936 
47904 9911 
67203 7048 
52439 41050 
29310 69531 
57099 69818 
7814 59670 
63488 81365 
15766 71360 
95600 51158 
71235 97907 
93728 72336 
6858 47912 
64634 38362 
58581 15129 
69030 34791 
41635 16309 
921 65148 
46870 96308 
15048 60252 
93811 88104 
88450 97729 
58136 6873 
60055 89052 
50747 51917 
78271 75122 
63219 87969 
690 8231 
10111 78293 
32311 88172 
92493 46008 
59104 63356 
78993 47169 
32243 3950 
50797 49411 
85047 3405 
85220 23351 
19406 67156 
58841 70411 
81390 2850 
35664 30386 
56812 35170 
68347 34833 
56606 30088 
81287 98210 
29239 28397 
23188 67727 
32731 56355 
73694 84986 
22429 2539 
63804 47742 
62312 24266 
22968 98496 
47418 74431 
97143 8142 
32863 20120 
91541 67501 
995 58105 
79404 47352 
62339 19111 
83874 38437 
78324 92686 
83846 36912 
14152 97590 
16710 97864 
78731 68795 
50926 39753 
85238 31508 
79664 46029 
70678 85076 
43032 76661 
45693 25192 
20919 71962 
6940 91507 
51080 3839 
33490 39593 
17785 5473 
5996 1111 
25237 89445 
32801 14133 
16904 46453 
40656 76736 
27036 2004 
89432 1316 
53843 96871 
99934 24519 
25151 48580 
41890 58218 
86863 45846 
15185 50699 
82093 25605 
71593 64013 
4617 83198 
66525 63389 
4100 70241 
748 57677 
92542 41856 
10538 25986 
51482 25190 
91403 14992 
67721 94529 
95305 93822 
31680 54817 
24195 9016 
16964 55013 
53750 90724 
22322 75491 
60306 23140 
97896 59539 
91333 7107 
96523 88039 
15141 10879 
87794 28544 
9098 26251 
47707 25183 
97254 21544 
89952 34262 
28097 10401 
36211 51876 
91023 35923 
32346 24519 
6201 3318 
4936 81408 
86600 81124 
18341 78125 
63314 30940 
36322 95185 
85646 18713 
14235 92261 
56015 6790 
47886 79064 
36374 25288 
83380 27237 
67622 73750 
48626 14139 
76403 9634 
1664 59025 
4720 38879 
3522 84865 
86954 35596 
14108 14951 
16153 82882 
78417 92415 
86890 44813 
17353 92938 
75492 50884 
62550 86158 
20127 98446 
77790 89689 
93012 56162 
90982 51147 
14917 82059 
20113 88208 
48172 53445 
14211 14512 
18541 42769 
46052 80035 
58634 63457 
87217 58645 
35900 52823 
68053 22601 
26821 55318 
75215 54070 
25547 18743 
67668 57086 
30037 18454 
98381 49884 
31650 80165 
13432 37172 
45168 80661 
62813 84668 
55427 67527 
97977 44080 
23965 53954 
49992 5751 
94548 12744 
79156 88282 
59948 14843 
62015 9720 
4026 32003 
34949 23282 
12921 50687 
44858 42066 
57119 24823 
66905 21856 
82133 28755 
36941 18863 
9756 58534 
11889 90134 
44091 69639 
15256 58359 
96988 32284 
46909 19929 
96045 31656 
36324 35378 
15007 39748 
96776 4682 
71158 37892 
94251 96423 
67227 74662 
79365 69443 
16373 2511 
43141 98367 
77942 48322 
48252 90251 
49008 37985 
56146 58625 
2101 13199 
17485 3317 
33069 49870 
18394 29700 
84678 11797 
78248 29402 
41326 50788 
76087 35986 
48194 94907 
42200 63776 
94142 50240 
89023 35729 
11866 78394 
71243 7147 
91084 1891 
58798 96025 
70934 32649 
78488 37956 
76335 14987 
29974 93762 
89657 23861 
10180 51427 
3911 61510 
86460 80371 
86505 51237 
43357 15762 
93704 35751 
90387 73310 
15060 49320 
59003 20865 
94371 47907 
35730 62138 
69146 49542 
75457 20003 
94077 58371 
13946 42095 
65690 20144 
51853 89774 
45114 84328 
13904 13065 
83849 28624 
96344 58785 
93407 35330 
3354 6821 
63904 95835 
38891 80435 
28927 59454 
64216 30429 
94441 35878 
53371 50173 
98019 6718 
78953 38721 
41337 935 
38770 92647 
43674 41370 
90280 73711 
97060 75187 
94234 69117 
64743 59706 
81492 33855 
53814 86936 
47741 80530 
10126 95048 
49670 61039 
29019 33103 
23149 66646 
48939 16534 
69024 58189 
96667 35214 
55407 26604 
82681 53346 
66648 75392 
3060 71034 
88672 11325 
90415 1026 
57951 27424 
70435 50980 
17112 63129 
22977 91523 
14022 30567 
17008 33453 
53160 2979 
87234 33603 
58207 71607 
46951 98241 
32972 90712 
86394 55270 
14152 46917 
88799 22116 
93874 8683 
7408 4829 
52584 34493 
85831 25781 
83546 44179 
71445 92253 
9095 86853 
66914 86302 
85721 71017 
88490 77461 
70195 57682 
51346 34159 
72153 55711 
82058 37181 
49892 108 
66196 79068 
15635 38585 
75050 67018 
4082 99516 
79680 33712 
23819 65250 
52757 376 
54991 28770 
79058 29512 
78605 68803 
44046 50869 
22958 38749 
46594 43590 
90876 28168 
86718 9871 
87812 22081 
12083 81062 
5332 52950 
68082 55831 
27100 12971 
85462 81795 
15194 70200 
56730 57015 
3460 11001 
98016 45776 
71542 13485 
66561 74287 
98370 41812 
5711 96235 
97057 39645 
19038 95600 
14568 92536 
33143 24653 
38926 23634 
94723 58815 
94387 84896 
61648 86804 
20679 6833 
90080 44500 
26287 73832 
90064 43970 
77727 99231 
20580 45342 
36836 84576 
21676 68467 
86358 60855 
36115 43824 
90416 26038 
55855 57625 
20968 12842 
39736 54799 
43915 43421 
87900 25363 
99277 53559 
25740 14593 
28669 97930 
45618 65499 
318 80136 
78102 23306 
56926 86482 
16127 5931 
64938 40819 
95297 71918 
75088 39304 
41430 97839 
13601 68537 
32496 10865 
11006 58309 
86254 9040 
41242 71056 
77176 41711 
87591 84133 
6674 15645 
73944 78132 
99143 38568 
99998 4745 
73047 11144 
97208 71035 
41000 30895 
78667 43489 
25761 77084 
90567 44849 
40055 4324 
85463 89483 
67314 84448 
28331 78927 
97707 1144 
15206 58234 
19251 19913 
31210 15900 
37307 27101 
99832 95385 
97460 56090 
78586 74629 
16522 96130 
37473 61470 
84354 9920 
16207 47487 
85207 69684 
93700 60570 
1445 58341 
19062 57362 
4816 72285 
47218 764 
10832 5381 
94196 74779 
70348 89943 
77257 99266 
99120 19817 
33250 20521 
862 83085 
14935 70130 
22279 87530 
49469 4148 
89559 70627 
5866 57429 
14964 47711 
58962 73800 
29471 66845 
56255 1781 
92806 7047 
90966 77676 
55740 77664 
59776 53127 
1203 51036 
36893 62581 
70534 88029 
27477 67645 
89105 96563 
72908 59926 
41593 96980 
67979 51690 
11329 54888 
15826 34585 
90438 82080 
90251 40651 
87909 99176 
97069 96978 
11241 99838 
26204 25623 
73999 55720 
64474 3793 
86386 53761 
95389 65771 
18843 62986 
46693 97727 
89735 86685 
59054 49289 
17334 67636 
39968 61630 
93600 79014 
35825 90838 
82664 51648 
2044 87458 
20459 59520 
76286 78354 
93602 9699 
62976 85414 
5415 60334 
18712 7123 
94890 20931 
87607 83672 
60418 72776 
73228 64001 
54296 84251 
49476 94074 
56270 85660 
6659 49683 
4824 11305 
922 44190 
63422 12717 
25335 51905 
25602 96258 
49156 1132 
17582 40777 
78114 7467 
39966 6537 
73058 37514 
1155 55350 
26894 15977 
34252 63659 
40466 14946 
56514 25243 
56878 93195 
25814 8301 
10733 85457 
72141 52858 
23857 76876 
33778 68739 
32302 36229 
7632 21817 
60771 23000 
31059 76807 
70074 28042 
48597 98539 
90827 55280 
81146 513 
22336 2821 
7458 69422 
19428 55834 
88170 87446 
12009 60660 
11176 20271 
2178 9925 
13787 38130 
61984 31739 
41906 89603 
11243 42640 
39366 53448 
89313 93498 
21606 52483 
47315 10416 
77020 25290 
78018 8482 
56613 16516 
69453 35293 
57984 64558 
15285 83231 
83207 36651 
40077 94793 
51857 85673 
811 73610 
80162 80426 
7356 5305 
95232 91723 
64067 86980 
39318 301 
72283 61874 
33210 29391 
49235 56582 
10188 94721 
12679 22289 
2340 7805 
52607 88539 
59595 64536 
61412 48349 
8478 452 
22184 6863 
12386 96444 
61079 42203 
78093 74296 
54260 46858 
64212 30069 
42429 40658 
86533 15237 
46752 72299 
82403 90338 
98789 55344 
91761 44059 
94033 16804 
35950 91781 
53751 71619 
27091 41997 
33046 74752 
20615 46406 
44403 44118 
31418 30080 
75461 92179 
70173 31787 
67349 51826 
20479 71366 
85633 33004 
69811 993 
59801 571 
27649 90238 
89138 21006 
12700 41024 
12998 85821 
67786 27882 
21642 82925 
65749 11372 
40219 53689 
2650 78088 
52879 43082 
35562 19352 
46663 23019 
11407 72533 
45493 44912 
50613 13859 
73451 56459 
94722 9660 
33520 99795 
654 4167 
13025 93405 
65984 46316 
30271 88584 
99365 35434 
18201 82702 
8147 96276 
372 66207 
61278 77536 
52151 78001 
99729 4806 
55749 44750 
8973 8881 
51569 83661 
38463 93383 
60300 55401 
51571 1843 
300 64085 
16138 93748 
53036 14643 
542 41445 
35681 54371 
23123 15394 
24451 45100 
13830 33952 
34875 35192 
86106 15662 
5881 26413 
84333 86998 
53458 59775 
67553 66558 
56626 76543 
13725 67889 
13514 45871 
80417 37461 
58603 88893 
37668 71734 
63527 70624 
96591 37832 
53281 75632 
93400 56032 
57314 31207 
52640 89089 
80679 92625 
45732 23363 
24273 59130 
81321 19776 
5182 46343 
12470 58823 
28212 1112 
22402 3171 
37952 8157 
55262 53835 
37027 4390 
91302 81466 
90688 86402 
26907 72995 
50488 69383 
9063 45680 
20501 31600 
91125 45569 
58402 57575 
22178 65414 
50686 75231 
55811 88311 
26422 67523 
65774 87622 
77133 27453 
85790 91206 
31763 16882 
48688 48512 
95160 84150 
86080 22823 
96088 93324 
63930 67732 
6527 18699 
71691 36871 
87842 62257 
53062 18984 
91399 58858 
64965 86643 
91283 44225 
78009 96189 
55016 74155 
86478 78954 
64491 99881 
78806 19365 
83853 24167 
30519 24233 
33607 85428 
20809 49345 
71009 43096 
41159 64407 
95579 66416 
59881 5480 
95623 61008 
29932 85207 
26674 2781 
79066 5470 
66051 87148 
1133 44554 
19023 43026 
75272 71454 
61594 5704 
75763 73650 
92468 90428 
99473 71515 
32529 59433 
30117 32421 
53968 29159 
78949 90725 
43210 21504 
90057 25956 
1842 23226 
75080 50885 
68015 80995 
46956 13576 
97102 26095 
55211 23085 
74886 92386 
86356 67177 
49151 63922 
82093 2237 
56251 64481 
45333 60489 
88111 80255 
49433 37722 
92065 89121 
39600 95888 
21033 55106 
17055 39279 
54772 35093 
26360 405 
94281 36290 
24192 2291 
90912 57615 
93916 47571 
9325 45914 
84427 21600 
39175 98803 
94068 86736 
64234 49914 
90792 87995 
69648 79495 
58301 86512 
18121 3514 
84552 86510 
54023 7834 
63784 23964 
806 10524 
66173 40679 
1534 54987 
40197 76213 
14973 59344 
52013 71887 
20393 73410 
33397 96064 
3070 23573 
5218 67945 
89479 58034 
66948 78324 
76233 40123 
94382 80055 
50062 75766 
67516 48438 
27492 2709 
58442 92279 
52305 13700 
45159 30084 
76526 33625 
81358 32667 
16338 21426 
44520 73371 
18234 21684 
5078 20192 
92642 47827 
7939 50282 
72382 39220 
34299 66606 
31528 97751 
16499 48995 
56599 76032 
11554 77386 
96468 58963 
33 23733 
29988 53179 
66135 20900 
81045 74744 
32082 81776 
79606 4498 
65356 59923 
14289 62555 
50853 14272 
47095 38745 
21689 64662 
64161 4129 
72159 2509 
17718 20250 
34281 51418 
73959 57406 
85387 56255 
19064 30971 
68368 16030 
91397 65688 
48489 65839 
1704 1846 
1092 56242 
75142 64401 
23014 74588 
99042 26323 
87262 2135 
88554 10872 
15210 3284 
88643 93970 
23545 98752 
15413 87493 
14194 83259 
2294 7046 
14625 10082 
57385 53671 
43223 79786 
57069 67932 
69827 38517 
98001 46961 
65060 12398 
4663 50301 
83745 78941 
42909 58752 
7480 3774 
21256 91935 
79365 51581 
71170 34928 
99896 13842 
85178 72062 
17213 82763 
57360 76861 
37158 40733 
14641 61110 
99042 27725 
49245 43151 
11506 95223 
62799 55781 
19571 54602 
10788 77495 
78722 80308 
92398 37310 
44793 33756 
65274 13069 
49473 32564 
77304 15824 
20365 1560 
98286 28833 
21880 6904 
3138 48676 
38599 92803 
5334 58123 
96311 11404 
64319 45659 
17573 60841 
93871 74942 
38431 23814 
79758 98966 
70863 29636 
74479 8336 
81507 46418 
74481 824 
71435 46831 
994 60236 
84000 80858 
99434 36649 
38186 31995 
44319 27168 
83448 29578 
86752 66654 
98671 39181 
9704 51213 
12664 55537 
62743 33766 
6526 77937 
32255 50622 
69250 56804 
65864 60771 
17087 61913 
10438 5450 
54471 37707 
41940 24556 
49752 79199 
62340 98631 
22466 83151 
13912 20349 
90571 3542 
14461 37864 
5850 67764 
48362 53849 
13591 90575 
57790 8701 
8691 56500 
66085 24131 
24486 28209 
30945 34245 
82906 78345 
68982 85221 
54956 35313 
15132 41822 
29058 79768 
80532 99225 
61447 27838 
50689 62046 
87612 89549 
22102 18918 
6674 96519 
9992 10644 
11621 51636 
72381 62658 
27491 65295 
86474 28444 
36891 7667 
82181 69545 
17602 24586 
84529 79921 
90629 35788 
41886 47694 
78640 58577 
20069 35668 
4582 77432 
23810 53521 
18131 10634 
66498 89220 
23697 8669 
46724 64929 
97848 56009 
5866 83584 
26306 37788 
34827 36296 
61084 75964 
69969 47892 
96859 35755 
68424 48135 
92347 52457 
81166 69556 
17216 31165 
48569 89339 
88003 27532 
27673 52315 
67516 26349 
22948 34884 
41376 96557 
33098 35569 
52638 16275 
45266 6890 
70826 29437 
4996 75394 
95273 16873 
65399 31929 
44309 38963 
72185 12613 
61610 34430 
72579 32472 
78957 40420 
45615 78337 
10672 32698 
38881 15356 
19164 71604 
62541 12340 
83299 79360 
35272 45179 
21724 67387 
98765 94687 
71806 78475 
17494 15496 
1510 7966 
58722 15980 
36321 20566 
4034 55721 
16229 84943 
78161 36628 
58831 6983 
93470 36609 
93760 54377 
99206 10529 
50941 30170 
93430 62236 
30588 70938 
2546 73548 
56367 16499 
58452 61329 
14859 22320 
6522 22195 
14176 63292 
59003 15874 
52562 8038 
67890 32875 
73790 26680 
28913 89873 
360 31757 
44009 97119 
77774 41943 
63511 46138 
33581 1300 
1226 73174 
53411 82959 
65709 64026 
2889 55461 
79230 79352 
79096 92425 
62307 95995 
58151 61775 
46126 79516 
16550 39459 
37786 25877 
43005 54381 
4013 36107 
24881 86257 
57856 16754 
88663 6118 
29817 31099 
97499 70420 
80015 61332 
60446 54002 
61145 80266 
87906 34607 
73398 72704 
35582 22213 
61941 91155 
15376 60146 
95174 78386 
15769 11739 
27692 40163 
66535 86248 
95750 5526 
3032 50821 
14955 69100 
33868 21465 
50069 70167 
92379 25332 
4976 26627 
57157 79025 
37242 8464 
59774 33237 
36163 4970 
58869 92702 
15797 12737 
48949 32269 
65178 47291 
89517 94837 
66804 60261 
85565 74968 
41407 26108 
23999 63175 
2146 47667 
72232 50215 
4593 18166 
74938 68138 
60190 68867 
42920 75417 
40376 26124 
14029 77195 
36141 99372 
80259 8460 
53517 22485 
17429 97948 
19335 74908 
24256 73596 
43575 16119 
76179 66595 
34726 77215 
25936 20386 
92783 66808 
37693 13391 
10864 64919 
24430 59846 
923 98174 
69323 61767 
21589 12374 
51022 46943 
26927 84395 
60014 42733 
73738 44350 
88666 3570 
21998 11104 
1071 31213 
38124 79477 
40502 1148 
64004 35841 
12042 35949 
46034 20325 
85872 46993 
27915 98480 
2750 99617 
98542 53002 
27357 43593 
52043 56984 
87469 90796 
60875 44184 
57354 14926 
84857 48917 
92277 94427 
39115 48440 
97709 18973 
22137 4070 
21591 32409 
61495 63772 
90911 90552 
69232 58620 
74910 70962 
11559 98228 
46375 83626 
88181 46189 
29764 96411 
85446 35510 
70327 7223 
14481 66209 
31908 66021 
70567 12444 
32797 74095 
53243 54977 
58752 65531 
67946 46218 
50252 6282 
89524 9795 
47066 30019 
5476 74270 
87370 66697 
72584 41579 
959 9750 
14370 94715 
6476 10888 
58845 56335 
21150 87635 
66071 20218 
18159 78113 
23312 90884 
21559 79954 
91874 83175 
11585 65864 
74220 53241 
24216 76973 
32541 55126 
68008 56994 
30680 43019 
48515 5105 
90167 68257 
86020 93564 
48081 52265 
35827 17243 
79563 51914 
72033 16581 
1022 72113 
75484 42925 
1424 21993 
74518 15744 
58529 55641 
23154 54951 
84540 86112 
65518 58341 
11335 12327 
27618 34105 
69332 52450 
97946 91460 
35978 34497 
6970 38617 
29962 55147 
92190 36616 
5491 81145 
40253 10016 
57286 34149 
30527 20978 
81445 69532 
65540 71993 
49927 32398 
62888 14294 
47106 49936 
490 3946 
85718 98253 
52453 65695 
66484 63960 
26386 95809 
70790 6023 
14628 59487 
79031 11779 
1664 15849 
88571 32526 
27893 34085 
64751 78717 
95965 48028 
95955 52539 
20051 33235 
39497 96552 
60708 80609 
38912 41049 
58389 83650 
65216 39933 
77217 52618 
84809 95180 
97266 18215 
84899 83294 
48402 89820 
93688 13705 
61644 88894 
17019 68675 
25019 86843 
75798 97012 
70081 38475 
69211 59818 
82519 17085 
7617 55434 
25697 25310 
55958 82948 
89515 77063 
3643 38820 
28629 20173 
30057 79609 
33856 96821 
66226 25247 
88496 19386 
62623 21970 
97354 73057 
60690 31754 
40380 43347 
31405 65970 
95157 6595 
88026 35005 
92853 14617 
2168 42705 
20801 50856 
52413 14746 
61545 34682 
12919 13444 
62933 2960 
45830 57975 
66795 3548 
95731 38664 
84753 94096 
97045 86692 
98873 51309 
95941 36498 
82160 60816 
57208 97137 
79308 75816 
73482 30978 
61637 3879 
19360 23396 
71834 5608 
96113 15476 
3880 66286 
94084 63266 
21461 32220 
59320 81724 
4198 87161 
88589 29282 
25197 81035 
92646 89810 
5685 13102 
61479 12776 
62933 14800 
37214 79530 
66188 73648 
50479 73876 
41998 88959 
4225 48505 
25094 52513 
95384 95331 
33923 2937 
49173 47434 
60932 11207 
3492 63044 
6895 16518 
21559 67886 
55824 46705 
29786 61220 
82454 25461 
74867 23018 
7794 89795 
69145 95002 
69917 15487 
46563 46610 
56944 75739 
82823 78500 
57066 38784 
42884 60803 
16529 43907 
6492 51094 
60605 82166 
88190 87944 
24925 48002 
12087 9905 
64900 21037 
23630 6908 
59529 83533 
20743 71328 
2536 78281 
64902 79311 
78582 64173 
89066 99513 
55173 32238 
53865 95979 
81957 3634 
16027 64683 
78251 42899 
63772 19096 
6902 84712 
42725 19190 
78040 90459 
42886 20381 
99773 22134 
42295 4183 
94557 45366 
6244 40727 
29764 50853 
22229 24795 
68859 14020 
10345 21656 
35650 96426 
86363 56730 
98237 29247 
70514 84010 
21555 9123 
28809 72145 
7826 79697 
5713 54246 
42778 68397 
57093 97710 
92134 97301 
20570 63740 
47665 89371 
66762 42753 
5021 46939 
59379 71484 
66567 87964 
14723 60358 
1638 87449 
91857 85570 
63887 86314 
63596 29330 
60833 98111 
15393 83848 
94231 65127 
94324 69896 
41559 89777 
83593 59151 
28694 94598 
9320 31051 
51776 44743 
95849 39481 
42267 542 
73415 12428 
33388 54546 
7725 58536 
78417 47377 
64866 8586 
91703 49799 
46910 76980 
31824 44601 
33700 88609 
22957 41215 
44515 79845 
15310 8403 
89653 48901 
18401 15963 
16468 444 
1966 35039 
66963 2074 
48477 58486 
54782 46204 
58502 67638 
38301 89818 
55585 89938 
13455 26793 
10819 63045 
75088 32636 
8978 45361 
98775 9943 
7843 90375 
76473 54347 
276 32763 
98784 55354 
74612 17895 
14233 44243 
83135 43216 
11685 2066 
70646 69882 
65866 44780 
85575 6140 
57935 9705 
94613 60103 
33137 77713 
48485 8888 
85808 78974 
1306 33551 
68341 46550 
68825 24788 
5185 1792 
21945 73080 
55566 78222 
51032 18782 
9337 16471 
3823 52576 
19189 91859 
95161 24796 
69471 68311 
10306 43314 
56909 7565 
75249 13989 
11799 1022 
47211 5133 
19545 33071 
86457 98011 
11901 29348 
6567 19068 
84902 91179 
64463 36425 
66140 68284 
43791 43089 
97936 75864 
5659 42422 
24903 19295 
29269 97583 
74506 49937 
41638 5978 
97434 38898 
40388 12214 
90974 22159 
46509 78579 
63011 40027 
85008 90810 
6913 66697 
80542 88680 
48252 1549 
72407 75917 
93190 72806 
98661 82010 
55298 86340 
72708 19650 
62701 37632 
77309 5886 
50655 93292 
30802 92498 
26003 40036 
38186 81665 
49444 93663 
25790 86708 
19129 58309 
72391 34475 
54839 27143 
91944 95906 
75836 19686 
93471 74372 
37449 58034 
42228 77569 
41566 94546 
72900 48060 
64414 16936 
60367 30025 
51368 73181 
36503 5310 
12983 78331 
52497 40585 
19069 88031 
25337 49225 
28329 49444 
74411 86470 
9932 69283 
49549 64492 
10380 70786 
75407 95176 
94098 46703 
88721 42760 
39429 53766 
24761 95895 
3047 35614 
17225 49275 
75271 5751 
11838 18657 
36369 69902 
58097 99932 
89665 17984 
35864 22822 
91094 69932 
93952 42871 
16854 16734 
26355 61564 
10853 58286 
88445 63755 
31933 3078 
60247 13986 
77136 61185 
96809 58887 
91813 31703 
66717 41511 
89911 58512 
68972 45284 
98560 4114 
35724 50189 
9871 70316 
73774 1872 
69869 76652 
71283 65553 
59572 92680 
97800 60923 
26432 8692 
55488 51679 
5732 20854 
97349 93886 
30980 1435 
14296 31071 
69952 22546 
7041 60749 
38754 2664 
1098 87037 
40126 49248 
33590 17075 
44171 77865 
39071 55167 
79810 98501 
88261 97849 
33460 73111 
88359 35582 
57810 64982 
36512 22275 
78016 20076 
29063 82576 
45252 43311 
68346 88676 
28260 58598 
76088 53295 
52414 70454 
17896 53618 
92751 77157 
66833 22101 
2565 20632 
85740 14419 
12327 96679 
87770 92252 
65099 90612 
42481 39165 
64037 48043 
30899 61549 
95204 38277 
17092 13390 
54626 18681 
96112 23578 
52360 62365 
98550 97547 
88352 68679 
80482 11199 
94908 36262 
4278 14423 
18880 41745 
20478 13916 
72967 33754 
93900 10625 
20037 21450 
78141 25772 
66964 9608 
31829 61292 
35184 8135 
87222 5408 
44043 22893 
27213 12164 
89972 16865 
299 54925 
29610 15916 
4736 78147 
78251 21819 
2905 49195 
16294 86673 
84809 42526 
55895 97523 
85656 72257 
57577 17701 
76652 25956 
2305 32301 
90413 42435 
18367 49226 
12793 19374 
34367 14334 
71498 32832 
79773 9494 
78488 99975 
82614 15735 
37954 18827 
20355 40171 
14592 74394 
64373 25008 
67897 9219 
21107 79716 
97388 18225 
13656 3296 
10950 42664 
66444 92605 
23884 6033 
52560 64809 
19793 56041 
38456 57304 
56109 50986 
13939 6813 
76825 56389 
26697 50876 
2914 98253 
50125 39578 
6978 53050 
768 93117 
42785 41311 
87448 91678 
92674 31675 
17976 38112 
16207 55297 
11336 91019 
31962 76708 
63309 26098 
41073 66549 
91745 47012 
5832 74018 
44017 33523 
29663 2475 
83698 84249 
45737 50291 
86051 84204 
10709 90890 
62696 3102 
17326 30846 
4629 9458 
85053 2965 
79755 67616 
61420 22501 
46196 70106 
68435 58923 
45853 46099 
58221 53139 
24045 78242 
99895 40627 
80538 54785 
5802 24603 
94851 81648 
19332 80204 
84467 79983 
28859 60575 
48411 98763 
42726 18834 
20649 79081 
58775 56069 
7828 17075 
88532 54854 
14143 85801 
50983 60181 
62417 92841 
33769 25319 
4991 70109 
30658 48742 
80601 15027 
3326 90154 
14140 28155 
82756 68506 
75059 21346 
20980 13039 
7130 2633 
27405 59517 
17389 79298 
75665 58173 
65304 58972 
46671 87305 
24558 70095 
81494 47051 
99309 67718 
53714 41531 
64395 38361 
35049 44399 
64654 68529 
20348 82745 
52407 95506 
98462 67406 
64093 16146 
4018 43878 
37168 89655 
61801 37393 
46592 33749 
40221 18122 
96561 80026 
63269 18060 
37656 24087 
91370 89831 
92123 78647 
70742 9455 
60768 13758 
68126 90091 
53774 47311 
53156 91798 
34718 31050 
64219 83586 
92186 62645 
95253 38308 
56579 42714 
70762 18419 
61064 87191 
34222 41172 
5107 82 
61079 95516 
16594 9393 
21720 19793 
24309 69893 
62062 39251 
46337 40379 
39822 5462 
71976 50248 
53079 75947 
64824 80420 
24382 21589 
42912 97052 
58437 51883 
98130 92967 
74354 3643 
1654 11369 
24419 47444 
4670 49157 
50559 27934 
84431 63045 
96924 69067 
4513 30668 
92437 43377 
55134 51024 
40700 25615 
14455 3824 
6280 25381 
25063 25715 
66216 20818 
11124 2838 
3480 96012 
71212 23826 
55158 18431 
69390 85078 
92292 79549 
12863 91045 
590 61740 
48339 46257 
51639 87602 
31255 92953 
2780 54061 
22069 8427 
40467 52905 
42085 39577 
86716 31873 
77595 18675 
21169 55945 
55620 73953 
32317 87223 
27105 21412 
597 13555 
84170 102 
33368 21047 
6845 92132 
17165 23625 
81705 50810 
26182 34048 
59906 45555 
27579 85051 
25367 20600 
54015 86761 
25155 56027 
71689 37086 
73647 14279 
58241 85467 
79599 53069 
18992 87215 
61001 86467 
12310 75569 
6441 79973 
25295 21707 
13656 72483 
39498 49102 
86082 28335 
53062 17977 
96383 35989 
80468 97987 
32352 86402 
33942 2902 
24995 83777 
1662 69687 
21226 64146 
77023 26231 
4348 23092 
60530 6911 
84288 82939 
51293 43232 
76591 61880 
68617 77988 
64217 42720 
95861 25707 
89451 77355 
18526 29562 
54558 4553 
36413 45532 
19301 3269 
65768 18255 
71034 51465 
11457 99849 
8792 11287 
81519 2926 
26683 15451 
36847 72056 
3805 86841 
17291 4177 
8069 83531 
62113 47729 
99486 24873 
47549 62734 
74839 20765 
97104 29634 
30145 95840 
81266 53362 
29893 73105 
12474 20950 
62768 57384 
58461 35936 
32435 37978 
42512 70851 
78911 12049 
72702 50324 
51157 15490 
43838 1592 
54751 36447 
85626 86707 
79841 78139 
88482 61234 
74052 32248 
24454 87993 
62631 21937 
94857 71151 
33809 74395 
78552 65956 
1245 86823 
25150 62458 
27345 56937 
36027 37738 
41393 59253 
2631 20506 
14615 61864 
26388 14363 
60664 94876 
27416 81571 
14493 1330 
60279 97900 
5152 24164 
94185 50900 
78806 8673 
82314 68917 
47084 28908 
40372 36229 
32868 78603 
78005 70855 
60712 2451 
78351 15934 
92302 81957 
827 22986 
38745 31565 
90121 85948 
90894 5418 
10414 18573 
96576 62850 
88022 54578 
79257 91573 
37912 89887 
36571 41558 
69982 79376 
79071 79713 
19503 46711 
69696 35718 
22815 65196 
2652 72767 
64111 19984 
16733 83464 
52096 67576 
72637 80746 
46314 67211 
36359 26459 
42111 70592 
1528 16110 
40472 21295 
52356 17288 
74412 33323 
15876 41420 
37085 89416 
77210 13729 
58490 24063 
34865 94698 
7401 33613 
54369 97791 
53071 86424 
38062 42860 
7291 89700 
66427 82390 
81563 6476 
82097 38620 
36395 6153 
81494 93586 
70172 75048 
51045 81266 
93575 9622 
35025 41240 
62182 64355 
50266 6684 
94668 28698 
69369 16001 
86941 63069 
78477 57027 
43573 32581 
78305 75509 
87051 38987 
37819 5421 
72673 66279 
28826 7700 
32282 23434 
66680 36098 
93624 89001 
57448 84114 
73727 36541 
5049 5343 
24507 47356 
63295 41080 
16716 97537 
27156 33650 
84376 40024 
45241 51688 
16001 89203 
1171 4474 
71209 55521 
55359 76423 
21722 70616 
60730 69976 
64279 89716 
65954 5364 
29685 57332 
98039 89141 
16955 74719 
72442 29825 
14455 13157 
13344 48673 
30969 75800 
79343 6338 
48779 22622 
80510 42039 
28131 37976 
41644 877 
37867 38327 
13488 7081 
60546 88892 
58812 26185 
22031 22285 
43440 47551 
25310 29656 
43711 10128 
26210 25406 
41266 88993 
74737 70258 
13699 57946 
59889 74255 
45327 44340 
38108 91217 
76153 96298 
95933 59248 
79107 89628 
95958 38090 
5714 11986 
81844 43395 
68591 75210 
72941 80497 
35492 23266 
61970 35755 
94121 22871 
40255 92290 
9512 46607 
14161 98731 
36498 84223 
43666 34511 
68661 46822 
29415 83356 
2090 60777 
98144 47779 
67406 83434 
88002 11695 
36721 11087 
15112 85756 
43539 91183 
10597 50520 
63098 95342 
53344 46311 
88227 57563 
87941 45388 
1543 32814 
9508 82046 
88625 85273 
17532 9268 
58806 72540 
89390 96810 
40316 52478 
869 84854 
94702 2635 
25793 59850 
51853 8774 
79774 24709 
1368 48624 
34146 94225 
88661 69733 
15286 58375 
54875 36185 
21826 21152 
28557 97940 
37662 40592 
23985 18693 
92208 66888 
26179 83394 
20991 99774 
45803 94956 
9477 63825 
8559 61174 
60941 30868 
3099 67528 
15189 2404 
49129 29255 
59153 1746 
63057 17008 
12619 15522 
92412 54373 
42791 67274 
62228 92686 
59905 2044 
26673 78814 
72783 10188 
47443 44957 
37999 21080 
26782 66040 
19238 52929 
7449 49870 
84448 13658 
14575 48016 
7589 9562 
55052 1218 
9011 33439 
8960 62158 
63952 71945 
44507 70553 
32145 93107 
63042 90763 
13225 49258 
33945 60517 
12351 58084 
10531 40836 
8447 5057 
27580 1879 
53417 44205 
68703 27188 
94927 60984 
57483 69673 
7566 992 
70168 46710 
37661 61268 
89672 18822 
15519 87179 
20729 56695 
65549 17170 
64293 64640 
49497 70105 
5577 95121 
10934 75503 
4655 58610 
50176 5647 
91100 5765 
47975 80376 
54881 34815 
73604 80307 
94577 56052 
58368 22289 
30950 27424 
89108 22106 
19002 60527 
77934 93735 
94881 84618 
94191 11928 
75327 47832 
2589 95443 
86845 29351 
37450 51943 
39373 34095 
57204 62396 
74944 42329 
65517 72760 
15684 90605 
55889 3780 
7456 67608 
35053 85952 
5584 18674 
7196 75988 
77272 66194 
55795 13581 
1709 69569 
42767 32833 
33331 68034 
55685 51379 
56269 72420 
72945 22100 
98786 97801 
84088 47209 
95315 57972 
97854 22590 
80690 74844 
94118 1469 
76282 91085 
27477 40779 
80946 12715 
70090 21056 
11048 49881 
89233 11251 
43310 68648 
91107 83542 
1810 14407 
26578 70036 
96195 18383 
46804 93210 
62013 52718 
17146 94992 
76047 56739 
46260 35573 
19615 17279 
63942 32377 
41060 49301 
86100 62029 
24944 89552 
38098 53751 
9999 85644 
68794 61294 
10422 35682 
76722 12342 
85883 9451 
87175 99244 
74408 61165 
64342 93029 
49314 25943 
16191 33814 
86445 77378 
51463 75065 
31198 11998 
77900 36589 
36154 17883 
88764 51704 
99635 79350 
70736 77743 
73060 67373 
80429 75846 
20744 66262 
79051 55937 
9601 91168 
85154 25863 
78182 58063 
3949 79849 
84605 78143 
18319 10739 
61126 61942 
81440 32956 
9468 34980 
33865 58650 
55484 86379 
78909 78214 
44339 94634 
89374 58159 
98106 620 
85934 84282 
76542 26905 
22872 46125 
78743 74571 
40462 79917 
98525 64010 
94879 61502 
99546 24518 
56358 68203 
7589 79040 
74209 9145 
26843 15038 
43334 57227 
74664 80189 
71046 2779 
94983 92531 
35299 88865 
54406 8660 
45806 81257 
46998 50714 
68114 72310 
33865 53124 
47300 17267 
21850 53518 
72794 53983 
42011 18632 
58716 62607 
23041 65742 
75149 80463 
67358 12865 
54941 99182 
28333 66866 
17908 36084 
55977 37611 
99725 89865 
25357 48423 
46312 61845 
87144 98375 
36213 48352 
82874 20308 
23210 87248 
48901 69987 
49363 72165 
92449 76419 
64673 31742 
60790 81123 
3751 7925 
40309 95021 
12129 57376 
16023 5611 
85298 43063 
94149 74227 
82053 79335 
40364 73432 
421 43077 
14651 27979 
59208 65972 
89975 39279 
11124 78506 
26476 92923 
24472 84993 
35505 71599 
9557 10742 
8512 21576 
33249 77435 
4677 49978 
60540 30823 
88120 62161 
85489 66069 
80643 83779 
65583 70361 
49165 50514 
53341 29875 
78375 89912 
26913 28725 
88582 64447 
57427 1228 
46352 92636 
15022 85639 
81249 15956 
7790 67437 
65814 33276 
68247 93323 
37940 81674 
50496 83275 
44846 2753 
77910 67323 
66108 96945 
85931 26145 
29555 34807 
37523 20167 
68273 63925 
49799 50513 
79615 22818 
59579 6995 
37783 49090 
72832 23262 
80432 48100 
88444 77291 
36706 70542 
60237 46600 
89206 32571 
62855 51877 
65629 514 
56891 161 
37151 53684 
6566 69282 
60112 33453 
89296 58942 
35138 84510 
50625 70658 
73588 95073 
321 68718 
55029 46867 
15820 17358 
31446 92778 
17731 85579 
83962 90375 
8807 60330 
66090 32835 
22532 11215 
73868 35348 
10422 5467 
67719 54690 
8139 80609 
33459 42388 
59709 44044 
10604 57826 
46391 83762 
34982 96593 
62176 42400 
39622 21542 
1419 28108 
32982 19261 
75777 9981 
26822 43048 
57388 73235 
17353 44976 
53170 89916 
32776 44271 
51129 94581 
47935 26975 
43730 41235 
32490 22753 
25678 57725 
42930 58685 
83859 6890 
90637 47049 
45728 9918 
18394 24316 
29094 86716 
95876 21988 
41026 20508 
1076 16400 
6538 59468 
89031 74219 
68713 26872 
61870 83180 
91120 23071 
44879 33406 
10636 67529 
42145 93723 
34210 47244 
92335 9481 
46642 9048 
70213 33651 
98095 57610 
82779 91339 
69869 98401 
90210 69392 
74840 95452 
41300 17355 
35051 97412 
50651 43829 
93043 22257 
60628 93140 
55856 80918 
24920 91243 
41003 63169 
22508 56899 
92263 5313 
60975 84440 
59817 8518 
56284 17793 
94004 79088 
82510 51952 
84919 17540 
69475 17705 
91082 92023 
88866 28201 
39581 93453 
10079 91779 
47381 84675 
25940 24528 
8884 24011 
45397 28149 
18383 64785 
25359 33954 
47686 6680 
67131 52218 
79006 2265 
34188 7589 
1087 2587 
57525 85913 
12589 59390 
82444 65566 
40928 88376 
76304 57271 
77020 37843 
60666 30388 
46817 100 
53198 60774 
89044 49257 
4820 95593 
85211 88313 
95794 93810 
92751 40882 
10797 67612 
65067 28487 
47500 19651 
3269 33035 
25776 43715 
73582 55894 
55368 32350 
41669 49955 
88712 13947 
20521 19101 
32567 23927 
2112 50721 
17219 99926 
44675 71213 
25238 79255 
17233 91858 
63107 68407 
60937 43015 
18534 49028 
12794 78288 
83846 82501 
51533 67128 
41576 76197 
67624 84250 
2223 78429 
29915 47361 
56120 76276 
19837 50839 
51448 80721 
30826 92350 
38673 96894 
85378 91808 
27984 93731 
5065 57674 
90853 7000 
79885 64262 
99363 32369 
22458 65547 
37731 91100 
59898 85898 
39257 79941 
11556 96255 
98940 48918 
24421 5416 
87063 85985 
89568 70465 
42306 25876 
42865 57763 
54271 41989 
61059 66548 
54774 24781 
369 60822 
24886 97894 
88912 42064 
90384 74112 
76538 35223 
22161 7261 
66083 53536 
80081 53287 
98588 53874 
38908 13996 
41652 93669 
13099 324 
34940 52894 
53663 18526 
79701 90146 
24712 52255 
20255 60562 
79954 86317 
54518 35138 
50094 93714 
27942 25924 
20949 86620 
10659 39679 
29070 14067 
31144 53719 
26750 74338 
41371 32042 
71519 98492 
18231 77237 
76592 52907 
63891 44249 
18183 3381 
53792 25773 
33216 81077 
95156 55868 
56674 91473 
1173 68302 
41686 11491 
56409 89235 
77413 27099 
47551 40022 
69902 73941 
60244 75229 
79291 56927 
97566 83410 
13098 41206 
58592 33759 
59808 26609 
26541 60421 
9560 40349 
55162 38094 
49453 8705 
9280 17476 
39862 97369 
10864 57171 
75096 42291 
65486 9886 
6858 28109 
95717 95036 
62158 9626 
87792 17341 
18714 13290 
65764 71549 
10316 285 
43440 7114 
22238 20576 
68512 13490 
2523 38131 
65609 26611 
58772 61561 
5403 50222 
32092 71531 
75412 31919 
39914 96560 
4846 33032 
57627 52200 
585 83988 
65344 25101 
84313 22304 
20549 53066 
81870 69080 
30002 25009 
5016 11667 
84997 541 
83122 25138 
92896 27969 
47691 83240 
84864 21596 
46144 80709 
4805 44458 
62994 13142 
87730 31033 
56271 38061 
17140 75946 
75026 71376 
10466 9327 
9720 57135 
19226 77238 
41510 85265 
46263 46451 
98714 21979 
76278 56875 
99124 60538 
87868 52062 
55414 96296 
65329 28454 
47518 79248 
56774 57440 
20644 99747 
31381 50778 
50518 18628 
73146 59570 
28455 61659 
11039 19728 
58048 60056 
26234 82766 
22529 33767 
95904 99727 
77270 82240 
30056 58212 
45438 68643 
32978 7712 
46463 57785 
74094 46829 
66776 95432 
84354 87487 
90168 97282 
3792 55839 
41184 49567 
93452 37356 
59091 10040 
90608 24439 
12275 38071 
30081 78923 
83307 75626 
76384 78951 
3482 47109 
11566 79953 
92256 45340 
1810 82862 
61840 23422 
22230 69177 
80065 17765 
53738 32126 
45723 86282 
78489 5943 
19700 57538 
91116 71130 
72541 51614 
11816 92598 
54469 51485 
34313 29711 
67429 74924 
66856 42485 
20392 21248 
27580 6614 
78923 44667 
36947 41457 
77948 36561 
9446 49781 
52664 82708 
84312 65793 
56728 98298 
50780 8867 
79117 33504 
17194 44407 
41484 85457 
45310 60364 
56346 48660 
21194 78239 
53126 85191 
62352 30732 
33843 98485 
67085 54725 
3146 50054 
96517 67926 
28440 67202 
42356 20224 
25008 51586 
74163 36709 
28304 13449 
78760 98311 
11018 24383 
1359 38132 
26049 2703 
73133 66807 
8171 19794 
63121 78597 
46966 43280 
23746 31453 
51519 13381 
8692 38862 
63391 82548 
29451 59107 
38551 35287 
82628 18399 
11234 44983 
23894 58363 
73112 17654 
86459 55498 
49670 18726 
42065 20471 
32380 78225 
80679 48485 
30020 22272 
41435 58471 
35403 84272 
61854 28478 
64833 7927 
24955 7400 
16730 66000 
74589 59033 
13189 83687 
38193 73492 
33631 73556 
43129 63112 
23224 60163 
37848 45246 
60446 96791 
32373 2724 
97915 54211 
53933 4253 
48549 91905 
73036 61665 
75122 5894 
92885 98679 
55476 84139 
10762 6713 
37911 90415 
53848 67289 
71698 40620 
63916 27706 
96175 31680 
55434 26909 
98586 32535 
99856 81857 
5559 49108 
95186 61204 
56064 30751 
64422 92724 
14720 94344 
89038 73681 
23468 4027 
24425 79212 
56924 59513 
63024 92793 
42137 13966 
7892 15003 
27000 63649 
94503 42036 
33239 25837 
51842 43799 
9670 48951 
25174 12940 
9352 79420 
92351 775 
50264 43493 
93130 3833 
83326 88999 
56668 15630 
83848 72043 
56237 12272 
2920 66656 
42164 97625 
63762 21619 
4086 94039 
64751 88008 
91861 28002 
55597 93431 
80794 26581 
86058 44510 
1322 10170 
87630 97843 
65916 39788 
37798 51491 
16647 53057 
73715 74007 
85736 2013 
67600 6039 
8374 88004 
49667 40791 
52196 74199 
66073 13888 
31011 44610 
89136 10665 
51740 70027 
55007 29456 
2997 35902 
90000 23160 
31325 84964 
958 78149 
66841 28234 
47287 79566 
53880 82106 
82759 55095 
14207 96295 
53640 85488 
20460 47701 
66448 19448 
85711 88623 
93344 32917 
81381 54251 
66146 28376 
80207 54012 
20930 78444 
83587 94074 
94390 79915 
33301 4209 
40371 99268 
26516 71226 
30445 58792 
49888 13282 
25884 33630 
23741 64672 
60102 4380 
460 79055 
50357 37322 
92638 580 
65486 44917 
15953 97005 
12414 12902 
19359 96664 
68386 67133 
40908 22002 
78136 93265 
71360 66424 
55617 15422 
29695 18290 
78451 86204 
54774 96211 
39938 39702 
95584 23095 
28206 11607 
38867 32982 
35044 36107 
47411 74256 
57952 87921 
94858 45648 
48135 49644 
73625 77262 
74430 49540 
21375 47904 
18583 32957 
58455 12097 
90805 1741 
53792 95430 
56227 80352 
39995 5267 
92635 44815 
79732 95348 
57782 81201 
44937 17420 
30615 24041 
7990 90843 
4911 61882 
59750 21927 
56095 87128 
63150 8818 
72446 10396 
23053 74840 
40392 55783 
3154 83485 
298 2787 
48944 1591 
43913 43029 
82090 93782 
7550 75525 
16068 50846 
26114 72927 
5475 77504 
52270 12975 
82174 90888 
12285 84339 
50278 10043 
65540 44107 
8931 48929 
58202 25361 
46973 60613 
13230 67578 
6772 18740 
78657 70090 
45867 63882 
64027 49329 
34531 86982 
30864 14342 
14978 69860 
67238 61839 
13630 53642 
68780 31977 
41736 59969 
68874 59182 
41598 46956 
9342 98463 
35750 42168 
19544 7012 
14669 58205 
76642 13325 
54935 63028 
52665 11631 
94241 46790 
15049 78120 
2241 99645 
36504 17279 
76950 90962 
87305 11571 
65264 19286 
28574 65779 
53129 84603 
98594 8511 
95998 19653 
85894 37685 
63422 5450 
12621 74267 
52996 87666 
9624 19067 
88310 5152 
50695 91137 
53206 39641 
27609 63084 
30317 96546 
89846 98590 
5743 30766 
43325 40473 
73672 38555 
988 93830 
24871 46757 
4757 98104 
31175 44077 
93141 84377 
44456 15591 
71720 69738 
13046 61283 
54727 49286 
81148 2206 
85140 8126 
77521 3688 
7965 90667 
18574 74052 
66809 32601 
47949 29410 
17367 82123 
9798 50391 
3128 11281 
6176 94984 
18359 45767 
20307 73236 
91365 22055 
96963 34140 
57045 14448 
58803 62811 
51922 61458 
3211 36930 
57118 60826 
68059 45437 
35149 95612 
76763 29587 
54950 99943 
73105 66723 
76208 72334 
34538 80522 
68858 96927 
9003 27955 
76505 38591 
54778 82832 
93582 36466 
75496 8578 
15205 32411 
33150 88724 
35969 35700 
90777 62657 
19351 43414 
83498 96238 
32902 7165 
41648 2212 
46096 61081 
92989 13663 
17464 3440 
52342 5309 
55564 54925 
66420 52033 
24375 115 
19273 11812 
77860 55691 
19468 21097 
50710 98754 
83964 94670 
2744 31721 
5630 29158 
12901 56460 
41441 19642 
45482 79640 
86625 12151 
66062 73710 
6345 31350 
67385 73494 
81032 42385 
76634 97079 
84024 28538 
54568 41478 
50918 92306 
64374 18511 
18892 16443 
83422 64401 
11220 53693 
54700 77765 
17287 49162 
26337 15028 
71666 37668 
7412 99683 
67130 99908 
76174 82435 
45976 5916 
12799 22920 
1619 22034 
93013 50523 
88126 8497 
71153 1773 
79248 88738 
1684 24824 
40429 28654 
96699 87760 
77403 24316 
93604 26755 
3211 59995 
11969 22571 
21797 64874 
11436 99437 
60835 66448 
23618 99050 
99030 11370 
20072 94245 
23849 371 
95714 71841 
24514 62897 
92477 32210 
72015 79224 
61506 24336 
63050 43080 
63892 59424 
7988 46166 
39693 23572 
24303 57485 
32920 40587 
56418 65002 
46205 19709 
80465 44938 
13007 59831 
68228 24841 
17518 71741 
78343 10627 
62839 22975 
14839 54869 
86508 6071 
43164 53897 
49164 80329 
82111 74635 
76869 39595 
96344 28613 
20560 14217 
98764 30217 
7108 23931 
34496 98991 
95655 60331 
59038 91689 
20131 92446 
41941 78784 
94335 57079 
24369 12250 
79434 16702 
33985 66715 
65431 42050 
13834 74431 
97927 3982 
53230 16047 
89415 39753 
18146 73753 
90380 92523 
66186 1178 
59623 9756 
96948 15232 
65544 26097 
32443 69159 
70505 49376 
44183 23129 
98925 14595 
43681 89016 
66442 70054 
31302 89323 
52250 12231 
54767 36776 
29615 91563 
63075 10703 
30640 70030 
54218 79076 
10475 23178 
5771 90979 
93491 44228 
46296 43264 
29301 25960 
72477 7284 
60094 67221 
41984 86858 
2375 75292 
75309 66974 
75997 12716 
81134 4280 
71295 67804 
79302 5005 
31140 11717 
33028 33730 
38928 41824 
17718 97291 
45761 988 
47632 52116 
40528 5511 
53560 90416 
65101 10628 
54814 70905 
3530 91794 
97049 73107 
28919 22414 
33765 70810 
74542 84267 
13827 39851 
6837 55534 
99927 38184 
17039 83177 
83653 22041 
15518 61361 
81654 91022 
8290 5646 
94368 87058 
58713 33913 
83907 7464 
89021 39269 
80869 30663 
56172 67626 
61224 94676 
44334 93231 
43894 13096 
52450 19091 
47236 61016 
19397 16073 
8348 14276 
21614 54393 
13007 79367 
98426 74264 
5961 8491 
8872 88694 
51451 54522 
465 10702 
92027 83960 
75135 49697 
10085 32532 
70484 27303 
31006 57670 
35536 21632 
19412 14879 
69320 60796 
10735 60877 
7911 51411 
89166 65393 
90956 45895 
70031 95648 
12263 23583 
69705 22777 
60672 84953 
49443 87853 
87228 35742 
813 56658 
92577 68271 
99919 86988 
14550 31007 
95179 30029 
10039 14179 
9158 88215 
67590 69248 
28805 55991 
57518 23048 
30402 77026 
24879 43661 
35636 61678 
57342 64352 
23451 21898 
14726 74367 
28642 97250 
89917 40951 
42653 65358 
81913 35644 
94652 52863 
892 99701 
31632 88818 
92475 98464 
35185 71484 
63813 82556 
9538 51598 
17587 94947 
50544 70455 
51754 37299 
58559 29508 
62578 36393 
89450 9702 
96461 32034 
47491 3394 
32081 41523 
11473 69456 
38518 42581 
51095 73025 
47343 56571 
34526 25407 
97044 6927 
50043 96721 
56696 73872 
64693 34160 
12452 65860 
21197 82114 
5219 80577 
30646 66891 
40770 33930 
52985 78425 
54607 94145 
69934 54092 
3046 69881 
45658 45648 
69244 66253 
39391 29300 
18361 40691 
81171 1047 
9521 61754 
46936 84696 
73947 98367 
72474 68326 
98394 44335 
27040 76464 
10940 13624 
26962 79903 
52211 25510 
7109 42804 
29286 35601 
83864 7637 
91817 58590 
37060 22490 
40297 71745 
10320 22433 
74953 84267 
79349 86858 
20397 7011 
65929 8094 
15965 59468 
81729 23123 
44553 6514 
70524 79817 
83844 26087 
79982 31906 
2922 70776 
34941 82731 
94605 1279 
2913 26873 
29214 37703 
39546 70853 
39021 95917 
76857 49362 
94308 50446 
70289 91865 
11734 92877 
51971 35907 
43612 35268 
47053 28102 
32757 41785 
97576 1528 
81701 58576 
4053 69126 
77373 51861 
38809 26704 
32742 57245 
7061 16303 
55462 89510 
31863 60887 
30220 61382 
17222 44748 
6259 12294 
67 80481 
14484 53663 
36218 73046 
99564 95927 
78080 64154 
41628 34401 
92556 16131 
59423 35938 
36459 73380 
32221 86462 
53739 21717 
51286 30630 
83877 51104 
13398 59183 
74086 15668 
98666 77000 
69239 76421 
32842 15439 
12973 6705 
20312 36226 
30983 38153 
48155 10981 
83252 25831 
3913 50400 
65815 15224 
20142 202 
14618 875 
57343 17110 
14146 76715 
63527 87468 
41689 91532 
3471 53548 
84507 39495 
33607 68144 
51568 35309 
9545 6752 
64198 46318 
52371 28470 
50644 79744 
67169 91645 
88438 52274 
2591 98425 
35408 1311 
63887 63502 
65281 32487 
43401 76705 
77042 36387 
12392 56489 
78571 48953 
25888 71981 
54547 74676 
28370 44908 
16193 39398 
12198 29549 
96187 90483 
73005 8805 
95885 16062 
26687 37541 
13991 12227 
1146 10553 
85889 87287 
92616 31810 
41108 55577 
81168 14088 
42689 39810 
32924 43659 
6755 70617 
77527 3403 
13118 44636 
38577 59521 
8542 78417 
12039 81962 
73084 74405 
33023 86765 
66924 97399 
44887 59675 
198 45117 
86258 44745 
71561 84908 
41374 59054 
2555 20130 
57026 25235 
54341 44353 
15451 97220 
50937 39303 
66664 91405 
48835 73328 
66009 25380 
86714 61188 
33113 9463 
20948 53092 
46980 32420 
2689 31149 
18599 32115 
80539 4807 
37239 44258 
19176 13314 
69517 77968 
8761 62919 
1340 75598 
2555 49233 
52019 76040 
60903 41076 
57088 15720 
98583 31149 
11826 69498 
29488 90965 
90969 54951 
77723 2762 
11784 97766 
77397 79479 
87461 83456 
14758 25383 
25675 1162 
75785 34577 
63224 18993 
49948 72355 
91796 17181 
6557 35253 
22201 45264 
4010 39662 
54832 62576 
14158 45985 
72634 67515 
44171 85575 
49527 20383 
16459 21071 
72022 17016 
23575 37263 
4673 76016 
9497 29226 
91027 61061 
41288 27237 
70939 71592 
25827 73850 
12344 142 
95198 47528 
1044 72600 
31263 9337 
5561 58918 
25043 34482 
35797 66086 
69778 78830 
44009 2633 
67856 22072 
74521 34471 
91302 23812 
54636 35624 
73079 26611 
33369 74149 
22221 40911 
16897 63550 
49621 50753 
20055 53011 
63308 86329 
51705 25992 
42116 19689 
78515 26032 
24881 53264 
66426 31059 
58662 87405 
82009 53057 
33927 72737 
46967 48646 
97280 75913 
78177 87936 
72978 13198 
12943 43975 
43394 35339 
14584 33141 
35496 79311 
76959 58074 
35563 37748 
98243 79007 
7532 35302 
74012 66822 
21760 42615 
67644 71742 
10428 3272 
52032 75203 
53435 96821 
80816 79343 
64323 11847 
39582 28416 
89658 57067 
47916 49555 
57235 95576 
31721 46476 
8583 47593 
61871 79026 
29480 70454 
60058 13949 
48509 91105 
5597 37778 
8192 35964 
38005 81459 
25804 75784 
39293 18160 
51718 79031 
97249 60608 
1960 46279 
96341 2405 
88642 80278 
56456 18955 
97029 31573 
41318 67932 
61214 47971 
88222 6689 
71735 47607 
68641 74550 
7941 30047 
75286 71636 
25491 37560 
45357 2682 
45118 79619 
72030 44244 
82624 37670 
26599 36771 
32046 74336 
12268 99190 
64037 81491 
97214 12993 
29717 15005 
29347 25235 
66609 80471 
18092 75423 
87737 53855 
79571 59987 
97572 43753 
80694 9799 
19225 27837 
84978 71200 
36138 25066 
98319 49015 
48491 97348 
36463 91253 
19654 9633 
87598 69499 
41224 15770 
23276 36448 
76530 78949 
18752 22592 
51984 80228 
79918 67770 
53223 16345 
38117 70098 
48741 38929 
66432 74753 
7531 41215 
91462 18125 
99243 55499 
23114 89081 
65471 84812 
1605 68358 
28969 55703 
65670 59578 
64000 45480 
78850 30924 
85434 6925 
11811 45219 
26853 86233 
67757 67962 
68622 5811 
55327 7807 
45748 62569 
58760 62062 
12292 74474 
28633 10949 
64244 93395 
18160 28699 
25942 90621 
19822 56990 
86504 12973 
14985 16812 
32190 2031 
35228 18520 
58228 66765 
48255 66662 
59333 742 
23519 46114 
92033 39068 
3161 19110 
73854 57364 
2332 58943 
34533 25341 
89669 95462 
62646 40883 
53477 49881 
97389 87098 
42062 92019 
99710 74371 
77708 61777 
99604 52271 
82954 58459 
57100 1974 
25094 16501 
93308 48929 
80268 54222 
44879 67580 
41992 3432 
70321 85237 
50708 2004 
89845 30552 
643 59008 
71745 13564 
88240 82525 
87809 68920 
2415 93991 
47853 41604 
21089 39703 
89166 45417 
70690 50085 
40548 78427 
25778 90371 
2550 36760 
74428 92543 
85651 28334 
51719 57690 
26324 51551 
48414 70408 
57279 70410 
34870 72380 
42667 87208 
1208 1032 
1592 86670 
3980 10925 
34043 1300 
26809 60503 
32165 26686 
7931 64892 
6793 97681 
61059 86629 
84250 21580 
17698 60494 
31636 52827 
48782 26121 
50200 85288 
81436 72543 
35829 32737 
12703 82607 
43316 65968 
36221 1940 
6768 75827 
40136 47128 
62382 35456 
4943 10834 
91776 42171 
28467 17746 
54159 29654 
31886 34595 
3864 54509 
55452 39912 
96093 77745 
35499 14738 
68212 81386 
65345 24238 
46521 83119 
81874 21942 
69155 37841 
86854 23300 
34617 43905 
7452 63306 
82413 4015 
23971 74124 
87362 26006 
44463 92977 
2367 87069 
85665 37997 
15800 26515 
27635 70297 
99106 76823 
45468 94232 
7837 90406 
85661 34602 
65049 70485 
46962 69539 
99855 68401 
45959 90824 
35872 66866 
96191 9640 
24417 28888 
6238 25024 
95540 55482 
7008 24760 
56299 61798 
51379 94009 
181 50917 
90366 65652 
4154 37310 
19149 58168 
80582 47856 
3589 11776 
20037 7298 
43268 51662 
8074 97159 
612 78289 
24081 62390 
27340 9118 
33565 28386 
49232 73482 
66583 82547 
28165 92967 
34486 69145 
6359 63295 
74755 44041 
51951 90558 
29424 36672 
67314 24570 
56427 70721 
91929 75194 
45201 2018 
30154 93661 
57942 42475 
60909 50239 
46164 52243 
41070 42058 
98536 98756 
97270 20417 
60459 1003 
11858 35660 
28441 74 
47910 59461 
63039 22928 
25479 59334 
83000 35352 
56679 68250 
196 12164 
70734 13407 
30047 88017 
11791 42562 
65357 90496 
72053 13723 
32818 98739 
30749 94603 
60928 15419 
5429 51921 
75661 87687 
86294 97435 
5939 63558 
16507 97557 
24819 24212 
1882 46452 
74272 89831 
81839 48717 
21531 56832 
70223 57051 
73211 87736 
79326 62774 
29737 41423 
73386 42619 
97113 1158 
58868 23902 
85642 30496 
7986 42002 
15937 63096 
29218 29023 
21410 11451 
43971 90574 
83409 61672 
2084 98793 
60244 6715 
70531 54061 
74596 58852 
59463 45292 
5133 73627 
7626 69252 
87634 12238 
35255 53048 
68517 66984 
86675 60749 
69398 75331 
27146 55041 
15144 52130 
28892 27881 
49865 76668 
79786 10316 
15383 81477 
74817 20933 
94940 3202 
5285 14865 
31255 72348 
43524 50832 
12511 38333 
32033 2398 
82454 49045 
25049 1423 
71501 29975 
97853 16660 
64618 37006 
34542 38480 
18676 89043 
28526 61926 
17120 21975 
81653 34595 
2983 43765 
67678 63312 
62640 12051 
33679 54081 
42171 193 
49065 93557 
65784 65513 
75987 67029 
91485 84318 
27250 47897 
83029 72317 
98211 86668 
99160 66171 
7717 73687 
1230 2154 
59769 49156 
58526 91305 
42405 86403 
86990 56946 
13184 79957 
91450 70043 
81704 28671 
94133 90699 
88746 15929 
22905 99887 
98910 53958 
1555 84572 
69026 77277 
31421 21485 
28171 41567 
78718 90076 
6751 8504 
85194 33532 
81927 74583 
1056 78281 
64559 32505 
98597 17001 
38861 37396 
62547 57927 
80158 86939 
68888 44111 
18383 14458 
57737 50328 
85389 37026 
77855 72390 
82663 96907 
30455 33960 
32723 83907 
68180 49257 
32216 28696 
11511 96623 
7698 12703 
29279 77488 
86068 48873 
92623 58068 
30816 49426 
52387 16979 
62518 11648 
8852 50981 
77419 20865 
39651 23172 
1499 90892 
26797 73213 
69046 36605 
77007 47558 
94572 706 
60832 49143 
14808 37310 
5584 50632 
13547 88703 
64638 63075 
6272 78406 
51430 2697 
53773 83636 
70297 52551 
94397 43323 
98297 72907 
33084 4027 
72223 74469 
2009 5416 
13275 31938 
12443 59419 
78181 81904 
50351 82713 
60026 18684 
29276 913 
74677 74521 
3222 54643 
59380 46353 
59536 2609 
78966 10464 
57203 34859 
82082 48372 
49485 80607 
74957 92620 
31514 19323 
83422 89485 
83236 81207 
55278 67142 
35987 53777 
14546 92427 
77054 94935 
16763 97128 
20700 89743 
70187 55574 
16439 78054 
81627 99339 
35760 23203 
57603 61957 
76999 88194 
41602 56855 
54775 35081 
96472 5031 
95137 65732 
47285 45556 
40512 77689 
84520 81584 
79569 17575 
89984 37308 
56270 76258 
88638 27189 
79677 84986 
48306 67773 
51473 39713 
46265 94573 
51720 2083 
96766 81695 
75004 99811 
86792 313 
88926 76664 
98684 93588 
94801 22809 
7760 90230 
6462 49988 
30626 26698 
27218 62777 
65617 98884 
97319 17165 
10659 18127 
4673 50713 
65787 3562 
106 14781 
27691 3022 
35107 38596 
61843 98136 
44795 7409 
94153 15714 
31752 42517 
98520 37202 
67398 29650 
69295 70691 
16740 54027 
58355 25870 
9630 65322 
25357 11311 
27058 13848 
96709 55607 
44544 70474 
53884 39125 
76370 67081 
74941 11527 
94161 71830 
34449 61722 
51222 44057 
26498 1509 
30127 97328 
13054 21974 
45137 35970 
15685 82534 
73388 20380 
62462 96566 
59133 59427 
73888 84645 
33914 24505 
21743 76723 
22157 29070 
23000 57903 
56486 19966 
37285 69005 
9974 82391 
20838 92742 
63554 69057 
52546 79061 
66005 25901 
88296 89108 
11192 1678 
18807 66253 
52651 96774 
3009 74774 
99162 27844 
24188 82011 
86593 59123 
69296 98222 
1092 78760 
63206 29839 
36613 79042 
99142 46483 
5804 33109 
94124 9834 
87427 47546 
63987 63322 
85790 10192 
56372 35638 
98058 45573 
2086 68164 
33861 36560 
45289 36689 
8265 70156 
91214 1153 
33978 17778 
66474 83673 
71535 65941 
21463 44718 
57290 71969 
16983 69 
18162 31159 
27919 97068 
99386 6760 
65667 47674 
76931 92216 
67968 97969 
99778 46294 
29897 98996 
8905 66035 
53007 32227 
9633 39935 
70942 34413 
31858 54280 
69318 61246 
98777 9305 
55284 26981 
38840 38618 
47873 58060 
17961 15302 
54111 2790 
39419 71154 
67838 46233 
57442 51734 
78268 89752 
77088 79177 
3547 68004 
67860 97212 
70936 92705 
1373 28353 
49687 32086 
34449 81940 
5289 57749 
98152 13526 
84499 16494 
20589 51044 
59404 13673 
6688 71240 
55724 26806 
21711 31085 
65697 3384 
76917 33144 
99076 35230 
95582 31386 
57131 43224 
45481 64410 
24018 50891 
59978 36828 
57482 73062 
34038 56308 
26576 96705 
73751 73742 
87916 85055 
98358 67079 
13995 93247 
42335 55541 
87145 43971 
81720 30246 
50969 74998 
13669 39746 
67432 36956 
51133 74499 
62230 89359 
55585 53026 
53707 15643 
19886 24305 
51258 53832 
30656 65901 
78058 18496 
84948 75376 
19873 71741 
9526 23762 
26866 86270 
32739 64133 
98478 31906 
88747 65821 
62852 8483 
91775 75317 
21721 42639 
4115 88661 
69289 63794 
35715 56877 
9336 75476 
55553 36002 
88664 42174 
65316 36283 
36930 19007 
84524 21341 
53041 61758 
22822 57397 
6492 68221 
70016 15098 
28391 18271 
17288 82058 
51366 99744 
34093 52912 
20167 29925 
64373 25497 
35484 8358 
73048 46721 
12371 65664 
69101 19745 
31597 5203 
55160 5282 
37400 69663 
5112 24167 
88288 3036 
51069 95749 
98917 19954 
68927 27259 
20525 38959 
87798 2975 
95022 84091 
12725 8848 
83521 9984 
42424 68155 
13995 59728 
84161 56852 
14664 21845 
16426 13468 
99857 13000 
26743 57707 
53287 76433 
56706 84350 
10040 52616 
19267 4645 
73046 48255 
14326 66039 
12408 2529 
57843 92926 
86659 25301 
56954 56041 
93912 61097 
9021 96181 
7786 14711 
76040 99137 
78135 59610 
87527 43015 
79806 38640 
54752 16605 
73996 58081 
37140 37986 
6267 70696 
87661 86259 
2875 41187 
18203 96131 
42759 88357 
68216 54980 
76437 2257 
30307 85151 
34987 41753 
85014 90353 
22398 28188 
23648 94419 
12814 64193 
92871 3070 
80523 23196 
77579 74933 
75024 74849 
49732 96727 
16106 34269 
49870 19368 
24584 48967 
35415 26664 
23201 66236 
25194 76362 
39163 56005 
93216 74479 
14876 99325 
16353 18177 
86683 91094 
60384 69874 
22741 47116 
96760 5873 
20650 50195 
78489 16445 
53038 17762 
67695 21145 
15055 24363 
99694 3090 
71533 66387 
88843 58949 
23588 13500 
29942 7651 
14498 51538 
25641 71 
72944 84977 
75086 24442 
48032 33587 
91940 7777 
24982 27541 
80966 72298 
22997 77972 
91501 17671 
67503 75866 
83453 64790 
97836 51174 
86844 14927 
18414 6169 
9479 49247 
26518 22309 
48960 18010 
53042 28261 
95062 46218 
33914 8236 
66402 13041 
89365 24426 
11344 46028 
25825 25064 
17279 7951 
90923 10535 
14665 44052 
5966 33957 
32658 540 
72178 19763 
61673 21363 
97147 94118 
4891 79620 
16087 34313 
55502 2388 
88927 60853 
19394 3343 
38656 15536 
14024 46205 
59005 91593 
13378 23885 
60230 7837 
76193 53140 
40613 47776 
90056 52607 
68306 16755 
87493 93287 
33176 5479 
41846 84850 
81610 86611 
30520 88601 
78507 12677 
61072 28482 
50223 28110 
91688 5199 
49797 56040 
41693 5367 
51508 71299 
80103 37519 
25680 25140 
564 19873 
66614 44253 
39600 90966 
46613 86974 
71756 13564 
47315 2899 
19966 94693 
75865 8680 
52442 50231 
7958 62353 
98366 1154 
12362 91347 
3863 382 
2270 5173 
66987 54077 
27658 2806 
35901 19349 
69815 66910 
27914 31484 
24305 22289 
28763 38140 
61835 24351 
61249 95410 
37870 34853 
70297 11182 
81272 36843 
57507 4962 
29891 38455 
12456 90102 
96709 16095 
30273 74349 
44011 51571 
75422 17672 
15023 24835 
50175 82531 
22570 34252 
52910 61070 
22486 29730 
66148 66130 
5922 60493 
97164 28598 
29104 58946 
5038 52232 
61737 4834 
87165 38986 
75951 39744 
65545 12737 
16547 31052 
8561 37439 
90254 16500 
47517 46881 
86826 95860 
98836 77554 
98018 74547 
82629 23586 
31837 5484 
36243 13252 
28926 20221 
57439 40266 
75540 88021 
75998 69875 
73309 92504 
44856 79733 
69806 69473 
62268 88565 
75932 6654 
85029 71856 
96220 66325 
69465 63099 
76372 55224 
81664 91588 
28720 32586 
51347 13286 
30740 16834 
4801 50028 
4359 24158 
1466 64093 
74539 48123 
16051 60147 
74432 68450 
53456 24627 
11393 59233 
57324 83807 
33255 52101 
74697 86120 
37432 98249 
69046 91745 
46849 64718 
31846 83048 
36090 94966 
28898 93123 
28800 61521 
31780 86541 
3094 39373 
27075 16320 
35554 32778 
66437 24209 
86388 95266 
19103 47583 
78420 92921 
15099 45530 
50780 74344 
22205 59191 
74550 27245 
82607 76946 
2061 21223 
46251 83762 
84144 59060 
77039 35800 
30374 84713 
75295 16356 
6166 25211 
55368 97255 
57587 75789 
40724 51003 
29822 72835 
90601 33348 
98451 37618 
52025 83304 
64080 15260 
38935 68296 
70285 78048 
76197 35740 
92478 9932 
10423 19220 
10983 39942 
81817 87339 
25505 46253 
71687 16412 
90085 9754 
88767 14330 
47808 56241 
34180 22285 
22683 89729 
89658 73429 
82500 85874 
6515 93163 
20943 84130 
33952 84406 
19819 90037 
14383 53027 
42985 74869 
90797 93559 
82429 38942 
16563 73379 
23901 86940 
31601 24743 
24601 48924 
70558 78353 
98675 69048 
98346 49605 
87560 75495 
26355 19219 
51772 39815 
48678 33639 
58251 31552 
51832 87416 
53152 74964 
93763 39729 
3799 18631 
18326 60258 
65487 35860 
69949 95811 
78925 84089 
99890 98454 
32338 64812 
10232 58281 
28575 42119 
64725 39581 
82065 97514 
6552 27814 
33045 21469 
62339 56647 
7223 68025 
78929 99217 
67854 27777 
34920 75896 
4231 6677 
92458 51963 
75634 33396 
6454 72982 
83052 56292 
88179 13043 
72304 32611 
28097 91663 
81677 57114 
18830 48783 
34796 25125 
83318 54146 
45156 75834 
5510 67260 
42592 15725 
81336 57236 
53958 79108 
56261 37964 
70342 42997 
92349 73420 
11417 76949 
12586 60337 
53829 74993 
3092 1025 
25031 86391 
14914 37841 
76546 34744 
96222 32602 
41381 90819 
3041 39191 
49149 43496 
82056 35666 
19436 95337 
92545 53384 
79052 94567 
36178 64937 
52007 3591 
93202 70188 
52433 95727 
21416 50218 
70117 66417 
60419 42703 
75914 42966 
97729 29064 
90056 77713 
95694 13659 
50176 13565 
48497 18363 
87881 17926 
37118 12074 
72784 91346 
76745 43985 
11126 70542 
5947 51927 
92483 62002 
49805 72633 
62501 61971 
239 89474 
62229 41385 
95941 15038 
15321 216 
51589 20856 
63221 24654 
81448 94643 
45458 12724 
85977 26637 
97204 69168 
21745 899 
89562 8793 
54726 94911 
69302 49018 
4963 71347 
64324 16947 
26612 79622 
8653 44084 
31568 71587 
6547 72653 
57119 75735 
99107 51512 
98515 67307 
18787 56776 
75870 17900 
17256 32498 
81454 7493 
30337 10168 
58245 34245 
55 32270 
93506 62974 
8312 74771 
72190 11952 
89315 36171 
24126 89424 
78597 36635 
16257 56236 
25309 49705 
86560 8991 
41447 71236 
89867 49388 
86784 15468 
27423 29658 
91467 16481 
61826 41508 
99623 4837 
76904 46508 
76772 23802 
28101 29577 
61435 47311 
43124 94017 
57077 62721 
74880 6506 
54333 85393 
79144 43513 
45479 79275 
87923 86797 
43168 67912 
76166 64958 
43708 33698 
74228 40473 
81483 19663 
61420 97177 
5603 67749 
87019 91894 
72458 50264 
4255 95678 
88586 77074 
70081 65123 
57098 90125 
58967 52219 
77889 88991 
62446 82465 
26949 66401 
97857 5232 
93319 71097 
29459 47828 
83590 56843 
13051 85282 
13298 21079 
11229 71550 
92179 84421 
90592 64669 
75976 13126 
4488 18320 
1312 40618 
85311 5331 
42156 1321 
18864 84845 
26459 50278 
50013 24186 
29808 5427 
73594 38905 
19250 15912 
97474 20055 
54944 29426 
25693 76423 
69875 4336 
98774 31293 
38603 88233 
45579 78204 
14852 63541 
46480 18297 
64729 42950 
81189 72980 
47450 82692 
36194 89996 
98691 70069 
76593 38396 
53005 33125 
44982 18495 
1231 15002 
36116 96588 
16430 53262 
10203 10996 
97581 5341 
49996 85984 
74144 65308 
37243 33136 
86538 24221 
22587 15972 
7722 36635 
89688 2902 
99245 69196 
69113 36078 
1508 23745 
40428 99228 
42454 47009 
72013 76293 
11467 61689 
87228 54461 
86036 79641 
12869 40187 
17537 86853 
61274 24788 
79494 22044 
20941 57456 
56754 5978 
82208 57806 
7257 16934 
4330 27536 
59404 49327 
38167 1345 
17516 37045 
54779 10929 
35477 70876 
94344 22710 
84360 90233 
42123 49887 
83690 83422 
58593 32459 
87994 87810 
39419 25076 
20331 41501 
57578 31872 
22788 1520 
44752 79886 
50206 10004 
1996 28254 
67933 59519 
90747 69008 
26947 81387 
44380 87199 
80464 56782 
57801 12923 
74944 29358 
58009 15969 
95423 80298 
32041 64952 
70173 11935 
90428 97121 
42915 74464 
74035 22499 
2179 61772 
70095 16525 
16837 97056 
89264 39129 
64488 26626 
69688 54914 
55035 41182 
16378 19124 
45704 47880 
54561 37104 
15662 23584 
74244 1156 
18564 89993 
69882 58033 
59495 64708 
33801 62718 
49212 58774 
44972 29744 
72982 10914 
5749 1955 
73964 71373 
18340 18472 
91786 74215 
60078 78533 
15816 65877 
11957 65957 
9589 89954 
18448 20185 
37982 63406 
8255 14136 
81912 17789 
85454 26588 
56705 20588 
8398 77352 
59745 36385 
9766 27185 
60623 35319 
75315 31219 
12713 7210 
91188 74624 
8949 93687 
90019 12281 
26580 7815 
74626 80433 
5727 70958 
74739 47613 
84835 59994 
96996 24572 
72440 24509 
61356 58498 
69131 3214 
78087 95524 
66226 41601 
8691 7323 
38345 88705 
71380 42533 
15972 29883 
97125 81834 
71021 94601 
15865 46661 
73550 63522 
54096 35896 
80971 87526 
54846 42280 
2465 22835 
88976 30886 
40780 81005 
12757 45660 
51171 90335 
40838 46875 
73002 66105 
46020 72273 
83331 91060 
67643 57727 
93805 14687 
8938 49475 
62283 90093 
30352 89261 
18816 80659 
650 56187 
11973 85154 
50479 4622 
65964 49630 
84165 46233 
1628 57156 
44609 85990 
15049 12345 
93492 36961 
26432 66618 
64383 6772 
8837 62295 
69865 69793 
81464 8826 
95485 13430 
5414 42900 
93103 74356 
51176 65626 
94120 61062 
16598 94641 
99108 92810 
61665 16748 
64529 71895 
92146 77546 
99508 46038 
68018 98551 
6030 10831 
34540 69411 
44483 48323 
73972 23071 
83117 97167 
54106 65153 
94767 2164 
6189 95271 
97127 96657 
99240 27682 
93855 29856 
90377 91383 
62992 63038 
21505 65680 
56429 23495 
1545 86227 
19589 23159 
60360 38687 
14013 20032 
85651 42405 
27206 24873 
57288 14872 
83880 33020 
74909 99254 
30642 91807 
34096 31894 
52217 97707 
44014 24453 
91445 54177 
95143 36227 
87577 11094 
79566 16176 
17826 49759 
38264 1357 
25623 73618 
59941 68669 
45740 14188 
84162 50227 
91179 64093 
67889 39166 
49664 4703 
59024 32329 
48612 4545 
83113 79009 
86584 26482 
90135 30835 
96557 96588 
27108 16875 
1710 55722 
99250 145 
47997 35987 
57507 7005 
49423 78588 
3491 59260 
61713 37029 
34222 80317 
7992 90174 
58537 91362 
16131 23365 
4624 61291 
91548 22631 
3871 24983 
41569 66949 
80048 38533 
87852 96581 
94848 97176 
51900 81722 
866 1889 
75371 14978 
31353 24051 
41662 3678 
12416 84012 
98163 43542 
17807 29095 
39607 13955 
99040 69269 
2101 46909 
14306 4638 
34724 86585 
48497 57877 
60950 74654 
63625 6884 
15746 67555 
44018 98166 
45801 16296 
3894 9870 
90151 16815 
6277 24843 
16394 69459 
1672 68771 
73675 69863 
32525 66172 
37836 90305 
65216 67916 
66365 567 
5173 7935 
51228 20394 
22688 53925 
56164 91844 
67075 27086 
51722 9107 
75084 79345 
16067 45862 
85784 32973 
52525 75766 
58635 7187 
85847 90373 
54045 79031 
38354 80609 
76452 51744 
54379 62849 
98787 32823 
36876 98737 
84188 56085 
83562 79042 
95889 17339 
61630 16199 
39470 31615 
39876 17612 
12971 61417 
4959 92331 
49870 10098 
24573 77475 
27495 22204 
84465 57509 
79193 83518 
18515 89495 
92416 67530 
71497 40448 
96825 32193 
82696 89169 
46679 31091 
55195 44187 
79926 66498 
80441 81950 
92804 78332 
20606 14902 
3229 32630 
12306 57839 
88827 45921 
44374 72692 
76202 57764 
79700 36893 
26883 42701 
36541 98470 
12350 35026 
18237 52288 
95665 25016 
81956 96103 
40414 73644 
66833 2578 
49059 84300 
59820 73954 
92240 64691 
63574 29788 
28184 9813 
44874 14939 
27077 37798 
84358 4987 
9138 14426 
18752 29270 
77072 9225 
65335 27976 
73692 36337 
45008 9000 
23733 46699 
75153 72736 
25204 54614 
86344 28535 
40116 1382 
28042 35270 
97021 81449 
67539 60222 
58505 82385 
53721 65494 
25637 19021 
12608 99189 
48358 74202 
65186 89796 
85861 93854 
9699 16546 
14274 22465 
90348 55924 
10276 6562 
82251 85115 
48756 38404 
58579 56832 
40242 59872 
69912 46804 
99519 97403 
58151 15130 
80718 52818 
47761 15788 
36139 32049 
5600 34770 
56157 53984 
37318 36622 
25775 45058 
93022 51628 
89759 91711 
87882 41433 
52749 92468 
4327 39591 
53323 24133 
31698 75335 
41750 12498 
16453 53828 
59981 76944 
41479 84198 
69416 452 
26566 17853 
97081 61796 
43784 83921 
74072 55071 
71260 86037 
21467 13199 
66793 55346 
98381 46711 
28765 38206 
64442 6825 
25958 33949 
24680 82748 
20192 87967 
18670 47112 
76089 88462 
87758 70597 
50820 11404 
4273 37044 
83345 7544 
74856 3731 
57437 27772 
36415 68009 
95692 38674 
47635 21098 
52774 88852 
41613 92622 
15296 48366 
45897 15322 
83011 58589 
95046 68403 
1416 97889 
57814 90085 
39406 89658 
76147 85203 
57262 53601 
66427 92064 
90042 28604 
64708 14264 
79381 76050 
7196 67839 
22708 6196 
24806 41810 
73054 56982 
96350 21140 
14945 94625 
48774 75051 
62226 98400 
14808 70835 
72252 38201 
58516 33505 
47502 52804 
57445 35048 
486 89179 
86412 63509 
90702 68768 
82458 91795 
3456 5362 
83084 38825 
29499 10975 
20600 91531 
21738 91116 
24292 35231 
50668 48871 
29050 22003 
53727 88442 
14223 91974 
75434 33068 
99686 50781 
24926 49738 
7435 97992 
35469 3628 
56523 95890 
96510 48909 
96727 65787 
43021 99397 
2076 99899 
29163 12437 
39199 80839 
83712 62490 
97437 7883 
43214 77084 
17770 39458 
85515 57106 
85797 74635 
41078 5846 
60409 12955 
42421 46787 
94206 51520 
83034 18804 
64363 1034 
96318 99273 
73330 28377 
32333 20517 
97628 62283 
5595 13093 
59958 30827 
10671 30599 
74942 34671 
53982 85030 
72046 98419 
30032 49105 
30565 83918 
78152 62602 
71045 93966 
91926 13391 
35098 42660 
17592 50700 
51287 19489 
70020 28067 
28627 28265 
15260 66522 
41195 39145 
17202 74699 
67445 52220 
22548 61946 
26080 34540 
63071 32886 
6613 58961 
87062 57483 
27295 42799 
92886 69368 
65640 57048 
26736 56943 
97502 52812 
23972 76797 
49540 30565 
18796 36966 
16829 60024 
20622 68809 
22527 43646 
57088 30554 
99677 5159 
13487 63044 
56622 76012 
56293 48739 
46941 47294 
14483 8756 
2435 52406 
6531 9534 
3416 46636 
43227 40640 
54381 53830 
6882 68314 
5148 57430 
6022 65539 
7609 23459 
31333 68742 
26499 56358 
93396 13648 
28899 5130 
5671 58421 
61694 56841 
87223 10873 
88789 77300 
98832 38370 
602 84622 
93434 53978 
27216 70355 
57228 40495 
83541 15027 
41336 95160 
49917 80168 
35561 52187 
44849 97293 
15554 67698 
77865 15795 
2648 32178 
80001 16352 
11611 9309 
97002 44195 
25762 86806 
96028 67461 
31164 64860 
80544 19871 
62014 835 
30012 44079 
57910 75071 
81107 12322 
10289 41952 
45422 64358 
80178 82848 
14937 69185 
2245 83096 
41048 86672 
51222 13893 
85494 77981 
35904 11761 
32305 89541 
3229 13229 
18671 14330 
80336 20398 
89678 16365 
56063 44277 
6896 89541 
4963 97082 
44059 10345 
86757 82133 
84408 35470 
11991 60554 
93759 89992 
50765 57671 
80937 89519 
75492 8807 
72944 40599 
71000 34140 
26091 67687 
15643 75335 
66274 22088 
35659 22859 
1690 38556 
61652 12204 
79503 18604 
70869 69687 
64320 36090 
81866 44065 
807 80254 
79149 68878 
85378 74165 
84599 62274 
12608 32385 
59719 85987 
80869 50690 
18179 53234 
38660 52785 
51671 96446 
28213 54237 
23734 80122 
36151 42201 
66002 71468 
92349 11045 
19240 62126 
67612 38567 
97550 67907 
8375 35314 
18335 20341 
12368 50324 
32821 3724 
93011 70662 
12427 84463 
2319 9237 
94745 25690 
82137 35635 
69595 79417 
91809 68083 
90366 981 
16682 11177 
28817 36066 
96349 93612 
52480 89286 
24122 32933 
93033 95141 
59952 30172 
91246 77086 
67852 76286 
49549 98525 
35866 34379 
96773 80737 
61709 47014 
71314 87045 
90446 6231 
58710 49999 
71895 15456 
77577 48895 
64949 67056 
93849 28647 
53577 57090 
57442 87850 
55007 59680 
97757 53814 
94430 87392 
84825 5398 
92551 71211 
61451 699 
62383 3885 
78357 15931 
39946 3828 
19139 4285 
79831 73269 
84715 39148 
31104 43959 
18033 14701 
71593 26500 
88918 38793 
19344 5249 
26255 67877 
58865 49740 
80100 1886 
16760 45708 
19852 78130 
96444 84046 
26271 77571 
34864 84414 
14932 84320 
75483 71697 
36582 19736 
61273 68186 
35942 6211 
39048 12049 
14618 2537 
32200 63597 
36099 92694 
82740 14808 
31220 2969 
85523 74727 
10989 68495 
37642 63611 
70369 69627 
4179 12046 
71355 11018 
57868 27809 
26630 21792 
84681 62819 
66086 13963 
59970 85339 
57688 47987 
90487 38415 
71420 19358 
86477 44574 
20476 98146 
75014 98924 
87384 24643 
90817 78048 
44427 88526 
84049 80463 
7482 96453 
65909 5940 
20350 63520 
72328 75562 
52638 47739 
63670 92215 
8455 83491 
94045 42026 
85435 59856 
77720 41304 
94044 32785 
52058 40658 
45632 56282 
86532 8215 
44373 67056 
15563 27241 
73005 59584 
79313 59981 
45213 44040 
40991 49157 
8506 88290 
11868 51307 
20621 6929 
55900 22048 
89768 75295 
64709 2334 
64428 14473 
90634 86903 
81967 14450 
697 91396 
36979 36966 
67497 72954 
10057 66972 
44452 661 
5617 62239 
82225 16788 
83394 84310 
30822 77558 
32452 80815 
37517 13055 
28764 29123 
94664 99858 
37902 44358 
13378 97159 
72832 990 
99201 57331 
93552 16561 
84065 85336 
40026 98505 
25236 87836 
22821 60617 
16373 22497 
56874 74406 
68460 30767 
12968 32397 
9049 13231 
78806 65352 
17159 85713 
66947 73501 
58088 36361 
80441 3016 
7543 89257 
48626 23303 
57677 68443 
75367 38124 
78998 47769 
99891 94132 
71564 66592 
56445 34072 
76506 89117 
33140 78748 
34599 86039 
72630 11778 
72504 21162 
27699 84224 
69225 32791 
83348 52395 
5453 9940 
83654 11404 
26689 76806 
56427 89540 
57371 15419 
11640 24055 
87721 76055 
608 47662 
17609 47716 
62076 76871 
82466 86873 
48644 8208 
5125 31680 
22384 96455 
14424 60985 
32015 10212 
46531 92712 
35697 34428 
98159 54599 
13255 16960 
32166 1724 
19570 36809 
45561 99954 
66925 5363 
97472 42128 
88212 98791 
60405 14724 
25242 59682 
1939 86742 
6764 99076 
25988 49646 
29374 76247 
2869 97504 
31118 32888 
95600 99793 
52418 10810 
46252 85890 
11812 87822 
20603 29856 
85090 25165 
21984 96910 
65510 31655 
75878 88837 
122 14691 
55734 4602 
42577 6273 
67402 14555 
36395 23446 
34682 31883 
44271 46841 
31736 53323 
68822 78455 
89433 32669 
68070 70375 
62171 45229 
54993 99837 
79345 99147 
84642 2832 
21306 50373 
74600 68406 
53552 82085 
74976 38881 
24828 16475 
2656 57394 
84936 37085 
81195 53488 
6253 13241 
82527 59926 
99330 34653 
49560 9445 
97395 83863 
89790 68899 
47195 96987 
69185 30003 
84328 89066 
2931 90896 
90062 49368 
34975 30735 
23616 44070 
21904 787 
98980 99053 
88304 29771 
28554 73880 
559 68637 
87257 79552 
13952 80558 
60217 37272 
83962 15592 
24746 23175 
96813 96270 
83052 94888 
66620 80354 
5943 49766 
66886 60012 
69803 21808 
12625 2905 
69170 84471 
86077 39969 
65514 90012 
3732 57112 
89103 42481 
55311 53634 
45396 71106 
6390 88853 
89909 43593 
45484 50243 
26307 34704 
73743 41315 
51262 44517 
80764 5584 
16619 42874 
23610 74087 
4503 1798 
27754 48301 
14231 66014 
58462 7707 
41207 3248 
69041 61833 
87510 70562 
18416 50290 
81422 30786 
64640 31143 
98901 53937 
83261 87885 
73852 42569 
29846 28365 
55991 27082 
64520 45200 
25243 87303 
83022 56516 
99785 70018 
53583 48331 
81240 88636 
41824 95407 
64961 10797 
16912 46148 
5980 62507 
71388 18900 
71872 3225 
54334 71958 
32690 55362 
12992 77656 
35047 3780 
61452 52112 
82547 16104 
46708 66498 
97986 73082 
62165 93170 
74081 39689 
66559 20543 
28979 52331 
2344 4287 
70365 45246 
71699 9249 
37741 90081 
20645 36442 
36279 76616 
2130 22494 
97619 19765 
37508 45168 
3103 38198 
72475 67857 
83133 13342 
28328 8410 
62701 3999 
82310 23216 
57623 61464 
71840 56154 
38572 62768 
6596 13828 
70772 55555 
89708 93480 
6026 87114 
94693 8000 
50747 72192 
18360 23660 
58749 39500 
31505 50532 
763 85176 
79062 2956 
44037 52988 
39243 78032 
34791 55683 
37257 83754 
13943 49644 
23348 85274 
12217 75894 
67189 27674 
64617 84490 
91064 36727 
56185 66484 
62816 95300 
61107 27876 
96197 42386 
65410 53364 
61037 44162 
69872 24195 
88565 42075 
54217 74073 
68246 91624 
46287 89794 
71657 67327 
80578 89200 
6222 24307 
49402 38009 
97013 75005 
46901 99238 
18387 60692 
81212 44179 
48858 71805 
83355 92246 
2430 98546 
72714 88561 
97473 73761 
48480 72725 
60319 3805 
64020 40014 
24853 69917 
6854 47093 
81723 22564 
50770 68358 
51145 84294 
68583 66144 
1852 22807 
94138 98283 
15390 55294 
382 49885 
99728 97517 
16679 42713 
89088 76678 
43006 45150 
27915 85814 
31286 78516 
26086 69272 
94802 91369 
89712 93759 
75529 52429 
77334 77527 
46146 94886 
4828 21453 
48632 30120 
23987 10075 
74531 37226 
29557 28096 
73361 26254 
7399 68440 
35071 67688 
22469 91619 
30087 78461 
59515 33011 
6184 55661 
71622 44551 
35283 53102 
62171 456 
75230 3059 
24331 92749 
61736 95716 
88820 91687 
73852 42256 
85491 48641 
22721 64039 
7206 74529 
97806 69913 
75472 35609 
67415 6494 
46500 70240 
71026 92098 
63620 45174 
59815 74032 
57400 38009 
38708 81075 
18348 53598 
38422 78221 
18735 56580 
99160 69163 
39868 29565 
78957 33469 
69061 47149 
9202 30052 
66546 89569 
7379 46283 
66793 6653 
22870 22969 
70923 82656 
35463 39436 
7364 45625 
48188 74 
86400 11159 
16219 23950 
50940 49716 
31785 2498 
30612 19064 
41391 56772 
39206 9067 
6112 95389 
16503 4649 
28333 47049 
4731 84629 
59026 17378 
67113 39039 
68499 98875 
1442 5611 
10519 44836 
75108 97319 
34839 3415 
9699 17164 
6333 96334 
73045 33836 
70341 18288 
94518 22465 
63254 27676 
5416 58341 
5006 97102 
20428 88328 
25830 92907 
18457 94608 
73508 57039 
51494 8488 
19293 71690 
8762 28168 
30810 97361 
90021 43700 
8433 88429 
96704 74806 
88004 6755 
32451 82788 
97220 73544 
15683 26451 
15633 22382 
45961 93789 
28895 42277 
33216 56107 
86768 28536 
94300 59334 
71347 91422 
44885 88468 
57103 7802 
66354 15402 
97495 39381 
7157 67845 
4333 82596 
85973 37587 
95473 59915 
94 80067 
74078 9985 
6570 44030 
68366 85005 
35970 9968 
4627 17673 
19005 9138 
8275 77189 
54802 41128 
27761 94054 
26274 7250 
54462 96791 
72822 29499 
67917 70200 
63512 30373 
70355 14408 
74899 7538 
86969 56705 
66842 49143 
99171 44067 
66929 527 
46886 23244 
19555 11143 
82920 97427 
29203 61680 
87529 33771 
29176 95723 
54564 84425 
36781 57703 
41861 75211 
13896 69459 
38093 10752 
37873 61442 
35825 42566 
1905 11392 
16282 47558 
6251 33254 
45172 68314 
72143 2195 
50887 73761 
8713 97743 
6481 8982 
89971 96397 
65073 16371 
53598 47513 
4661 26810 
16291 21812 
22797 39196 
11379 30562 
84183 29361 
93620 75313 
64960 55349 
23358 2968 
56321 55002 
37646 9092 
87046 63916 
39456 53503 
99649 17125 
87769 26540 
68056 36200 
51132 31821 
76086 45003 
95148 31897 
85468 1919 
10443 36856 
9729 84180 
51773 2809 
76016 10752 
51253 47067 
755 44271 
89073 79930 
27031 69627 
53620 99185 
71655 7079 
99577 92713 
8130 81128 
17358 47083 
68058 32905 
60141 65528 
78001 33439 
35811 57429 
61425 27952 
60264 73248 
26061 17177 
85837 23744 
25864 60709 
64000 40452 
33748 69547 
75029 5521 
86335 40205 
58988 3368 
65215 71175 
12182 24039 
60527 94024 
71110 78713 
22189 46023 
92022 71512 
41642 8978 
48301 8562 
22761 39791 
10222 15215 
94379 22317 
42015 75394 
88877 77163 
49703 3227 
61374 76377 
39871 6441 
52286 23321 
4254 3433 
2354 74548 
28001 11503 
13726 102 
30472 32424 
13282 1464 
86589 23344 
15092 32182 
44053 55938 
97758 95291 
47156 34833 
9378 23698 
1430 67475 
87928 85018 
65066 51955 
38132 90676 
32789 76744 
37185 30629 
85807 6840 
51212 99673 
17480 64557 
31915 29059 
8524 99945 
28592 88017 
17820 85838 
94561 73810 
75357 65537 
88993 66028 
12326 27365 
75260 81136 
40072 79615 
95105 26629 
94382 51898 
54337 20670 
94511 54404 
90159 12717 
27354 85337 
2902 13388 
56380 88572 
25616 17701 
72174 28528 
73826 84820 
46887 67310 
64751 19589 
28409 395 
20361 86360 
11739 31405 
71876 74016 
54823 44002 
64669 22605 
64027 59459 
21988 16602 
60460 52204 
63525 47591 
52508 32388 
90589 50039 
82248 94533 
43455 17819 
83791 74341 
8471 16288 
90158 51941 
2587 14971 
51961 89188 
91189 79277 
85914 91055 
1468 76193 
54143 36705 
78040 68500 
86285 34584 
90118 94852 
95519 17604 
40263 58897 
6970 9512 
43588 79643 
12331 61550 
43265 87412 
88086 79720 
3282 84941 
66368 37302 
72614 31617 
27286 94679 
46321 50293 
89457 29121 
58577 792 
11506 10858 
30194 11940 
81480 48583 
58965 14858 
63377 67481 
84981 74250 
90430 75937 
85045 71539 
43302 23271 
50411 53968 
28013 50157 
80301 27164 
73216 85840 
80001 35158 
99324 51816 
86787 41482 
73056 90339 
59574 97740 
50106 47934 
58857 61887 
25939 9033 
12391 7506 
60111 92931 
9026 47450 
13077 98423 
88184 80510 
36068 4834 
95737 58135 
84442 15568 
58340 59714 
82796 60874 
87786 59603 
56189 60241 
64518 66790 
55950 81610 
65186 18989 
50867 24567 
92948 16970 
24938 97735 
41226 92035 
21415 56770 
71690 9820 
99514 18685 
15493 26987 
24979 70681 
13111 33847 
98562 47204 
92622 35631 
37548 57654 
48851 47817 
64592 9007 
26540 6867 
25435 82504 
29537 26678 
52461 91676 
74976 63206 
14615 70140 
86524 84982 
45831 11923 
73987 85585 
23938 14511 
77907 15692 
79890 55386 
67282 56893 
53230 66516 
66093 7271 
73835 58061 
50101 99588 
42293 82512 
99177 26930 
1652 23549 
12419 7809 
41839 40073 
93414 82944 
54692 95230 
91229 99361 
62341 52620 
39019 3912 
74570 27520 
66692 37978 
91853 39584 
76588 97861 
59894 25343 
61899 1237 
98789 33731 
16401 79076 
75352 45969 
31015 94528 
60678 32290 
97854 75558 
16651 82345 
45581 36470 
84934 23528 
11313 54985 
9851 72072 
13726 66147 
12625 45411 
29636 32086 
48588 1162 
92066 47579 
21275 57992 
21630 45296 
97708 96717 
75049 71803 
67720 36167 
44727 15610 
16839 27668 
71508 81953 
37011 14435 
39114 25494 
82390 57724 
3201 71741 
88404 40314 
70614 80778 
11529 19660 
85090 32722 
14436 18042 
94559 43392 
16618 5087 
72129 50733 
54115 49205 
37940 47857 
43649 88856 
82335 76898 
26223 1940 
22080 39403 
73185 32220 
30893 23597 
73771 65349 
73113 96630 
87317 33906 
35067 60775 
35597 70766 
92531 26568 
31167 23233 
74692 12990 
86139 86507 
85050 45063 
22435 14418 
17996 82599 
9399 17768 
66082 80353 
87522 66212 
47528 49452 
98094 68284 
96064 62735 
27731 16000 
45959 22505 
94042 45409 
