54696 27308 
32791 10878 
54257 88588 
12388 24968 
6442 10238 
3888 57114 
69347 53418 
5431 70339 
32114 78959 
75138 98947 
12184 238 
36692 97315 
93376 26490 
43328 28902 
58328 88920 
78416 1929 
196 83444 
78769 38752 
7965 8531 
2798 99618 
7356 24371 
29853 68342 
4976 10468 
69305 47364 
27284 52771 
78402 2708 
67837 48573 
36421 45583 
56456 77665 
99313 36641 
42102 51626 
63832 51394 
37657 19608 
3030 50822 
9245 78617 
96055 59912 
5338 9059 
64340 68684 
11612 32167 
43540 35202 
86363 64962 
66031 88123 
78272 30506 
2252 97546 
53397 66465 
10906 7221 
61505 63395 
77751 98646 
53191 55639 
80680 88101 
18713 82376 
4786 41420 
57061 34107 
45279 28065 
99516 743 
78423 26025 
5785 41462 
51042 32160 
22784 3635 
37709 28739 
46223 28372 
41362 6301 
53396 93622 
67908 45363 
81897 62256 
88261 15097 
13470 22198 
12302 55762 
84813 28429 
38427 73524 
87837 82548 
9594 91201 
40783 14601 
2234 66582 
8525 63998 
97910 11108 
25515 91617 
39237 16076 
28028 93529 
51433 20910 
33737 28345 
18687 38664 
16098 14750 
40669 87576 
8622 3585 
58560 64312 
39865 79716 
32370 34517 
43770 2893 
71627 9293 
12010 53990 
70130 22477 
55033 13220 
72074 22876 
16792 60326 
1659 48053 
44422 53247 
21195 51847 
48667 11379 
43767 16491 
3389 2314 
15662 91991 
23285 6822 
1061 70403 
27722 15825 
46904 20689 
45616 95267 
79374 81026 
41349 40024 
85096 29767 
44979 26370 
59946 33688 
51285 64038 
66275 2728 
11738 43528 
25363 64104 
81013 72071 
86116 5526 
95431 92546 
53279 27151 
54550 83636 
28853 85003 
49089 46660 
18938 4759 
28474 94729 
84895 94142 
29529 73325 
72495 84563 
94161 57819 
35622 88277 
88369 93144 
82174 65948 
97522 63561 
8899 61390 
13539 6327 
59265 75143 
48484 12109 
33808 16652 
6048 87083 
5976 95982 
17485 86930 
48130 90325 
1789 71326 
52160 47997 
41268 68998 
37071 73196 
73117 88088 
71934 68468 
85204 54275 
6771 98658 
70002 10031 
96196 80069 
34448 62350 
21091 91588 
85490 23446 
62069 50771 
11160 49148 
55210 97166 
55262 43131 
65274 77608 
40084 61577 
44540 33773 
26042 22543 
6463 50989 
9732 97024 
32466 39104 
52624 34604 
47509 81153 
1444 55577 
45451 3643 
8289 23561 
18789 93446 
83600 97869 
48993 10639 
18365 53290 
43454 24031 
93228 46437 
62971 26721 
51710 2430 
69726 72695 
52292 93477 
39885 12299 
29873 81737 
27211 94373 
90927 2903 
34509 45876 
38705 74057 
48266 36045 
74863 19576 
18470 81437 
52180 22301 
20428 50642 
59335 23620 
18273 83033 
3200 15812 
60910 44596 
16720 92693 
80287 5710 
61135 50523 
29199 40684 
10184 60124 
91198 16923 
886 63285 
18756 62796 
10589 81788 
7463 77575 
73212 65767 
93842 74283 
78939 49619 
72263 26826 
11105 28307 
62481 26506 
61620 14656 
23478 39799 
31969 89120 
1577 99243 
70714 7501 
21202 52344 
20372 89233 
75205 39589 
46632 69090 
48314 71984 
1137 58563 
12085 30981 
25349 29661 
62605 19188 
37538 3499 
33256 49009 
57502 98813 
4005 68115 
14360 71407 
45969 85631 
51608 54546 
85402 80971 
90598 92433 
44816 48448 
38688 44173 
20573 55109 
31562 23992 
86098 66673 
80532 34991 
67753 27029 
55134 48346 
26467 60438 
68904 77607 
92349 2397 
51972 98651 
41841 55072 
87926 69810 
77313 6251 
64401 13872 
67617 47006 
36923 33867 
34696 72507 
33773 47945 
26196 52929 
35986 45159 
96896 16926 
51054 83591 
32828 98843 
61527 75014 
91112 62671 
70404 26159 
95809 30660 
84075 35662 
25528 12603 
70518 77902 
52026 52977 
5601 40176 
40731 87445 
73495 18063 
3881 27673 
18624 15304 
4891 73971 
55992 39173 
48603 88968 
34359 30075 
56210 52345 
12444 14944 
15965 56580 
52191 28082 
21158 96755 
55098 151 
55416 53625 
67718 76314 
62011 68497 
60640 87896 
38659 60906 
41648 68439 
32214 45621 
98174 74637 
68669 64221 
76807 45434 
43068 58307 
98319 8383 
11186 76330 
75516 21440 
70275 24101 
48198 20432 
89687 40242 
74623 27737 
53847 2142 
22066 66062 
9859 45430 
80435 12737 
69893 10540 
82365 24543 
4585 13644 
50824 60872 
77804 76028 
10955 33877 
15453 35947 
96778 18283 
71353 10043 
55293 60655 
51824 67619 
656 38185 
87218 30363 
99328 30411 
93446 12568 
73408 83817 
49457 72454 
93875 68875 
27657 53892 
98038 51843 
53429 59651 
6224 29512 
37170 12223 
31568 4120 
17706 26339 
73774 7734 
79470 38516 
62768 20711 
57461 13243 
71432 67181 
23838 72892 
47921 12027 
57869 78993 
27556 28457 
37007 26200 
71884 53007 
51033 97097 
48204 95720 
33475 65935 
6720 27210 
24937 32454 
34459 21500 
31491 13138 
65156 93717 
17965 16560 
2590 35159 
80725 81937 
71133 14730 
77477 65542 
41813 85355 
52636 18360 
94728 6769 
85975 10156 
69429 71934 
9562 20062 
23692 3343 
83371 31904 
68091 67611 
93541 43604 
68890 41991 
38862 24392 
14972 54843 
882 30932 
25893 13589 
50947 24085 
37605 28294 
33491 11691 
40000 36811 
79081 79588 
56147 38257 
42992 63013 
46939 45627 
35501 53605 
96844 75460 
8629 33426 
86540 2742 
90716 76709 
86464 22603 
14987 62520 
11613 76853 
71208 97058 
62448 23063 
20535 53011 
39320 46625 
52829 95222 
58567 42114 
33015 76843 
17300 19273 
78428 58223 
50828 21086 
32685 21974 
1810 76635 
53217 31969 
73417 49837 
9438 11478 
70149 86643 
96396 96192 
39421 7931 
4808 51612 
14629 43057 
52544 31050 
26121 49916 
74881 90482 
90370 21380 
91306 69517 
9592 35087 
15128 93953 
14161 63825 
48873 54723 
58403 27133 
13170 70441 
36680 31233 
89789 46363 
21168 14051 
20499 1231 
35318 84831 
92587 45326 
67712 23720 
59162 57954 
99882 85721 
87776 30689 
68625 35525 
4431 13876 
8443 24992 
1697 28206 
22971 13431 
9468 80629 
15589 22339 
84755 54437 
68903 10873 
63006 27024 
354 56092 
27548 5667 
36970 22888 
96062 61601 
46087 12527 
93415 85735 
30867 85843 
78687 85536 
49525 67379 
20904 91936 
45396 50181 
72786 47562 
81338 37405 
74688 3122 
56412 76556 
32010 57537 
45412 64938 
48438 39144 
42506 30748 
64739 40305 
9129 23274 
48173 85786 
23205 77766 
1177 36475 
1920 55823 
9599 4316 
23439 505 
30564 81788 
4350 86884 
27954 69813 
99062 93374 
99533 21681 
75003 66956 
3879 7387 
83168 6256 
87618 42710 
87428 40465 
33815 20460 
37981 39219 
935 27463 
74418 48794 
98467 30225 
22095 13355 
50042 64605 
1886 6525 
27830 70438 
7799 68129 
3012 70701 
19603 13758 
46295 6676 
8288 60650 
29711 5449 
61057 92417 
26363 74210 
99499 67236 
78316 86967 
89712 59429 
4470 53620 
46351 12675 
50080 38783 
13925 74661 
37444 28309 
68155 77562 
63361 25153 
17780 26512 
3106 93044 
2945 59118 
22927 56358 
80120 43047 
73540 7669 
55520 85866 
35560 70623 
79031 41564 
14534 15133 
38939 11558 
37971 24286 
4043 54490 
89719 67969 
44250 38759 
28040 46873 
23327 94484 
72916 32371 
98212 47454 
15396 42710 
78135 46657 
97204 64000 
93774 29086 
32361 45711 
1761 775 
94239 74667 
3087 51413 
71257 58994 
85290 61361 
2314 34038 
7799 4567 
39116 35952 
37386 98567 
46706 75485 
6413 3716 
45780 84426 
10406 27717 
20799 242 
83462 48712 
66430 626 
90084 30408 
21516 98997 
50278 66116 
44550 64430 
71072 55063 
17565 35061 
92114 83997 
26339 52707 
65581 59820 
54028 58254 
81376 14892 
42592 52306 
17408 85652 
21789 43659 
41756 47307 
79068 79351 
18599 72617 
45333 74364 
73001 71178 
1343 36477 
51028 57105 
67425 12357 
71106 87643 
25198 64655 
146 12999 
34192 26692 
3689 78554 
48512 71250 
13163 24628 
9102 73086 
25310 36094 
85722 40930 
98953 4398 
69389 44074 
42503 77901 
70831 61103 
91909 93003 
63409 33865 
63293 98083 
19994 18487 
27049 5098 
32458 87048 
90950 29524 
69701 48476 
98622 8333 
25573 25280 
46755 17863 
31563 43941 
99473 48623 
60807 71097 
31547 32539 
29723 55086 
63456 59566 
11529 12994 
60801 65295 
11906 37034 
58131 18881 
21232 80911 
33023 91529 
50122 26751 
38 39769 
75381 26262 
16212 94881 
72043 55967 
89792 10080 
83821 25662 
62163 80459 
89062 31734 
89282 17182 
52245 52468 
83367 27067 
12053 41250 
88225 21414 
46251 85301 
52293 53864 
70852 62603 
32350 66030 
76496 47672 
7790 1808 
78467 88070 
10477 36503 
58470 97858 
78404 55299 
6040 91606 
22747 7100 
25396 13176 
57349 54404 
59566 97174 
77289 37607 
97779 37773 
88919 73052 
74401 29555 
87561 8091 
38117 88108 
51091 63598 
68558 54265 
67660 4607 
44291 35229 
44097 93131 
20814 38239 
47841 93718 
60150 8016 
19720 21940 
64651 87913 
57537 48743 
6797 86510 
11086 99504 
14029 46339 
48116 15594 
63112 79482 
47715 78417 
62021 55989 
52666 31127 
49007 5372 
65601 71619 
18324 18869 
5059 31867 
89939 20748 
47082 3348 
76657 10605 
65564 16017 
66194 65423 
50262 29178 
28058 30123 
25281 46631 
75465 18363 
12762 25549 
61112 91576 
86644 8853 
62221 83534 
39557 74181 
15106 90151 
42281 59096 
92405 49838 
9663 91753 
77138 98398 
99477 29068 
76960 94248 
61452 80240 
39194 74732 
22521 72529 
72711 22325 
41341 98309 
56207 90732 
90193 67659 
14105 65215 
25643 79148 
71114 8885 
90654 12957 
54338 77305 
50323 45135 
97929 67420 
1024 79520 
19374 3643 
8446 94725 
78840 53872 
23882 7636 
3382 11295 
66 61948 
56360 74002 
77989 60547 
59095 3757 
44329 73922 
26530 47737 
65467 73291 
61621 62571 
88559 56747 
64201 88754 
62721 59508 
49198 85285 
74082 65195 
36414 49349 
7367 64109 
69444 13903 
43566 36571 
44880 37246 
78423 74675 
84579 72949 
99632 94142 
63584 35964 
92030 29513 
14167 61309 
49508 50520 
62536 85407 
59983 85223 
18870 66973 
95493 86403 
33663 4299 
83315 31692 
53744 98825 
55987 5040 
59887 61113 
78218 67396 
44589 54619 
26865 87836 
93372 25132 
56558 72897 
65865 69288 
17951 1475 
33989 54286 
8255 45438 
23691 12718 
24364 31948 
23984 1403 
57782 82508 
72448 31135 
17496 45887 
99887 45511 
92066 27290 
18495 51237 
65397 4591 
67669 79843 
82042 13861 
89518 91222 
17316 81134 
92156 13169 
45133 75051 
73020 47846 
12183 55938 
16734 66112 
20917 843 
52481 53651 
95784 91224 
54334 69081 
57256 60205 
94693 23510 
56403 9704 
15745 93456 
29135 24252 
66785 34619 
13684 27927 
66241 72677 
37502 53616 
86463 9092 
20500 19652 
26552 94874 
60345 37926 
33972 93281 
62572 9655 
59197 73669 
53299 285 
79297 52977 
65617 23348 
6187 28809 
22027 4631 
3124 28626 
44790 42607 
69120 33250 
13660 28877 
15068 19702 
56175 43196 
47673 8349 
99542 91721 
97694 92374 
35111 14183 
77526 73800 
46560 46009 
29834 29613 
31091 84729 
33708 83944 
99324 76559 
67732 67879 
74030 8656 
90409 7115 
20447 65308 
87512 89527 
31638 82168 
53246 29640 
61214 11707 
17503 65064 
42692 95121 
5020 91148 
59889 21228 
13931 64420 
35945 41248 
30969 82827 
89929 99881 
58488 81350 
69463 37698 
14531 65263 
5375 17642 
81294 40121 
50137 29311 
19646 87507 
55679 28668 
37784 78621 
18143 78005 
593 14011 
67243 61194 
93009 27029 
6119 62660 
5391 91070 
13920 15013 
91890 26192 
7816 39904 
63782 9417 
23758 29413 
18928 54841 
15996 41182 
75797 44596 
94245 9473 
75887 59797 
14340 6499 
41939 81783 
13322 23603 
30971 8297 
33133 80236 
977 56660 
8427 10226 
18004 6592 
3486 19411 
66396 69010 
70837 56485 
89134 53943 
69866 89805 
77483 50662 
27586 36864 
49576 26173 
45704 50311 
6098 94428 
58195 24622 
27899 7904 
21836 50919 
85123 75672 
78513 13930 
60397 17614 
62546 94724 
49613 23153 
38915 15591 
93027 94679 
48982 39336 
6666 20785 
9123 14241 
29460 42510 
54710 38097 
75028 46949 
46926 99932 
78741 46948 
63161 46491 
60437 82999 
73054 11961 
81085 14049 
61747 44130 
57745 47611 
99480 57864 
15310 96396 
72415 47718 
95804 38601 
83405 95449 
16444 2090 
3388 15377 
66162 88864 
4210 90758 
57005 5549 
31879 67726 
1555 68073 
85615 89866 
70471 4261 
52526 76107 
95243 86774 
10335 67380 
20466 90633 
51326 93347 
77166 84517 
99484 39556 
44165 33071 
89829 27440 
87982 8678 
53995 54904 
23445 85441 
9355 83554 
16958 15586 
80330 185 
62287 69038 
90003 24737 
94760 50628 
47732 84683 
73949 96220 
24220 26730 
57148 88941 
49295 90648 
6436 29831 
89686 27261 
20584 43354 
64114 2792 
59763 97572 
31298 95220 
35787 71214 
42782 54743 
73535 5434 
86991 70109 
10225 36733 
63495 55330 
88375 19372 
17199 47140 
15590 10498 
31038 82607 
9686 9316 
22683 8401 
21242 12788 
15915 58494 
27288 74700 
60518 25447 
19659 32339 
55880 41927 
69432 95623 
92999 83738 
34900 77190 
67150 3417 
94715 78791 
29220 4286 
30093 39257 
37553 68900 
50401 92386 
44112 62927 
54975 79281 
98887 45768 
50677 8995 
84679 32592 
99488 63773 
740 68977 
53345 741 
98231 98970 
44452 10615 
33056 30122 
38482 55762 
42343 24965 
25334 24953 
69700 77361 
17566 10167 
61342 64318 
50115 32010 
30290 99093 
26601 14631 
39053 49806 
37295 38477 
82562 29271 
81737 79739 
62596 6393 
65021 79115 
32534 37235 
928 69249 
56989 64724 
47384 30207 
74740 89978 
20108 35396 
75324 75373 
78873 96501 
99786 99705 
57439 15388 
54272 49200 
13028 3289 
81510 94604 
4109 33225 
69709 74246 
66280 50257 
90992 75696 
45232 75995 
52192 84525 
63023 8753 
9710 47680 
39336 38766 
47088 81125 
62905 69106 
39066 36632 
9968 57245 
29087 30998 
36379 69643 
28591 32481 
27936 72317 
5896 93833 
79508 64041 
70060 19129 
87693 95618 
70855 52397 
84057 8655 
29805 80117 
6379 70278 
89254 46750 
3877 76468 
16477 92726 
99056 45984 
28114 37703 
83598 29293 
6534 48397 
8617 12488 
64196 49929 
40652 4874 
74713 62375 
93919 60711 
29999 70103 
16636 537 
1757 60451 
4636 65589 
82533 475 
39034 60002 
56654 55703 
96351 9783 
4597 93252 
59311 95034 
75667 53126 
64406 92411 
73366 16192 
58395 98545 
85403 45034 
22 91937 
56025 24798 
35566 30798 
42212 85138 
97208 77356 
17230 41492 
21765 85359 
85150 54177 
63976 86814 
48154 67180 
83336 66427 
24798 55001 
16364 17813 
51887 75574 
7223 34189 
15188 99990 
58806 98127 
44961 65686 
83631 99840 
81111 78712 
79346 31584 
59751 72865 
27169 76908 
98061 18693 
13215 37843 
57535 63779 
2501 20522 
47095 77205 
53291 30318 
86964 65729 
45492 11272 
91860 26957 
10962 1380 
47717 5686 
95904 65289 
50065 23573 
55889 8976 
44103 59440 
82623 77199 
56655 67761 
88210 83824 
38377 36257 
27455 27575 
40960 51 
21675 1296 
38533 49424 
58490 11552 
65073 91005 
81254 87157 
80342 48087 
49068 70218 
95739 14771 
43706 51283 
88400 10760 
23347 31444 
7007 18897 
74649 68502 
25954 25901 
94492 91779 
35914 28272 
40629 50710 
68264 9952 
26509 96059 
38475 46101 
99717 79383 
59276 38212 
35731 96366 
18228 39790 
99139 92642 
36368 88967 
72970 96984 
24618 24653 
33459 46005 
32933 26234 
52362 16980 
43472 83301 
41832 90965 
93562 71536 
17909 27065 
26834 83641 
47843 40541 
61602 40074 
63739 42368 
34438 83336 
70442 15936 
23847 41720 
49097 77766 
84055 33653 
59496 93445 
22130 72177 
74089 97404 
33021 20561 
34474 95753 
66578 44745 
7184 15058 
38168 5988 
29776 96771 
10304 38042 
80498 26972 
66459 57120 
75224 34132 
70295 60100 
93879 83811 
53571 76632 
65239 48515 
4258 54207 
93789 33377 
32705 71746 
95195 93906 
78204 96901 
18027 90713 
80874 25004 
68500 87967 
84518 63494 
22287 17262 
54953 54641 
2892 96634 
95292 61523 
29571 15691 
14738 77464 
89477 72086 
60689 57521 
68482 72047 
55296 12111 
83025 88236 
87086 47492 
91402 1865 
95857 85587 
27034 42878 
54786 46483 
88574 81882 
97526 30977 
42087 20628 
60047 97649 
39107 73999 
7075 89204 
31006 35805 
91200 26193 
64914 73112 
49078 52750 
79330 99389 
73618 88578 
78603 35483 
13656 14207 
54622 79199 
43311 92395 
41334 69261 
12109 7565 
33131 47431 
33897 87293 
71662 93821 
97678 55120 
7315 34695 
86733 52336 
71369 99535 
73724 57889 
52748 34692 
18957 30203 
59326 64640 
36580 92437 
57923 28677 
9210 83608 
29367 10831 
25337 1989 
45466 23839 
85813 74332 
73218 4212 
75846 94727 
38281 24747 
27145 90259 
34489 33272 
1177 87167 
49134 81995 
9016 70808 
84734 20491 
45829 55495 
97203 87200 
58770 6156 
37608 49251 
85930 82763 
80095 8472 
904 10621 
42134 12667 
72714 14825 
54858 85523 
3964 95631 
21086 15993 
41526 62920 
6501 28527 
63477 92638 
45520 89238 
33627 15773 
7530 89902 
80699 1382 
61452 91632 
3066 49119 
97025 3127 
21924 63896 
9707 14591 
5879 45534 
32773 7752 
68141 89640 
4963 14805 
93886 62471 
94960 4737 
89788 82150 
64980 34108 
60352 11374 
44958 11256 
6380 42606 
6063 87759 
9766 35788 
67707 9118 
15769 50692 
45745 27777 
49029 1326 
51209 5927 
2807 48152 
78726 12975 
22278 35408 
81661 53144 
62171 75431 
17073 42326 
36660 79649 
57727 90175 
95128 36783 
10695 33310 
51272 42790 
52478 8631 
64987 94246 
89127 51873 
26573 67062 
76507 55902 
21023 15872 
90606 25651 
56507 45876 
20738 22186 
25626 28598 
69490 97085 
30620 55730 
82447 80105 
44441 51157 
98008 98084 
98422 90216 
3002 71067 
84279 7411 
3373 52859 
33271 9029 
70847 57494 
88538 45504 
6270 40585 
18041 39860 
68247 85065 
24931 13217 
51723 74518 
99839 96067 
65295 24129 
25256 64932 
48380 79219 
86031 98015 
89711 84393 
62004 567 
57211 72518 
78858 10974 
25948 22073 
71540 61911 
95638 83859 
70889 37467 
22108 83598 
58650 36709 
48126 65674 
48591 26959 
8202 55058 
42200 45921 
99231 79418 
76274 90774 
54250 11486 
26681 14528 
30141 62907 
57681 35135 
21753 85167 
9409 51276 
44705 10603 
97482 50215 
87047 97062 
58137 87758 
15986 23490 
9947 18097 
40048 20533 
18847 52215 
69331 10171 
47058 27513 
86911 71484 
38497 78453 
43001 45833 
43319 8283 
10125 44056 
12476 75261 
92350 20720 
99550 23318 
64537 36040 
91535 6727 
28587 34760 
52906 81090 
12850 33124 
7970 58839 
8123 19976 
5404 56460 
29083 46130 
5807 92759 
13538 97323 
8218 32754 
23535 20370 
84771 10167 
92158 99609 
24001 2967 
67740 61273 
92787 81063 
43277 17113 
14517 93006 
22957 45422 
26796 9411 
70037 47561 
25829 94843 
688 11124 
26639 37027 
36969 57099 
68317 22482 
8757 47687 
71779 11097 
99231 83887 
13802 28621 
61448 27508 
15632 65711 
94536 40980 
57017 44907 
57239 50140 
17259 92805 
13805 113 
13719 33672 
52622 92469 
55197 2916 
91552 63048 
52681 64039 
85554 84132 
33198 1112 
82011 52111 
83856 50288 
27024 52339 
12618 28519 
12038 76572 
49954 15382 
64279 5213 
31254 44811 
26780 56491 
93712 67525 
44201 47815 
93369 52070 
69146 10696 
98122 2664 
30377 49972 
40684 85393 
59092 40503 
21880 70812 
52345 10061 
39096 20655 
63724 65849 
77315 69082 
50563 83890 
40893 74793 
74250 95458 
23075 49332 
45597 72813 
7227 99030 
30786 37680 
68838 53306 
85048 90214 
616 90403 
61036 83668 
14288 13157 
46741 50515 
82233 72012 
23862 19496 
69660 80257 
1677 49838 
73754 17351 
73758 48895 
30087 70163 
65284 32458 
68529 19143 
87243 33224 
1031 36649 
90459 62206 
1839 28044 
17192 80322 
97063 12694 
80937 42939 
15009 11618 
66116 38890 
61247 81291 
28489 57233 
73142 8979 
94412 80032 
77409 64009 
2475 17439 
21229 81475 
4591 72605 
72547 40159 
45257 48232 
88425 84819 
67510 84012 
31644 34482 
51997 44809 
75226 13052 
81614 63078 
72162 36236 
38349 75864 
83335 89729 
81209 86664 
50474 37573 
24568 25483 
72977 6716 
34778 76633 
97496 4109 
89541 93107 
57427 35991 
99361 18838 
5799 15560 
73262 95694 
69507 64847 
22013 40750 
15449 39346 
31277 41227 
59844 29868 
4346 29378 
70856 25048 
69585 67711 
11624 50095 
71185 96118 
45885 32620 
13548 66781 
81627 84746 
9349 20179 
59506 32226 
89295 36097 
2305 65903 
67565 27206 
29236 38616 
21152 29623 
4665 81538 
33539 84772 
34656 67908 
73611 99974 
46722 9288 
29201 21346 
88248 29693 
91349 51932 
57295 26349 
90130 410 
35832 92325 
15816 51308 
29903 45898 
20182 6335 
33868 84314 
81908 58256 
26532 55418 
37338 23681 
75878 19691 
23242 79210 
76037 57328 
51782 16550 
65271 60246 
39540 56565 
76944 37308 
42227 39631 
56812 52532 
4653 40250 
39420 10700 
21507 37583 
14030 2518 
18724 10331 
26171 22383 
7445 14399 
54807 75782 
33018 44789 
77043 515 
40022 79383 
82424 36150 
928 51610 
27079 89530 
10849 1383 
24327 60642 
33674 9325 
52814 12770 
95976 27927 
25884 93648 
64213 85151 
6556 40164 
8028 50900 
71390 28204 
47873 24858 
23431 61330 
8715 25392 
29588 27261 
53230 33517 
10954 89486 
47704 73378 
45983 22848 
21734 91264 
55886 46580 
18885 28852 
29190 56006 
99614 73217 
8160 5011 
50039 6060 
3612 45395 
70569 67692 
26615 86337 
66927 97488 
25688 97458 
42759 11859 
96324 42367 
97818 33217 
85992 96033 
68615 88972 
52285 69020 
9460 58314 
44441 34307 
988 56320 
69211 28348 
90532 9884 
70880 77002 
14142 98040 
2228 79101 
23559 420 
88316 65678 
43117 21925 
88204 41246 
11349 39111 
41048 5051 
19967 44379 
42508 44807 
48920 47725 
34986 93217 
10403 32646 
10945 38437 
56975 52724 
22397 83658 
79342 98473 
61635 58096 
17914 60250 
28362 91947 
38888 62319 
26615 81240 
80407 45609 
41208 85014 
57250 32284 
27912 16897 
23542 13913 
14166 15885 
32130 66869 
47859 7037 
96572 13505 
50542 91774 
57075 15732 
28432 39612 
75263 8822 
69647 88423 
34327 57559 
9345 98665 
866 44317 
75769 48575 
12675 79206 
39708 1893 
92731 56104 
77437 27481 
53831 65248 
22969 1064 
50574 12945 
29251 73318 
55841 92075 
79948 45670 
87411 93235 
93546 55422 
87052 45671 
39698 35202 
59185 29622 
44150 78216 
9145 7229 
92971 10458 
82087 77892 
59500 43731 
92753 75729 
68057 59253 
53599 91778 
77393 50607 
54181 21625 
13757 36926 
18266 10319 
8619 42462 
66737 90793 
99252 27053 
44220 89413 
31765 43532 
25198 2853 
65645 92725 
1466 34210 
16433 44451 
66920 13037 
88933 93813 
57947 13981 
47151 26084 
78116 31719 
39171 70590 
34402 66104 
45242 34291 
38802 20766 
45607 19103 
84044 20805 
10911 43515 
84946 10838 
2541 8703 
88053 3303 
32817 72081 
91321 8779 
75681 17095 
82916 94990 
37402 37111 
3586 89251 
93753 83326 
60628 60295 
75235 61927 
73104 89735 
35147 4081 
7761 70863 
66638 73840 
73019 53051 
44348 23692 
74422 83703 
53865 55223 
99104 86539 
37918 93245 
89121 54926 
32091 35750 
83895 32027 
84815 99170 
60554 95742 
56486 38689 
77630 65746 
70788 86716 
32323 2323 
47632 19151 
74505 72320 
81629 28691 
81608 16199 
42552 57175 
87766 61975 
65047 14868 
77807 96820 
63615 93547 
2149 25105 
55927 62437 
42155 12917 
2589 21236 
57185 43345 
74732 72903 
74348 84312 
42096 70346 
39890 1275 
33832 85807 
37171 30811 
61745 49466 
90346 67919 
11511 4686 
15167 9830 
1201 31322 
48701 42150 
78415 95632 
88341 49382 
77466 95601 
97090 81173 
86223 83858 
86933 8076 
78624 66860 
75003 56198 
53292 98669 
18261 18762 
81328 10390 
71616 4471 
7045 42202 
81658 97468 
64281 73948 
23591 71775 
67871 82357 
12521 24265 
14996 88225 
71865 64565 
84303 95284 
21475 27701 
52083 63952 
55954 55872 
54232 7834 
19686 29453 
10334 48543 
49271 14102 
91931 15355 
46319 30823 
60875 30142 
63985 48892 
25652 75226 
39168 47729 
63649 1992 
78927 93151 
35560 1522 
14483 25832 
74492 24993 
69078 65426 
66770 11199 
46981 92431 
54076 51358 
40122 81746 
77254 97183 
66084 26780 
50971 97246 
96620 11060 
5388 28773 
9392 55451 
56109 77266 
97280 93445 
66886 4723 
99398 4400 
50899 38742 
75873 65186 
15920 9411 
34467 64366 
96268 58638 
31286 59901 
30153 47484 
10103 51246 
34899 91014 
15244 79833 
4480 57362 
11498 68088 
3908 77925 
71203 56452 
63231 28996 
43405 344 
80261 61644 
2946 44518 
25601 76278 
88327 1022 
6164 61095 
76379 18727 
84075 39474 
9055 47370 
66712 396 
83056 67104 
80611 18095 
36558 75751 
17050 2397 
18945 262 
90354 59579 
9255 26331 
81325 85103 
56951 20681 
47636 54178 
54664 54228 
70680 23881 
16706 21141 
74032 11448 
29463 88769 
92568 67326 
60150 6457 
93247 18728 
58975 47483 
48645 19693 
66416 57644 
42582 6990 
42077 36480 
43502 27775 
64532 82670 
15755 74468 
12571 93854 
51523 35126 
27453 22917 
96850 43442 
73017 57747 
14105 91503 
55955 9512 
70138 50576 
42051 65724 
64532 30445 
5877 88651 
15556 96195 
81197 17088 
2751 52852 
37261 60068 
24607 2898 
92200 54782 
67324 79471 
88880 97783 
96429 58888 
883 48521 
76821 60179 
6675 47275 
98825 46423 
68550 85790 
37916 52939 
79631 18211 
3994 80762 
96951 2347 
42456 10341 
61587 16890 
33753 10018 
17823 8877 
765 36607 
82508 87519 
73992 51282 
83024 95441 
83453 2944 
77734 56481 
43145 63436 
96271 20341 
68987 34151 
88718 98727 
24440 82025 
52507 15070 
19302 4360 
13768 70431 
96679 66587 
75903 61964 
30707 4805 
12315 77052 
23339 35835 
72514 26214 
32357 71510 
91214 70950 
84732 91073 
38607 48856 
29558 85783 
26602 97679 
63015 53242 
90676 32413 
14159 85413 
99820 35116 
14794 63988 
8157 75796 
89318 49455 
50926 94558 
91104 26142 
4855 40125 
80886 44497 
78299 77924 
89522 83992 
70115 52106 
32687 45297 
37865 10212 
48178 68756 
45731 76599 
7957 67681 
20455 91347 
16437 59634 
29624 15028 
44205 76599 
10803 36557 
62009 35836 
22295 11264 
33767 57217 
56712 99423 
99258 19963 
57084 71626 
27311 61948 
1898 96744 
48476 38155 
80223 30638 
82567 71305 
61021 79349 
60880 47380 
71732 19193 
5541 31468 
40437 18011 
69113 5250 
23144 16744 
56483 56462 
33164 98591 
47992 82777 
13098 94186 
17871 7826 
41590 45556 
95295 45434 
46798 79051 
46679 89671 
6447 18017 
67332 52930 
50364 99668 
58194 22014 
45542 47421 
29070 53078 
36087 89924 
13652 80285 
30787 11039 
3590 70158 
79605 61267 
8945 13883 
57026 60395 
30622 13152 
75012 73593 
86681 81698 
81183 48770 
68942 54253 
58924 61654 
18857 67451 
35242 26928 
2384 53036 
19504 98636 
32403 62788 
41582 1200 
34235 26671 
31480 3532 
74872 30974 
84170 73067 
79789 91593 
83148 23976 
42539 89118 
14139 4388 
91804 26989 
86402 51144 
18175 71783 
93266 77405 
78658 35517 
85787 48401 
90757 63907 
3857 43669 
99935 1632 
7597 297 
54385 15889 
78561 81039 
49235 72928 
15033 13589 
8674 78766 
28630 2871 
58962 14860 
60444 26897 
7875 22345 
74137 88559 
86854 14257 
50653 10658 
31004 24197 
4668 29558 
69019 32021 
66389 64006 
70238 42389 
24005 10033 
49256 30374 
1855 40225 
59841 9862 
57316 66278 
19411 25078 
15416 57410 
92894 13334 
24365 94028 
30541 37995 
7462 75984 
98086 44616 
7263 97837 
59648 50388 
66421 49704 
73835 37242 
66264 1627 
41760 82352 
48976 81800 
2011 26300 
82142 64578 
2103 48760 
85470 42892 
88512 94347 
28639 71478 
48152 67127 
26534 32315 
2971 91311 
3521 91686 
6317 17768 
71950 89505 
14860 41258 
71751 25849 
13020 81652 
47753 87076 
48246 73927 
99283 84500 
94949 6336 
22611 62234 
2473 43915 
81015 67700 
98241 75374 
79467 68171 
11035 25404 
91396 39843 
51357 81587 
83495 52073 
35905 95323 
11215 18777 
71429 29589 
12352 91387 
19580 42835 
9080 23375 
48827 17957 
39763 44987 
42122 68038 
81111 48709 
69728 76436 
88448 879 
55440 57776 
77355 62948 
61440 58574 
93404 27087 
92097 51434 
68439 45137 
70253 15164 
41564 57358 
70898 34639 
30986 7990 
6581 98906 
78840 68328 
46530 23721 
55297 74841 
17163 75656 
576 29793 
75513 28851 
3821 4893 
69085 42670 
66419 34716 
95731 8737 
73929 85900 
55386 79226 
5621 40628 
41813 54771 
43508 38430 
57028 80011 
3802 79037 
43623 67507 
2888 851 
20973 46677 
87173 14518 
80125 13384 
1616 89171 
39157 37941 
45240 60094 
85897 74559 
63603 50879 
38103 3629 
58015 80575 
32548 29755 
49142 56930 
13960 53052 
18734 40469 
32309 29015 
67330 1009 
72718 33107 
68103 78134 
36068 50245 
67402 219 
60376 16486 
81097 12790 
23108 50443 
62488 16326 
92813 25397 
72313 16036 
4812 49501 
64322 41719 
20149 41174 
10901 4524 
89613 9475 
32399 19201 
85347 75173 
61089 35418 
81439 97204 
66117 89771 
61819 1345 
89313 11280 
8929 43188 
93405 87535 
79816 75878 
3973 26032 
7680 34586 
34357 25873 
76354 94293 
18824 8626 
2800 5259 
43387 44023 
28448 61385 
56028 46066 
64012 10714 
58426 8203 
54423 74414 
29869 92424 
30607 876 
10665 86430 
93054 44910 
77158 95489 
28474 28538 
73374 41155 
95316 9510 
25339 97686 
26506 56421 
53296 8881 
88505 5198 
14308 92913 
4624 50702 
53154 60882 
97490 9352 
12975 45934 
30700 73915 
58758 64171 
32865 69976 
96560 5962 
68637 15124 
29257 86869 
80772 76519 
75667 71085 
64867 20232 
94028 17088 
54151 46666 
93124 85163 
85546 10345 
84731 89509 
90190 29491 
29630 73848 
1706 1071 
56046 38751 
3740 50368 
84208 51355 
44617 60634 
73594 23705 
31453 48019 
20480 54638 
78648 69710 
72576 91963 
26420 79107 
94794 86605 
63871 70866 
15635 78475 
88066 90749 
7196 75004 
5688 20502 
3453 57586 
37072 86346 
41288 78647 
13743 81166 
16611 92588 
70089 35123 
83969 97574 
17372 17161 
92219 51925 
54004 763 
41077 68836 
9884 81311 
63828 86201 
44536 89536 
89956 54512 
18911 5793 
18156 85124 
38915 43297 
34961 53613 
25104 34910 
47119 58524 
97414 27766 
56906 94501 
76448 62711 
98707 10593 
93507 91457 
72489 89489 
70449 63337 
55205 1489 
77401 95666 
44690 58226 
1461 26996 
92281 15433 
62734 40897 
10176 51545 
95429 39437 
97454 79448 
71170 40121 
14715 32386 
79301 67842 
51460 1886 
94694 14257 
72618 95449 
57380 40997 
1027 24871 
60344 10271 
91232 32216 
91882 36657 
76587 9803 
7160 67270 
26489 72981 
9967 13980 
33417 73 
10107 81003 
60534 62524 
84501 53929 
19752 30117 
10751 42134 
17440 51082 
60827 95526 
371 74952 
39437 48704 
58042 7244 
26802 80860 
89163 59344 
38746 18148 
19878 84418 
48361 46720 
69216 70737 
22994 49282 
93286 97509 
17889 25769 
3910 45091 
33536 9621 
49641 91452 
87651 45124 
67563 19763 
74643 48453 
62772 8232 
85561 35255 
49118 72583 
39719 61033 
89561 84042 
35534 87074 
7409 91250 
62617 54293 
743 33210 
29710 20125 
81497 42205 
53832 89476 
77924 546 
24804 49744 
84626 33106 
6322 2054 
17830 88739 
59841 66097 
35272 88060 
80732 24352 
9810 92449 
17562 62976 
3843 79741 
4784 61248 
77593 95743 
76741 79254 
78512 87543 
46603 94341 
1334 14499 
27705 40874 
78718 75900 
46733 14995 
60950 90429 
48293 16280 
69846 11928 
18622 11626 
66769 68366 
62554 23166 
57598 66508 
52331 61640 
68504 13443 
29418 49446 
65573 67975 
81247 3401 
58569 49812 
33625 76326 
24574 2533 
96539 88630 
10753 27550 
76170 16373 
27156 80550 
19161 40622 
20271 49376 
86535 4471 
25925 12865 
64125 68661 
36195 13834 
3965 4556 
79115 66257 
56848 14045 
2299 56579 
60 20016 
71949 92207 
86311 28090 
47320 96401 
39952 20653 
67304 48096 
4812 7516 
90652 17638 
4321 24095 
64192 54987 
9066 37608 
54498 45608 
19525 94543 
67580 61123 
62435 18529 
98482 96706 
68115 46754 
98058 5283 
43031 75189 
17752 9806 
76977 68144 
94867 99141 
27480 76054 
70570 90612 
5396 96901 
90820 72762 
45094 11292 
26427 25592 
80289 19003 
62605 52388 
62230 5629 
50681 47136 
50878 72028 
85015 64636 
81597 66338 
66742 56588 
60068 68647 
42592 86262 
66270 91713 
61821 36781 
54796 77696 
77229 83634 
23191 90450 
27244 10723 
82620 25703 
75217 11042 
5907 87310 
49377 28072 
46800 6786 
22279 61993 
21325 15455 
92139 86041 
17164 13780 
80084 92638 
50236 20857 
37153 16371 
18987 28517 
62777 61456 
16384 29157 
72525 95020 
47189 34120 
17024 54350 
63841 50377 
46290 56198 
78080 37226 
34094 89292 
27456 21872 
25512 17404 
75948 13011 
47500 19645 
6139 14901 
27085 47080 
16741 10918 
94703 80331 
73752 55231 
11227 31557 
76099 83971 
46403 45949 
87365 33145 
53693 22903 
54033 29577 
31927 95017 
77656 3248 
37720 74329 
33477 54692 
14238 99455 
31199 99470 
31723 94792 
95014 3251 
93066 83467 
99427 15650 
43752 79436 
35016 8753 
39697 20946 
94026 27091 
68728 97500 
59478 59888 
91916 65557 
53525 53479 
69478 44360 
50808 92096 
62631 32633 
90849 88560 
57576 89310 
29832 42954 
40688 77018 
56599 46955 
65018 75759 
60297 34274 
87402 36013 
77832 3517 
22724 55457 
68115 68807 
57304 31547 
57095 25607 
86921 63400 
72628 54452 
96636 50734 
41489 23696 
79372 65067 
52162 93838 
98096 48937 
96521 70666 
32519 32601 
91120 2191 
15360 44488 
44513 65211 
55513 31609 
80900 41375 
65886 99218 
52339 39730 
62172 25190 
71888 82980 
75529 3905 
78242 38094 
26874 26859 
98795 38365 
43463 12819 
12510 13688 
59400 58983 
26609 18546 
30949 96473 
71772 23108 
14745 98389 
89428 11804 
2447 6742 
31671 15914 
78911 15774 
19423 91925 
72590 73475 
7703 45820 
96699 40562 
88224 94944 
37547 76753 
18955 53723 
32515 7843 
7971 27297 
94279 63929 
94537 97946 
80205 69048 
64310 93264 
76206 5586 
7454 32100 
62934 72978 
78587 54593 
58802 9560 
45699 55952 
89130 48855 
21523 60204 
13637 37167 
55317 89683 
55497 48012 
25616 8857 
14377 90773 
15218 46931 
13131 25875 
68552 32669 
23255 66851 
28498 7020 
37729 70878 
24881 14386 
11536 93656 
40036 11738 
69938 11945 
8226 76290 
92490 97675 
15135 37092 
16827 61181 
51291 3627 
70382 67981 
38961 15395 
30528 73424 
95936 90463 
34002 12627 
21572 8098 
5034 29278 
90581 20840 
48248 26239 
18261 54757 
57193 73287 
17206 23141 
22276 12928 
28 48506 
82895 63881 
95208 60533 
57737 33678 
33899 13453 
4488 16734 
34395 45402 
5613 72336 
57899 84371 
50409 48176 
34367 90654 
85165 39362 
60409 14080 
33084 50310 
52552 35777 
43515 57459 
98703 58917 
16071 54451 
88172 10559 
59379 98243 
16408 17671 
86500 64551 
54397 24344 
19451 64084 
44667 24388 
73800 67243 
35953 93731 
20980 34252 
96759 20428 
80734 50135 
54453 46588 
79024 19529 
90954 56163 
17767 85008 
88712 65283 
41928 94403 
61361 97717 
56775 57554 
22317 57028 
43520 1003 
41530 39131 
45105 50292 
15712 64210 
45543 43910 
30590 45335 
46017 10302 
25069 52611 
48854 19981 
76670 76342 
96510 58429 
15207 40415 
76886 52329 
37380 68030 
98554 21575 
38824 55865 
59903 22603 
2111 69916 
84741 94750 
79312 36501 
73550 20704 
85934 65305 
24373 64491 
79419 7825 
10232 56079 
29836 24219 
61001 50312 
3017 4326 
86820 99737 
67092 64472 
97431 45821 
2252 20720 
17208 51118 
40508 21308 
69212 66135 
87338 6323 
3239 48971 
80326 50977 
72627 33243 
21251 40428 
22506 70364 
77538 18638 
38186 55959 
86611 51588 
16557 86985 
12384 45994 
65664 86099 
96987 68696 
8006 72856 
22797 19033 
61674 57522 
49925 16736 
76 82614 
22565 81278 
45802 39685 
43929 95125 
37081 44496 
3967 62930 
16321 62342 
6696 1511 
29377 37170 
84652 21293 
91497 93038 
6839 88923 
71274 44542 
83534 92881 
67499 74024 
46384 69178 
5450 7697 
35462 82591 
58938 50253 
56305 417 
12365 18104 
79422 40325 
13039 45079 
42347 21669 
28201 21224 
80059 474 
13471 65309 
53422 22340 
19834 24670 
67264 84624 
14847 42257 
69836 59500 
70363 30047 
3595 92907 
73909 40412 
33603 60878 
53708 32633 
14316 34363 
68416 90402 
68134 76447 
1786 58016 
39791 71709 
19744 27853 
59539 66482 
92799 29848 
95018 80920 
60226 44816 
96833 38999 
14124 87847 
46066 50994 
11236 85382 
93295 74449 
78342 191 
38179 74300 
63037 42138 
36252 567 
95912 39443 
35303 2898 
72406 35098 
37552 5265 
33009 16147 
55823 71229 
19065 79748 
81995 458 
8035 89236 
14252 10550 
86907 75856 
95981 74716 
5327 97400 
3659 5523 
61062 73674 
83650 97627 
9579 80537 
78581 68328 
56796 99185 
2768 63768 
89477 85449 
23202 30716 
21274 45025 
77633 89176 
84087 74908 
14559 79366 
74191 58728 
71269 98200 
70489 84238 
15530 84957 
78296 84933 
64161 63636 
16192 94552 
57390 335 
55818 43190 
11814 88022 
44827 16794 
96682 28169 
91815 48014 
78381 39004 
68651 5708 
56178 83487 
90455 2812 
68649 76639 
66362 47892 
84696 1478 
75249 24345 
5627 35549 
9759 93071 
95535 65962 
49257 79347 
26017 49796 
67738 22726 
68292 58903 
56267 39953 
90825 33384 
41167 75227 
23835 56369 
8981 89566 
33380 54276 
7129 71602 
7190 21319 
75209 35822 
92033 64802 
76077 11097 
38105 68620 
38096 12269 
99784 76376 
90384 30644 
14071 2674 
71392 75420 
28128 91381 
17837 47405 
75551 53043 
95784 28815 
7362 30140 
18565 28513 
68182 58484 
7305 30730 
70631 15847 
88925 57155 
61735 74750 
93833 67172 
93979 5358 
10875 89147 
10573 6585 
80700 96810 
29666 78717 
60318 19126 
65388 89274 
71423 99473 
55017 25336 
52976 515 
70984 70156 
74571 84859 
84073 89688 
31259 88387 
9859 65479 
32796 43098 
14303 64426 
20698 99383 
76367 93002 
95020 43804 
5649 43809 
9410 7816 
91212 5720 
97823 15265 
14170 75327 
29142 22100 
91050 77108 
47020 60400 
27539 72413 
41398 10650 
52960 13284 
15460 91137 
74672 76143 
57164 71396 
38544 92459 
98062 87844 
6757 78805 
43749 64039 
67438 57090 
90090 15451 
71925 47220 
97260 49202 
54983 9115 
79701 52913 
30862 8733 
84218 3617 
73824 83652 
70764 17650 
85599 87733 
80839 5475 
24218 1570 
76983 91604 
18762 5613 
63500 9096 
22790 26311 
53325 80547 
65545 82053 
28882 53050 
44536 75359 
55773 63303 
65664 518 
47343 70868 
77802 61736 
45427 12491 
67568 25867 
77996 98498 
77034 65940 
77960 93462 
82164 86944 
99044 97625 
23053 63682 
44443 73052 
8332 62075 
31858 39011 
25620 59843 
54567 94793 
77479 30327 
62337 14995 
28051 4022 
78264 2229 
89416 76445 
88049 75286 
98668 88075 
86746 16977 
36815 62341 
44675 5194 
18827 51037 
58988 3164 
40503 3037 
90278 90442 
2303 41803 
44656 74893 
42882 9947 
50897 37694 
5800 14981 
99503 28374 
31712 89389 
55998 44943 
15334 60291 
34247 5356 
91547 9219 
17289 40903 
18278 90903 
42952 19506 
5073 71474 
29412 37536 
95819 41113 
1917 2377 
51624 53927 
96038 64865 
95596 48737 
55100 50597 
75136 8420 
9869 82210 
69284 22623 
27079 80931 
18808 28895 
40072 84977 
84898 20662 
29585 24853 
48730 26992 
5653 51167 
48568 88698 
52601 19252 
13752 78114 
38293 96712 
95562 35721 
56059 74950 
13854 25847 
63157 33809 
35318 45739 
3144 29630 
74281 57628 
51198 51370 
60255 51712 
1221 16844 
47716 89549 
21457 61742 
53121 21946 
41396 7734 
91747 23186 
96897 82835 
52648 34336 
52743 7096 
93904 62352 
42266 49793 
62280 38848 
12187 10447 
41523 2652 
37514 75355 
11747 33624 
76085 53717 
58706 31746 
65286 3046 
6225 5113 
24499 12217 
57645 3191 
15984 22332 
22887 7613 
34196 30525 
76568 71774 
38949 39891 
39570 82609 
21369 89921 
1585 3211 
93237 26129 
5354 43305 
20115 45021 
94687 96108 
76546 81091 
87806 74740 
87676 86249 
75171 79078 
35776 88896 
56650 24875 
52455 9779 
26755 70897 
87753 54859 
88641 87043 
45829 1602 
27647 16594 
3641 44407 
3399 99157 
83778 67348 
25835 37372 
35535 67961 
64973 10056 
89333 64503 
6867 57236 
88772 80913 
8896 88392 
71868 18675 
26380 94230 
68458 92824 
79508 74443 
4256 30528 
4643 29170 
53750 5017 
87293 237 
63885 5046 
5395 89768 
78377 20665 
21020 28393 
28580 59750 
46219 13024 
20943 96556 
74429 85048 
43413 93528 
12739 73797 
33520 30635 
72248 87282 
99448 22697 
73894 92426 
62031 4504 
5296 90418 
90406 15950 
20562 59309 
36966 24979 
9435 5595 
38297 84831 
74786 39312 
37925 33887 
48151 62995 
4010 11373 
41892 43920 
60509 80208 
83509 21126 
23885 19537 
2733 83997 
39082 73722 
45266 47548 
38290 22100 
68356 41072 
3912 64295 
32900 21428 
3204 99630 
44334 20013 
76204 15955 
10316 33317 
838 93185 
77041 71005 
29555 69876 
78006 82544 
90292 17381 
79135 93707 
71328 15435 
32415 97612 
64279 25466 
56504 61488 
22473 13473 
47292 29990 
2924 83048 
83956 28617 
99312 40889 
36784 96689 
40657 32108 
1909 8325 
25785 50733 
85033 72015 
87206 51940 
31348 34599 
29706 66915 
52064 53888 
68725 48669 
29318 45621 
1508 57681 
90696 55119 
80050 29975 
32209 51730 
19018 56999 
34273 95035 
64116 46672 
59115 75810 
66769 27987 
39964 91841 
59543 7774 
72520 78973 
3364 87535 
97396 81113 
82407 703 
18573 9458 
55406 36251 
37400 10809 
33210 73260 
94239 37606 
41519 62874 
618 88194 
45075 59017 
13560 64825 
54957 17303 
50753 79058 
14163 52768 
70326 19421 
58346 71373 
42207 84640 
78345 67662 
19388 77194 
69040 11520 
76902 46614 
35139 30686 
23910 69683 
38630 32478 
10020 55571 
14922 98119 
40800 67963 
55124 26153 
89444 63343 
50438 97598 
41601 54861 
21288 84805 
38666 24596 
8621 28457 
91102 23512 
87696 62681 
17917 18062 
75739 76946 
30936 65118 
43980 65249 
23300 22807 
11884 28006 
40428 33823 
96808 60164 
8671 49925 
15818 80212 
71968 1573 
88105 29104 
40062 55047 
66190 95542 
83156 40875 
32025 4630 
17376 82062 
30148 40609 
13003 98323 
74195 61196 
23155 13433 
55350 988 
74452 46800 
1755 54462 
83165 27497 
86397 75294 
60464 29235 
57687 28038 
48564 88155 
71701 80636 
85968 31807 
37977 31813 
34432 17319 
51808 26095 
12907 49499 
75099 20996 
74414 25531 
45183 35875 
30671 31870 
36357 30025 
76254 1126 
72479 28746 
89171 21955 
90587 40469 
87972 83338 
85310 85445 
6817 26180 
21748 87075 
9465 69738 
90528 60652 
675 78173 
92899 71093 
9286 33397 
86036 21200 
11062 84370 
89096 75027 
31368 50161 
49147 17153 
17846 64310 
92714 97948 
1469 61432 
43499 17387 
70718 23497 
69717 55507 
68085 22838 
35552 66322 
80699 21729 
70378 13795 
37618 14196 
36672 43444 
45149 24791 
72984 51187 
88547 11145 
11824 32259 
3547 52380 
24024 67314 
74379 43851 
20890 30311 
46302 60178 
53389 83293 
50134 93164 
83629 56918 
23862 18950 
68087 2371 
82148 99628 
84279 40256 
28388 78556 
53005 25116 
25940 85723 
56845 90438 
45265 29780 
32210 38291 
81918 16743 
17064 90221 
96695 1848 
69336 21557 
63694 50692 
32071 59995 
24668 58545 
10537 41151 
38760 52584 
43783 78678 
85546 80810 
98556 24666 
26310 73555 
87022 67170 
53550 48700 
11398 36087 
61950 20157 
68375 66003 
55398 60618 
4141 95214 
64087 64242 
96828 63825 
83373 52692 
57388 10619 
61736 68808 
82171 58366 
59077 6204 
60889 20274 
68540 30225 
42208 56510 
45142 55938 
85833 58990 
12739 62199 
84768 45138 
27162 37373 
24336 96815 
57880 71888 
55550 89366 
13108 35568 
99644 17518 
74009 3557 
67801 39812 
22502 23676 
75553 31316 
44133 50151 
54866 55562 
62601 3934 
18572 40968 
15704 58190 
11595 74436 
13874 89054 
91344 5394 
31893 76370 
15653 87235 
72016 86885 
80840 69939 
2422 23261 
44721 97570 
18788 76244 
89831 57448 
98723 74495 
30633 73952 
18931 86807 
45177 39264 
83172 94833 
16431 25751 
65427 20949 
1424 30317 
7194 65500 
7388 59685 
20373 80427 
43237 77426 
37977 82181 
31988 98476 
23729 85784 
15189 34958 
98568 24072 
53889 68302 
67214 1388 
32407 46994 
31132 19366 
890 86704 
55608 3972 
50605 80131 
18113 57574 
1907 7574 
2722 57583 
99012 76068 
21089 24074 
47979 4869 
34320 82819 
4710 18112 
22066 57264 
18323 1698 
95237 33258 
61905 30747 
76991 53726 
37444 76410 
82968 16950 
24637 56409 
16238 71785 
54325 2336 
55001 25883 
26450 78602 
51843 8849 
59712 2818 
82143 61304 
55541 85502 
76250 52925 
82497 28168 
45120 67782 
38894 93180 
62326 33710 
31235 86197 
96710 13909 
13923 72598 
99423 23630 
71794 82960 
36671 82535 
91134 49507 
25246 64227 
57160 55342 
71737 58409 
36331 71394 
38295 18295 
50415 2151 
57946 26142 
25867 60618 
636 73132 
6896 45331 
47559 16362 
53467 97868 
65791 45318 
6561 77955 
87844 62956 
92139 5100 
91482 62406 
52568 80633 
43985 59306 
39674 22075 
22023 21910 
77088 12973 
43391 26377 
1277 95649 
50102 52984 
20365 11736 
63648 30586 
87814 25961 
92738 31187 
74043 52329 
11414 14313 
33219 38641 
41163 21716 
4771 55279 
64489 26953 
59548 77200 
69404 51510 
99101 44315 
74349 69411 
43229 34725 
11334 35600 
95700 87717 
51393 89917 
60989 69034 
40937 8107 
95885 79557 
80186 94050 
19004 70423 
15586 33280 
68507 42486 
36950 56880 
93761 76142 
67065 96949 
90180 58691 
6566 50097 
38173 50755 
50128 3809 
86899 60688 
21372 22026 
31440 76511 
83341 30896 
68034 38558 
69003 93432 
76187 22871 
41986 12676 
68736 45300 
41543 56976 
71388 89336 
87787 58109 
41757 6916 
23265 93243 
14595 40707 
45221 25102 
64715 68886 
39208 41213 
11980 78928 
59187 2726 
53800 35663 
11876 86075 
99717 20646 
93790 76597 
99955 84833 
98305 52270 
5215 74633 
57015 77806 
68536 62581 
4777 14655 
1706 38205 
61045 40789 
28469 92100 
1441 65684 
34727 56782 
53003 20535 
1924 51591 
84112 1480 
23993 15733 
75871 44510 
50518 3482 
55504 14717 
69178 58639 
44357 99701 
39063 81526 
23169 7168 
13135 51123 
45475 80158 
42872 67392 
36414 59841 
41048 34379 
98606 45435 
89645 13420 
9446 23575 
19048 37546 
34801 65316 
51947 93154 
3023 17988 
808 43070 
80094 51213 
31288 86311 
61873 51681 
55623 24189 
52594 99639 
99838 29819 
30146 1567 
96496 98681 
8112 98128 
90768 91562 
92164 14240 
11749 68023 
94105 69010 
53250 48487 
10738 17249 
28669 36096 
96676 51425 
13134 75692 
60315 53193 
62710 26575 
90434 46959 
5302 78155 
77214 74510 
30757 43153 
25936 79308 
68725 21732 
74238 61852 
31984 41724 
14515 43345 
20241 45072 
91900 53949 
24801 8689 
95234 43998 
48063 59088 
83544 1840 
53428 64502 
93741 50308 
91033 65616 
56634 85366 
2586 36611 
7797 15077 
94648 51924 
17453 54813 
83853 70927 
79228 35486 
59852 42681 
91505 85606 
82161 75972 
37077 55078 
25640 16059 
16861 58928 
15993 18833 
21723 32494 
51456 15582 
32733 6169 
89752 17071 
24722 27355 
90430 14381 
10534 80091 
41861 95729 
4151 78675 
69453 13481 
99685 40590 
17065 3566 
60200 76208 
17105 80775 
85448 67966 
16497 7671 
80803 50106 
5463 62317 
81037 41574 
3978 10597 
92051 29285 
96797 22569 
1275 46749 
72108 59142 
73164 43887 
11164 95264 
90076 97909 
96628 38936 
20788 72237 
55933 51493 
98997 90707 
32598 73959 
72379 57674 
83234 16694 
39141 21138 
30883 75143 
23438 45650 
66367 93152 
53671 34486 
78484 7188 
98368 16496 
11176 69666 
83203 91996 
91208 67741 
59717 14232 
43405 25024 
21336 68179 
12211 98076 
65571 96827 
38048 56920 
82594 16614 
94921 69408 
9857 58278 
81723 92960 
30046 67167 
73854 14001 
5342 97928 
84065 65393 
34860 42491 
51843 95182 
94061 37386 
79172 56210 
65063 6719 
57203 35435 
94978 10455 
83107 44252 
25775 84227 
49328 46682 
23608 76455 
98477 10963 
98177 11362 
76255 31923 
43395 32329 
82108 86437 
49482 9027 
12698 52347 
33594 23930 
16823 42395 
11173 89013 
32079 79080 
83435 81872 
53344 63726 
47776 31966 
91057 73689 
47316 32333 
13335 55246 
63432 99881 
30086 66600 
20822 58216 
69601 65307 
18532 71019 
18503 27560 
22295 11042 
44449 32898 
53683 10128 
97678 47285 
89758 98969 
92245 89877 
43273 11864 
724 74439 
27939 1344 
57167 74981 
25888 80305 
52297 77083 
65155 85147 
22174 41246 
83874 32442 
76993 22729 
4850 23755 
90212 63485 
69268 38545 
69860 96150 
81510 43380 
63665 77462 
98412 37287 
7546 99075 
55768 47604 
13068 7397 
62471 88526 
3584 922 
8421 95374 
51109 63454 
26155 51622 
36354 34694 
18158 32875 
52911 15843 
11884 2199 
3204 57202 
32744 4642 
88640 77183 
91687 25219 
79285 17722 
68436 94328 
59431 49756 
34077 47280 
84579 4266 
97390 70504 
52654 19314 
78183 96021 
87659 61574 
7835 37880 
57546 2051 
32398 99512 
99692 99986 
46763 19350 
7211 76406 
19815 63542 
37189 39329 
79917 19242 
38007 56323 
17702 89683 
57039 56961 
28836 43164 
82342 87612 
63305 22017 
92316 34114 
69717 74839 
35888 74054 
23221 35426 
42405 19671 
3872 35323 
65232 64893 
48618 3329 
95933 55523 
34535 74984 
46976 60341 
63576 7765 
90040 32645 
9785 73654 
54305 16759 
58790 79696 
34502 72034 
16363 49319 
32042 58135 
87930 82442 
54214 49642 
34134 761 
26193 25512 
88903 76124 
28559 9455 
85961 34525 
59012 21001 
77284 26005 
31170 33849 
42771 51615 
65595 28016 
84200 42631 
98609 65376 
68561 94295 
33017 14387 
35905 66654 
81469 99098 
15118 78408 
8032 49971 
97337 36227 
56419 89644 
1224 61573 
64348 95417 
26904 99867 
2716 42092 
36092 22681 
45492 43716 
14777 62670 
71686 80850 
71829 53060 
24288 21189 
1950 78780 
2692 15653 
94662 84707 
44956 79534 
2329 27981 
64116 48830 
89710 5983 
38845 35598 
75127 39336 
22859 92980 
39060 40147 
29829 40486 
19818 49724 
70877 93186 
37923 87134 
70367 84672 
90927 10203 
62271 72929 
38619 53966 
74251 70746 
54908 78058 
39448 47819 
57168 24170 
37055 10421 
36392 57452 
51864 76303 
2259 41622 
60303 27468 
26054 76547 
95864 41479 
11338 9180 
20365 73201 
47384 14005 
29146 83159 
3614 27514 
48104 86154 
4603 12742 
38344 24330 
84716 24518 
10292 52601 
59012 43845 
63270 61134 
62794 50696 
8796 49546 
6029 8523 
6311 10533 
60812 40905 
38562 76837 
50182 90998 
80504 34780 
34798 67862 
70419 10032 
318 214 
74809 86843 
32838 37789 
49695 30668 
32304 63271 
40086 45924 
54552 3593 
26685 15565 
91480 58453 
24301 37217 
95829 95978 
59973 91820 
32126 764 
10471 55033 
88603 97867 
58629 89103 
16216 17840 
35865 33448 
70397 12535 
54293 45935 
18719 79145 
95975 33603 
43446 839 
19164 51556 
11715 66338 
61779 41805 
8129 87937 
70911 30032 
24594 97688 
63800 97560 
80492 64885 
30517 98259 
2596 44452 
21493 95692 
28630 35505 
24076 54477 
10968 2080 
21455 31675 
87679 83913 
44559 78954 
56992 4164 
72995 84327 
38202 63097 
14558 53479 
27163 91993 
94566 55001 
57719 29937 
16030 31289 
61770 77637 
9571 7427 
80160 77061 
78059 14095 
14153 63419 
55080 77318 
22992 36917 
38644 17829 
66898 5689 
31945 45917 
66800 58465 
21527 33755 
2242 35776 
49855 96595 
97077 81868 
94096 16595 
48945 76021 
45822 98654 
42994 61582 
97348 56297 
52895 13772 
79641 87477 
72920 13229 
63955 15101 
43728 21227 
34811 35160 
31438 84647 
65434 36523 
94698 34042 
78456 30772 
27653 76505 
54442 57921 
98097 26553 
58747 14378 
9530 62877 
93206 83266 
3465 46547 
43349 33968 
84043 87165 
84111 97765 
90863 97434 
27401 19439 
67897 33758 
43458 30978 
76485 80740 
64554 92756 
78587 818 
84407 71 
72858 36791 
99574 58449 
559 24595 
121 89831 
50909 46493 
6033 43573 
86245 30642 
63127 51115 
76151 82092 
57595 81284 
76730 12334 
81911 24331 
16275 19798 
86418 57159 
51818 62084 
80761 19634 
42388 52185 
7195 62411 
44270 5637 
93872 10448 
71180 63228 
10329 23134 
77963 14832 
89732 21966 
20284 53893 
52783 99718 
14764 99239 
66805 21270 
74085 31160 
98 75581 
19846 2040 
86521 40706 
82254 98369 
98108 79355 
80254 50560 
34594 91161 
38267 9777 
77870 9657 
36445 36830 
26685 46877 
10178 77228 
22308 56605 
11604 28581 
99416 8443 
20907 41817 
48108 39207 
48480 36050 
52766 75614 
315 48437 
81360 2757 
88508 84995 
34847 86585 
56322 86107 
30478 45404 
52999 71307 
85091 5371 
37351 81970 
84906 68001 
11140 97615 
76854 63922 
83336 61845 
93127 66402 
44592 17260 
25457 90635 
87593 15234 
98486 10336 
43439 36052 
52680 81873 
16791 27662 
36357 77997 
93252 47176 
23718 98162 
61301 68257 
21148 40496 
38045 99657 
97623 91684 
13199 45440 
76683 15315 
28876 25761 
57249 96723 
94159 68640 
88455 32893 
92866 77732 
9698 39689 
80538 78900 
81284 85508 
82403 49247 
73312 50373 
97889 36281 
50881 52567 
89287 81996 
92196 81076 
82184 76953 
2847 21469 
33597 82750 
44308 65229 
30007 77855 
77603 48164 
62026 1336 
34129 72182 
84984 91823 
64798 26561 
15471 44892 
85917 39765 
32714 41071 
35672 60920 
50624 28800 
78573 91291 
1471 81924 
46926 60364 
25346 89687 
88133 68624 
90935 78683 
94585 99666 
82578 10877 
28891 37959 
76223 49518 
21395 15432 
92558 35699 
9187 49950 
59491 72279 
6245 31844 
38115 69028 
42855 60843 
66357 63120 
89151 35074 
52797 92457 
82364 46224 
9422 65820 
10308 40544 
46605 43489 
64656 64056 
66163 14689 
66717 22142 
79096 34140 
85705 48625 
43436 58963 
14925 97553 
64619 9340 
44804 42034 
25887 61566 
73374 88841 
19455 70530 
24605 94907 
30512 10135 
2875 2420 
85620 14836 
97919 92914 
14645 3193 
68743 97555 
91104 65225 
77298 90785 
9637 99377 
13081 37538 
31303 92009 
48412 60434 
77484 42584 
90750 42679 
81415 51122 
53236 84843 
12686 958 
47529 89241 
74569 89526 
14062 54346 
36580 82575 
43984 23480 
5442 93164 
14355 46952 
56439 15749 
53564 84913 
44143 77827 
77470 99346 
86577 6827 
88440 57964 
70114 48353 
9234 211 
53745 13366 
31591 96122 
60833 76516 
95423 62515 
34071 95603 
78668 87763 
95063 73028 
70143 56394 
93820 34075 
18150 57760 
55429 54021 
96130 9283 
31228 26310 
3293 24038 
40087 27409 
22984 4924 
41689 466 
94402 53203 
18238 49525 
14361 37903 
53548 8803 
74939 84391 
89267 27409 
60122 5350 
6771 88894 
69982 15483 
30268 67156 
14473 42442 
71764 5455 
20541 70804 
41715 93704 
26101 33352 
30595 10681 
92266 94485 
26050 92446 
51322 54287 
67891 85995 
22043 38583 
58960 48078 
66262 30251 
43673 53084 
31010 40147 
38091 81052 
19077 12172 
45404 67114 
57493 6324 
18985 7032 
88241 6043 
41496 30034 
88391 51687 
72986 69751 
37907 10709 
83565 86828 
92521 56892 
26898 22650 
86362 45943 
29680 92637 
84434 42835 
69152 59690 
28581 77450 
85887 63615 
72220 79417 
32243 20739 
78921 70448 
88257 49436 
67829 73090 
86216 21908 
24936 28450 
72743 90314 
63401 2302 
2953 86236 
8361 98911 
5094 46451 
2143 94988 
76036 75122 
74254 52355 
68105 12790 
97253 67254 
5945 45874 
54335 66640 
28462 56969 
77417 67384 
85366 85783 
75517 73001 
30440 43364 
62387 94323 
44356 98114 
9661 45500 
88744 31113 
97160 84757 
40160 40385 
5559 40534 
77728 59011 
98271 87960 
1414 40351 
69169 18041 
39282 55170 
90723 72518 
61521 40058 
83109 1038 
56638 34323 
39055 34092 
40957 43378 
81438 55137 
66367 70684 
1080 98349 
63280 67407 
20721 94684 
5833 59231 
57792 38210 
14590 23114 
13419 47142 
18365 3319 
97981 49545 
81231 75636 
14594 32393 
63418 91506 
61041 54471 
25479 59607 
77960 38558 
3988 51484 
66513 26377 
83992 49919 
22291 1016 
68535 94011 
83867 55825 
98790 13291 
74206 16226 
9705 84724 
21037 1471 
15516 91053 
78337 47027 
7087 6731 
35231 95141 
8767 88520 
90905 1025 
86293 1878 
94526 95202 
19238 71365 
97716 88734 
51615 3561 
43768 7370 
12454 94358 
22593 93092 
54528 99002 
53288 17103 
93865 12889 
17256 7004 
45306 83858 
53957 2703 
40050 52639 
48676 20552 
80016 97059 
87083 23288 
30808 37811 
24904 64505 
80149 48771 
22682 756 
91908 3295 
25401 41774 
67167 79371 
24626 39895 
83246 41175 
26889 3461 
19223 12320 
66185 55772 
92185 56946 
40718 51127 
22310 88838 
24487 2543 
16845 35858 
2787 71930 
13135 97252 
7403 22831 
49110 44754 
82028 38269 
35944 34927 
91376 61800 
92104 19808 
98459 28583 
60595 65659 
73707 15080 
71919 15547 
66833 50935 
34133 60422 
67821 4672 
28350 15550 
6895 76019 
63127 34364 
95019 1981 
94408 30209 
86261 11255 
49044 17938 
51238 42110 
99370 31956 
86939 72575 
23926 25065 
52332 98569 
55141 3329 
11498 35578 
58621 6206 
86390 12522 
10684 98283 
69913 72666 
40857 99255 
26609 95730 
84292 42125 
13095 7817 
45401 16121 
83234 51313 
8461 20472 
4121 45633 
43588 27904 
98081 81491 
47132 32623 
43180 56303 
24471 36554 
10164 76429 
70072 9719 
87255 23114 
24869 45899 
45931 3332 
94151 23112 
30550 84166 
90569 69933 
12641 39931 
26287 33304 
36682 24920 
15952 41261 
98373 21504 
67825 54860 
38656 3220 
34317 7586 
7214 95567 
65109 37692 
47628 13436 
56147 29123 
83114 3374 
16023 90090 
36486 21367 
77606 14852 
936 32376 
67253 93900 
89250 26535 
6521 60471 
28218 8773 
62053 87235 
32324 33525 
78112 75961 
86161 24296 
23261 15121 
88597 39004 
57742 15652 
63350 16371 
81351 73445 
20419 66057 
52955 48667 
60741 45794 
82263 96625 
52468 2489 
82054 32652 
71413 41062 
34807 64367 
90523 24727 
71503 78665 
23610 3508 
82372 27918 
77152 13959 
79403 20135 
40584 92364 
8736 81191 
50339 96167 
67315 23758 
95759 33910 
12725 27169 
96065 62675 
67696 5246 
66727 23838 
11487 14957 
10848 52863 
19215 37796 
16598 16976 
57163 47901 
15275 5689 
67205 66187 
56208 23518 
76693 88132 
84527 11651 
51526 64383 
65717 55881 
69553 7953 
86919 21843 
29108 99549 
79095 95363 
23161 63449 
46467 95730 
3424 90346 
60029 72702 
30744 90701 
70507 94297 
58177 72420 
22750 81718 
21403 50017 
8368 50200 
17448 8966 
76310 70142 
37173 68547 
32124 71568 
79596 9249 
95812 76796 
16812 56690 
55438 61100 
97141 42988 
49122 9264 
71108 98675 
31514 57079 
99933 63482 
32567 81171 
59467 42707 
96171 27973 
83838 77378 
94138 53248 
2527 41072 
47059 77231 
12239 23961 
47718 47289 
90595 15592 
75025 39945 
2588 51863 
6846 27161 
72645 48813 
88651 77990 
95299 6088 
91534 65998 
35659 26328 
97983 5314 
27227 63224 
86652 43733 
9075 80615 
48450 99984 
57017 77759 
55397 44085 
54094 11789 
21012 84661 
14577 27363 
36367 45166 
22636 85652 
39533 82121 
71944 70057 
77739 22836 
95683 34438 
51406 77475 
57803 51129 
87091 10945 
35799 10639 
72438 43724 
62944 22715 
364 87612 
13572 69299 
12023 12291 
8892 63916 
98485 81671 
92766 79182 
19596 95172 
77005 14347 
25171 18433 
83925 88182 
18414 90344 
20288 59021 
84428 48904 
1208 93390 
17650 27070 
5190 27435 
21256 31588 
82224 91185 
18838 32744 
55662 94771 
14078 61032 
55621 7759 
57670 27922 
96723 98092 
32414 62248 
66205 35455 
47171 81160 
19817 5417 
38307 95143 
92343 25313 
13258 80330 
17219 587 
35025 38112 
15435 11214 
38706 2023 
57746 71787 
91543 44923 
26196 66016 
56538 85702 
1062 16634 
96336 94047 
77534 15060 
58843 44242 
72817 1711 
18988 74560 
18779 57454 
12049 67479 
47909 39446 
83130 77765 
71032 70517 
94666 441 
14109 70212 
79237 88676 
28397 97770 
98509 2872 
13347 62560 
70784 96500 
94868 45869 
59418 21706 
82885 69455 
72284 68261 
91629 40877 
8492 33126 
43685 3421 
2725 54708 
94535 19248 
59859 35850 
8201 18472 
42918 22635 
86544 53933 
75979 2287 
4887 11736 
50270 32780 
34858 40987 
76521 19194 
41667 82645 
9509 7414 
27548 97073 
81806 74492 
55649 12594 
22857 56776 
29417 43248 
6848 71861 
21336 52957 
68188 58501 
41879 75424 
47002 79774 
14609 34346 
78669 9162 
76609 46905 
21231 46592 
54741 35009 
22413 92089 
77738 13367 
64019 38379 
71708 71256 
85649 30580 
52353 15700 
81932 81067 
71071 97802 
87931 20678 
94066 1079 
15852 13605 
93682 30919 
82903 62618 
9430 7664 
74898 83753 
92489 32288 
23126 35112 
81952 63330 
33045 43146 
73701 16439 
92497 81604 
33474 73796 
4465 23263 
74585 69678 
34760 2625 
67695 557 
38594 98966 
75147 93375 
31640 73414 
5590 54017 
956 71223 
65980 9525 
9102 30911 
47495 52191 
30741 25676 
19530 91454 
75261 99298 
21625 20388 
91168 48673 
37058 7570 
18452 48201 
3790 32258 
53648 7433 
68549 91050 
18979 2712 
18071 17587 
81746 25960 
27850 73349 
53054 49361 
53232 87244 
5979 13355 
50289 44425 
92455 7181 
54615 50658 
5452 26170 
65050 27570 
28395 58009 
76307 26224 
37354 71445 
79563 81738 
73145 55164 
3323 70025 
80324 82057 
98178 69257 
17903 54636 
78588 73259 
82710 21041 
22391 51822 
50438 37939 
94471 3769 
31726 96500 
4879 2654 
61026 20753 
33641 92056 
84540 93773 
54623 47722 
90182 66509 
69015 87174 
27285 56468 
15366 73903 
96712 49051 
57556 32895 
53032 73038 
64698 67001 
49607 33516 
87695 39533 
74722 50504 
6002 67476 
72272 69576 
65133 51822 
14090 81995 
50552 56812 
92637 16175 
46793 38228 
32575 39726 
12019 12384 
77635 41916 
57697 52106 
95255 50068 
60652 93735 
55588 70221 
50515 40066 
83806 32340 
9390 48145 
54996 63413 
92566 97965 
99507 7971 
29190 48379 
13261 64873 
90031 99891 
22308 11670 
15823 520 
33851 43380 
84146 50553 
16968 61244 
55400 84752 
95426 8816 
79140 36451 
2294 67705 
60912 17014 
41431 93339 
86678 76218 
24483 92310 
77025 44391 
3693 17194 
96586 95538 
583 82163 
75421 12144 
38511 83278 
8616 77016 
23105 41042 
87925 65267 
78777 69622 
85013 60394 
41773 17063 
49709 72467 
30628 13913 
8658 93508 
63461 13848 
49819 85445 
68155 9210 
56552 59376 
36303 56821 
11299 71384 
4676 54980 
23401 29801 
9013 71274 
48176 81520 
44103 32611 
55066 20891 
81413 53859 
71579 43700 
40897 99529 
76655 50873 
87206 44119 
42238 91807 
22143 21071 
25014 25601 
74986 27728 
91657 69952 
50261 84241 
20381 2151 
78515 28063 
59194 74310 
29857 62507 
36975 5882 
92286 67749 
17346 20508 
87241 25761 
57281 1365 
93370 6824 
82482 49444 
76117 14597 
19800 42563 
75584 89166 
33294 9425 
87973 23043 
95024 52658 
86981 53811 
84244 77530 
70680 58882 
49411 8915 
86679 92819 
86252 8073 
83808 75714 
82113 32967 
62054 62311 
51912 21058 
44194 95887 
44237 11921 
72302 78332 
27485 68531 
40257 68449 
75393 670 
9391 54176 
58941 41703 
18587 31255 
17295 80802 
92417 60810 
24323 6742 
71324 71368 
89198 76498 
36383 17040 
29680 82125 
77840 2903 
34906 52809 
61410 41063 
90856 95437 
79233 6444 
76145 46706 
33401 20041 
48382 82516 
89164 99186 
32054 6285 
52171 79336 
87758 16821 
69539 29929 
89558 38525 
28065 58061 
62359 81928 
24558 18079 
34391 90990 
13063 22560 
41269 25031 
91640 80790 
77542 17860 
77413 74489 
29273 54356 
32757 17379 
36872 5690 
47782 35114 
31301 68354 
54667 45173 
58692 59274 
47959 12485 
58570 29592 
11582 5913 
89040 73019 
8114 83109 
98697 21210 
68777 86867 
29448 38217 
33638 44776 
97056 48844 
30663 25776 
36946 61593 
49572 22180 
21624 75908 
61827 93797 
53082 95539 
61645 31956 
8610 5118 
54569 75566 
71712 5405 
99934 38802 
11107 44160 
21444 90525 
80336 24257 
36164 59304 
98042 18372 
16320 24656 
34736 70474 
90663 95114 
75705 18362 
12484 66767 
51693 28592 
69986 2123 
29086 95423 
91290 68459 
29535 18768 
1225 27263 
5331 42647 
19883 71929 
31293 5272 
54021 69588 
86539 24637 
21503 74732 
90227 19384 
66292 47263 
24205 43692 
66893 25660 
22484 97096 
14696 77115 
32538 55369 
40319 70872 
56659 57002 
95840 98370 
62953 71302 
58720 94410 
15022 68771 
9250 97238 
6978 12177 
47510 22249 
6173 87598 
58131 13966 
99849 98751 
1538 84018 
13904 55010 
8909 39012 
22070 93801 
84727 51539 
92010 91430 
75595 29974 
21186 32899 
46907 98308 
99846 30893 
19967 5924 
1043 6904 
61357 49082 
38359 73281 
83597 771 
50805 84059 
11573 13695 
71400 54503 
92741 82319 
10981 84583 
80772 24250 
42043 59973 
2091 68629 
98747 45648 
22662 19823 
18712 31815 
68430 98351 
39804 39642 
16968 47833 
30850 45146 
70175 36663 
79061 33588 
38265 76200 
78921 53863 
13857 23437 
67391 2632 
91594 35444 
28498 31301 
93525 95305 
46740 35479 
93411 34863 
23198 56163 
94106 38235 
80840 94660 
1369 21930 
76247 19112 
54730 52283 
3806 19542 
21436 79049 
25423 50409 
33043 35136 
83871 84954 
45898 76810 
61150 93998 
36509 16120 
24533 53321 
732 27888 
62510 78425 
11737 97270 
50371 83208 
5872 10721 
940 59968 
7826 83152 
49808 82151 
76901 57110 
96367 38396 
54764 6029 
72073 16678 
21657 22884 
35567 70723 
22887 78056 
638 17396 
10290 85764 
87495 33355 
54406 27105 
50387 42053 
22278 39578 
75364 8031 
83039 97895 
60792 84448 
98915 78955 
90231 91933 
82738 25043 
82357 42090 
54792 93644 
55863 57365 
11549 9684 
78589 80496 
26785 16602 
79635 11388 
41606 56313 
90775 57012 
64056 94988 
49248 30806 
91279 51463 
37821 92057 
87607 78201 
60008 72885 
497 90892 
48421 673 
72873 42111 
82450 87210 
15250 86890 
47822 22275 
33890 93614 
5060 79050 
72300 12367 
46452 11490 
12545 24654 
11876 99646 
100 63353 
2673 77981 
1429 9864 
79713 63789 
76955 46551 
56929 88137 
53803 66947 
4793 20095 
12426 23591 
59552 66528 
59193 23955 
93546 24367 
42996 68613 
39488 60012 
88137 62593 
77335 91416 
58022 20834 
86220 52382 
34591 31701 
35883 25761 
96978 38727 
42142 42457 
9513 50048 
39165 56574 
84008 87461 
27653 23483 
64139 42574 
42520 27272 
90806 16238 
46239 26760 
46476 79233 
94770 15145 
43843 7168 
41809 17371 
19509 10565 
44088 81408 
16944 2333 
5545 54907 
94654 19148 
51399 77072 
75240 40657 
54539 57079 
58972 31061 
46066 55023 
61518 61247 
29477 29110 
99643 56510 
83641 63696 
40959 54835 
83638 46789 
54238 53743 
90428 22737 
45313 69960 
60475 6095 
40287 35409 
4644 6050 
82499 5535 
82038 77256 
42673 61492 
48928 82605 
2658 46435 
95513 26162 
62350 87967 
93974 90418 
36677 23750 
50137 90996 
54921 65314 
98039 44066 
48196 6349 
1753 27000 
12574 6028 
32116 1162 
65103 55378 
67276 57239 
67905 65280 
25513 38146 
81558 98357 
76334 92280 
23133 3850 
91615 10810 
46535 4492 
92348 6652 
33227 27486 
18599 99934 
79915 67863 
311 85004 
96471 21826 
34855 67417 
82136 30117 
83553 75822 
30954 27021 
83893 73322 
28425 99306 
36726 15625 
40539 21207 
68485 29183 
63615 46525 
87298 11507 
98794 6955 
48829 88009 
38575 86965 
22821 94931 
4417 19852 
4478 96341 
54260 77051 
46223 84654 
86669 3343 
94815 58772 
4403 84279 
6402 21691 
64325 18985 
77835 90314 
32862 11416 
76386 64182 
86668 86243 
72001 57002 
46627 81683 
76324 55077 
10029 70975 
70931 30131 
50530 16574 
63572 525 
88402 66750 
45699 4506 
94643 62955 
37137 21839 
81639 38127 
94496 56112 
50397 51066 
28755 68955 
9744 20049 
24434 39575 
56436 90087 
77858 8253 
6790 92488 
75244 50821 
215 32896 
12696 22650 
52956 74476 
19644 5315 
26366 66664 
84892 86833 
88221 6673 
137 7276 
87841 10923 
29677 5548 
36213 16601 
87009 10250 
80849 29762 
49089 27811 
91742 85700 
67288 94439 
29612 89764 
40385 74953 
50518 62327 
99434 11182 
11933 20362 
16945 45376 
84589 89852 
93516 69956 
41620 58215 
93927 83912 
91998 43997 
1662 68322 
48758 82278 
35939 28686 
74176 98538 
28524 90172 
23861 71187 
88994 73356 
19604 63529 
96537 22689 
16909 39603 
44017 7642 
97232 65185 
25736 67410 
7291 35162 
4162 24010 
88194 61555 
12896 45767 
85666 2666 
53213 3427 
9328 13139 
19759 24516 
13763 47157 
47330 18061 
7004 52581 
5114 11433 
53131 52512 
77407 13815 
24801 22580 
60498 96668 
78856 37209 
74305 60602 
73518 76163 
34280 40152 
19259 53889 
54231 83237 
57063 58456 
53901 30449 
87597 64373 
26524 10834 
32718 14096 
81020 65432 
96772 46757 
11113 7622 
9301 89430 
59354 30191 
73073 16239 
37918 73035 
11739 23624 
39956 72548 
9966 66312 
25456 24001 
65572 47847 
93711 1581 
27934 61962 
60915 97296 
79898 36654 
45809 59535 
31410 41521 
28967 34869 
32282 80710 
91964 42530 
78783 8804 
61584 40021 
84129 75003 
81141 70437 
6530 22179 
6120 17327 
80062 41679 
74559 31318 
73458 12203 
33925 34199 
9794 31645 
15737 50833 
16093 84476 
36762 66976 
36030 74077 
71346 61988 
31214 89343 
83287 19429 
16899 67979 
27631 75622 
26571 65084 
32858 26582 
76447 34922 
52175 77024 
5777 86250 
28942 81722 
1690 77119 
55766 99072 
78406 73757 
19380 49510 
69760 9965 
14131 47279 
11307 48403 
75787 53064 
33644 63188 
34305 77141 
62155 34444 
9333 47919 
20040 69749 
75406 49178 
61241 44854 
5194 20746 
17849 86636 
58570 12057 
32537 4929 
22922 75724 
60805 16684 
25819 89186 
70030 95869 
35001 96458 
32778 25572 
32632 69172 
10359 24970 
865 96323 
49242 73132 
83969 25535 
67763 54084 
98634 95147 
93451 3109 
48535 16068 
22344 42967 
61836 85091 
10810 60517 
11032 37226 
77690 89177 
93383 73649 
89984 30728 
47168 33947 
28839 71141 
54062 16638 
84239 19440 
31202 90288 
6627 26052 
47812 79076 
51539 17655 
10767 51268 
89420 19224 
51048 86836 
16920 20818 
8765 51308 
98255 86545 
58304 56973 
85650 96254 
37068 49662 
16392 56676 
41450 19605 
60686 18037 
31822 98225 
99312 84637 
44759 69246 
42956 13440 
45094 92111 
66162 53405 
63087 8474 
17976 90112 
52645 78391 
88669 25191 
75424 71843 
57311 38099 
62585 23385 
18528 49010 
31095 42899 
88404 25879 
34678 63892 
19304 56201 
10865 2218 
11290 34531 
45069 92755 
93834 538 
10218 69348 
65703 99187 
56180 54146 
23165 24557 
17080 26539 
77091 51907 
76573 48966 
58035 58759 
81242 37159 
35070 85114 
20503 75752 
28916 85322 
97755 96685 
82813 79738 
1974 57473 
65637 22951 
51569 79156 
20900 67197 
23017 29617 
42587 14532 
95658 66988 
54144 19367 
40994 89950 
90541 24203 
59934 77030 
34907 85676 
24670 35344 
41100 75505 
13173 20757 
81423 21467 
33828 36059 
94770 87239 
25259 61494 
74638 76757 
82192 22881 
28701 88672 
1977 56555 
62098 39562 
68421 87486 
85088 20748 
89649 97193 
22378 52886 
84942 21445 
6267 54916 
71856 84249 
68584 49562 
39384 44242 
7506 86240 
5530 2388 
94444 74043 
48388 95705 
3515 82429 
68663 80823 
91493 85313 
88543 93235 
29690 95408 
16924 53401 
90873 60047 
14233 79231 
24100 67094 
71416 55960 
8272 40159 
77140 9095 
61246 86010 
84871 23829 
95496 93884 
7184 55211 
53595 76366 
58532 77382 
27222 84529 
39665 27282 
61906 26270 
6985 8517 
76406 66043 
98356 34432 
80375 86683 
93215 5964 
56910 49530 
69336 39444 
87597 97788 
81153 82307 
36815 9868 
25316 80531 
79379 24384 
77967 90611 
50975 26557 
85215 61048 
24405 6971 
63377 43545 
66303 77936 
18777 32501 
8774 60149 
28252 72895 
78317 32928 
30965 21278 
60430 74977 
69753 92351 
42455 9434 
85922 74473 
69497 6945 
15296 51466 
68682 93523 
55249 25195 
45529 56173 
72592 93668 
32893 38566 
374 2763 
77702 71503 
28031 56226 
83640 88443 
23770 38164 
88951 35112 
40683 75058 
47693 93970 
48804 40176 
83 9292 
4173 82264 
62948 16686 
12952 42543 
44863 52027 
73697 9283 
92201 39146 
84184 47586 
2103 33026 
80449 33562 
96305 25840 
35254 16649 
35766 6834 
80725 31632 
70225 3911 
35676 82773 
59097 24674 
11957 26467 
70501 57783 
46142 85974 
63800 91656 
52966 42034 
87639 56859 
25163 56533 
80279 991 
10672 2921 
41951 60413 
82680 96678 
59946 1861 
80551 41918 
6353 68840 
40422 36050 
95634 82567 
53089 3468 
84628 15377 
83778 61345 
21108 75619 
63505 55851 
98697 17458 
14936 45528 
55703 16385 
7010 50017 
63377 31830 
42074 26999 
85097 11964 
66858 87937 
52177 82580 
64348 14105 
94250 1899 
27470 88377 
82623 56203 
37458 15397 
93497 17389 
69885 62982 
74635 82864 
29553 21012 
3837 70630 
71802 40552 
60477 47984 
2235 85575 
92424 30937 
59496 2422 
49790 3297 
76436 88013 
74269 69270 
83845 16807 
78221 71520 
67929 68668 
21181 77824 
17765 85027 
93174 63760 
2242 69105 
43949 96309 
97292 37495 
55189 53833 
43732 24994 
38795 1569 
53595 42353 
58463 78594 
98597 87480 
14106 42175 
8177 14654 
99043 58453 
76585 73400 
38451 24640 
28529 38978 
44188 57194 
21161 69765 
75928 82887 
66507 43368 
81431 25259 
42910 42880 
99814 87620 
26696 87490 
50845 95611 
15928 27508 
578 77229 
37027 52889 
89040 26346 
21975 96451 
29239 16883 
18907 48249 
38394 9172 
52158 35951 
42102 17434 
79136 67534 
43 87903 
898 77301 
37880 70791 
70878 63911 
34146 56118 
11962 60051 
3226 83388 
95934 27338 
35929 28106 
61305 27201 
7680 14401 
45609 78716 
41044 2256 
86516 77779 
14052 50346 
2414 18481 
38731 61025 
97607 27181 
95259 72696 
49888 92546 
96332 76622 
28924 50678 
73629 170 
62794 63471 
23639 16552 
16943 10471 
23686 12320 
74952 99747 
30618 68166 
13716 91687 
4432 86071 
46992 21105 
57007 26342 
70738 97711 
12148 1838 
81271 62714 
77319 13453 
52987 80234 
69718 880 
56236 46183 
9749 25764 
67922 4423 
93505 511 
77489 70243 
82513 25373 
19184 74590 
3782 98827 
67823 58998 
36128 21879 
19781 70755 
69741 25580 
43496 30652 
65160 12873 
24521 71496 
5096 20835 
49007 74583 
27932 77426 
66446 63478 
55295 48070 
47640 49666 
77736 41699 
7048 63045 
42346 73332 
90039 41732 
94042 60820 
35027 265 
58296 67113 
8087 43060 
17238 86163 
73351 40838 
23352 10579 
6343 41777 
15394 12179 
79390 46222 
49681 12782 
48316 34080 
36594 21913 
47893 97405 
76888 70516 
59829 97143 
25326 75351 
51565 32690 
70203 27439 
96753 85625 
6458 9730 
79007 74888 
97380 14114 
49355 39655 
65318 45967 
54806 48316 
25332 75603 
80552 17187 
77389 20331 
51512 10988 
2509 18255 
20319 88619 
66128 85508 
28287 52382 
18047 32333 
63513 56567 
92438 50198 
55984 32188 
53692 72117 
43402 88672 
4304 51383 
13430 60409 
69518 124 
78137 76354 
104 78411 
64661 44228 
89462 27085 
12448 57383 
84109 93029 
51894 52013 
77678 4322 
1829 65165 
17701 14509 
63990 69857 
21736 50166 
11477 92638 
94811 64019 
65180 51045 
63684 17050 
27238 83658 
95098 87354 
93814 83842 
44971 30930 
851 89777 
93385 195 
65899 27979 
56274 59656 
76733 55300 
28865 25020 
43202 95248 
8215 91960 
72576 18502 
62595 13810 
50664 74577 
64009 33670 
11032 41914 
76796 75696 
52915 26985 
45 52821 
24738 9551 
94467 53685 
24632 814 
85410 30281 
81956 53982 
22836 19600 
74520 42612 
96398 97543 
5088 1135 
49157 81387 
7683 4072 
6981 68328 
79336 45715 
42383 21914 
36135 70415 
21294 95622 
73767 95144 
39204 13417 
72240 60598 
39125 10809 
22056 44893 
17997 76729 
64823 74751 
70442 26529 
35165 73116 
89179 79420 
62733 89226 
39955 9900 
43234 67464 
55490 92015 
15622 24650 
47748 57749 
88930 21973 
20722 46401 
46696 37369 
76985 30496 
19549 66917 
50405 65593 
57218 9688 
64704 26320 
50107 19520 
12968 58969 
47513 39272 
76724 2263 
94705 68410 
54892 2139 
64257 53127 
52673 73897 
88427 29714 
88368 45583 
8800 96532 
12151 50209 
47037 37677 
94973 21186 
66299 72318 
38060 85331 
36735 57698 
73895 40828 
40426 30888 
78086 53768 
51255 34684 
88195 6157 
3409 36368 
30383 80758 
18549 14593 
87649 73693 
96181 59269 
4448 84402 
84335 2070 
11672 44403 
38397 71075 
73221 11213 
44776 42067 
840 71876 
33081 41113 
57408 71716 
25544 38333 
70527 8264 
75686 61131 
8063 7748 
29552 46663 
25176 32096 
2308 47950 
78427 48090 
605 5802 
16713 27140 
36836 99587 
1047 34076 
75238 93892 
75629 6425 
21802 5251 
11192 21826 
20014 23356 
68233 581 
42692 34581 
82581 92726 
76541 12097 
58603 54635 
80485 56541 
66434 28815 
61479 93924 
78746 2392 
52188 63340 
49868 34711 
93791 56074 
35481 12562 
24129 99783 
74645 12711 
46519 16738 
7565 25752 
7779 23441 
82306 22718 
45345 80469 
11572 26481 
72862 46019 
76678 83628 
61190 34365 
40046 19350 
37523 31337 
19796 97811 
69143 72931 
443 3504 
20320 50282 
2243 5348 
70956 64488 
8370 64539 
63800 18155 
53923 99643 
3397 97039 
13648 27983 
64433 64776 
86292 61052 
79703 66470 
62708 43499 
68667 12755 
82044 90196 
36422 94987 
25836 93942 
19859 64315 
73295 47555 
82890 92670 
42786 48423 
65865 22052 
74252 31027 
75614 40 
65266 3511 
62047 94033 
59405 48065 
64841 74533 
99835 81714 
29454 58612 
3243 64035 
85556 8755 
79696 81388 
52957 89359 
22516 33457 
90184 93441 
18932 97200 
29096 65502 
87062 45738 
45276 62964 
27673 55306 
98405 18251 
90207 42062 
39417 86332 
91733 32361 
21979 88419 
94753 85070 
74644 91525 
45212 52524 
87057 95709 
95585 87966 
38631 36085 
89597 81579 
51377 45074 
64888 34696 
79903 61842 
37864 62328 
61066 20537 
71012 47835 
33359 96667 
87100 60392 
1854 41847 
86989 85834 
68347 91145 
48172 14550 
68339 84388 
29720 76248 
56578 3051 
85937 10778 
61109 87705 
95847 16604 
82136 67536 
48527 24103 
46456 3058 
85328 99545 
40842 15893 
89219 97441 
38461 55385 
28727 43880 
1256 30808 
9401 51531 
88221 20059 
59237 38198 
24560 50982 
76159 45125 
89969 39848 
95458 28669 
65613 63018 
92985 29572 
38862 32449 
25924 7690 
2416 43453 
27147 66928 
205 63995 
11427 84999 
66276 38838 
22205 5743 
74864 88933 
46122 47914 
69925 96758 
49218 33653 
70655 81645 
43452 42323 
55852 85661 
75136 50935 
14446 10225 
37893 31083 
12134 66417 
51909 34150 
64769 27783 
18549 11444 
28007 3476 
54808 84024 
9679 81680 
35593 98165 
86463 28523 
23506 76698 
59647 66076 
45593 3946 
16126 94517 
84395 62503 
70242 68189 
86721 73821 
49682 83016 
57687 81382 
54368 83648 
99866 55153 
61117 52662 
77801 89120 
68825 1339 
36669 9870 
79038 41727 
80546 13500 
84959 83126 
20495 590 
98346 62611 
35634 84544 
78164 88843 
51353 7261 
37509 51178 
28016 7974 
96003 21949 
70785 55972 
13725 58822 
16575 76032 
89720 96229 
27738 66566 
33215 158 
23680 34793 
18892 48943 
11435 50700 
18934 94218 
34126 52128 
64005 50801 
42257 16988 
22953 62058 
6969 55449 
6714 88163 
36657 64877 
95780 68654 
28767 33364 
62538 17858 
87117 73882 
9888 21976 
61760 20411 
75787 19998 
23171 19838 
59708 67153 
65484 8982 
11449 99192 
44496 74793 
85371 38582 
95352 57599 
3833 9545 
42101 72196 
92439 57910 
6703 89672 
46719 3834 
48627 44011 
64910 90753 
17844 1881 
34783 32246 
83759 61405 
93759 54 
10603 26327 
91065 41079 
85786 35641 
68270 58973 
71896 15585 
40240 46790 
45316 60834 
2444 11186 
4833 44809 
12466 85774 
82153 5186 
93723 91500 
62884 50022 
87566 65284 
31369 82364 
36327 44669 
85604 46735 
14320 65863 
29573 59648 
36433 5293 
39447 98034 
64619 70688 
17396 84492 
1504 26702 
92181 26276 
7257 22215 
99211 36146 
985 71712 
74418 87543 
11127 31515 
26101 33962 
20683 3140 
6770 52973 
12577 90695 
93089 59048 
58050 36976 
96157 66134 
6705 63793 
66650 70895 
30672 46093 
29779 70567 
47342 56525 
83519 25616 
95198 27394 
20261 26638 
65511 90303 
86802 27453 
99007 70286 
80492 61849 
41100 30887 
90425 70172 
11845 89360 
31677 23738 
87543 47073 
87918 50007 
9725 9186 
73112 29518 
34252 99811 
46558 56775 
8342 14104 
67197 31588 
16577 87139 
52881 74822 
68269 893 
18210 43063 
8060 95319 
596 50417 
19207 97227 
48348 92453 
54743 31578 
36885 7261 
75543 33795 
99558 1653 
96298 38833 
8141 16731 
40496 82982 
14671 6356 
83747 17797 
71129 54505 
21103 1996 
76353 63051 
28537 6854 
60605 218 
1316 43336 
7391 11746 
42729 95096 
29398 61780 
45486 20498 
60832 88535 
55079 68908 
1981 30990 
29476 41789 
53479 7183 
12763 17494 
7531 2113 
21689 50163 
21279 53838 
3525 47746 
83513 10024 
61277 31959 
100 64035 
57998 83817 
65785 69594 
5776 82426 
60423 76109 
16985 51825 
6253 22935 
45455 40939 
49460 80190 
73439 75054 
84085 26156 
6635 33784 
19221 6880 
23934 30046 
1504 32267 
91243 87412 
44033 24790 
89371 38986 
80168 51872 
24872 46 
56040 41055 
89699 98756 
99163 98293 
10598 84537 
52188 23973 
82416 72064 
40617 48764 
10848 20352 
51223 91914 
99597 91021 
33949 78337 
4548 77597 
4202 37633 
43245 48572 
14782 48135 
91852 951 
87050 82130 
23704 78162 
39517 54608 
43691 66415 
28663 77200 
50914 47037 
21598 71409 
18420 48753 
53086 806 
13272 13556 
80476 40553 
92833 62533 
39267 14429 
3853 23921 
19289 94488 
79792 64639 
26921 76521 
78782 48704 
72282 15719 
29764 31162 
22002 31211 
57490 84568 
87963 65630 
38506 46545 
80305 16399 
99644 71567 
39035 39139 
8177 67890 
72725 60391 
18513 1421 
75098 26834 
34142 52302 
60665 61189 
15525 17158 
59156 91226 
14726 60164 
35130 67612 
45786 29502 
53922 88752 
6197 72249 
98017 6360 
49333 413 
48963 94191 
70227 83529 
89104 24170 
7883 69159 
44678 9104 
86108 61608 
87274 39217 
11832 21317 
34134 60967 
24993 82639 
39474 20879 
47288 26084 
48782 24615 
8408 82629 
95934 42026 
37896 92303 
59055 22655 
98322 87031 
55150 72961 
1215 18584 
45874 86473 
91030 6492 
47167 11160 
4416 37910 
84072 84488 
12113 11668 
8651 65947 
29079 82129 
3757 49289 
34749 24984 
28290 42255 
79830 16711 
20622 60298 
68629 92238 
66025 92594 
96608 21163 
51227 63588 
91760 21934 
74631 31390 
55310 15505 
54259 35518 
22400 5234 
77162 30816 
66591 58176 
63793 21803 
53407 54424 
78783 42272 
7577 65778 
5568 8679 
96264 22784 
16492 12635 
46266 30046 
12289 7790 
7041 93749 
75256 89446 
43367 32423 
78976 61440 
91557 52257 
24080 34143 
41359 81647 
24376 99862 
12027 76163 
50511 87515 
75528 24731 
49446 7123 
42429 10631 
97109 56483 
66747 6722 
8936 77332 
44887 13370 
28387 16379 
80765 79646 
37068 67766 
64313 83626 
81748 47842 
63777 86015 
93353 80575 
63587 12801 
80920 52486 
89024 67287 
19534 29694 
46532 19606 
15422 16466 
74217 72682 
23689 74607 
40961 57635 
14555 16102 
54513 68731 
32509 27605 
39043 8240 
69462 84682 
20850 74955 
77748 66175 
17279 96609 
81741 84596 
58367 76067 
7892 7167 
83325 93936 
42153 53942 
44709 86079 
41030 24368 
21955 93570 
67925 21737 
92953 64714 
99966 16139 
37405 74036 
52169 10882 
48950 11510 
95578 54741 
14390 86814 
3932 73013 
77816 88003 
49437 74001 
45027 31779 
82396 24393 
99371 43385 
71714 76952 
93967 8175 
53735 76961 
57264 44026 
35369 70098 
98962 54028 
24154 83712 
31566 32249 
12667 55922 
29175 11886 
27620 42513 
29595 64751 
65005 40310 
48455 83765 
71803 27526 
14724 6056 
2090 36502 
55881 63209 
70738 42358 
57965 77400 
51477 72227 
816 57345 
17737 14090 
22064 86428 
4468 31660 
94742 36821 
77045 72321 
12896 88098 
29415 88841 
67151 76527 
97779 82367 
57914 52187 
68416 14187 
37749 74977 
78643 26759 
96422 37781 
58439 60761 
2233 65259 
36956 54178 
91433 148 
42873 61911 
53927 55428 
60496 39966 
97883 80376 
64542 96938 
88514 61238 
45673 27364 
46966 53177 
56176 6431 
64161 19113 
50556 43600 
31350 33239 
69368 63902 
14276 92227 
16268 9979 
1047 65519 
8034 35368 
35175 7611 
35257 90123 
4698 49869 
57378 83523 
95927 87146 
69968 45478 
36039 75386 
24392 98129 
42636 60364 
50423 92259 
70316 64876 
30904 59284 
94430 71922 
4231 78939 
414 54817 
25179 65187 
53418 21659 
97546 28463 
7460 61225 
3101 81064 
75885 109 
90475 14287 
25677 6797 
54949 90875 
76990 7380 
35470 64411 
86243 9737 
78779 58450 
66234 68270 
72204 12541 
49929 59646 
26423 29703 
35955 81526 
97456 40502 
63273 30864 
73139 32549 
50126 66128 
13520 81077 
98067 8673 
26904 56180 
5722 92493 
83645 75375 
58917 28722 
18385 16326 
63907 11483 
48031 3901 
68633 55095 
37594 38159 
73328 19121 
78901 35446 
66228 47392 
8240 13457 
32760 19888 
78141 62946 
77291 92221 
15803 13697 
65389 76508 
46059 20457 
41488 99493 
30341 65691 
1980 59098 
74740 373 
6962 88904 
90040 21426 
95204 31589 
44550 15040 
26409 17007 
36535 78735 
12395 38285 
27275 71899 
14579 20252 
18003 34445 
78988 78482 
24427 56301 
51972 74386 
1058 76649 
69922 82010 
94225 41137 
44503 95617 
57452 47726 
71254 23599 
45774 67416 
73896 33911 
16607 34764 
59269 38969 
3951 64945 
98564 33836 
99982 69030 
69332 30517 
73511 7239 
89761 63323 
78306 41105 
51771 75504 
55947 19804 
12749 35748 
17677 63352 
37029 74627 
97587 85939 
87764 75720 
5555 36339 
57377 3874 
72480 19196 
90534 3969 
72659 867 
97431 57537 
28561 96634 
77121 41718 
51780 82235 
70763 95297 
50619 72011 
42850 59939 
39533 58398 
44842 31245 
18584 13057 
50098 23876 
52063 8637 
61601 27755 
64652 31962 
84691 8229 
90711 24403 
25869 82078 
57755 3228 
25699 83390 
58669 88958 
58957 18566 
68900 88018 
38369 98119 
94633 57471 
39644 24399 
95885 9147 
24984 9052 
14463 94188 
79838 91723 
50918 45853 
93399 32437 
76884 48341 
7185 54073 
39640 42495 
28027 18473 
14218 75413 
51871 29990 
85085 50308 
73035 73666 
94191 35425 
59905 11703 
75077 46363 
62523 81570 
3806 24855 
80131 61780 
36589 98873 
57441 97317 
71317 23862 
97251 5635 
65576 72983 
74024 16325 
67297 65427 
8105 32780 
65799 96181 
13499 42566 
50845 58074 
63493 44718 
75155 27484 
27829 6802 
51925 18799 
22795 12355 
83027 99519 
81271 10158 
5853 97847 
93649 30843 
67178 27662 
92502 93438 
80967 1988 
53970 84715 
3685 5355 
67084 57574 
65474 47921 
78552 61237 
28459 29761 
55037 85589 
4499 2455 
17547 74839 
53831 26880 
93271 41471 
3357 91100 
99055 90528 
68751 70276 
17666 46351 
38048 81722 
53121 59178 
76099 12563 
54543 57374 
39009 74878 
79381 2575 
45624 73766 
26303 99644 
39129 57504 
5635 11116 
86032 55730 
31003 26651 
2034 1572 
9612 42059 
64739 76687 
80626 9557 
71682 14360 
1184 31194 
28796 45148 
7808 80738 
9256 71988 
87313 55849 
5512 17238 
75810 81967 
8392 92849 
66969 12106 
86287 6632 
51462 92638 
4742 32581 
28311 94124 
22164 41224 
25890 38414 
20902 7215 
45383 88459 
84629 85665 
92752 5687 
12707 76150 
96595 21268 
70163 73931 
18772 12252 
7917 41581 
52246 21294 
52065 21032 
66330 9576 
53312 46036 
3373 86521 
8063 8027 
52878 17055 
11198 74653 
29171 67380 
77233 59475 
56932 13652 
71358 93840 
25263 4412 
24727 57464 
5438 37299 
69447 82956 
40081 83268 
17841 61357 
2234 67472 
27861 40660 
91624 94938 
41938 27404 
82419 91300 
60083 72565 
61858 14110 
9723 47345 
2354 78632 
4528 91835 
91027 33524 
42411 50163 
95 16425 
78906 89369 
19137 17251 
26290 36111 
85994 77858 
71112 55214 
46874 60741 
73188 37166 
48258 26564 
7658 57840 
13240 70578 
38378 23043 
83218 81359 
65672 12933 
12146 1791 
74421 96916 
85072 91870 
19466 98323 
95251 15640 
24473 49977 
54879 451 
37707 96715 
33300 45758 
83557 68986 
13561 90767 
72183 72839 
33230 85531 
81340 15940 
28677 48449 
4199 16678 
33306 34627 
64900 24016 
89745 84213 
39613 9404 
23567 67541 
85032 78912 
91864 94814 
68526 93665 
63820 12065 
14574 79739 
12414 62246 
30637 54866 
96482 50567 
52300 98603 
90589 16574 
52288 45083 
76502 81966 
90871 83009 
44540 12777 
46214 6252 
65659 7299 
52382 70243 
85880 97011 
90002 74267 
63474 26770 
19993 7855 
16333 62664 
24290 70640 
72025 61165 
19192 99394 
16272 21610 
36706 13351 
16916 35538 
27179 19543 
59936 41042 
22582 3536 
71667 88041 
13898 67769 
17070 21275 
38438 69655 
57804 91800 
43234 54661 
25764 14921 
89265 75772 
17890 2729 
87885 40071 
46257 12809 
15620 25597 
83792 71162 
36432 67213 
30473 47054 
71543 18923 
87420 80204 
96113 61853 
67041 86662 
9322 42108 
86230 98685 
19826 90734 
86587 26062 
12110 99232 
738 61616 
10870 98381 
37042 91948 
40419 15574 
86322 16025 
83941 66415 
63749 18836 
83504 70056 
86568 95073 
85904 64526 
54120 68715 
31645 38282 
40432 8342 
4851 87247 
31623 95190 
10356 52825 
40490 61175 
20957 95661 
8846 77498 
42528 12393 
64520 40971 
77663 8185 
34430 74797 
29519 96521 
27710 33320 
76685 9580 
93608 76121 
67220 67424 
27728 55862 
25377 72315 
47133 46375 
38094 65663 
79955 22779 
89964 9432 
18363 93779 
45221 31247 
65102 77785 
33144 3052 
63252 9145 
79351 6823 
36522 58531 
39598 77667 
83030 52373 
34990 4602 
59452 80296 
57910 12343 
64328 86561 
16531 43639 
79459 51864 
12407 11001 
56517 85122 
444 89131 
42363 61477 
63456 74887 
21024 62293 
44545 50359 
12890 95747 
19708 46396 
12396 2431 
60354 18921 
64333 79435 
30826 18376 
75867 88484 
89563 53894 
36477 48962 
14193 28056 
71213 55030 
50627 45568 
84061 97569 
94142 79745 
57632 16272 
46491 14388 
63032 55000 
57189 65434 
99446 44379 
49478 26752 
26873 89602 
51818 77444 
77365 98573 
4340 34299 
30256 45735 
86313 32264 
15094 30336 
15500 68330 
62290 54380 
3157 49719 
56045 15139 
9489 46005 
56633 79844 
33518 56599 
49913 86089 
88612 69949 
50731 90434 
60338 8912 
33893 69867 
16832 27919 
91450 66013 
43529 51870 
18292 50363 
3912 24163 
9364 80310 
85806 61781 
11314 10390 
78820 99117 
8971 20892 
42667 38961 
42770 26878 
68408 19077 
47095 34665 
5034 45825 
71487 19922 
22394 42490 
96744 11827 
8070 9293 
86187 81088 
50647 94503 
18693 46126 
44692 31636 
34585 31370 
63806 6408 
88048 34351 
87294 78935 
40487 84171 
33234 1629 
48064 2915 
46194 41258 
93648 13720 
11334 34893 
88486 74444 
18319 83722 
22153 54298 
78239 16207 
70661 12246 
4649 32567 
82090 80678 
5884 76319 
46714 5559 
99933 65388 
24285 45157 
55494 55255 
45030 83473 
83188 99663 
22847 71583 
49482 20620 
19314 70406 
62510 98720 
75319 31752 
83787 47272 
83507 21025 
52692 39281 
9165 54584 
71664 15017 
79803 97516 
89186 9725 
54388 43455 
34940 5977 
52049 77083 
6908 33215 
67030 2081 
83749 8256 
21788 2558 
37414 34814 
13321 94341 
50777 57554 
89205 14041 
2953 96758 
49242 88435 
71004 73369 
6256 24426 
10918 70997 
55281 60769 
22991 71420 
94230 26727 
77211 43162 
11120 59941 
72702 58944 
3014 46091 
32033 67099 
20052 56247 
85893 44499 
34339 74381 
86621 14102 
17860 27068 
70 18914 
76254 50223 
64441 5990 
25957 53550 
72052 89027 
21104 72413 
25357 26171 
33522 28960 
42125 70860 
64277 59570 
36291 27830 
18422 4106 
80834 73857 
5985 93920 
66891 83381 
41667 20215 
9404 32834 
3343 12113 
13714 44329 
75178 4656 
9822 69288 
45010 30961 
81456 5678 
47627 29912 
65585 88689 
45669 20976 
74726 94025 
18108 61166 
99134 45410 
82590 65615 
78896 23482 
12422 42919 
96993 31932 
21566 69110 
33527 88573 
81726 14 
38622 73959 
4473 784 
26904 88233 
68314 53459 
70003 38092 
95716 88736 
65181 59 
88308 76445 
87975 83694 
9847 783 
94655 48956 
66003 40943 
26331 15598 
67592 75563 
80696 39314 
79654 30278 
59700 19285 
52577 91675 
71827 44847 
3459 18065 
66216 85182 
66011 87759 
2493 75262 
55497 38896 
15004 53720 
1581 71390 
13013 63865 
86406 1175 
69490 37786 
87841 79700 
90256 45271 
68546 17489 
22556 4223 
70352 79595 
57524 17345 
70432 52901 
4545 20997 
30836 20474 
67189 6520 
26179 16565 
30151 1696 
65619 77337 
74581 80629 
34753 47047 
75184 3986 
70619 47160 
96648 78392 
48766 66735 
99254 63666 
5148 86452 
83903 49706 
37606 5756 
55363 70972 
31800 2863 
59174 25868 
34642 20750 
52443 20755 
54679 38739 
1677 63875 
3294 58935 
61833 93194 
3241 9525 
79914 33950 
81714 42815 
83738 46664 
34014 84894 
61928 44418 
90859 75950 
14659 29409 
47458 25495 
56425 23090 
15711 95162 
81823 41670 
42238 13218 
63271 99288 
94411 19579 
35636 4889 
54164 37862 
36886 55641 
75078 71893 
16154 19645 
52080 28087 
91058 43819 
25079 72242 
34603 18954 
87950 39563 
98679 83318 
2503 30085 
35964 48583 
23420 38184 
64921 87449 
24622 84485 
33631 31003 
80114 41249 
77380 85680 
93092 68164 
32157 94644 
85933 4504 
61690 36452 
60666 95740 
79118 75069 
14622 67920 
96126 49625 
49180 1538 
12088 19723 
40871 98119 
63719 62694 
53586 77342 
91764 52892 
58215 90321 
45385 39901 
91785 85509 
37237 82518 
31996 17710 
82595 88404 
85036 47815 
4441 55500 
84657 41111 
63103 10630 
78703 35432 
73779 93132 
35638 16866 
8232 36954 
38105 10426 
37955 63313 
43119 65794 
65256 7853 
79239 94159 
6030 71174 
19908 91146 
33368 99662 
19128 63002 
64693 74756 
20708 58413 
76780 13088 
55586 96732 
62801 57387 
23046 74910 
3441 68606 
11129 30014 
10167 13394 
49134 32010 
12904 77899 
839 82354 
6633 28788 
905 97914 
41862 85456 
8906 66922 
42443 63577 
5520 73862 
60858 99492 
83650 3618 
35918 67322 
93583 51668 
681 56319 
85760 86794 
99466 84606 
57351 35466 
11989 87312 
49530 83003 
49926 32032 
61193 15565 
86635 82605 
41860 59182 
4274 53409 
1564 7300 
94253 70670 
28779 66642 
26704 84749 
38772 92769 
12590 57902 
84254 31273 
18096 85737 
47779 28349 
55109 97374 
1070 25344 
63884 19291 
60332 5878 
24384 80871 
88515 21293 
81353 85875 
95666 80397 
44795 73383 
66668 52892 
32364 44184 
2053 2342 
53042 34154 
92030 34189 
92538 74865 
56465 17077 
49997 93473 
74285 11603 
92895 68891 
94614 19653 
42397 79301 
68932 49572 
74993 47250 
68632 77697 
27913 12920 
55584 75150 
25548 43567 
54664 60301 
2093 17708 
36668 31922 
81579 6329 
57633 35826 
90703 10201 
16319 18657 
22077 2319 
85440 26491 
35983 67576 
44212 13062 
87224 27932 
89879 32647 
90330 90701 
34115 6052 
91169 59988 
96516 64630 
95919 6881 
91915 96901 
19381 2704 
70803 45073 
53794 81451 
12892 24691 
26591 12446 
92701 69579 
10924 32360 
33000 36433 
76355 6914 
37067 38635 
18754 66868 
43926 17248 
88219 90405 
82073 98668 
41764 84520 
6691 33015 
83542 51771 
92927 55126 
19543 15518 
23553 60863 
45964 16748 
53156 45479 
10907 88648 
52990 7898 
37542 61260 
40722 85023 
73569 47889 
77513 43565 
36584 17369 
71234 23393 
57873 61852 
59090 96028 
88170 28492 
55516 74660 
18116 95189 
41934 87957 
83396 35532 
43811 8908 
69972 36109 
87428 12119 
8356 572 
53870 18183 
47525 99149 
50956 72163 
28863 99748 
5206 94711 
38439 47330 
35385 38981 
1940 41979 
6766 84255 
771 2849 
81000 98049 
30087 95159 
70296 2528 
89951 40442 
76617 88122 
99348 26467 
46662 27535 
49432 82555 
1672 56698 
67182 88448 
7390 5735 
43543 40481 
34033 82610 
91168 7474 
18692 34925 
36043 70575 
83310 41165 
14545 56260 
80250 11729 
42908 39714 
34417 12204 
49614 17052 
26007 56576 
12849 19128 
11172 56481 
25011 67136 
9253 54076 
14094 50754 
94678 10750 
87875 43312 
19253 71662 
30939 55232 
56265 76941 
76906 66967 
1691 44413 
98585 75715 
89755 5841 
7364 36387 
80195 38922 
29779 76604 
52812 639 
33983 17962 
1211 34125 
11775 41366 
52152 90748 
82851 92902 
49480 81963 
77128 38575 
32365 51285 
68252 41131 
6402 35781 
76837 50304 
53123 68605 
35488 68970 
48535 59337 
9354 82027 
64549 77274 
95705 12283 
8510 54339 
83976 98151 
15486 18874 
43726 71695 
45612 69370 
22132 52340 
54461 98033 
74923 61544 
98308 78117 
25079 6754 
8088 36066 
42122 79199 
15973 39773 
61534 59355 
46693 47623 
18580 26385 
92097 79526 
53745 23410 
71907 90730 
58033 39157 
46215 52003 
65518 28351 
86011 65614 
67836 8167 
26853 75574 
20723 36103 
27790 62709 
36211 95852 
32731 50403 
5793 92048 
84662 85221 
79620 82205 
74508 98131 
34722 54754 
15844 96660 
1275 95744 
24319 86096 
80091 73609 
46332 68708 
76803 11345 
25380 23960 
98625 8497 
16450 29840 
8083 21556 
58927 45655 
4813 10673 
96736 40058 
11264 13055 
90740 14519 
71085 8955 
2934 42159 
29992 4873 
44541 14532 
58082 70393 
70855 64905 
89844 30036 
74513 15521 
3520 29545 
75870 78497 
35007 67260 
34211 25251 
23173 5498 
6810 27738 
13193 54343 
64134 66264 
2488 50791 
29024 93286 
99826 39893 
45220 40377 
82343 1360 
96378 56366 
77506 55030 
90531 68726 
67466 21659 
96942 67361 
11767 11708 
72391 20237 
11044 64091 
42149 43646 
89148 59298 
7253 66427 
54006 86898 
34175 47073 
8591 56062 
45540 25418 
22535 99639 
71321 16485 
42177 37174 
38747 83055 
12289 30407 
76148 55667 
6221 85914 
81061 4023 
12876 33916 
56141 2100 
8745 39691 
47760 70852 
51073 84611 
31666 26933 
64336 87517 
77662 13696 
56322 23929 
90980 41547 
92405 40593 
71894 18781 
77019 55858 
57065 11112 
39874 82630 
6232 28414 
1096 9934 
76053 516 
94293 31555 
79296 70440 
59425 15821 
61999 3074 
78411 69244 
43853 80040 
15562 58600 
57779 27389 
42213 20914 
93494 1758 
70333 8930 
96870 42765 
93440 90822 
1957 84649 
34789 47197 
75781 8566 
32607 85916 
37363 8442 
50042 25811 
71900 37907 
83536 84057 
98614 3607 
57497 38787 
66526 71058 
35416 28486 
46244 53204 
47999 92740 
57841 58979 
37412 55143 
24967 89432 
43402 98446 
73607 82340 
11831 84504 
197 22741 
89089 27115 
18327 56453 
76867 34565 
55808 66410 
60946 489 
14665 97476 
94937 36606 
25394 44487 
15313 8946 
23865 50301 
87624 60402 
54293 95973 
35424 76714 
54952 3505 
83246 80488 
14653 13135 
52856 18357 
97470 41762 
88060 40147 
20793 76859 
47495 55667 
37532 11096 
97122 94740 
17121 76911 
54545 89103 
41938 97381 
85821 41041 
35897 30017 
32086 42916 
20130 43465 
48093 64188 
47080 33629 
67701 28105 
98758 55313 
72339 58925 
47544 18294 
27689 92342 
68609 72563 
71060 6747 
61914 86499 
77377 51002 
88672 3883 
5225 15605 
52303 50881 
26046 18450 
57103 52521 
69387 53803 
59200 9711 
74991 83714 
83862 82430 
28564 34736 
20789 22521 
72224 99690 
24775 374 
22895 34098 
42950 73779 
2346 80024 
61796 54395 
81098 46217 
17224 37492 
65085 22797 
39231 74033 
8733 11136 
8989 80647 
21043 5175 
90697 2692 
42295 69105 
63134 68346 
8139 18144 
16562 97540 
85148 24103 
99474 58570 
57285 35483 
96663 97337 
66314 23046 
95191 99420 
60797 36115 
48032 83577 
88142 82309 
76554 66756 
72067 23965 
62427 85342 
53859 18217 
67192 5110 
40005 14488 
83409 3245 
91026 63132 
65175 59769 
6764 81980 
7752 52876 
11921 73786 
46182 12912 
22278 86838 
20931 53109 
76851 63493 
15014 61705 
54105 26892 
1472 9695 
51416 14889 
52713 1226 
96117 81956 
53916 69506 
73745 54835 
31568 130 
4534 45743 
55172 45831 
72708 98122 
95251 81929 
14821 64276 
24014 40121 
3133 91627 
26374 49785 
17972 24943 
48507 10553 
89028 15547 
48714 17711 
99688 65330 
31096 62831 
90844 23371 
36373 36056 
70962 95979 
36165 63588 
37775 27211 
27158 24180 
43606 56207 
49786 1805 
91119 60141 
62413 48205 
29203 47133 
86468 48612 
29721 72191 
603 6726 
65037 11037 
2633 90884 
73500 41623 
76893 12379 
95481 51222 
1613 39005 
86093 8144 
5995 82159 
62390 11482 
39921 34211 
22614 59681 
50552 74369 
82987 59350 
69557 5872 
13556 29376 
2315 35106 
18784 42248 
76129 54141 
847 84428 
48391 42149 
64025 10678 
97540 58327 
67078 13428 
19819 59177 
7201 27614 
33018 36406 
23910 43827 
44741 38168 
44113 8207 
77246 6047 
50692 46178 
53434 32897 
46036 58972 
39367 22552 
99291 6793 
7472 11417 
11473 10577 
31614 94091 
6149 75455 
50278 80401 
55028 63385 
37352 99638 
77604 19821 
1336 59259 
11910 89885 
93277 59979 
39455 43171 
41329 66895 
61586 63159 
45556 37201 
66824 47123 
60460 9020 
99088 5515 
64654 63042 
35303 45972 
67238 78886 
7510 76436 
28632 21492 
59415 64286 
79974 9355 
10189 43984 
9671 36041 
9400 74397 
48275 39175 
6097 8794 
23592 36967 
22346 55440 
76779 81368 
16964 74806 
27133 9040 
48675 80560 
48418 6612 
99635 85870 
72753 45054 
2 63949 
69458 79508 
2182 72368 
55729 55556 
89385 24341 
83588 10628 
67297 76994 
13308 10180 
79978 46608 
27328 12226 
11460 53827 
60681 10969 
83107 48099 
24015 70518 
33420 59845 
73549 23067 
71776 81365 
38631 72396 
30489 83016 
52036 13198 
628 29899 
40752 49500 
26172 76111 
25727 71288 
48377 78553 
47865 27504 
37648 90370 
84590 15648 
23715 65249 
46331 93537 
36614 28176 
45548 7096 
720 45640 
12258 19604 
82013 58866 
89466 22411 
74783 27359 
79548 4922 
28153 66821 
28320 62511 
55056 55491 
27381 25036 
36749 25982 
87317 95745 
34453 55914 
84406 632 
46381 19931 
11726 61682 
3205 68151 
71902 23914 
77904 51666 
33185 85811 
96998 24364 
33181 5448 
79311 12230 
55256 80505 
95697 56143 
21482 29371 
38579 2322 
42988 32680 
13682 35723 
43644 29834 
17997 26026 
26260 3510 
47805 83273 
81807 26586 
88503 817 
51656 90601 
73987 96893 
40412 82590 
67548 52968 
42659 28018 
8470 86964 
90768 71555 
88987 92499 
52904 24541 
74735 21495 
10446 68269 
58535 86826 
22283 65560 
42114 14096 
39773 99647 
73279 77228 
70643 28982 
27095 11226 
2686 19353 
8785 7284 
88859 90557 
73347 60363 
64209 93914 
2299 57428 
12040 18993 
51484 65718 
21831 13202 
85564 4744 
84636 86275 
44563 63152 
53036 63173 
45773 52155 
52211 43560 
10361 70925 
66258 23768 
18158 96150 
39648 38041 
36423 97926 
27528 79847 
38755 27174 
555 71186 
28905 16017 
60075 58067 
10836 81832 
47625 23719 
1235 28136 
39149 27577 
63539 91057 
98735 97756 
53590 88799 
29327 27430 
6209 93354 
98534 51465 
59224 58638 
36576 8602 
6959 7297 
292 26666 
98647 99631 
72331 3505 
48977 82388 
17773 94734 
7685 42631 
51857 60892 
43085 72436 
81903 71219 
30417 83880 
74160 9034 
71 598 
61993 74560 
93034 92108 
55713 35066 
91309 10206 
36282 29287 
39597 32879 
15263 93395 
51180 20544 
21573 39103 
95750 41826 
31980 81055 
99815 31691 
96717 80236 
51372 3399 
24225 42905 
89670 47596 
79724 90453 
78202 16788 
21188 94550 
4449 11501 
43250 54120 
23444 55642 
24673 75894 
63896 72870 
78243 8710 
45372 53242 
83289 73197 
12970 29962 
40499 23138 
81947 69751 
26317 72539 
98906 17174 
39903 23323 
68465 23198 
29516 32574 
64702 31323 
57117 65361 
45251 90827 
10133 89470 
12527 15972 
97482 81699 
21411 12455 
73387 31922 
15569 47977 
16896 50716 
85663 52474 
57688 9134 
81852 95365 
79438 65071 
80259 2150 
50855 59650 
98519 40701 
31505 99245 
79015 28845 
74607 73936 
10112 89085 
2220 1637 
35461 3817 
59586 28598 
9350 4905 
64880 61625 
92138 65219 
58176 55129 
43940 46507 
19220 26968 
67042 97966 
67391 31071 
67914 92903 
79240 71953 
58239 37081 
59089 6488 
91026 81674 
76372 41670 
32669 26178 
39787 3637 
4716 2197 
12756 22800 
90151 87724 
87334 52734 
88158 13341 
24380 16325 
18603 86708 
36710 51692 
22908 79777 
38856 12526 
81494 94367 
12223 62737 
69665 46031 
37598 93686 
3548 83613 
28358 83785 
85668 92437 
57166 14863 
45709 12785 
6557 57470 
86236 42110 
89542 38147 
85384 79391 
80182 5718 
78971 13104 
66101 20769 
42990 50457 
84938 2746 
24141 34873 
35049 82473 
20797 1138 
57015 24402 
99753 73189 
67088 2533 
45112 18230 
86216 36703 
74839 32654 
49074 21798 
27795 50215 
96339 11488 
19463 30945 
50436 50166 
88137 10496 
50077 82066 
4973 63939 
72125 4884 
1115 65439 
698 76752 
73005 5847 
12844 30038 
63024 63890 
37779 93175 
76762 13509 
12346 72655 
90526 89782 
99249 1261 
23075 28986 
56547 15791 
94116 44496 
47020 87769 
68777 99587 
54230 93989 
92017 90591 
28453 80286 
49883 59478 
20106 41521 
55534 13575 
70948 13547 
47115 42006 
23984 48776 
1873 83321 
81904 26000 
16271 16888 
90839 27214 
75443 21806 
51319 99484 
36958 71393 
61523 8245 
83652 8782 
79307 79925 
58215 79673 
48892 26457 
78226 82042 
75783 41926 
44522 29367 
49119 62553 
98044 13908 
4588 85158 
50727 99635 
92949 46412 
14535 70585 
69324 75433 
79402 9750 
46673 45646 
45621 86033 
63151 68350 
99138 82395 
97580 90056 
29243 6972 
29831 78406 
27304 90802 
83646 7376 
72482 90692 
8268 81463 
5777 83879 
52242 70684 
17279 62279 
57814 63465 
23167 8461 
57614 82892 
88787 62926 
86618 53283 
62041 72824 
31903 48680 
17357 45941 
30259 2600 
74678 20608 
89475 9291 
50179 2116 
52961 704 
15851 9291 
49321 40555 
93596 21087 
68624 37090 
86174 12341 
85295 39542 
52100 20322 
3957 49774 
64505 89207 
38958 50246 
55030 98390 
50977 22178 
32943 92268 
54788 3664 
86994 94141 
81122 16513 
22917 4906 
22530 72688 
63009 58436 
18272 56520 
35900 29814 
36442 67182 
14406 70084 
92921 97486 
17246 71704 
6209 19643 
76486 52603 
24771 46398 
86674 83545 
79288 36837 
93966 73465 
6017 20153 
53922 70472 
59454 17798 
85207 32458 
82595 54696 
73067 70508 
31302 63575 
31267 70804 
55638 2979 
14053 56239 
25490 29135 
80773 57674 
50431 84644 
54915 26583 
84457 92789 
86634 35750 
25106 75305 
23234 82798 
13425 43556 
15614 32456 
16368 48328 
40335 7855 
26405 11832 
96779 68519 
44492 6997 
46735 93341 
22009 93779 
99832 20486 
24879 69962 
12365 83002 
48810 44798 
59353 18843 
58420 97848 
60086 27098 
45029 42503 
85955 88382 
97942 73930 
55993 66690 
62312 44564 
30384 62440 
13005 76753 
45055 91999 
8353 91830 
91563 27676 
301 7593 
35576 43997 
68144 32100 
84607 80998 
11939 60648 
61011 53346 
88606 64960 
9821 5305 
98868 48855 
72651 35843 
36374 33046 
88689 95671 
91711 23212 
41680 88506 
63492 10150 
57890 92615 
66270 48508 
74138 55438 
40800 61549 
37332 4098 
65973 23341 
67291 57616 
43755 76937 
13236 22887 
78527 57328 
60930 5745 
480 1374 
2283 70930 
89040 43379 
62115 40306 
36780 14625 
87828 27375 
56881 87946 
46876 67962 
77908 34276 
44223 21880 
88540 87121 
67392 88435 
91838 43043 
90225 99856 
3758 61483 
18155 31017 
83819 65632 
37551 91278 
17193 87581 
39648 44844 
76963 45566 
25553 39706 
82876 88946 
63038 12077 
38648 97353 
58059 73157 
73743 74521 
24408 78127 
37484 34398 
83378 23477 
