50432 60120 
35075 85343 
85219 33215 
73129 94578 
61623 4372 
85434 52802 
46908 43260 
90393 94402 
95932 8177 
7918 82934 
41377 79438 
67232 75092 
99786 9425 
2448 12537 
1042 62289 
83861 69305 
61542 89070 
22022 94365 
12027 59856 
98990 53811 
59879 53631 
26526 95251 
12668 88568 
4561 28156 
14843 60802 
54907 38225 
52659 48064 
34985 31283 
63799 26092 
94228 32789 
47622 40353 
21892 52726 
9550 73350 
49117 62452 
88851 48694 
10414 20040 
12904 17095 
40133 23705 
93012 76587 
78008 69095 
26941 89521 
84555 35549 
1548 72274 
21844 28875 
95257 50089 
38122 63729 
64570 89133 
5767 77434 
61435 40568 
1222 28814 
68985 57351 
82852 50635 
62029 73445 
18063 92256 
95643 67284 
34566 10317 
306 66574 
22334 39584 
15249 89876 
92558 3540 
23030 61965 
7870 4850 
57828 84534 
34075 69534 
47539 91601 
27840 5496 
15485 69858 
67051 76004 
11389 78171 
50971 81760 
63247 57607 
45851 91428 
41827 83610 
28326 59767 
7736 75288 
83705 24982 
67364 43347 
49153 82459 
98455 27770 
52849 90748 
18704 49134 
89310 77481 
61431 73314 
88378 77826 
91304 68358 
80802 56188 
40002 14391 
36827 33012 
66827 12729 
55923 62897 
52505 28702 
15514 87660 
15748 94225 
44536 18528 
1624 90777 
73632 85390 
28393 31189 
27994 27779 
95173 59544 
71128 92268 
46658 92473 
78227 43976 
63079 32270 
16381 96103 
93695 92514 
35509 10727 
80327 90243 
28681 26505 
23803 75237 
3411 24542 
30628 86614 
16540 52336 
39825 49665 
64473 87535 
70591 51761 
87849 38210 
50277 65146 
45093 44367 
79147 16585 
32881 66663 
63511 39065 
83158 22562 
2003 79128 
46181 57649 
41156 74954 
76937 20343 
25887 64885 
78335 41996 
58101 33874 
18737 11117 
42347 56225 
33650 70464 
41306 46959 
41854 58764 
85874 91301 
54744 65045 
84680 82034 
34321 62861 
56118 57826 
60088 44144 
62318 2166 
97977 77981 
58947 32138 
25486 78290 
87335 79069 
56373 76221 
26136 38907 
25523 58004 
88593 49231 
40022 47077 
98436 31907 
76007 80477 
2556 25663 
2522 53829 
81794 21222 
43393 86688 
2565 3164 
46049 90560 
11487 97285 
12236 5619 
12780 19989 
59761 8963 
83946 27144 
26661 87181 
79064 63800 
99603 9066 
41017 23336 
46889 30525 
94074 34818 
63044 13019 
16444 10771 
86815 39343 
98818 4031 
37258 66085 
79322 42004 
23670 60834 
7958 29385 
24264 33982 
34305 36300 
95766 89950 
31102 17812 
71539 90695 
63314 42867 
29357 45571 
87376 46022 
61626 15928 
18528 53663 
60623 50260 
35520 77922 
39243 46314 
1408 16155 
43782 70216 
66792 41561 
79416 49532 
87541 21430 
61374 97090 
32929 53502 
25150 15473 
82042 68040 
77698 78286 
6444 3494 
48150 83595 
15302 26981 
1447 27404 
95512 37350 
11118 50599 
13843 58187 
48539 71442 
60728 908 
35121 27585 
6030 53937 
21167 16429 
5980 32984 
576 40810 
47434 9567 
44076 38100 
40726 20180 
35335 95197 
75580 46863 
24100 29273 
35920 51473 
68408 44738 
28874 40548 
23950 60563 
20872 35439 
52836 38925 
89457 23233 
66291 36068 
93286 68031 
86219 39355 
34751 69237 
9109 50674 
39765 63792 
82426 25650 
7478 82660 
58391 80622 
89026 88379 
73000 34823 
38901 40098 
9130 63971 
45114 55321 
41768 3247 
85063 63397 
30673 52597 
72852 74867 
21181 5353 
60782 22831 
37428 42375 
32829 67839 
3889 8204 
81176 96097 
10942 13187 
88151 82369 
48075 86086 
45477 33517 
64367 35377 
30256 76415 
80063 64256 
22902 4840 
65334 24326 
96035 53942 
22709 85985 
25347 28030 
58245 49751 
73541 67666 
3098 22041 
76667 5433 
52004 31404 
18533 26245 
18055 66746 
13316 17714 
64189 77780 
29146 68810 
60998 89761 
76097 50961 
37708 49501 
50923 94729 
38636 37721 
77804 57326 
70922 53997 
9502 61489 
31030 4872 
56516 74621 
27274 3136 
93205 88592 
73542 16859 
49296 55241 
15433 90442 
32801 30355 
64172 96777 
46089 79807 
55961 69532 
50714 5499 
24819 7663 
8552 55930 
75533 40433 
76929 96425 
69956 90539 
63606 27470 
94713 75394 
53875 56066 
61261 42162 
6462 44697 
304 40857 
77541 85198 
51699 1618 
72896 70737 
18301 97210 
47096 68113 
47585 39898 
65533 24686 
28435 82974 
20276 79536 
42130 71606 
43899 86802 
86358 15058 
96805 678 
99001 32927 
13028 16147 
44451 61731 
77113 7318 
89398 94999 
70363 56078 
87300 69936 
68625 17802 
11170 6841 
95737 27978 
22832 53605 
36868 13854 
43482 86962 
94189 38615 
95143 74602 
23689 72078 
15554 7801 
26388 51523 
10025 72946 
79826 69063 
92983 42132 
86418 97788 
89208 27937 
84102 47959 
10159 65585 
11707 26642 
94341 56850 
46526 59424 
2310 34416 
34852 21242 
86714 82815 
17534 14843 
15661 82659 
12110 30040 
13749 28538 
50672 14684 
99257 7822 
88324 89114 
38269 17495 
90958 39915 
6932 39250 
83042 35873 
51559 89251 
86199 19337 
62970 8295 
7602 39511 
36243 60525 
43534 10758 
69949 64450 
47949 98605 
69988 88668 
78464 58869 
62303 6569 
72936 81255 
86040 19165 
28625 17731 
34101 23325 
52900 8141 
31630 23832 
29592 50763 
94569 62042 
98247 3903 
90249 61321 
74956 46108 
29876 70044 
52844 67225 
58807 16595 
7955 10279 
74676 77659 
1954 35018 
95703 999 
16919 27984 
21952 17022 
79505 41096 
80812 19579 
31794 989 
24656 95814 
84441 94718 
53409 37274 
44012 3953 
67668 70080 
40926 29419 
19045 649 
96978 20085 
13589 85268 
62172 97483 
41386 96771 
19422 44544 
50889 79621 
2646 10478 
60040 55908 
98908 68452 
97911 69080 
8436 51230 
379 29664 
17744 81424 
41264 57817 
522 7629 
66378 1202 
98563 55500 
12113 43557 
50740 3658 
32477 9195 
31852 98369 
28873 11818 
35186 28031 
75496 92143 
82680 88774 
59839 38217 
74839 85848 
12608 84699 
98897 32000 
84259 42974 
98155 23629 
36385 22645 
68077 98316 
55362 66769 
85411 3143 
62940 38153 
95453 32283 
93864 62071 
79563 24412 
34175 51981 
125 45801 
65462 19108 
73366 23279 
40155 94237 
51803 32797 
20840 70586 
7552 93934 
52617 10352 
95346 68438 
1687 44327 
39801 11791 
85633 33912 
35365 80766 
41263 57951 
69293 57099 
24449 32971 
78162 7634 
13009 74742 
26594 64683 
88506 61512 
53257 76854 
5731 64845 
63648 50212 
19660 72664 
61783 72422 
28867 40934 
3637 88363 
11623 75352 
24006 74734 
76353 62486 
35477 43301 
21636 40986 
23235 87664 
2606 27808 
62713 76840 
30389 91854 
68396 90414 
89134 97953 
41584 84694 
41205 27852 
22524 77007 
5299 21667 
68013 36193 
34504 73186 
69453 71331 
91740 55512 
98302 17872 
18565 49690 
15950 30612 
19970 98297 
13287 6303 
42591 8414 
51579 75213 
6669 83966 
60720 20582 
63111 76096 
13551 7650 
86193 2077 
35647 29846 
79712 98181 
28818 8707 
69796 40017 
83549 16217 
81142 85019 
30698 23557 
45099 66095 
36001 18563 
67776 92884 
72267 75765 
94319 97643 
13631 7463 
41473 96453 
83821 72063 
34759 23286 
56131 66779 
78841 34385 
46629 85807 
10096 73493 
64090 82207 
28919 34648 
80285 31978 
85965 58583 
62416 62208 
1299 51222 
65899 71643 
28366 18295 
20116 41716 
35690 68833 
52398 8750 
68401 52085 
86187 44001 
68961 57346 
18204 67158 
81866 24281 
26399 1081 
40658 82464 
85564 60785 
37203 63236 
70728 58082 
3023 4371 
9771 94770 
90337 98628 
6198 11923 
26528 20971 
90579 60537 
29909 6030 
74918 59731 
16933 37337 
78040 12649 
1420 52916 
62052 57366 
84895 68041 
70061 40356 
63803 65219 
83514 13447 
34137 3988 
23919 71701 
56943 58597 
8132 69279 
59189 398 
29025 73110 
83648 3544 
74067 40063 
68727 67574 
13180 32320 
34601 18483 
84232 17779 
75515 71111 
79603 37569 
9805 9983 
90493 61141 
18971 73160 
96993 90907 
15022 4249 
1405 23003 
11378 71414 
89891 18551 
36751 39009 
73267 90621 
23738 17448 
1601 66147 
24227 9954 
69233 39143 
52307 21038 
26951 91842 
31983 90867 
96275 23741 
31812 72129 
37139 95062 
1479 71573 
54743 60749 
86364 37065 
43948 43872 
85311 82867 
60295 73222 
34099 10737 
75588 88823 
42525 2546 
22962 1293 
86541 31290 
61425 76166 
58545 61691 
93119 2719 
8721 89020 
47876 98329 
68227 95345 
9113 94011 
31055 86108 
92722 44551 
85570 6717 
6327 7536 
29003 28835 
10114 39551 
68581 39058 
72447 64989 
11527 58909 
63535 83139 
72817 74357 
58684 92608 
84351 55552 
28977 28644 
72131 2981 
81726 28540 
79057 64990 
75615 63065 
50114 33413 
76193 97746 
64017 38974 
36221 76821 
90773 36230 
82336 54824 
78184 88988 
64608 36001 
21940 41446 
78781 20155 
53760 87773 
2346 94999 
89946 33376 
95046 59751 
18744 74818 
2037 12427 
69060 12162 
63628 84207 
95394 47445 
79396 58200 
34219 16082 
96406 67136 
35608 44141 
91420 24673 
50558 23813 
95134 8487 
59230 51775 
62898 79731 
58262 80763 
30788 93131 
86323 93333 
8535 24723 
56252 18618 
51530 20106 
79399 77822 
22950 45116 
13215 62264 
4062 2916 
36635 18978 
35822 66787 
59509 43190 
78127 66270 
2083 54418 
54438 55806 
38442 63549 
8923 89655 
83903 21879 
40922 24641 
20447 79987 
97208 73126 
96617 74184 
96401 32643 
8678 1406 
31845 25721 
68410 39575 
49369 93724 
89522 19777 
24560 1867 
79497 59056 
70537 29102 
6566 18171 
91686 36188 
22557 57382 
61405 28013 
61514 25117 
42643 52102 
1271 29337 
88846 4285 
70586 9463 
59931 44582 
7954 47946 
62952 61650 
29900 34846 
80404 62498 
46322 26254 
80416 5696 
68371 17940 
12575 40904 
90393 89315 
80714 65347 
91617 59600 
49734 58681 
95542 38038 
87348 11764 
45419 43064 
63642 21916 
2726 11520 
31424 87548 
52218 18334 
88555 98405 
1898 79516 
79822 84150 
99192 16889 
30357 53690 
45617 21679 
15231 30362 
81413 65868 
60561 63987 
28883 75218 
40308 79803 
28604 95859 
79944 6431 
76196 57610 
3229 10257 
69010 61443 
61587 52006 
1868 96004 
66907 72794 
8905 18624 
8074 11557 
34600 19967 
69121 53524 
31239 28293 
82630 10274 
22334 99203 
45846 35910 
41952 79868 
98951 91045 
58405 32886 
15032 76504 
17466 54237 
79503 72059 
95000 22264 
43105 32013 
31868 70163 
17041 9052 
34947 83146 
41456 580 
67306 83281 
99133 37592 
17842 79936 
65183 65167 
36101 31825 
80435 95788 
41536 87850 
11347 51939 
68116 48240 
12497 52821 
84998 14946 
39015 41531 
41862 80795 
65858 93668 
23560 40620 
58350 96094 
62889 94372 
4200 35445 
52573 52204 
61016 90012 
17960 44532 
95321 75718 
60478 86305 
89169 57174 
58528 44032 
68698 98207 
17321 6525 
65279 92696 
92031 65920 
54406 86254 
69706 74209 
30082 71983 
84520 52338 
63152 19451 
58231 93856 
60899 75026 
3146 23198 
92198 53825 
98393 39831 
67595 28815 
51996 3851 
66932 10953 
90998 96030 
88456 5766 
79825 15897 
52856 26422 
53085 65122 
33231 41050 
63179 279 
97756 33004 
85378 29027 
45620 56715 
93427 66796 
88821 78948 
17283 67256 
82465 5497 
21230 89185 
34472 6774 
95447 64759 
31909 72195 
36943 89896 
5671 42962 
6891 65924 
17799 95521 
90481 83721 
96478 73929 
52741 56362 
62583 98300 
79167 74404 
88612 8680 
13555 79129 
5978 38921 
57054 23373 
29791 53524 
72288 17009 
1677 21916 
44271 34741 
60611 49249 
85887 97515 
39344 30580 
39877 25717 
49740 46149 
21537 2238 
64182 69499 
66760 76556 
22169 17281 
98589 87193 
91331 29886 
2089 79202 
90319 35357 
2164 45793 
37357 15626 
71825 28762 
22736 63656 
59462 71099 
16106 92903 
12834 26939 
10167 36341 
94786 98984 
71187 51310 
31080 91586 
13765 28587 
4304 38855 
42342 89328 
9449 91506 
5195 41889 
16551 23563 
87982 62075 
43695 50637 
33409 54959 
29704 35157 
11140 54195 
10036 90778 
77849 15597 
41628 88110 
61116 65803 
92915 6982 
72854 73921 
13723 76665 
8082 24355 
26433 94761 
13021 82353 
34581 17939 
12902 60345 
27979 73247 
74301 12753 
74466 47422 
39439 9721 
27570 73446 
10591 66083 
46639 48522 
81617 30898 
21414 85727 
10577 75000 
16543 22781 
2502 49276 
3215 85683 
24617 24764 
24853 32422 
7659 67143 
51734 82516 
96398 42859 
15427 71849 
69 1848 
78118 59066 
59164 32702 
84147 49749 
88849 40155 
61523 97650 
81262 51850 
89695 88447 
49062 21646 
26534 10830 
70773 60077 
92253 72125 
54870 89077 
40909 21264 
73997 87734 
11164 587 
33293 68573 
37150 59774 
27566 99752 
17549 30168 
10855 67556 
86431 75773 
48931 55713 
2917 8463 
50363 3292 
78389 79192 
75004 91349 
89770 34491 
103 99950 
85293 58054 
83719 71882 
75218 956 
2705 17065 
14116 40819 
58270 92587 
23628 219 
35947 97294 
75011 97660 
78801 26958 
49318 659 
82771 46354 
19726 99797 
51305 47894 
55309 25018 
52757 83038 
28452 81037 
8505 72266 
19156 87414 
2352 22193 
48633 70654 
42479 4276 
41869 70637 
26083 78551 
14259 91762 
53791 77993 
943 50367 
16049 4317 
99135 44301 
26903 24452 
73513 97978 
11942 98381 
82671 16800 
66628 13713 
20643 18536 
88870 50067 
31683 96040 
55383 47264 
48774 5666 
55243 5293 
26735 68768 
16024 1169 
89341 19896 
57985 68049 
86535 34593 
90012 45340 
62574 22145 
17354 75063 
68899 74219 
65687 89329 
16504 18980 
38608 6570 
51798 42140 
16408 30033 
57181 1287 
72810 21047 
23008 77947 
33331 1699 
11131 82998 
24024 26832 
31869 55385 
62586 53618 
86054 71515 
25160 28502 
81684 13299 
81621 5909 
20793 26465 
29759 10895 
66256 37618 
74475 58761 
40579 88441 
91953 48689 
79096 88504 
90757 55560 
58568 84350 
31889 54403 
48798 91816 
98075 25248 
89697 41026 
8872 2729 
79121 39026 
62705 54342 
67858 63740 
49489 94078 
97270 64737 
18251 63983 
82422 61247 
2998 45231 
38904 95921 
7061 92410 
75110 24018 
21221 19982 
23386 92047 
4175 8252 
63249 87286 
85227 37681 
97790 20216 
58560 5029 
80409 35559 
26065 22536 
53180 34454 
11401 52249 
50451 30230 
11813 81603 
41670 53305 
76223 3491 
35984 66936 
98196 24315 
47795 54859 
90587 86874 
27272 94292 
65066 61479 
92697 33357 
74151 28286 
62583 50652 
85985 46600 
74645 86523 
52848 82787 
96005 540 
3183 47440 
74406 27741 
33948 74547 
53754 77376 
5163 60702 
78979 42249 
41766 70740 
44964 64152 
29217 7718 
2217 31464 
48796 39759 
18009 68700 
36106 74049 
5833 14586 
62021 69162 
78342 75176 
29193 80868 
49334 81632 
49167 43729 
8883 78418 
15271 1036 
22370 17032 
14679 9019 
58969 32812 
29365 57750 
38033 37919 
60169 70830 
92879 72305 
70772 68649 
90615 16276 
89111 5935 
13950 83209 
22604 23285 
6336 79055 
40544 84504 
5306 36429 
52093 6840 
40573 5433 
61556 29581 
53201 10774 
13939 7969 
83 65326 
53299 64032 
44010 63964 
3946 73685 
93752 68312 
50325 20326 
50869 33003 
35231 99153 
40388 17100 
17979 13570 
50990 70531 
34262 65295 
87056 84689 
77644 3159 
39653 48821 
78988 62096 
16492 59354 
94581 93454 
31912 88042 
26335 60498 
47091 26599 
88141 48871 
68004 90440 
1325 20776 
54004 82226 
49111 23764 
63504 87073 
45094 50284 
64843 95645 
73965 32508 
70221 28738 
44060 48467 
8525 67583 
50776 10158 
38855 77742 
87523 2019 
20756 51321 
56560 39084 
99441 82143 
25951 18089 
34679 31601 
50823 41970 
586 39108 
27220 8421 
10202 80352 
75064 66565 
73513 79039 
53079 62314 
80518 33360 
93014 12579 
11934 27083 
3096 71304 
19334 57044 
31361 76116 
83767 23693 
98364 93444 
57328 99457 
5744 12033 
15706 10862 
2215 70087 
1340 44663 
41766 39612 
16671 15684 
227 33053 
34824 14636 
25800 41947 
31138 87867 
86774 65070 
3074 87811 
45355 34418 
38382 72859 
30392 1392 
11731 28431 
3757 2665 
38635 27207 
15225 85469 
92094 45834 
18931 35432 
92184 7803 
80823 16567 
11757 27822 
41019 2686 
2412 91655 
7538 52230 
34073 17239 
48637 54396 
58819 7818 
19812 53471 
54967 25916 
8498 40359 
81012 88136 
4599 85591 
70619 5120 
8204 76471 
29706 68424 
67198 12495 
54529 16632 
96936 7834 
75728 96738 
71759 47427 
47469 73617 
93843 44077 
43057 30375 
38731 47990 
88865 45411 
48864 67296 
66908 28233 
96514 68349 
43085 45371 
65774 38000 
32874 70187 
9578 6512 
99190 45933 
22204 49446 
88150 60112 
30329 9572 
47634 90008 
46402 5764 
40843 94188 
46964 24813 
62438 92862 
35513 24259 
88394 1146 
24606 9551 
42362 53632 
25125 87271 
41119 86075 
61961 37618 
89578 20591 
44864 94006 
31897 34447 
10786 65376 
29361 79338 
19790 87700 
28000 57993 
30412 45147 
99328 58017 
2371 58538 
86106 89062 
74599 98945 
61718 68738 
44788 47682 
16489 55129 
32996 90422 
17250 29320 
46352 2839 
47415 90064 
74448 57887 
24062 34502 
35785 60727 
5752 63820 
64441 96324 
50246 70768 
73135 56844 
54816 37177 
53936 1262 
13503 93916 
81099 87933 
55461 73177 
61863 12426 
86431 13528 
40503 77521 
41440 61902 
98537 20024 
70954 53457 
9718 19944 
25034 40224 
2263 21588 
70414 82501 
52778 3220 
73990 13170 
86402 42245 
12849 34380 
85951 36188 
25759 8554 
19150 56313 
3952 61167 
77551 30287 
30063 21498 
83311 73112 
13251 89322 
60731 11370 
35812 30500 
88314 74880 
22007 72446 
44049 61946 
63363 91675 
31759 19685 
86353 59926 
29548 19237 
28168 42823 
32734 47229 
94190 25579 
73139 79443 
6803 73952 
84191 50420 
19360 25472 
47029 83604 
61398 45911 
96631 623 
1593 79020 
88981 85455 
63500 63755 
30371 39461 
5774 92534 
48157 26652 
83357 36501 
38658 75069 
39015 69345 
62316 69773 
35663 79907 
68892 45693 
29065 75641 
26132 64483 
97767 43909 
94232 38508 
92575 56177 
35395 47239 
41364 71373 
72834 76568 
46724 18965 
16866 99949 
43687 19781 
57010 11765 
42724 33128 
78548 17956 
69208 2514 
99551 86688 
24724 9016 
40131 62743 
37873 31356 
29498 53276 
42633 54755 
28399 99761 
20884 66864 
94608 61159 
72356 28357 
47335 46751 
30033 8250 
92806 53567 
21988 29530 
57715 82967 
91621 79412 
39855 33710 
27461 335 
25944 94681 
20966 92749 
45545 89508 
66164 28827 
26899 57366 
38518 97411 
95640 89575 
42058 74823 
10549 79944 
93599 43620 
61862 88330 
20793 61929 
67122 61497 
86778 19695 
87169 3145 
18353 4985 
50565 35813 
6907 43441 
18611 51405 
71726 67043 
45097 4188 
23823 14515 
84998 60382 
45144 65048 
84577 81839 
2733 59442 
41678 87799 
50379 68335 
59495 8353 
31308 25889 
29670 15999 
84622 59100 
71322 97536 
75487 7865 
21429 7579 
14476 48982 
18997 27064 
5018 8468 
50496 35407 
59547 70891 
27318 93332 
54745 71836 
47316 24896 
54180 90233 
51992 81878 
12662 40921 
28470 71429 
90832 4660 
21127 28784 
50739 22756 
11608 20830 
73613 26496 
97911 73441 
39553 67826 
53327 25773 
35506 66975 
74262 28063 
12725 95207 
32277 16001 
97771 66431 
30204 14352 
72180 20093 
24747 45280 
75073 39585 
18734 42695 
50259 65373 
45012 2942 
54822 30063 
60958 34290 
69674 63882 
47689 2932 
4261 93293 
61241 11580 
67353 82974 
14382 88243 
83805 51911 
77157 7410 
73158 28056 
71876 13623 
70158 92837 
3992 68266 
59522 6723 
14138 94457 
17710 130 
58574 52010 
2992 60137 
25413 34703 
11744 42798 
72182 45495 
23724 93289 
26651 71777 
91956 61673 
27319 52448 
93911 60782 
92554 1283 
49811 24513 
98097 27013 
31193 89783 
11497 69469 
28253 43462 
79011 53344 
18045 46775 
85597 46306 
77271 74008 
11864 96644 
13158 79758 
93179 17079 
43860 39583 
45603 76032 
45842 92535 
60933 55382 
99861 50947 
88845 34633 
9452 32722 
17991 65403 
36232 14489 
39843 7287 
94867 135 
29227 6395 
77231 48596 
3667 11251 
30019 7170 
30019 37223 
93055 52223 
31371 10312 
16508 47845 
9745 43869 
14430 94804 
40892 27667 
79303 57126 
16291 37805 
77679 21655 
4468 7995 
70556 67182 
78815 38099 
53778 93995 
12331 54086 
93532 92211 
71057 75169 
39927 7737 
47436 88430 
37687 98481 
62436 79056 
17129 60182 
31000 15154 
40893 41216 
29219 40121 
2316 58767 
23617 82699 
19835 74981 
23021 55049 
48525 90992 
91708 72624 
34597 69195 
18894 96051 
71646 99679 
74068 64929 
78445 85423 
90287 66156 
7244 32706 
8296 55294 
8830 98076 
83125 28492 
25997 61338 
1852 24608 
60626 65170 
86283 22421 
61233 86322 
57513 86205 
7607 80782 
20724 4456 
27109 75860 
87997 61167 
63197 65836 
94553 76815 
30933 4625 
79526 57109 
36498 78873 
96265 91527 
8150 87939 
89073 50828 
84610 53433 
23449 42966 
33501 30275 
85083 198 
27264 93700 
69210 86717 
86884 32197 
66420 35721 
14781 85039 
13581 47648 
77413 24913 
19305 7104 
65372 1078 
92182 5097 
54217 26545 
97019 85264 
12797 13971 
39404 68046 
57463 39284 
32128 45158 
30398 39471 
28370 78189 
88148 31560 
15998 79806 
22521 73482 
54949 3775 
154 74366 
5375 20923 
99336 1694 
38084 12119 
43097 25881 
40778 66538 
76089 88974 
33697 33673 
9473 83529 
86484 40985 
62778 80132 
84447 55544 
64631 47618 
26867 37674 
35291 68717 
52589 7355 
63068 65697 
78857 20013 
4001 15473 
8223 27337 
79584 51774 
5285 80890 
20851 23097 
70175 21538 
8801 99532 
38870 86087 
90934 98956 
21794 54047 
11557 33689 
51637 52034 
79587 62370 
48915 31122 
11704 68635 
29505 33284 
31019 78139 
72272 67111 
71816 68496 
36826 20098 
39474 22932 
71606 45051 
1321 27756 
80639 71540 
38967 16177 
23752 9847 
75582 16589 
9401 34459 
2587 72113 
1958 56921 
69436 60026 
5961 23766 
67398 54618 
8708 4201 
33706 45115 
59548 64381 
25943 41476 
39311 60373 
68204 75200 
26534 20245 
50374 29713 
98527 27262 
69740 15474 
14731 60792 
40223 38639 
17488 99239 
58656 98924 
51005 40273 
9823 92249 
43186 47551 
12393 86840 
16956 90312 
56401 87610 
97793 2456 
59611 3001 
62440 51091 
74856 80886 
30070 71061 
13383 85693 
31691 91562 
10244 47634 
6147 53747 
46965 26694 
61815 94060 
63969 99017 
11924 47076 
40676 91372 
38419 3727 
94719 60567 
64366 46070 
53382 39027 
18139 68116 
80141 45146 
53957 83750 
97120 87635 
52835 17391 
30283 76749 
65578 70828 
18365 92110 
75218 60486 
68818 46771 
50076 23447 
14461 30247 
30677 97636 
23061 9408 
43783 91847 
38728 15478 
65064 74665 
88794 47796 
58266 27859 
72762 80573 
3211 29406 
60924 67570 
87552 54118 
69449 1446 
77941 5670 
45976 99446 
5112 22875 
95199 55189 
94341 35135 
97448 17491 
47865 77309 
24923 31481 
39053 12549 
40041 4710 
9457 53227 
68261 41515 
69369 14647 
73770 22597 
90096 84037 
30594 93583 
41871 38158 
73988 66287 
75202 96896 
37329 29454 
65398 57312 
28329 11948 
40130 12909 
74994 40692 
88102 26209 
76577 88060 
3250 89284 
27653 9052 
53362 76477 
44504 27212 
74626 66327 
12153 40099 
84302 85576 
87658 80072 
72587 7157 
40718 84177 
81715 16159 
86141 98155 
5422 43061 
64416 63887 
45121 51873 
56391 17035 
40505 62342 
75998 52204 
51747 79997 
70964 96651 
8073 5585 
75642 70371 
53195 96294 
2360 335 
11964 55203 
28104 99724 
74546 32484 
31884 19203 
44541 32179 
64797 26568 
25683 31718 
89574 73567 
28100 37873 
9321 64266 
59597 22449 
16199 47981 
30012 3799 
29937 21671 
37429 66085 
63359 41584 
23864 37257 
47535 12035 
85029 78819 
72679 40376 
93869 75710 
52578 21551 
50785 53029 
142 43053 
4812 87799 
9555 81661 
99496 28632 
76545 97068 
84791 83885 
52463 14263 
2055 89786 
20125 26533 
93028 24012 
99816 43974 
5698 87331 
42340 58616 
70003 36171 
42715 96574 
94596 12359 
12849 80073 
92192 82777 
84483 27783 
75548 71309 
74686 80553 
78661 38219 
35384 51504 
48548 37957 
25651 64315 
21788 65408 
90942 61677 
46979 82731 
6937 37005 
39380 4182 
47378 66885 
57214 4692 
65006 99121 
70449 9481 
32677 81844 
52382 16616 
77721 2823 
61904 2174 
56796 44935 
68 58544 
60767 53711 
18446 20426 
9546 55898 
28701 40186 
95366 64229 
12909 84501 
59639 52846 
62418 37597 
43293 90320 
79322 12891 
33440 72728 
59151 94479 
40231 7982 
35961 52654 
76920 64388 
11703 3533 
83460 11368 
10653 11866 
29338 48359 
96594 68229 
54911 39056 
65597 7064 
62163 42530 
80426 70395 
45579 60148 
43966 63575 
61749 97831 
18540 94014 
72346 76830 
85563 31631 
59290 13075 
5734 80617 
3187 25027 
83786 6136 
36548 23093 
63799 16666 
31813 79806 
81180 63012 
60901 79314 
75641 78317 
67740 97163 
25828 49978 
28196 66913 
768 83947 
32812 48828 
35859 94678 
16945 27690 
31882 29854 
80192 31741 
44330 18036 
82363 82799 
77365 9492 
76838 58826 
21752 65734 
43780 74483 
79414 41659 
15469 62719 
98525 95701 
43927 70945 
2593 58017 
47054 69074 
34545 84506 
83624 3507 
52561 25323 
49825 21099 
8254 40543 
60375 30184 
9758 2793 
75840 61960 
22392 36897 
64397 44824 
87791 59952 
41099 6697 
48723 1793 
10587 75957 
51315 5388 
50246 60277 
58991 29500 
9953 44476 
53140 1791 
71855 63450 
14392 99597 
9017 74309 
75364 67666 
5328 73024 
10796 17484 
50706 75224 
84272 91113 
5416 8220 
2017 14031 
35258 41884 
33780 6063 
55377 19728 
48374 67248 
84639 38319 
77186 6368 
4789 63125 
62820 33884 
39005 61946 
71990 98121 
13036 83277 
51901 3828 
38714 6268 
87559 15609 
64477 41380 
73810 15208 
70403 66414 
50385 51289 
46314 41272 
60802 93085 
80660 56634 
86727 75170 
5186 36659 
78237 99626 
85785 33914 
47374 43994 
23484 25894 
17521 8647 
31168 46837 
24316 25619 
81423 65962 
45192 42417 
78806 53838 
94081 88970 
95874 62283 
55447 33622 
26458 79985 
47502 34975 
51977 16013 
98343 359 
86965 6434 
90681 68859 
68549 35440 
80967 47078 
81251 11705 
26920 39190 
63301 43160 
63817 29338 
23515 8896 
54376 94075 
8884 35635 
99671 45283 
2128 48004 
39213 29891 
95777 76798 
87217 41725 
84765 77477 
49013 32935 
43028 32340 
36686 47716 
1271 84137 
56215 39400 
22875 76307 
69783 73519 
82779 55622 
46341 64052 
90254 26673 
1159 37841 
60611 34490 
90784 73008 
33204 91500 
73696 11252 
53454 58107 
68911 999 
85207 32355 
44880 88646 
96351 3486 
49266 38519 
65447 76595 
46513 28665 
89998 81198 
64613 39234 
38037 35189 
65042 22952 
73887 47500 
40609 23062 
6197 7697 
14756 83143 
51793 28830 
62857 75294 
82426 81051 
1142 58479 
23123 77793 
92111 67165 
670 53796 
96631 21923 
98654 4795 
62396 48252 
61501 42395 
76030 87689 
4164 54457 
21812 86096 
26327 51284 
83890 48059 
473 20947 
782 53440 
1646 13276 
31083 42385 
73417 21382 
17521 88469 
79366 31985 
42841 96164 
72260 71426 
55472 78442 
24193 82891 
5540 93080 
68 32236 
72495 42117 
24120 54699 
84485 67904 
84563 22893 
26567 11344 
45015 37628 
9959 33133 
82957 17458 
27747 37231 
55340 90266 
53808 77272 
99297 70788 
51197 71259 
12002 41641 
43826 97643 
17839 42271 
70998 96759 
23367 10142 
88202 55612 
80945 11593 
99545 11111 
30434 45931 
7301 67122 
65045 5706 
42276 84083 
72201 28492 
95036 66426 
33161 81117 
2510 42686 
26234 75948 
57105 5918 
67519 30648 
96147 57943 
40448 47798 
98357 79931 
10759 8802 
61011 33953 
97125 47706 
56546 85418 
69260 94888 
70589 24648 
75175 57986 
4745 57389 
57097 38029 
86935 28642 
1668 62420 
69688 42004 
84144 53204 
12511 37535 
8640 39061 
38296 95206 
16843 62459 
25720 38098 
36195 29645 
49662 19787 
65144 441 
9908 93702 
47922 17266 
94754 78787 
74145 28371 
10585 55394 
49631 68948 
71110 48096 
23936 25623 
80656 78008 
27438 24754 
64778 96168 
66175 53031 
98395 41706 
46205 40081 
56780 3736 
50897 7072 
67954 4330 
74352 12770 
76356 61402 
22081 9067 
37167 34966 
26059 51678 
48255 8016 
85494 98539 
92399 4100 
36873 68357 
6351 97718 
77314 24863 
15226 30770 
13736 98465 
70823 8539 
87064 56360 
10704 12091 
25445 84572 
11198 30449 
13358 50968 
41985 85553 
24568 76983 
42490 95753 
55985 57624 
31060 99479 
16825 34223 
26731 39711 
72842 42522 
10380 92034 
18951 29834 
77132 4280 
55233 59352 
35136 4172 
71059 97112 
87161 22867 
47 7696 
90942 76924 
94514 68434 
31789 48995 
82336 48697 
56717 8397 
11340 90806 
13184 16741 
56804 72149 
7502 70899 
66170 24287 
48098 45884 
41718 34158 
66991 13558 
16758 54913 
19238 29605 
63778 9497 
44548 840 
84067 78775 
37866 67663 
67427 27812 
16463 62356 
77947 38881 
89900 32928 
17151 87805 
36216 54336 
39426 21457 
62788 84156 
46260 68553 
83524 58180 
65617 43307 
75414 62899 
30684 82084 
86921 66458 
8270 86894 
58300 37450 
91279 36361 
79652 31761 
61976 64766 
56376 81701 
53182 2816 
73634 78792 
83041 19981 
51577 1810 
15711 7571 
61258 5086 
5047 94155 
27543 48567 
11339 90485 
79793 20745 
42113 19797 
23669 78355 
57247 1171 
98164 2588 
95872 18548 
50794 50586 
27982 26125 
10858 63106 
7187 11976 
65776 74510 
2726 66105 
48736 59594 
18607 76573 
27227 43288 
65700 7892 
41509 93885 
38591 99582 
79672 18215 
63212 59600 
91647 78041 
23512 17301 
38398 50987 
45867 43638 
44481 66412 
18453 42511 
72258 56903 
49460 66503 
64280 79456 
22822 12652 
6698 76890 
93053 9512 
51039 69694 
71779 15406 
94265 91244 
97773 9636 
57780 5207 
49521 73314 
24875 72975 
54825 24570 
93097 71055 
75413 94079 
73092 93653 
96252 1168 
18739 14015 
28997 18182 
4694 19633 
46946 91406 
76975 81024 
4892 20464 
89786 61565 
61435 84996 
7523 26727 
13591 47309 
94734 65072 
73954 52794 
38798 90500 
69190 96069 
50167 55477 
15323 20152 
63246 68368 
30038 68374 
17337 74495 
75139 14346 
31536 30178 
83353 53959 
84 71750 
12804 55218 
25372 57445 
89794 26665 
74682 39035 
45907 83189 
93683 2241 
29024 59240 
34824 183 
69463 43758 
61973 92526 
12263 88581 
74016 94460 
84539 72655 
49577 34317 
52861 88073 
52649 16349 
39779 50767 
54612 86076 
10901 28643 
22008 99642 
14333 22988 
91361 5709 
52841 35192 
2484 58700 
95724 134 
89881 95571 
92223 70026 
38261 24797 
31146 88062 
92586 95874 
2457 99943 
75739 40430 
55738 13125 
7570 1863 
17695 28605 
37954 99478 
26317 38124 
3452 5187 
62812 841 
92276 46115 
14111 87873 
55480 84822 
78516 10518 
33627 70351 
34991 28542 
77691 97958 
32590 68632 
30512 63110 
20736 69894 
873 46237 
33293 13240 
6105 18719 
59822 84579 
81094 17718 
85929 67889 
51668 97712 
61274 63609 
48574 29987 
58604 80180 
94569 87826 
20079 52170 
31667 24772 
48182 97102 
68154 26095 
87691 34890 
15697 89476 
62456 58784 
55757 69917 
76131 64730 
21445 6014 
59563 17300 
6095 30002 
49199 54616 
13025 52332 
10629 12167 
42320 3070 
79330 75965 
69933 7015 
76695 59184 
12004 67211 
73580 33244 
83024 32371 
15912 34244 
50303 27786 
97286 8701 
59191 36367 
62035 58769 
53586 26760 
48901 96404 
44500 38833 
40230 18393 
85777 53358 
64522 69738 
562 92300 
11201 71555 
64689 18941 
55626 51497 
93895 32878 
59664 29621 
608 83987 
8534 80705 
83042 61560 
68181 15197 
84395 50061 
99111 95319 
13226 81344 
42358 30252 
47370 54682 
1229 74942 
53283 40557 
78442 90709 
40249 31961 
92493 12697 
34662 57783 
89317 9131 
3391 26912 
85763 10394 
77244 28776 
29920 32163 
25630 76314 
39972 16139 
11746 40750 
88096 64340 
13949 94032 
28765 48518 
33482 44449 
31904 34928 
21266 23673 
70476 76501 
47248 59364 
29384 89430 
4601 46471 
47950 49209 
88079 12507 
81816 12397 
10882 57298 
71728 94672 
27671 36132 
36470 13176 
12659 46685 
65126 31741 
1212 74778 
69875 31256 
40995 51741 
74692 64269 
14392 77044 
57610 42835 
87798 63877 
34593 51723 
15367 72469 
71651 75251 
74851 6198 
38418 75354 
41437 58925 
71271 60930 
11818 18484 
96929 44071 
75190 50898 
78518 87474 
90492 12627 
85272 9161 
69910 64059 
54284 25546 
87531 86428 
8164 81993 
28977 36506 
15986 41174 
72978 8636 
36563 73845 
49053 12078 
62867 24140 
46801 13130 
94354 1998 
61807 36123 
99935 89068 
50740 65126 
98552 31238 
33947 39113 
76558 30870 
27717 87297 
81538 44906 
10321 8505 
80730 41183 
26075 58711 
48860 64630 
9861 74216 
55022 17438 
70912 24464 
51088 62891 
9128 58138 
25233 21204 
49783 78899 
73264 37557 
73230 63042 
57762 67446 
85020 10313 
70447 42525 
18867 1302 
86705 51338 
89949 20034 
2877 93613 
19286 88799 
76711 44272 
31270 53751 
49263 93846 
85897 54410 
12592 15701 
44853 8011 
1729 47270 
86321 40469 
31720 62461 
77229 99750 
70910 55439 
83637 94597 
40213 52210 
50036 11757 
54735 15718 
6592 78282 
78936 12627 
69680 51966 
49400 65532 
85540 42597 
30329 23003 
29495 89466 
6048 41720 
13873 46469 
82069 89879 
76640 55108 
61683 49110 
19713 17860 
88604 13360 
41026 19616 
97811 57483 
57635 83273 
96547 75751 
48520 87082 
5347 71041 
55172 15959 
24965 9153 
65702 66739 
59292 39541 
73884 78227 
16572 23661 
48430 10900 
31695 5221 
69743 58243 
840 2805 
91495 31962 
96418 4661 
62618 26699 
35051 97874 
1615 36351 
4224 69732 
49599 63768 
14295 77764 
41040 38315 
31693 96755 
21948 31700 
66435 15989 
14041 41440 
32491 78021 
70440 93488 
73061 21496 
93533 797 
44507 14816 
88842 2961 
82434 44933 
10116 3592 
31365 56084 
10318 16716 
5449 16992 
50779 31221 
61839 31867 
36515 3273 
10628 484 
39554 90622 
55676 75677 
44091 49842 
59156 62788 
97371 27809 
49349 54922 
78463 92095 
45975 294 
3381 61473 
60254 53537 
69529 17329 
37962 71508 
5019 99564 
52862 75967 
29135 16424 
25195 20438 
49074 26712 
35352 66619 
15056 84963 
26322 96913 
31012 75405 
40235 63956 
71245 98934 
14063 5474 
84852 18801 
67472 33347 
79132 15375 
51840 39473 
60824 48065 
93629 47823 
79724 73380 
57574 82025 
63100 22127 
75564 10887 
51277 95830 
35639 80452 
44859 2753 
2159 40504 
52314 17266 
43013 25865 
82936 12803 
72635 58427 
64735 88274 
80623 94509 
79343 80592 
4938 53984 
96806 31781 
25911 32534 
61915 58225 
2735 16480 
30778 51656 
47628 90812 
81345 26808 
34516 55351 
24910 18998 
68885 41456 
26882 26411 
3338 52199 
4654 86508 
69458 32671 
7949 73698 
10704 13872 
2776 6338 
43381 63585 
73956 55088 
43115 20706 
33170 51796 
52824 85690 
69561 8354 
34792 89082 
8144 68309 
44295 62555 
47660 30553 
85095 92440 
33922 4032 
18159 44422 
87359 75157 
34154 9885 
44149 95493 
67499 39354 
89195 26305 
25218 96523 
56157 8658 
27338 87555 
44883 63037 
7251 94679 
59751 60818 
238 70512 
3842 51430 
56279 30131 
73288 73685 
49277 11602 
83767 27496 
19015 62490 
26818 33079 
74440 49798 
97521 58762 
7263 83893 
57037 55612 
13427 93115 
93606 97399 
96632 85121 
23842 87739 
32897 83443 
32478 62805 
8066 33300 
83225 87596 
1163 29405 
45973 16530 
75709 30323 
76301 64983 
58353 88872 
52117 17423 
29617 46128 
19206 79902 
25057 7791 
22568 69914 
46838 45977 
3658 25044 
15468 46952 
24976 3292 
49376 55878 
42930 42601 
46042 53348 
87511 44901 
52544 35288 
23002 50800 
55682 57757 
57837 75119 
92237 51235 
43664 80555 
78472 5189 
53780 77024 
84628 73007 
59329 47622 
34968 49850 
27982 18633 
96812 31538 
54332 10647 
33069 71246 
93779 30611 
31902 12651 
12463 90501 
94475 93079 
84588 67329 
57110 78268 
65517 51292 
47759 11576 
44058 64173 
28308 34758 
30620 68437 
54058 64885 
69259 28990 
89604 92549 
71091 34204 
56403 183 
54166 30554 
51434 86141 
40614 76088 
68705 20135 
5707 71966 
75694 48671 
95485 88436 
45414 15348 
29648 61844 
21421 60166 
84693 2693 
97854 14458 
8564 21226 
29550 13620 
52607 46677 
48270 8486 
19182 89059 
50251 68045 
14032 68254 
37589 31112 
61341 14166 
41360 82630 
86397 23824 
27911 1506 
95856 46591 
91440 51146 
88852 56990 
65748 61349 
13527 66194 
45956 80749 
43021 17814 
97032 62697 
82587 11416 
40112 84309 
35192 98047 
49899 88313 
46825 96070 
66837 80417 
24706 82720 
26265 11125 
71678 27076 
33462 20195 
8307 43486 
68223 24439 
60532 61018 
85579 85069 
75219 24117 
90251 99546 
88520 62417 
1619 24632 
12722 93526 
93279 52377 
26061 51606 
86645 28741 
46983 66716 
1602 25832 
49429 55105 
18893 52991 
28918 19057 
88666 19431 
60596 96382 
27568 41701 
99837 44253 
82756 22922 
63628 89891 
5409 17566 
96657 31422 
68567 35504 
69897 26283 
84544 32093 
81430 61654 
25720 77275 
29369 61662 
29145 95984 
4956 49457 
70192 24576 
10243 48810 
23403 33595 
39264 79462 
89708 25850 
74194 73237 
58343 30613 
38693 13802 
89105 79676 
19508 81966 
45974 69094 
14374 70528 
86663 81596 
89337 17944 
14325 69001 
31856 98477 
27450 71393 
67389 97958 
61842 80380 
66646 98969 
4672 37458 
8268 96958 
74695 95322 
77438 69723 
5057 59880 
74769 26670 
35494 73845 
81780 71394 
19279 98903 
79375 21398 
76928 2839 
43966 42108 
83449 60393 
52219 68894 
58856 32213 
9891 10393 
42677 94954 
82792 49200 
72352 57387 
48671 81898 
52729 12331 
7643 69338 
99224 42271 
85751 287 
60795 17746 
41359 6752 
80525 1865 
37305 7698 
31370 1801 
73065 99385 
72575 88627 
80671 55158 
8283 40595 
75733 45287 
93996 51747 
20592 38352 
28881 87693 
552 99632 
92287 63473 
36029 59125 
31376 64585 
53628 82055 
83459 31612 
17319 38114 
21381 81277 
77283 32182 
43228 42375 
28428 28903 
88654 43664 
83209 76250 
53300 2680 
54077 9083 
90046 29306 
9757 92713 
31252 76070 
16505 48619 
39695 38267 
613 89709 
97532 31377 
71630 80902 
72458 50644 
27137 32303 
58082 48282 
19376 26892 
71615 47440 
1621 82371 
6120 48902 
87933 47725 
76843 76404 
53742 39030 
71574 49553 
76719 26187 
13499 69495 
67466 92507 
71699 51820 
67791 2447 
9197 43604 
674 29325 
41387 17090 
40505 14425 
88725 41170 
34779 51711 
46684 93666 
49151 18204 
63300 92339 
26588 99104 
10033 90628 
48363 88864 
55176 5305 
59686 84663 
761 17562 
76043 27132 
23632 16465 
17604 84659 
69318 34306 
28587 22245 
83343 57042 
26032 43649 
28785 79857 
88158 46401 
31164 17805 
36354 83313 
12179 74565 
86788 81206 
22321 18532 
47754 27853 
59052 14777 
17066 1501 
62052 13862 
90178 83844 
9910 4052 
24179 66953 
3691 92161 
15396 37415 
11973 90093 
39075 96811 
69219 49059 
68454 56675 
64774 1547 
37508 28208 
33300 42290 
36757 12248 
59133 3799 
34733 83416 
36818 59481 
99069 53827 
88008 17907 
50625 96415 
20922 55516 
21685 5629 
32743 71819 
4968 74203 
97604 41145 
74038 68639 
53227 78016 
27699 93211 
97820 29441 
61016 42548 
35483 56713 
93867 56218 
63177 71779 
94250 5252 
75202 48762 
18063 60171 
72188 39959 
49639 12829 
732 87409 
68101 50283 
17129 36116 
83371 7863 
64044 23022 
82709 60808 
72494 37065 
3720 49016 
53192 19952 
2989 67889 
21079 4710 
20872 99740 
4771 69663 
52424 4849 
28704 19170 
22051 39015 
19904 89259 
25195 15347 
83591 16257 
44210 82004 
12264 99567 
67559 44763 
41407 35939 
41551 23518 
41649 1900 
62078 95210 
41996 13445 
70142 42179 
11624 97658 
49444 94572 
88817 69638 
36899 28177 
34747 19888 
47675 54951 
7090 82306 
85184 22502 
93902 70958 
53446 20912 
21682 45005 
14314 80554 
53237 85486 
35322 32922 
20736 45096 
55207 98007 
97241 62649 
53659 56371 
96069 17627 
49472 61833 
1460 37033 
66928 51563 
76345 56680 
4174 14365 
63389 82153 
9248 85081 
94048 90843 
19565 43295 
47022 65781 
48873 7888 
52259 54440 
12025 35498 
19616 1234 
62416 50590 
82266 11153 
79501 57565 
84149 63751 
84559 11228 
8013 11694 
81690 50952 
36015 66106 
18029 35989 
58406 92147 
32242 54617 
97444 12599 
13597 18248 
93496 44636 
25252 93045 
8196 75561 
54871 66304 
35544 16953 
43288 92552 
76014 63510 
7638 15223 
21001 22786 
19249 13764 
15370 75116 
18542 83164 
14393 69193 
49293 13137 
28011 58091 
72836 97584 
50162 32957 
79114 71448 
3825 17169 
45998 41721 
93436 42461 
10833 52109 
45542 40294 
8961 96725 
35787 46739 
2759 77221 
45787 37177 
71731 79849 
66953 78315 
59303 34248 
69989 9345 
75151 4080 
88576 41501 
33293 51198 
23682 95842 
65590 9598 
60937 82780 
87964 3215 
7700 63695 
12300 42464 
98734 24903 
90891 38455 
89779 37322 
52239 80917 
56899 71375 
37125 36153 
46092 85983 
72088 34679 
72474 12927 
23797 34762 
51227 13451 
62263 67648 
53569 92651 
23467 93056 
20124 19014 
2658 19386 
31407 11420 
28465 72089 
30485 23974 
64908 25776 
16481 80240 
63508 50903 
79177 82758 
40922 64245 
24828 51164 
88848 13868 
51139 22805 
32462 73952 
65452 83431 
41212 72556 
4313 82357 
61522 26314 
4888 26444 
84822 10027 
99110 40292 
86284 46280 
49952 26249 
69729 60429 
25931 57153 
32416 9723 
14661 87145 
19754 61790 
9256 71500 
74463 67367 
62366 45062 
97286 44913 
91815 20732 
27118 70606 
39096 34363 
17208 46237 
27363 80517 
31124 99642 
39138 54691 
7215 57579 
35566 41977 
43572 19301 
68864 69523 
36793 50635 
97522 70762 
67375 12939 
99820 93047 
62119 39134 
95428 17149 
79666 69818 
27098 47025 
59151 66533 
24905 71323 
43894 26344 
73999 94274 
42180 32152 
33507 82966 
15389 86567 
9012 80396 
90088 93624 
63923 89298 
75151 72312 
66118 40417 
27611 8569 
5380 20716 
51630 78359 
84430 51960 
33840 3368 
81784 78162 
15279 33044 
8196 41597 
75246 81936 
30089 1374 
55614 89669 
13182 76028 
85487 12384 
47431 72143 
75582 99135 
50425 94709 
39267 54450 
10531 21737 
62977 39160 
23412 65598 
92503 15610 
95881 36615 
23682 487 
39664 70629 
86079 48739 
54241 81579 
86493 55480 
2764 52575 
35445 29225 
17946 84508 
14309 59479 
35831 79939 
53321 74422 
44556 51811 
81426 60323 
52464 11500 
77788 93335 
25350 8734 
1731 16418 
16170 67172 
3015 79426 
12183 83674 
17534 48752 
54287 36804 
34897 84431 
41234 80627 
83824 77240 
17423 83568 
18865 36079 
57142 8927 
7706 16791 
423 23571 
12140 87606 
66056 64397 
27782 33489 
65883 88343 
97687 11955 
71115 81068 
43249 86281 
36225 1819 
62142 78543 
68873 97604 
27473 4554 
45346 28482 
84982 75501 
10175 7562 
85807 77002 
65857 74292 
11181 65264 
54022 87647 
42424 52172 
52942 47040 
4655 86412 
67911 23084 
65920 76064 
70822 7779 
4721 39646 
53190 74263 
68460 17203 
92872 69962 
32868 20788 
98937 53782 
38234 54553 
91388 27935 
22089 88706 
92868 8048 
89978 28665 
58020 21418 
66038 81044 
42805 22554 
43341 81460 
20902 67626 
10292 15650 
87207 94992 
63855 35032 
49468 17655 
32970 40595 
98291 45336 
26265 84857 
62998 18789 
86975 20679 
6251 57028 
85008 7807 
83892 89361 
1139 73298 
98088 68417 
61583 10352 
1689 37804 
62516 91579 
69577 58596 
83590 67351 
38858 82549 
27106 17667 
33878 96756 
35199 26805 
34356 54385 
31265 54057 
15309 49227 
3821 80984 
85999 87953 
1076 25851 
81798 63322 
32740 29305 
17624 33985 
81928 31856 
94532 72138 
14471 83350 
62092 48944 
35598 47376 
78303 89452 
84614 89424 
76128 43715 
77077 66629 
41098 88846 
971 69043 
28017 97955 
48408 97652 
96409 86217 
17686 2726 
24176 71785 
51821 47585 
66817 69794 
89177 7508 
65613 71427 
89404 61252 
72333 46812 
63619 83543 
50294 50454 
81599 889 
32040 994 
50763 30198 
62422 53272 
61771 79949 
32524 79954 
73830 57025 
14666 32496 
69125 88841 
41637 56692 
40265 40004 
34324 96842 
87240 75522 
71082 34301 
91109 98445 
9466 71186 
470 68812 
16359 88036 
13757 92944 
36059 75428 
65496 57331 
27568 63883 
27866 69776 
32078 53800 
20284 61950 
89596 77769 
79175 2125 
9649 11263 
77714 64646 
15206 84553 
1019 3533 
21206 38626 
76158 81647 
79524 10938 
28275 13964 
20702 33042 
84249 93760 
49475 71449 
73531 83876 
5878 45499 
82133 71777 
86641 11612 
234 6680 
32608 11968 
66454 59847 
27093 47475 
52576 74988 
17338 49841 
51339 4697 
66693 95620 
26897 61043 
68629 26296 
62652 43606 
5386 12794 
94358 46706 
13829 30231 
47783 89013 
28998 89307 
9657 53404 
11877 4411 
48235 72652 
32056 65341 
65556 47429 
68267 19473 
7275 37110 
10149 64299 
77975 20973 
93182 96409 
9916 87685 
75334 62349 
11427 74288 
68807 9197 
77494 42454 
73119 38289 
79553 49375 
16854 24197 
64110 43422 
4524 72890 
80534 90576 
82296 57962 
27195 16655 
81746 91838 
52130 32468 
74334 60111 
69468 94290 
70939 71436 
56123 40451 
30619 52883 
74557 36294 
620 51188 
26931 54421 
95732 84048 
83539 14891 
39230 22426 
44141 10904 
29940 74770 
84672 49518 
70350 87095 
13755 44070 
89260 69113 
13582 5228 
19099 5863 
67888 90986 
42821 16782 
86171 92403 
8226 79676 
17700 51527 
18557 45782 
11514 30699 
47408 33912 
19318 78310 
93246 6601 
57001 65079 
84276 99269 
37527 97063 
67898 94583 
63004 46856 
70679 8525 
16974 82809 
94527 82116 
29325 17618 
22706 53315 
95674 42252 
45301 17286 
20695 58929 
77980 70071 
20568 77768 
40105 70627 
63582 95699 
78735 49248 
49902 33382 
73520 36617 
31585 66117 
34206 86996 
52198 48119 
7236 21560 
41673 96024 
40822 23407 
36580 67133 
18926 74483 
8533 40641 
63749 36482 
74210 85994 
23574 42706 
29296 81510 
8275 85957 
95622 28520 
8292 58711 
95910 91570 
34558 26133 
73696 83559 
46640 89963 
57416 6241 
94264 31837 
27054 51099 
83449 8309 
79399 63405 
92592 6676 
3636 73100 
6185 60609 
72882 191 
4216 67706 
29223 49443 
43849 47234 
89921 19433 
96657 25669 
30677 64380 
59442 40074 
8178 63708 
39597 4925 
68652 73880 
27009 96685 
51717 59842 
3647 72237 
39559 29261 
9269 52241 
20320 21763 
77098 68537 
31532 37497 
76854 95902 
24555 24610 
54159 62813 
44175 83594 
35178 63259 
48888 87971 
73198 72273 
6851 65415 
49937 1490 
90091 31152 
8511 17900 
55274 16369 
87266 88865 
43207 88368 
44123 9570 
51175 16320 
9568 15249 
32363 96734 
83145 79847 
54807 16138 
93026 55231 
8659 94964 
71199 10609 
85054 26266 
57817 90531 
62431 95655 
37424 21643 
26908 44697 
27048 63321 
22140 19054 
81589 15356 
71081 24748 
55417 67100 
37149 1195 
60814 96724 
95522 8036 
93625 6765 
66661 14298 
54428 12639 
23590 73027 
79556 84518 
22087 62323 
10466 79792 
18671 74558 
72229 93251 
35087 39565 
2339 95219 
99985 74733 
69555 24044 
48589 65180 
49175 48663 
89358 90557 
75895 19427 
53010 31543 
78352 80894 
23724 8730 
10448 29039 
14973 29316 
33745 57113 
93117 42966 
72485 49324 
70774 37120 
58199 49606 
88931 34244 
4435 53907 
81868 88706 
3735 48753 
72197 19372 
18848 46293 
74636 55517 
48016 46574 
96657 18261 
80243 91527 
11700 7518 
20593 61913 
46393 15294 
57868 8455 
67061 40203 
67421 1434 
72777 35186 
90370 29224 
2306 80657 
7193 75544 
40514 38723 
28407 57672 
66170 10566 
57988 13400 
17531 88769 
46213 83236 
64702 69070 
37750 46135 
68493 61936 
38128 32028 
74318 23347 
67120 52440 
36700 6302 
41104 61712 
94984 19816 
28132 85647 
24136 70571 
49223 31830 
65819 53852 
57295 26461 
4431 55072 
11216 6214 
90368 20907 
76563 30459 
28514 59967 
27021 69122 
43809 36917 
90722 64524 
7697 31089 
84377 61743 
59377 40904 
4710 51334 
83993 28769 
1490 70713 
16248 17642 
39370 66058 
22395 70072 
66764 25274 
76165 3292 
49172 54396 
84908 19803 
91632 84728 
41067 61896 
70402 66102 
71092 30706 
17491 22815 
28981 45611 
53348 23131 
34874 58212 
42763 40667 
90453 76584 
56989 66556 
12408 162 
61090 64969 
12775 13354 
9704 51389 
20738 36860 
26689 12979 
84275 89674 
64523 83450 
12037 71883 
87876 31027 
15943 38635 
2426 17420 
93178 99002 
54771 38162 
42648 40001 
62214 60229 
45415 45638 
92213 31562 
51217 53619 
465 48909 
3930 68217 
53880 35365 
7644 26826 
10083 97053 
82019 99835 
98657 99550 
80688 88716 
50973 29035 
49671 75608 
55240 80517 
84136 69170 
71338 46110 
1320 86109 
26005 60000 
84980 5547 
23129 93550 
72528 34272 
46168 83962 
49791 24905 
151 22952 
90361 96167 
39221 28101 
26551 14668 
52356 68859 
67238 11025 
34700 21619 
84195 19613 
54819 83836 
72992 50905 
39260 85886 
57150 28068 
34930 1133 
44945 45405 
77108 69650 
67122 35219 
86313 19092 
20729 61788 
40782 87413 
19401 96420 
22976 26423 
3637 65933 
18310 92647 
95950 8376 
52228 12497 
95268 14492 
87756 42454 
92539 81116 
69857 31799 
55224 53640 
95167 35337 
72205 88625 
6110 16671 
72631 24819 
56950 28711 
32276 11046 
75955 57501 
59255 2861 
52672 67797 
7258 6319 
12186 94484 
98957 16875 
99322 82538 
54817 74165 
84840 90106 
13282 29299 
23033 34186 
97153 307 
35479 76484 
27927 73506 
69292 18184 
15008 93803 
79830 96711 
49858 75344 
17642 55000 
16583 55396 
57310 84336 
89843 9014 
91908 25547 
28634 39763 
30944 50130 
90174 62669 
81938 32830 
82001 99564 
66199 70276 
42329 14126 
17905 96453 
88850 24165 
42243 95111 
4348 42084 
63156 11648 
33877 10948 
74150 22587 
52691 23234 
16649 29438 
26756 32070 
49562 5562 
28340 90658 
40973 39600 
88087 84595 
8328 87084 
61905 53901 
56979 63053 
66111 36859 
18633 82798 
87517 6109 
71038 85317 
6457 8979 
28131 54617 
80250 68630 
25931 87686 
22191 50387 
93602 44802 
76859 48456 
91400 57746 
36429 2283 
17645 64589 
64584 8905 
35363 85895 
94781 57897 
45928 56502 
47799 78937 
41820 79488 
69886 58449 
3498 74494 
27256 51484 
66458 51260 
5317 87699 
73683 51061 
51709 46195 
45975 63660 
71104 52985 
48094 45462 
26661 36977 
2132 35747 
28159 65618 
1235 92188 
90025 69730 
6559 44269 
23851 58554 
68253 93827 
89437 20670 
97319 75593 
66012 4205 
29326 27457 
21013 70611 
63261 10099 
47627 20309 
29223 58710 
14298 95629 
37156 45702 
19484 76716 
85534 82651 
73177 99461 
63651 92121 
33041 41013 
64099 35611 
7515 38065 
33053 92557 
784 25854 
25140 47112 
15300 11702 
96943 54407 
46332 25906 
68624 26027 
30 24958 
6660 95652 
41564 57279 
32366 115 
33140 40069 
40652 38576 
53028 37354 
21381 53075 
96214 73961 
11717 7434 
44898 67882 
72020 28252 
62753 14388 
70147 11737 
10748 9252 
79380 93140 
4268 55555 
43798 21763 
31404 58824 
41525 83831 
30462 78621 
81088 67964 
81143 71199 
99028 73530 
98260 27476 
87950 20888 
29505 83343 
73337 34300 
49467 55173 
74756 33275 
10978 32434 
32500 86156 
61805 41413 
54214 50942 
59833 79328 
37754 52672 
23098 6472 
56275 24133 
32357 75545 
49491 67216 
63385 71960 
51044 75941 
63771 36651 
96124 98978 
4701 43804 
95725 9461 
32082 9935 
34364 92910 
13314 17843 
46611 60315 
26138 49272 
54429 42732 
64173 33426 
2138 26173 
40160 35057 
8689 41151 
52335 25408 
68005 29940 
42009 2107 
67275 76406 
11133 49932 
60398 98216 
87450 63418 
29166 69313 
21862 84378 
88317 61697 
77688 42665 
42258 69927 
24732 26895 
81021 9138 
82440 53345 
10948 57976 
65868 45871 
51622 51536 
75804 87442 
94732 16192 
40111 54769 
12827 78159 
57184 1515 
26348 70700 
14403 12688 
85849 11067 
54565 13090 
2965 17588 
41492 76059 
68508 89769 
32360 45255 
28942 79806 
98762 51863 
53535 42653 
51141 82346 
13678 63539 
11913 27754 
13083 26832 
51480 24607 
53052 8178 
48289 79485 
90483 43036 
59193 54730 
47987 49060 
89601 81028 
65240 57214 
34238 54152 
38636 37077 
18820 67775 
82298 85461 
10540 32006 
57725 84334 
80993 28207 
61578 23923 
98999 54613 
31552 29972 
2771 24439 
28820 30326 
50967 88410 
82163 45300 
80387 67000 
33728 88758 
4427 94205 
9226 22389 
70868 94281 
46447 14348 
60178 35642 
55113 15255 
46242 31995 
48377 79489 
60255 89772 
81701 27773 
95506 33083 
58349 68238 
65881 72627 
12427 67476 
84114 23422 
60171 90536 
57193 17672 
18083 9362 
5765 3751 
22568 12896 
2022 70039 
49891 38859 
86237 83185 
27518 87178 
65985 84433 
48371 68087 
24055 44727 
48017 84124 
61157 39590 
81498 44563 
77738 68151 
41274 63264 
55593 7184 
90688 96476 
34405 60663 
48361 35849 
90958 38086 
48119 83686 
19498 70712 
16326 2451 
80535 53835 
53892 48582 
32393 85366 
83794 71865 
84875 56250 
26569 85940 
17655 36612 
96061 92954 
87355 93036 
65583 75922 
6718 67006 
40706 56089 
16918 42307 
89052 49356 
89741 30034 
19730 45807 
90237 3894 
75499 79435 
2410 25590 
99239 51338 
70601 10339 
63005 18990 
37463 95961 
2695 66645 
65758 95463 
84303 27451 
15680 32700 
38733 36609 
12008 83401 
41333 56663 
76129 69793 
79579 31002 
16785 85990 
47765 89681 
70415 63497 
31067 52892 
57016 21406 
93028 51696 
70708 84242 
60292 13119 
55508 91934 
6325 37219 
26310 70996 
71885 27482 
82641 83773 
24187 22678 
28532 23477 
48960 18275 
55617 76749 
90053 58559 
68640 32598 
99717 26819 
32545 76846 
39412 60238 
98642 74550 
75738 68626 
23619 9430 
49003 41634 
29678 18895 
52986 87836 
66663 36070 
53609 60841 
27774 26077 
91514 92568 
39294 82830 
58947 71861 
91745 34733 
14913 77828 
4987 92942 
4172 1593 
22979 64190 
75506 67608 
15292 41734 
52514 96209 
21909 82552 
96305 32829 
15481 76718 
13559 6065 
70894 15752 
5749 66753 
25875 70711 
25702 3279 
88319 97977 
6237 24516 
96141 897 
52260 51131 
63644 88837 
42471 58419 
54792 91715 
69797 69403 
8185 7689 
60626 5617 
1194 84457 
52151 64826 
81393 60483 
74362 9849 
12302 21471 
78677 20753 
77390 59551 
78693 83843 
61437 57869 
20248 65212 
81529 61697 
77730 44050 
71330 38611 
81498 61473 
31752 75005 
17314 74330 
48721 3872 
2842 90268 
44493 9738 
38552 247 
72774 10581 
50785 17818 
89920 73733 
93270 80602 
34568 83009 
50029 68787 
26248 37663 
87412 47850 
49939 30316 
35905 48319 
27918 20585 
43378 54043 
92932 93935 
30630 82296 
67389 71132 
97335 3936 
22127 12680 
71929 69952 
35318 44769 
72515 81893 
97110 18490 
47503 67990 
8890 2484 
94502 4250 
7354 667 
13894 50334 
3065 81312 
39539 53750 
60773 1533 
3240 12676 
64501 12082 
31865 77719 
4216 31371 
46444 15926 
92936 84781 
31093 56596 
73161 15548 
66267 87741 
99772 86915 
75650 74483 
92891 11724 
18871 26252 
38645 65274 
73300 48334 
78398 60010 
87317 75130 
67732 86474 
54747 97441 
5288 53996 
55540 64145 
28579 96677 
31356 59843 
48963 45517 
16312 34342 
51195 5885 
22994 87311 
14327 21060 
91711 91992 
20189 47179 
47006 75544 
3295 12695 
69618 60439 
61719 86318 
84352 11211 
92367 31428 
84743 24005 
36006 82065 
63912 42491 
17535 35859 
97708 83073 
45196 22652 
30971 4746 
88776 74045 
50699 64507 
91311 88761 
90916 57964 
81418 61445 
3201 56532 
44088 18412 
44140 17622 
76630 82855 
76334 62232 
3435 74158 
53187 85594 
48298 31206 
59302 90792 
66302 37967 
8138 12768 
18570 21129 
56475 30637 
32708 84191 
81266 49987 
29316 40174 
78622 73594 
10706 5999 
86968 68975 
1784 25562 
6795 84236 
5044 95688 
87994 59877 
81709 79388 
82402 33531 
99286 4232 
13984 37054 
92139 60131 
1972 40948 
66167 30487 
83337 9787 
41258 13389 
20118 94155 
65939 15429 
44412 99504 
57449 29720 
89245 40455 
17479 41814 
77098 10207 
48883 42475 
89477 69094 
51918 64658 
20751 83700 
9888 3518 
27357 28585 
83568 22927 
19521 96292 
21367 99729 
6808 48191 
57902 7818 
1082 78595 
17535 98169 
887 57703 
61356 88033 
29785 65068 
16230 32807 
77840 24655 
2722 17432 
247 4939 
35074 70698 
59977 53120 
889 75456 
62388 91159 
40744 20496 
18875 13224 
38714 15709 
93938 89011 
3619 71201 
35445 95519 
67766 23090 
61424 71030 
55078 74032 
78345 9355 
73726 4869 
35662 89868 
69691 5299 
79294 69396 
37208 66097 
52750 45742 
19600 73191 
8766 39416 
49753 44733 
36606 30112 
73328 56353 
80607 27515 
69774 6889 
24039 52226 
36303 87140 
39076 51903 
28221 27579 
58388 80169 
55343 17457 
6832 21380 
18708 7362 
42731 53068 
34385 30053 
97375 99668 
31908 267 
68697 46082 
33714 83183 
20466 47722 
18933 53402 
61870 94820 
49960 1499 
34039 63167 
93509 83622 
9831 10831 
99125 51100 
21116 61003 
7682 41659 
63831 44810 
49916 61588 
95242 64717 
60835 39094 
30119 79149 
79636 83059 
62964 1937 
26775 38578 
91943 56484 
49910 90889 
96854 23778 
8661 32671 
28233 75874 
24503 76235 
97612 92017 
56533 61707 
19993 13255 
76505 85109 
48741 3237 
7210 46068 
60398 47805 
57135 93946 
92328 44074 
31328 33258 
9634 868 
23449 34538 
79446 96724 
97273 85173 
60482 19073 
47192 6230 
73672 38835 
86783 55944 
5669 58284 
52089 38267 
11269 6930 
21981 35767 
22990 50035 
51819 90189 
46518 17508 
88608 61078 
19238 57075 
85937 3157 
35734 64949 
65211 16504 
98933 49677 
76032 40102 
38471 40381 
93074 78936 
48887 59339 
49361 77590 
39443 40631 
46627 79158 
54602 91535 
2235 37298 
19663 61427 
89132 81387 
89533 4130 
430 69975 
30327 93952 
23375 6136 
43222 83133 
38875 29801 
47952 68939 
72171 46788 
79318 72398 
7893 2019 
14285 17402 
48406 55257 
39505 38934 
38252 71734 
89504 42173 
99417 97148 
34349 80455 
22302 46773 
72213 19382 
35448 1794 
87084 6810 
33454 72495 
64767 74002 
76970 57554 
21340 51945 
91271 1436 
87421 98627 
80613 27786 
8850 98022 
44440 5694 
69837 9597 
28486 87859 
18131 18342 
68881 44924 
73449 59635 
90649 8613 
30168 70721 
3268 27856 
23216 51114 
95497 36648 
12108 97948 
69222 30208 
52265 19116 
67830 46837 
64990 16966 
48449 56895 
87954 78402 
19370 67454 
86509 3425 
14075 61420 
32856 53456 
1489 3305 
14855 3246 
38460 60344 
19190 35723 
54914 7253 
44618 27826 
24740 5716 
40213 37197 
16186 75529 
30787 14537 
34383 3361 
87081 34492 
65615 67217 
21860 59153 
7999 89915 
44705 22533 
26524 73314 
88073 51853 
1695 6493 
25114 22026 
50525 85733 
35772 73425 
86221 31893 
41838 9819 
48604 41669 
23938 33332 
81187 63209 
53824 66319 
52782 43693 
23879 56263 
21608 56755 
32414 59097 
18112 80975 
88113 48822 
79039 67196 
29886 6819 
99776 2040 
19448 2989 
84584 47759 
53076 92642 
65060 14416 
56285 17995 
26020 99428 
70609 21232 
24954 11595 
15144 47249 
16321 82016 
7238 38517 
95159 52682 
56448 1967 
55839 24990 
3817 58340 
21262 45128 
64565 68135 
35407 954 
46420 65144 
27835 5934 
58134 18442 
52634 49674 
93121 86825 
76237 1718 
71681 25841 
38655 65539 
51957 56898 
40883 93038 
74547 10361 
17600 86341 
88579 10122 
38729 33359 
18148 75822 
46052 46276 
67112 80710 
71768 98057 
27572 18081 
4757 81046 
52749 97281 
67270 43846 
78530 11473 
39850 97962 
29572 93684 
25560 24022 
25691 5055 
75865 48930 
12137 79839 
10080 9917 
73396 85326 
47796 69215 
54334 41736 
39512 93950 
4779 87038 
24470 69876 
84025 64723 
66719 74665 
10316 58757 
20501 96759 
16992 99246 
54281 49148 
81793 14803 
19096 93936 
28700 13152 
81375 63215 
62747 30214 
52957 34487 
87398 99723 
41785 94765 
71352 60375 
15581 6514 
77066 35563 
17791 70669 
36808 91956 
184 67274 
63730 7489 
39707 42622 
15210 56783 
88547 3324 
83654 52557 
65840 72309 
75946 65313 
37027 59571 
56938 80377 
42629 1303 
74615 41319 
32013 25110 
55015 71846 
29731 6075 
53493 64455 
12087 88754 
75590 73444 
99821 63508 
35562 52323 
79150 2129 
3510 31234 
47867 77304 
3112 38685 
45796 13244 
61103 33704 
69657 40678 
76937 29477 
91176 58405 
76485 57598 
94330 35731 
37137 43238 
22636 25388 
23363 35868 
80682 94882 
51547 67619 
65390 25741 
10841 91895 
12019 74765 
2801 88601 
27487 39114 
26746 9110 
49312 17970 
30049 74066 
12348 17508 
62995 30177 
27424 3023 
26354 18353 
76129 62339 
76514 4841 
4181 7995 
57760 79461 
52182 12189 
64225 30629 
97037 38131 
95075 65510 
89878 4158 
55617 55499 
67121 92892 
74363 52130 
80055 96691 
51417 36616 
35406 72792 
27171 37394 
64361 66781 
61876 74363 
40791 51433 
46505 65956 
50757 19428 
23188 65752 
74837 63119 
79568 79015 
82437 72255 
95556 46368 
52944 81443 
63282 71767 
32447 3164 
71415 14977 
6722 89237 
43595 64966 
21253 73933 
47340 59952 
7326 65279 
44615 22247 
79531 67624 
38142 31655 
54520 38141 
78554 69842 
3446 2722 
36680 29906 
91233 82577 
12522 349 
74681 11868 
47887 690 
28377 58832 
33182 67162 
42482 98093 
50548 61244 
89691 20269 
75270 1239 
89994 6438 
65330 97650 
11376 39708 
5009 6818 
32135 73851 
32577 4092 
56286 29856 
74428 17744 
17296 45257 
28404 57910 
27442 58229 
87598 21033 
30111 68678 
72584 49587 
90635 81955 
44806 79322 
17581 7311 
6763 11817 
40881 52843 
55682 8838 
85806 31440 
46498 16794 
72495 68111 
37286 94542 
39594 78081 
35654 35858 
37555 67175 
38189 49063 
62214 91254 
56664 80640 
2511 99866 
54540 47090 
57555 80752 
75167 69855 
37709 16491 
29158 91842 
1965 62330 
22548 90863 
99608 55106 
49645 95275 
78020 67177 
44885 50169 
90427 26416 
86547 78640 
87510 33572 
71828 31973 
5022 21665 
37581 25067 
65886 18619 
83920 8926 
99733 93930 
68928 40785 
45448 92944 
81876 74234 
42975 88196 
69629 6639 
39536 6248 
86341 89246 
32341 20614 
60077 26529 
44988 36607 
21633 65660 
87982 32312 
20648 4429 
85127 61408 
61994 26505 
57028 68179 
31452 6611 
40555 12816 
43869 15022 
88809 55986 
39256 90719 
40008 5652 
72709 45598 
65663 86249 
92562 8345 
8538 50587 
77842 15880 
99065 18222 
10887 12726 
95295 90535 
93900 24227 
25873 62411 
79227 28223 
28173 23129 
72340 61621 
64436 14991 
83753 63212 
67575 97185 
51556 72197 
15342 44535 
29729 73027 
56578 96035 
39117 1516 
16561 56427 
7686 4605 
89752 45624 
84623 76734 
87760 85359 
98853 79462 
47910 10251 
46722 87798 
23547 91299 
35875 96645 
71038 63868 
82774 63818 
20411 59331 
59818 62307 
66685 49798 
14711 63748 
47128 28737 
39493 77533 
76079 66788 
49571 25525 
93396 1731 
44100 41072 
45220 44270 
58259 42798 
56458 7230 
85217 48604 
73230 94732 
41019 63393 
50499 20045 
69145 95185 
35224 56087 
33156 28654 
48551 60894 
25632 12517 
1959 61920 
29509 97799 
91703 27616 
3974 97678 
3533 2526 
31197 26432 
25359 32994 
52533 14953 
9402 64601 
43153 93354 
47327 49551 
22672 77404 
21974 62507 
75960 94808 
77489 86741 
63117 39833 
6052 98974 
30507 50309 
83827 50899 
95782 59757 
1385 18150 
68976 89184 
24568 63353 
89055 8055 
90596 38879 
686 11983 
91216 37094 
69570 35917 
19760 81098 
36292 45875 
62234 37377 
38472 29740 
93880 23250 
88875 38202 
2140 76664 
83201 10607 
94547 53600 
25420 57302 
65787 19282 
803 59999 
92030 3336 
97218 94758 
92589 96202 
73788 78365 
49080 74366 
2680 88211 
462 55316 
64547 8211 
38700 99682 
61110 8875 
14245 97610 
19344 78329 
23153 99189 
930 82898 
88357 74627 
97908 50820 
66471 18889 
90876 40703 
8477 47599 
69618 77546 
77735 66320 
67694 13459 
81990 33652 
42330 97649 
7384 80121 
38835 20816 
51975 89462 
14825 32788 
43828 96628 
63673 19047 
94507 7767 
68922 61723 
82618 1393 
41763 3734 
84021 27110 
42262 80890 
65458 78506 
61649 86149 
36524 80213 
47770 82615 
11302 95619 
88740 87455 
65405 31375 
30824 7596 
86818 87559 
95778 19881 
9613 78273 
80143 53304 
88478 26423 
64393 49007 
18977 18575 
33399 44931 
33541 91044 
11283 56293 
6422 6728 
43588 547 
82195 73719 
17524 46011 
1848 51349 
97159 47078 
38121 87087 
64523 65693 
67449 28569 
99920 68772 
99748 59057 
5135 34265 
59220 11756 
71747 94778 
59468 28660 
23461 96985 
44439 42981 
16096 57483 
73059 80733 
61836 51339 
9866 96638 
55346 78246 
46611 82320 
18527 13027 
20441 10591 
47982 62177 
13192 8666 
44653 16187 
13246 85252 
28639 8592 
96537 71724 
93858 66996 
36487 75976 
37013 68786 
84020 89036 
3218 94778 
68267 29161 
26669 7773 
56172 55899 
8943 69780 
74924 37447 
69743 51625 
45019 8695 
25351 81736 
93679 14403 
98578 27052 
18498 92284 
40651 98374 
49384 14092 
50282 24864 
13216 69341 
8043 48000 
40115 45910 
5246 43967 
62823 34537 
35650 95300 
51391 60082 
35627 97508 
94265 21452 
3810 4502 
83772 4206 
4812 87833 
89174 15103 
63218 9040 
3613 76249 
83884 81895 
32674 7993 
92460 31855 
51730 24362 
76095 43740 
96849 62554 
18443 25482 
69751 68928 
65378 5719 
31167 67888 
28231 26058 
28913 47221 
29896 85079 
57094 3691 
25818 40388 
71072 6063 
86656 77548 
89189 49251 
12334 10221 
96693 92888 
58200 84581 
29931 410 
93221 22868 
59581 20577 
77381 55882 
10548 82388 
40877 62300 
53128 6483 
71260 53870 
75120 71341 
66291 19879 
97830 11011 
90111 71706 
30205 62569 
78187 8850 
64850 26164 
72578 61533 
7270 48242 
33188 51739 
95379 89429 
62977 54571 
10192 92552 
5515 34798 
584 23411 
21775 79702 
45078 17167 
29748 48644 
51880 26586 
95247 12187 
54689 34888 
95140 59218 
96316 65581 
35346 9160 
4722 94397 
95032 78219 
56821 44361 
85779 13532 
94223 23981 
59856 27143 
2095 50721 
75319 32954 
87385 87135 
27259 14074 
95893 5461 
84369 25472 
89017 87918 
27855 67370 
60480 64655 
75786 48525 
10924 88970 
90129 95372 
14012 50382 
5986 52908 
1484 30064 
92996 66296 
66624 10331 
57344 28362 
35679 60102 
19546 27426 
84972 31647 
57903 32422 
87847 20423 
90472 7767 
60006 59436 
79412 59158 
34421 42337 
80722 73296 
37742 95297 
29706 29459 
58918 46761 
47859 28935 
97789 76277 
80444 9495 
56446 58847 
25676 86414 
89405 59656 
96214 89003 
60000 75504 
61559 42139 
59839 63923 
56036 76032 
35800 48692 
1124 34221 
34737 41362 
83266 89787 
19945 72389 
48638 72800 
35365 82620 
24917 58222 
93653 86111 
56753 62812 
42422 78657 
46421 52008 
19339 32890 
24046 63327 
41211 90466 
32836 11532 
84812 34580 
3900 52610 
7917 1950 
12530 48558 
27841 72406 
53235 93044 
21787 56354 
44336 29189 
38372 85628 
74604 15046 
12946 1639 
34214 69780 
60649 26217 
30167 64132 
80638 95182 
72421 2434 
42508 32432 
31065 80257 
41646 43207 
7218 91725 
4117 9200 
30706 3581 
93657 75323 
96113 9292 
23412 28163 
75478 25798 
3346 79572 
670 97937 
60512 85317 
91407 31165 
53933 48366 
15897 81869 
68364 79105 
10271 96377 
11988 10714 
50219 4747 
61900 96868 
63696 43429 
98246 51123 
97064 2145 
42949 22544 
98729 64597 
72194 40563 
64071 40088 
3191 3503 
93436 63692 
65202 29896 
50935 76303 
52410 39411 
76002 82716 
21962 81148 
91911 25818 
44308 81008 
75887 8064 
34999 37018 
3981 37557 
97149 51702 
60516 75423 
82017 54021 
6718 13565 
31506 29852 
36056 17483 
852 49648 
4836 27508 
72360 54655 
15763 23635 
61792 38938 
49472 24085 
87831 43499 
84437 5763 
22037 60847 
19193 6004 
61805 33700 
12489 89299 
72053 19814 
86749 40138 
22714 86490 
98141 73660 
8595 92904 
62598 39530 
75739 16169 
41270 31220 
94165 77931 
31204 2873 
10711 32287 
77420 38954 
87662 82938 
21132 18099 
82960 7773 
25481 61894 
56000 82430 
74954 61739 
89385 10881 
27576 32543 
1450 90761 
9982 50669 
87015 63849 
84647 95371 
64482 28048 
85841 27904 
26319 16172 
16268 10560 
86862 79011 
19904 89069 
96536 45364 
98200 36116 
44776 70138 
16594 81189 
5285 23108 
56202 32498 
86749 15545 
1579 30445 
39725 9691 
19611 58904 
36115 6944 
76873 80525 
81536 64594 
63215 55354 
42813 48098 
37853 48222 
72969 86152 
90922 29713 
94270 59147 
18215 27916 
56253 18161 
39754 93788 
20139 1216 
53877 1576 
33607 86321 
7667 17647 
50657 96673 
81857 35928 
20128 52412 
33735 96298 
13383 45443 
15127 73427 
86829 99095 
84181 47867 
78093 62767 
59464 48680 
16081 83219 
22805 87414 
84587 88783 
63325 86947 
16724 20535 
69300 45539 
13179 45340 
16736 66370 
71129 89698 
73984 25898 
82639 40420 
40243 50579 
11457 68462 
62457 20797 
85339 45568 
29910 23295 
47389 39939 
28706 28971 
94382 96712 
49401 81582 
92599 31832 
80163 44725 
2483 93770 
85154 69402 
62220 76515 
63244 12547 
77347 99440 
5657 58078 
38588 4867 
22876 66351 
43331 62542 
90853 5349 
27511 11739 
74529 97488 
24144 16334 
22681 49623 
52339 55952 
92271 20658 
6355 27162 
52775 21084 
58104 82705 
41361 31873 
8478 93858 
88329 76296 
22984 81305 
8892 77608 
65382 23260 
62146 87934 
99365 16082 
11006 79280 
62821 32260 
77899 46294 
31766 93406 
80194 82191 
81821 51752 
46596 54216 
23888 52676 
61189 23089 
37710 32891 
55287 22055 
52060 94190 
68983 35474 
23543 81037 
34011 94360 
47341 81764 
87472 36795 
92698 67787 
12020 64881 
93546 83015 
12242 66681 
40397 96471 
79266 61552 
13460 35183 
66029 70340 
68935 21520 
94196 8095 
40514 49385 
40345 46278 
46362 47088 
3853 93884 
98173 91197 
41806 2461 
93399 55310 
67302 8699 
34317 446 
46666 90081 
58348 39607 
98400 24029 
82872 38116 
92075 9049 
64761 43407 
68926 27552 
49958 73242 
57578 4372 
41633 29689 
38078 42428 
46822 47694 
15374 97533 
70892 31733 
99364 88068 
16820 81743 
52840 22040 
11939 60466 
60899 63989 
28713 8284 
95847 57267 
88015 68798 
113 63424 
33541 48633 
86379 79729 
44154 98338 
58908 48307 
7351 67759 
92966 75943 
11491 58875 
70254 42285 
27024 71866 
57458 86004 
37689 16029 
32262 23397 
51491 36202 
6643 72017 
68249 87441 
70731 23049 
5587 75988 
82236 30537 
88478 72915 
56200 62945 
88809 98362 
67742 93145 
60860 68887 
66513 86598 
56259 98224 
15723 84305 
17623 42615 
10906 67069 
44014 85873 
3972 30646 
93244 66490 
56654 97576 
36213 59330 
74117 40802 
6670 37843 
24260 96604 
96106 59236 
31173 99965 
28021 34654 
42240 84174 
8342 69211 
7541 48270 
89532 82539 
77481 10893 
4765 49575 
19998 37170 
25509 33417 
82225 46436 
70969 17308 
73162 82942 
51056 81246 
23661 59103 
55892 10153 
87978 61447 
14351 65214 
87163 43077 
31708 97742 
58710 13307 
82221 35774 
69186 75049 
76283 27649 
66983 53623 
43793 83923 
824 6819 
75458 19235 
6375 5384 
41984 59111 
68057 25540 
67441 43213 
96071 700 
67593 26161 
19704 38239 
76539 49787 
87110 19012 
75764 36611 
79086 62236 
8540 33277 
89728 56404 
9582 14850 
428 28139 
4970 46122 
75313 45164 
40570 84446 
36002 27020 
78520 132 
31499 67749 
60854 85057 
5041 58429 
76889 17904 
73901 34263 
86761 55317 
80429 60891 
47324 22274 
43012 17623 
58607 82085 
34186 31517 
99109 76710 
39781 65526 
46458 41443 
7767 66369 
86279 14519 
78385 33379 
96614 81844 
98181 78231 
57818 19779 
59706 7316 
78587 24799 
75960 73415 
47613 47871 
94035 11452 
17345 83477 
75978 94244 
1421 98512 
26522 18514 
20571 24637 
27152 58866 
63121 79170 
43868 7984 
35724 24255 
12021 55016 
67518 21758 
65807 40904 
96652 92259 
72240 69391 
11958 40497 
49862 45470 
44526 66742 
986 59259 
4026 43842 
62905 32575 
32866 3065 
88308 97957 
7588 38348 
98045 85416 
51417 8219 
10419 50910 
34443 87382 
40338 92337 
28649 95859 
78962 63812 
53859 12570 
9858 17014 
97635 62377 
91258 69621 
17245 50853 
35624 25155 
35087 9428 
47548 45985 
20234 5069 
38913 11831 
8306 63276 
26254 79770 
49437 50926 
29472 98596 
89810 66379 
33266 20301 
86145 88276 
43136 94520 
24414 41568 
66275 27980 
64228 49571 
74380 40295 
58520 54249 
60169 49909 
4507 3388 
82310 79537 
66392 22986 
4502 79159 
72863 15926 
73614 26434 
33164 53876 
49058 79332 
34353 58360 
90995 23879 
79371 99100 
38519 81052 
584 72931 
60582 11233 
36746 65036 
42263 82026 
92628 35683 
76856 45841 
10062 20337 
70292 7314 
66734 78724 
28596 47469 
84782 79347 
91322 11457 
75107 59907 
94362 59779 
65279 61267 
94037 29090 
59010 92812 
61030 47995 
53394 50439 
57538 5695 
96469 74943 
43895 76898 
2102 8158 
21980 65121 
51840 76997 
11862 38287 
4041 11388 
75441 95523 
99497 81127 
46234 22053 
99683 18786 
98009 60355 
18919 81073 
86612 49999 
14898 89414 
29130 66059 
83432 82049 
42437 16559 
62692 4528 
49212 43086 
89874 63291 
73665 5538 
68871 67851 
91511 21900 
1456 91145 
69116 77030 
6403 84702 
25312 10594 
1071 95584 
75993 43650 
48249 45378 
76423 5771 
77328 48061 
59097 80217 
73417 63187 
75990 93313 
90568 3562 
93256 36030 
86009 42511 
53658 20701 
91144 94779 
17470 43879 
32035 77300 
16092 47507 
87201 91269 
4306 44936 
23747 5373 
76866 5710 
84256 61506 
23039 73655 
6264 68943 
28741 26468 
43816 708 
73 71831 
26259 56719 
74355 15006 
33319 12333 
5148 25960 
87462 28015 
56323 80223 
64644 56132 
16846 47029 
2759 44228 
52783 50708 
43482 657 
45915 36894 
77633 58087 
29381 33760 
76806 43101 
19939 10366 
84739 36066 
63736 99080 
10723 84374 
57840 67167 
14351 14345 
83380 93771 
95971 72300 
87758 32880 
10468 13711 
83198 20276 
3318 50825 
86811 13041 
27335 63799 
13382 33908 
36146 78128 
46247 29513 
66137 12043 
53915 41605 
12459 1524 
90508 33283 
76658 17756 
16600 8554 
13612 2052 
3732 12819 
33634 56700 
40646 4317 
22001 46639 
42182 42137 
22599 86560 
72841 45115 
94996 10723 
36153 37701 
94969 48701 
48303 13893 
47366 59243 
9838 18318 
77136 6596 
12851 64820 
39488 98860 
72690 87151 
43339 46333 
52990 43858 
93571 39332 
60798 80004 
87077 89563 
24541 82043 
85195 26901 
31772 49011 
50827 94308 
95922 43113 
82405 37610 
41669 75865 
98835 44006 
47102 32137 
29639 43419 
57483 33752 
42748 50177 
90240 96769 
98749 89030 
83684 42092 
54843 19121 
3022 77783 
54391 42297 
6360 83266 
28635 58016 
90720 90515 
6031 6115 
83447 75445 
71608 20824 
17981 43862 
43852 4683 
34576 20671 
39860 19380 
76365 28484 
80821 82032 
9061 72326 
49404 50079 
78645 30830 
48169 75696 
35517 91138 
23904 11515 
95893 54650 
16575 53440 
81654 83853 
63612 13502 
78348 56620 
40294 25906 
77746 43725 
45261 2839 
26114 27727 
46510 73098 
82288 36958 
87696 56222 
662 77052 
17181 47574 
93367 4238 
42987 15694 
93197 99594 
35625 42244 
34261 71505 
97816 67014 
90861 34768 
95133 35668 
66768 89096 
94882 86353 
6829 47231 
91861 52735 
10803 43410 
9094 5689 
65277 86667 
49274 3628 
73759 10220 
38328 72303 
57265 8170 
46401 88952 
18159 43791 
93503 2764 
8539 59874 
47175 83916 
21108 20931 
97748 56788 
25265 69465 
53114 39478 
4065 84123 
29414 81379 
8715 86212 
26617 63314 
36453 52872 
68721 616 
54926 60172 
57135 68533 
41610 97417 
32772 51498 
80331 65190 
67489 3000 
58617 93937 
8733 91236 
39401 97352 
82589 97180 
38496 5406 
19917 26363 
25291 5517 
7835 93382 
78310 57220 
84562 39081 
69516 35584 
89453 44294 
21681 1755 
52045 11216 
81681 95120 
54036 93704 
79219 90980 
26317 71173 
95263 69996 
49561 77296 
47419 1281 
11311 14294 
10471 49681 
35134 6410 
29491 79621 
38102 71994 
50201 42809 
91748 22657 
86687 5191 
58569 30078 
70097 89695 
51298 36283 
73605 85684 
15337 21624 
88734 3402 
66138 86164 
36004 32334 
22758 44818 
28944 96037 
66430 84340 
74639 82862 
18703 81146 
86289 71886 
77565 32951 
3638 66471 
71921 14317 
65713 94048 
94908 26499 
56922 30025 
54742 75316 
52375 56199 
38144 77297 
21207 69560 
15875 63983 
7683 16133 
32479 27012 
99078 36261 
13088 22494 
6546 72713 
88976 32191 
30671 11052 
90511 61148 
56860 92882 
81279 36657 
27465 66934 
10345 61846 
67240 20362 
40995 68662 
96710 63212 
73741 9649 
54018 22698 
19006 25702 
59999 40758 
90601 27812 
3518 58275 
84960 34869 
94499 12445 
83086 16679 
30630 69948 
62229 1635 
50371 67888 
32582 21835 
99691 36937 
20580 84968 
22867 36648 
4898 81900 
98694 41621 
73834 61654 
82655 79020 
13455 31359 
82839 32860 
54784 67733 
92851 98566 
5234 58821 
28442 92512 
64617 29927 
66306 95515 
79259 46091 
63217 36763 
19134 24952 
41640 5178 
72358 38450 
63946 8916 
39012 29616 
81550 90532 
71989 21533 
37555 45284 
56376 49579 
21909 83084 
40890 5198 
26610 20833 
34965 39671 
25161 91184 
63311 39770 
5248 6192 
26128 53663 
16543 19915 
47602 15060 
56559 92701 
7944 86378 
6634 71700 
44922 17536 
47436 67119 
79713 96030 
28755 21764 
68837 46056 
41908 42631 
9091 19688 
44741 87610 
25553 11533 
18973 77813 
54135 19745 
97586 36618 
89589 70940 
85937 40169 
7518 24301 
14488 944 
84606 71030 
3292 95904 
35189 49325 
88808 93822 
54209 2175 
62138 32564 
6736 15517 
94454 46445 
32438 87710 
80155 46179 
39718 97728 
11209 9543 
48758 59167 
7170 49560 
5236 69858 
64523 88800 
27280 92800 
56295 83381 
67005 33103 
8270 8266 
64999 7778 
1693 36696 
51196 40449 
4008 20883 
98804 51455 
8950 8522 
69308 55306 
75233 10288 
96031 22089 
89099 67132 
41342 7168 
40165 53016 
28322 4413 
92288 88707 
91539 32186 
51563 35247 
13560 18442 
82129 81975 
13944 11562 
97098 43249 
35635 6913 
56720 30480 
30077 45628 
38794 71645 
76818 11739 
7384 9137 
85951 26528 
95052 18647 
22509 14879 
31107 56682 
60729 97370 
93773 62406 
23111 44008 
37725 10699 
84269 10758 
50099 37604 
22810 68374 
17852 36823 
85824 24580 
47287 56441 
90021 35242 
62567 8792 
21178 97952 
24219 43158 
9263 22311 
50893 20972 
50454 75203 
98089 76224 
19237 6490 
46056 39996 
63894 70796 
75758 57339 
6861 74437 
66573 27166 
77850 93070 
32307 51393 
92037 25229 
23145 88251 
48265 69704 
60295 66516 
62911 40582 
37412 32327 
73906 62775 
18248 68363 
46398 22987 
83554 46291 
86614 86328 
31884 47773 
23723 27168 
18766 16702 
50837 64316 
26592 85950 
25762 35244 
93627 55581 
19715 91832 
94693 86291 
67936 50990 
58371 11811 
19977 87502 
25975 67020 
9428 13590 
6076 74782 
62919 49934 
55039 33753 
46489 56261 
18789 1918 
3728 56127 
3963 76144 
74596 60155 
7611 26727 
96415 64709 
23800 57755 
79231 78917 
62733 29016 
16632 11910 
63421 93274 
40043 34297 
54471 73910 
49627 13160 
19232 32247 
58167 8198 
51290 51321 
65605 8193 
44264 93436 
41446 81565 
45840 72495 
29767 12559 
20167 18974 
7353 95486 
5032 5293 
19291 63421 
20609 42431 
88343 34919 
85149 54836 
44510 72546 
19608 89946 
49428 60411 
78020 21159 
96571 24366 
23307 58564 
52731 38221 
79277 90516 
68821 82000 
28707 40913 
28780 44224 
94694 41968 
24206 89139 
37874 90373 
39315 41991 
25640 75906 
5923 80670 
81141 45862 
41366 60437 
99656 96144 
13623 39947 
27810 60390 
87383 21426 
37167 2224 
92397 65577 
87878 2527 
21160 92722 
70348 73569 
6841 35634 
33304 24905 
54338 66685 
55169 52132 
97435 82177 
92325 18919 
33249 90085 
42612 55174 
41536 13971 
95340 99751 
30855 95445 
103 74826 
66219 50294 
75880 90864 
23567 9295 
99148 46048 
85251 53727 
55180 2105 
37689 37716 
10217 89660 
57456 74815 
63863 20560 
75271 54590 
70858 62059 
88740 46492 
79254 58301 
54121 42922 
18095 68274 
25040 91153 
81845 26157 
21756 64640 
1085 19999 
8460 28276 
59421 27667 
28043 59255 
15088 45243 
93866 95473 
12363 92338 
66311 96778 
22736 81237 
48199 20868 
38641 92364 
17684 35283 
53634 7241 
79776 9688 
2028 11929 
58416 58500 
98304 98889 
69843 32961 
12022 63255 
14979 93837 
37477 10717 
3648 31214 
69024 68516 
76681 36223 
72774 18505 
23290 71047 
53264 51778 
575 28151 
49762 78091 
49629 17498 
60998 10084 
68423 71321 
89423 82273 
45499 10069 
16496 57845 
80483 70275 
69037 22466 
17508 55309 
13334 63664 
95885 33409 
18507 86735 
78682 73850 
63498 23745 
54362 81753 
23133 50852 
19222 64788 
57830 41007 
39096 40913 
48846 44021 
57636 75278 
66318 4075 
65454 16564 
30942 95906 
69514 88275 
31755 85258 
5370 78888 
92291 96600 
16215 66261 
35276 1677 
82150 6333 
82082 26190 
20722 13895 
37298 8663 
95449 64111 
51084 35540 
62944 47445 
22363 19594 
61205 17799 
4456 84945 
91717 83909 
1417 71276 
76281 7441 
98117 72294 
75777 87705 
50027 79044 
42586 32560 
69695 7378 
40973 37833 
86063 50693 
10445 23436 
20066 13993 
65982 3389 
15350 53406 
25969 99076 
86500 66466 
33785 40322 
98811 52796 
92213 37242 
73432 92259 
61186 47339 
19619 68224 
78866 6940 
31869 97275 
53623 43821 
53867 13513 
40252 38751 
3459 95529 
57547 57674 
73282 17222 
26402 33411 
70217 49796 
7630 35977 
33478 41595 
96968 34012 
75952 54903 
91069 16335 
26299 44346 
72732 12223 
10384 20293 
76255 21821 
99724 52409 
84494 43925 
71982 33498 
78062 67400 
73886 41805 
4089 74645 
50537 11174 
57035 90719 
6703 42745 
67308 183 
95480 69326 
74737 45165 
87638 14143 
23484 12818 
60963 69370 
52512 18075 
63109 56639 
71507 88492 
43725 21679 
5948 61984 
22058 58316 
67042 15354 
54747 53233 
52288 51816 
95201 92212 
10706 89055 
90722 71040 
13067 5886 
46467 9794 
51977 25198 
96347 77948 
59230 33633 
60154 99526 
68592 64313 
33465 22499 
71007 97946 
52304 4667 
6211 69762 
98056 89464 
9805 4991 
59815 19452 
88104 43962 
51103 62694 
24381 59428 
85823 7778 
29630 13315 
54354 16938 
38565 47899 
4836 13558 
17269 57232 
26981 20260 
92800 38693 
56176 56864 
36984 81650 
64158 53695 
36763 10457 
79205 35010 
61665 62427 
83584 79796 
95322 47873 
68887 72716 
32427 9005 
90949 16700 
55121 67157 
55168 90487 
93532 23738 
80368 99355 
44026 59307 
34720 85355 
65693 57263 
10804 34557 
727 63955 
8538 43118 
67526 85321 
24479 81435 
56739 11747 
3930 26221 
19922 57403 
98308 14010 
78081 98110 
84394 6424 
93102 92629 
44362 47498 
38898 76327 
75914 36381 
81115 23228 
365 34966 
24279 82784 
63179 79290 
13553 11029 
76268 66002 
84557 32300 
34248 40748 
39241 87351 
47889 24035 
88336 46414 
77176 71938 
41678 91666 
13645 83943 
46527 2537 
57111 38320 
70978 9454 
55399 56585 
4650 16842 
27386 72925 
2096 34606 
69420 11918 
25665 98795 
53109 58435 
54091 6806 
58493 37308 
10611 40216 
50788 7154 
30197 99237 
1173 12704 
29298 26750 
72479 33036 
63464 57049 
39218 9305 
58343 84656 
87997 34898 
77740 11938 
49202 43351 
48789 792 
43692 34959 
98757 23254 
89332 41694 
70595 78685 
1307 41848 
75083 21016 
37480 785 
6247 18591 
85442 32228 
93715 51231 
61453 45714 
90767 34422 
93127 70163 
63 48902 
87500 20941 
20373 45428 
44028 8377 
57111 89119 
58099 69370 
77074 5548 
74805 40549 
3504 91623 
95008 81395 
41446 58286 
6124 98775 
95334 79232 
8622 20569 
90863 30034 
35851 15347 
41384 15526 
19635 57524 
5456 99713 
36943 92978 
66614 72172 
84029 68793 
29054 7630 
63539 52634 
63623 1284 
37411 82175 
57373 91446 
93788 53087 
16890 13213 
99696 75271 
50735 62128 
62906 1350 
9525 85151 
6177 58852 
93555 57804 
64997 98128 
47320 50942 
55970 1677 
47892 38383 
27143 87426 
59854 47494 
93879 78419 
73301 8848 
84278 4447 
63424 18174 
66665 47337 
10278 84107 
8372 40942 
95556 98588 
19764 89318 
49541 33297 
70429 72118 
55880 35126 
25446 64958 
34427 66423 
38819 14290 
13115 11672 
58453 71299 
68669 51226 
42460 7367 
62948 84862 
60105 4869 
26806 73184 
52371 41360 
46556 53280 
56917 62675 
89516 76511 
60095 71014 
64546 10998 
24725 37776 
51107 49066 
56530 87735 
46083 60826 
14339 91084 
71463 39055 
39667 42929 
57955 87681 
79742 6034 
69682 16414 
4754 41908 
63362 17464 
74859 57765 
81696 16771 
95410 52501 
65176 11823 
9886 53440 
29118 30865 
19190 97508 
93445 74209 
83226 25364 
71598 27333 
56133 25132 
21918 67607 
30023 83531 
39948 21729 
13795 76550 
23328 69327 
53326 59236 
72289 29694 
7291 94734 
98234 13261 
28884 96406 
512 67141 
67855 43691 
37157 94983 
99605 72277 
59294 85367 
8442 32247 
795 40090 
679 54063 
14949 53973 
99882 61512 
28073 61168 
81388 23265 
36370 29476 
36099 40182 
6801 53783 
14616 24246 
55338 72520 
91916 36804 
66694 6877 
10080 18723 
88454 1563 
1966 63158 
79536 27973 
72291 52814 
17970 95939 
14207 7880 
76240 8562 
69264 68285 
53767 86175 
96576 64480 
15569 80078 
2990 14623 
23770 94469 
290 22895 
64302 35847 
97688 43594 
65046 13204 
8305 18711 
73583 19395 
46860 92920 
12856 34402 
22457 59192 
61246 4513 
85140 90703 
9931 67998 
67791 70274 
34856 17465 
75989 37261 
83236 11831 
17609 33645 
15259 76738 
31216 45995 
60479 61239 
67731 8062 
45376 50705 
3367 49938 
23649 71156 
13508 54042 
94039 58618 
16981 5625 
21825 8584 
8080 6068 
89601 65300 
29739 50922 
90546 58359 
5415 61460 
43121 44940 
39515 98465 
49984 70070 
16629 80027 
45856 14370 
78348 71325 
79210 59046 
33116 13674 
50849 61229 
59353 12578 
88793 99290 
94986 10076 
73372 17390 
67574 25375 
39021 71252 
8349 59572 
69983 53055 
10817 25199 
75992 52332 
39937 79427 
80969 91889 
71454 10907 
82854 63009 
42606 54583 
45947 72610 
25234 86233 
68447 6479 
90203 79061 
27371 7401 
18103 88369 
40625 64690 
25343 67135 
1726 12549 
17052 5274 
36513 38683 
48588 28434 
3171 11697 
76018 88349 
6973 46104 
2565 26108 
29391 37098 
82836 92128 
77539 13798 
29515 62194 
44432 79267 
78276 97607 
33088 28369 
5813 59324 
38276 60421 
63166 869 
98514 32585 
81953 32924 
27930 32081 
34624 73634 
12671 80546 
81534 73033 
9787 22263 
17417 27390 
17848 89473 
37738 79891 
98034 82605 
81453 37719 
12042 51036 
70847 22431 
8857 10853 
61434 10489 
36300 90095 
35280 13819 
75232 49088 
19672 96532 
94387 83748 
89697 23183 
2040 83071 
18097 86456 
27049 78585 
68663 67669 
96296 93118 
90465 42231 
88143 69026 
59399 53966 
32243 31881 
30778 47186 
94892 24642 
12136 63441 
36084 29433 
38944 81071 
49528 79349 
37576 25 
107 51038 
89681 51800 
54601 20360 
69995 44988 
60987 58011 
15687 40542 
69206 39793 
99482 87749 
2014 47047 
21085 41785 
78404 36820 
1850 26851 
64017 68413 
66171 5014 
73097 83254 
19720 60259 
74752 48398 
89467 9651 
62620 90454 
73295 9101 
31528 66400 
58098 29897 
67328 40449 
4353 44012 
96808 62062 
62520 71102 
63425 69169 
81954 8205 
91590 72814 
96600 84327 
77320 14668 
23396 56423 
96303 27255 
89066 90720 
51762 68238 
8925 53902 
93993 44721 
77352 72354 
31022 91300 
93712 4497 
15575 16466 
39847 11170 
37395 85960 
45621 2098 
71897 68823 
27559 82657 
36279 32127 
62283 24486 
82398 33750 
61221 35918 
12098 29080 
45984 13773 
35119 77138 
84844 16763 
2344 4375 
39888 12551 
37835 60289 
91739 15461 
61987 77981 
54111 49910 
45067 34937 
64023 45798 
55535 94540 
35159 96448 
70747 97217 
91619 87082 
98995 61635 
57251 32431 
21305 50958 
61773 45735 
99021 56969 
39034 98225 
8926 55710 
35102 18109 
61483 92324 
14210 21157 
29769 59875 
49184 61171 
66762 47219 
9598 37936 
16882 44345 
15710 2697 
33996 10127 
9130 56777 
2615 27039 
2212 47615 
21580 90171 
7316 28371 
50262 3719 
14385 62129 
36156 87168 
80673 19837 
39716 25485 
20013 42290 
47375 32917 
30656 10801 
16912 38339 
80523 98619 
30697 41635 
76586 55742 
41789 35200 
81173 13456 
85480 32406 
2105 81741 
94583 95774 
75899 52647 
643 11562 
83663 15778 
25172 14658 
87828 38240 
65157 27862 
54567 60721 
55274 43075 
31481 13796 
45625 38378 
83091 64139 
68239 94628 
47674 58991 
78235 47964 
68168 49083 
46215 90462 
67135 35115 
47333 10216 
81194 984 
39451 44235 
43863 68145 
47888 2792 
7432 29790 
77493 12269 
24221 992 
54120 15000 
65561 51502 
57056 59295 
42803 71605 
41550 10539 
8863 58242 
66318 15163 
61079 98540 
34737 53282 
36572 70987 
30422 22917 
89830 80644 
77976 8990 
68909 94123 
87930 3627 
61405 42508 
51213 60857 
64303 15943 
33015 88363 
42789 82310 
78443 1763 
82323 24251 
83143 92705 
5524 3700 
873 91138 
20837 31190 
57016 34181 
93489 38363 
12086 89320 
80908 26450 
72538 18015 
54542 90909 
77502 7299 
37951 2995 
99578 41596 
27063 62714 
85381 34740 
22656 24436 
27285 93028 
97396 36373 
1642 34178 
40203 28216 
30727 44180 
69210 27388 
25765 14262 
81279 83717 
46617 63612 
10799 34741 
70035 19957 
3409 49459 
92897 99769 
71330 46997 
9401 2585 
86129 98510 
91937 9840 
82062 85557 
74207 57593 
88503 6257 
82116 34663 
83547 91734 
83075 42946 
62507 19677 
27567 45071 
44823 89258 
38187 16029 
796 52254 
60821 10079 
65630 78880 
30245 51953 
22366 73670 
18143 62283 
77650 46691 
25374 31158 
24624 88420 
52319 60879 
85795 92823 
31221 9190 
55400 22496 
32642 77684 
15552 12142 
64538 6563 
83383 62264 
66893 56555 
57408 83602 
67488 81581 
70532 14696 
5056 21586 
24365 49881 
44967 74015 
74955 83077 
9543 34490 
63565 93954 
20177 32530 
37781 77343 
1703 26538 
88037 44226 
30752 63744 
32533 3184 
19364 55470 
19579 64890 
12665 65817 
80531 99050 
45184 62733 
58804 13120 
44212 34463 
60824 15210 
90577 31479 
23344 69775 
47321 54262 
68182 53995 
44973 70675 
20252 75220 
68459 13177 
97651 15369 
25187 75746 
43597 26932 
86398 3159 
59196 16970 
84653 41116 
13275 20511 
19111 94737 
50942 82760 
67293 25063 
96066 40756 
27057 98471 
44532 19429 
15791 92255 
74918 34427 
35131 51175 
61114 24683 
69028 84370 
57515 21349 
20533 89790 
41476 96570 
8454 94201 
40113 25492 
38825 797 
38843 37974 
38150 43602 
67673 32665 
85448 58069 
87852 75421 
8365 90711 
56310 6473 
14961 87043 
28223 36345 
17266 16802 
69059 19172 
65259 18111 
86634 53940 
50700 68182 
60992 79056 
59049 17114 
45325 93753 
44699 53506 
34689 61035 
79845 5831 
50941 21144 
80526 21916 
72083 72025 
44743 10362 
42135 53775 
46999 72383 
33689 7806 
21243 278 
99432 68238 
29880 69648 
41248 82974 
60395 6450 
45893 55001 
13086 67150 
84780 40640 
43514 30428 
52075 40769 
1485 62339 
20082 73515 
64749 83275 
23812 22445 
46 34748 
47669 13012 
96758 16737 
76327 81792 
9112 42237 
89190 68018 
11768 34651 
23199 74969 
20555 75782 
2322 19968 
55266 97464 
33691 16056 
24581 98204 
160 5861 
94611 57771 
36958 98725 
61953 17235 
66131 45873 
89811 89757 
76663 25197 
81398 68302 
80422 97187 
58744 423 
44486 36609 
86954 7433 
98969 40692 
34085 35508 
46082 63956 
85039 39655 
50998 32194 
34197 17975 
77963 43732 
65996 33295 
46141 74771 
95271 81969 
18856 67409 
79874 95566 
7151 93923 
36954 90126 
64026 58913 
91236 9827 
69219 22145 
58759 47135 
56089 99210 
22725 59910 
11914 24576 
89493 47426 
90841 42174 
22183 91903 
14769 22356 
37000 19897 
1593 90851 
13072 88784 
52513 95338 
10458 57553 
50560 28268 
12968 58292 
70977 70789 
12506 44955 
80792 21941 
29895 59426 
9686 29725 
23477 21367 
7174 46203 
71261 17967 
62152 87521 
24982 42497 
50019 91500 
25163 6404 
89883 30437 
35123 28718 
39748 54801 
98828 88669 
31128 14691 
52607 12651 
46199 30259 
23954 55059 
70366 59737 
32005 24028 
11056 44258 
63720 97740 
59560 92376 
37449 74690 
86929 3993 
81223 2227 
7193 23338 
47009 31638 
11600 53726 
54115 55223 
76098 62994 
5029 91015 
70941 57852 
45207 94219 
56096 7810 
44681 90914 
29027 54914 
63793 49227 
2466 54215 
28013 25897 
28961 51721 
77475 52066 
56249 21499 
75740 51125 
92924 51693 
59250 13555 
87421 90391 
84059 88982 
74960 36587 
79614 94036 
26925 88964 
50744 76086 
45021 45732 
78463 17599 
78608 82496 
57793 13574 
7786 21927 
76554 5407 
27047 48933 
82887 8563 
84765 18134 
11280 28506 
82306 46595 
36932 19665 
13202 84108 
6542 5518 
27626 5766 
49943 44449 
40305 77103 
11467 95600 
61060 809 
52545 11749 
16300 65805 
67751 62071 
47090 84440 
25347 66698 
14847 21613 
90382 7076 
19208 90815 
13458 61389 
34312 16432 
71524 2711 
99509 39051 
28417 89036 
58420 71100 
42300 68959 
26295 93848 
84791 24555 
79814 23595 
52273 73867 
5703 64824 
43719 59423 
15014 11170 
51368 56326 
28385 51226 
60651 43729 
64316 85549 
84005 96858 
17244 63647 
59571 73295 
95124 5320 
30215 86799 
97252 79387 
80947 84768 
52247 74683 
53497 71264 
3351 13115 
75687 46561 
23672 22673 
40187 66294 
67473 9444 
42361 58544 
15324 42015 
40105 75563 
50672 89094 
29961 98371 
13331 31736 
43234 57048 
11403 5252 
53451 77338 
37318 12699 
52220 15039 
25955 91795 
94395 93651 
13230 10164 
35431 17900 
2048 9996 
83899 96010 
19211 22555 
70363 66946 
51620 25370 
90166 95395 
83055 20545 
12145 66848 
13820 71291 
57896 87928 
34736 45612 
46917 72946 
44207 81019 
71830 76734 
42540 2204 
14838 15862 
11193 94795 
41670 5661 
86316 62659 
12501 28807 
65725 73614 
30672 42764 
46349 29012 
9511 27969 
75240 76347 
75154 76446 
11390 20829 
38991 21371 
37888 81838 
67196 12138 
34343 83224 
46793 46601 
18066 62611 
97796 82414 
89130 34178 
9170 62784 
69243 41844 
82749 8432 
7249 95321 
53669 47212 
35131 90237 
18507 75584 
97545 75296 
43030 71995 
45185 44421 
40297 11263 
77705 99873 
6840 61154 
45464 53544 
79752 77617 
70987 7923 
30708 53516 
30868 85684 
44329 17191 
46712 57419 
37739 21826 
69762 50714 
65778 14349 
8029 10589 
22061 23453 
37004 21277 
89914 60365 
55461 92361 
19175 83083 
96392 58499 
4988 35073 
79756 41261 
22892 32798 
98550 74087 
30887 42958 
62562 96871 
83625 59915 
85266 85449 
16455 66600 
88426 93016 
47802 37993 
16291 45480 
17186 25343 
96656 50814 
23160 41387 
59626 53654 
50566 52080 
26536 90717 
79694 68748 
11309 80053 
51319 26059 
34426 7697 
21019 25849 
35706 58998 
73825 24586 
86268 78716 
85915 43139 
42345 33892 
13984 81522 
53988 96614 
64820 28409 
40285 59936 
47780 65468 
69339 49565 
41034 79960 
36052 96358 
8818 15516 
13681 90229 
91407 10672 
66143 44779 
52100 97474 
47225 63751 
6265 58349 
80135 15380 
76296 68441 
6245 88752 
13349 82748 
15391 27496 
1790 62631 
21790 10434 
15531 74671 
29390 76271 
26759 36331 
38390 69954 
77068 27517 
80704 22039 
8546 34893 
36297 59211 
18166 46676 
74620 84047 
42601 69636 
85753 55174 
2615 97170 
14438 45174 
36252 17562 
86814 52896 
28261 14915 
24455 99279 
99574 81770 
73248 41362 
55084 32010 
35644 97832 
614 75461 
84008 91305 
30644 91427 
50058 77447 
57252 17424 
30810 49126 
97665 51517 
24962 74979 
62943 51890 
15329 56072 
93511 5688 
42715 61813 
68628 30649 
74520 36797 
76340 67684 
57417 53991 
68066 20327 
57591 26463 
37684 97826 
34329 79813 
58851 22694 
63133 30508 
86223 70616 
23100 11558 
76392 20914 
89935 36225 
12528 9104 
30791 92962 
23106 89621 
79986 20298 
69530 36391 
85739 19095 
40105 31699 
57188 21432 
28487 19669 
8250 50276 
93631 29683 
90299 72215 
95202 7193 
29163 66670 
73509 24641 
33609 9360 
96279 83560 
22273 95206 
25883 60459 
23876 6453 
70159 93706 
41656 65450 
67505 56388 
37033 98372 
22721 10991 
79889 76092 
53834 95769 
33182 91489 
32201 49778 
88199 78659 
98215 43816 
43394 78819 
13200 47892 
24536 10130 
64412 32342 
76821 4245 
74547 69344 
20610 31056 
79740 74335 
51650 44958 
30780 2720 
83884 50859 
41087 96255 
78400 6263 
52013 55620 
75562 46925 
11068 960 
49090 47882 
61954 70535 
30560 9153 
26593 99139 
10785 85897 
18835 12563 
10506 66581 
67111 72149 
27039 39474 
39033 4340 
5758 77744 
54787 54148 
55750 16514 
48128 8593 
27475 91396 
83893 46406 
96947 57363 
69181 83688 
55742 9246 
1660 1696 
89012 80723 
82988 62582 
34779 7334 
87874 41647 
56873 911 
20081 30553 
31236 97705 
5475 94954 
40659 10605 
69235 2110 
96597 37006 
19413 69334 
58356 48205 
12254 22469 
99712 13658 
6056 95120 
80967 93973 
19797 43985 
20456 70238 
375 3379 
23684 64068 
68009 52933 
20560 42712 
53214 26452 
81613 96636 
60730 47030 
32595 23160 
95876 33803 
63541 49084 
67036 89077 
33154 77636 
34313 41064 
2273 50684 
8886 87133 
91229 75802 
20172 55173 
45058 79644 
58641 76595 
7808 13971 
70974 43490 
52610 58790 
31215 4569 
87701 38213 
36683 39791 
60247 89000 
80625 41952 
9620 99151 
34930 25014 
79659 64523 
35713 73577 
85518 95093 
2166 45664 
44826 39340 
34794 41846 
25209 85146 
33005 57763 
30595 38682 
44005 44213 
47286 78940 
5019 9226 
97437 34878 
69118 9937 
2344 34616 
11253 98570 
40897 31640 
95576 6463 
99534 21711 
47733 72833 
49253 25956 
16530 50851 
52459 30582 
28219 52600 
97901 41707 
33633 26624 
85424 35007 
23481 97023 
33977 54167 
40359 31436 
66063 39613 
47354 46737 
29743 49511 
22616 5946 
55354 68759 
36849 7540 
8232 88488 
36413 19293 
91038 78527 
98566 62749 
69694 68386 
47348 11550 
45456 98447 
18706 27121 
72335 2434 
41694 18572 
23829 34613 
58909 80205 
45882 60787 
43821 29599 
93979 90818 
85219 42057 
41474 42224 
99760 53030 
63525 89357 
2418 79166 
46412 70712 
11628 90742 
45562 98132 
91002 53512 
17265 35965 
32725 46355 
78829 95700 
69077 52637 
9866 22144 
58031 17823 
93404 30916 
26411 63609 
9702 93846 
69897 49758 
37919 58795 
2941 78791 
91207 33504 
23675 45855 
9320 59242 
8976 46285 
59502 49359 
83064 66831 
51199 70294 
9380 2952 
53058 98128 
39938 64257 
11686 92507 
18978 52905 
10836 91523 
78413 25669 
76947 46137 
81480 79345 
32387 80749 
67925 31363 
21280 87743 
29161 2653 
84454 38131 
95090 48254 
39842 17871 
45579 22614 
32571 80004 
69097 11189 
55008 36436 
78591 7674 
1194 12 
60410 67113 
12390 27472 
75937 19105 
90857 6951 
57549 82470 
7525 79857 
40648 82993 
5892 86304 
51696 39236 
9242 75689 
28558 47913 
71211 29602 
83921 69965 
70744 2918 
35167 91198 
41674 752 
14764 7258 
44394 73906 
44144 61695 
32558 33478 
957 48019 
41239 56534 
34712 71881 
24642 79010 
89049 57913 
1284 49509 
70197 77251 
22416 48168 
60694 66400 
65530 58507 
14998 5853 
68951 16968 
89371 27747 
65784 54785 
52251 25868 
45914 89913 
93304 48399 
73273 22924 
99445 64123 
12275 40087 
94341 6104 
72068 29318 
44257 13429 
60203 70206 
17567 11189 
48327 68069 
47880 91638 
91667 63761 
91407 85365 
11387 65917 
88098 40294 
44266 20398 
32991 58460 
87716 52853 
39378 75795 
19802 94677 
28544 8470 
53725 30050 
12252 30933 
94104 82333 
43568 95314 
98487 91758 
99241 49713 
11623 23210 
22579 63691 
32345 82796 
99595 23342 
93322 14984 
63172 15423 
82452 98295 
20118 80276 
11362 56821 
74164 76677 
41235 57313 
74336 68213 
9107 67120 
52601 10458 
58822 6983 
27271 90935 
69968 44472 
39380 49764 
95430 38821 
58105 87870 
63590 65976 
38255 51784 
74735 23840 
37972 69283 
22913 42061 
7993 98550 
4242 98105 
45173 44977 
30603 71944 
62454 94413 
53669 55386 
65051 9391 
18393 68872 
38341 35739 
7363 28524 
46817 71004 
7826 49283 
15406 53231 
31752 66172 
14576 38908 
45926 5035 
98867 52242 
23872 36544 
54824 4467 
14322 2834 
98801 1489 
31956 14812 
27681 80934 
15324 80008 
66289 45553 
64127 35787 
74132 88927 
63470 30765 
71058 41553 
26189 18540 
16526 650 
36075 2074 
30414 45386 
54548 94586 
74620 80753 
61277 43318 
24205 97928 
35269 96280 
44409 86719 
47106 78847 
55594 86579 
25290 87068 
12033 16663 
80092 97581 
42407 82545 
16799 40229 
5 17452 
46931 78802 
48814 79260 
10807 97747 
68045 91012 
57704 98272 
92124 82311 
90919 65960 
15761 61736 
74203 83818 
84432 26288 
13313 29626 
59471 92864 
71832 14536 
93921 18926 
53965 91036 
80414 64736 
88647 82733 
35550 37945 
79117 65830 
66612 52815 
40006 62766 
25912 30968 
30005 92144 
95668 68349 
2385 55917 
62031 93911 
37872 34738 
30743 49592 
94839 5429 
8845 28242 
10273 90740 
26997 16440 
11656 865 
5159 2488 
54692 28644 
70744 26411 
84690 15915 
22828 68391 
30487 17215 
98597 94827 
78920 48798 
38929 7099 
45174 25924 
68867 67106 
49716 59400 
5699 5780 
36070 3573 
82475 56049 
15359 22284 
27992 90056 
3308 66727 
75650 82016 
23313 39722 
83033 62641 
85245 54624 
31679 78881 
13765 83876 
42227 23581 
92271 32173 
83965 53648 
8957 62278 
79789 72480 
40037 47698 
7671 12633 
81819 25758 
77964 18104 
48122 77071 
22209 92094 
82421 62930 
63600 45759 
95151 10864 
51837 56199 
25760 50419 
35842 17824 
46378 66159 
16639 50226 
69395 52931 
69705 7838 
94753 29677 
51142 21883 
34448 92332 
5308 93530 
81488 63843 
72843 48644 
48490 29866 
57515 59179 
87133 32435 
47918 33982 
13815 30653 
5762 82696 
9190 27470 
26354 60401 
29636 4609 
48829 7824 
67262 3947 
43803 12144 
21704 42933 
34331 26836 
1769 54105 
12401 5484 
57869 94292 
97681 24133 
57241 77825 
47816 89479 
53105 49852 
70300 56125 
66196 30827 
4810 5071 
92507 31296 
41837 67788 
74637 57289 
18564 15450 
25777 961 
86166 71289 
75160 38542 
74033 45539 
11720 38250 
85922 37065 
38713 14480 
50607 93518 
16260 51442 
15347 72757 
60998 59309 
14329 2256 
92491 19054 
66202 90371 
64549 18303 
54949 3561 
96283 79888 
26525 87081 
22500 37182 
90074 73122 
15961 15910 
46989 90042 
95046 40773 
83676 59049 
19557 97093 
54628 40619 
94625 42573 
51227 71886 
48174 82374 
98701 18415 
20834 91881 
48733 48998 
8958 95859 
38456 30489 
31089 90118 
67919 31223 
46205 22420 
7559 16159 
38057 32981 
84843 14673 
94110 91821 
14951 42779 
49854 60077 
34198 65581 
39683 45522 
66916 92874 
94057 18680 
6567 11076 
49344 5286 
20096 68035 
91506 73231 
90904 43790 
37704 87750 
244 59955 
70949 17257 
9498 3179 
82063 34085 
46468 64003 
40520 69308 
17690 21440 
11131 48886 
65740 35723 
57080 59590 
65607 46941 
21485 67447 
7422 15647 
59423 38914 
44183 83020 
289 95545 
92593 72819 
56383 66601 
62722 5078 
57782 90882 
57923 42420 
85837 58994 
30284 43827 
98052 80326 
98878 57868 
85626 5214 
38146 47606 
81614 32085 
22009 2816 
42424 81792 
65610 61639 
58312 26966 
41095 33403 
9541 22834 
56423 87142 
74044 97848 
76907 46176 
9712 27339 
38075 8152 
79849 31518 
45353 92059 
63852 10335 
81238 98982 
96850 52002 
43780 61762 
11819 29449 
21614 50188 
15585 29541 
70185 93030 
16190 43570 
91460 75934 
33229 84354 
35116 75101 
65063 85236 
33048 90660 
57232 79306 
51013 50794 
14905 53391 
91330 67920 
28885 20660 
8764 41589 
39464 58145 
8082 19310 
45327 11016 
76246 46104 
75754 74189 
64777 56347 
83514 23602 
78600 87365 
83135 84494 
46459 23213 
54661 92046 
45026 9238 
56498 20946 
23891 13239 
42676 34779 
31846 47446 
59572 33543 
76235 7036 
5098 58195 
56611 25524 
69375 44809 
1525 95138 
40060 7726 
3018 51137 
47817 71062 
87214 73078 
47785 60956 
81395 13125 
81471 17167 
38041 21766 
40138 81932 
54524 4690 
55534 76431 
83507 11065 
76748 80795 
63574 23090 
52982 92260 
12198 89461 
31209 47888 
13895 21249 
94955 63245 
5246 47712 
15886 56461 
5453 11672 
63361 98290 
66178 69369 
18835 53142 
17662 48044 
71734 53442 
69426 6055 
31351 80290 
83386 34913 
75359 7056 
74756 40406 
69669 99375 
11871 40856 
36674 54937 
79896 24544 
19320 9544 
45370 15490 
86963 32099 
8608 6991 
55670 80486 
59241 35754 
50364 92781 
56490 85905 
19154 43757 
40264 31829 
21208 5367 
41759 51532 
48711 11699 
2959 68090 
10690 43833 
33292 5764 
1955 18093 
28660 79490 
3902 82393 
53175 71691 
15578 99684 
37118 88758 
93244 24944 
76049 31041 
84510 62729 
25392 54806 
79218 25991 
72492 52402 
63357 3692 
33797 27728 
54626 84661 
68723 98106 
18620 78245 
23681 10799 
13196 18464 
19887 22670 
85217 37704 
76777 54837 
48633 48442 
19181 701 
5828 77037 
50926 35354 
35128 52331 
90094 47119 
56574 63603 
51903 87849 
5335 67395 
34027 17632 
87536 40739 
6137 1664 
66826 49566 
30550 2316 
31658 25354 
44082 97780 
23050 20523 
12574 50219 
60508 43663 
29000 40937 
89798 59360 
63692 87860 
90460 74201 
90927 61491 
23206 20488 
9961 19521 
67768 92259 
50590 87369 
298 84389 
3390 22230 
86078 34884 
43033 11542 
18090 72895 
19402 73314 
14886 30582 
75725 45383 
2274 85603 
15523 73411 
42445 62866 
80906 33317 
41491 39086 
23585 52851 
61658 61785 
46955 29138 
88210 15532 
72689 74269 
52454 42581 
38519 59407 
92237 52451 
65205 69370 
39173 35615 
40197 24293 
57852 30102 
53067 72706 
26472 76691 
83520 11270 
40613 38257 
86640 40384 
42271 51938 
42009 22050 
24824 28974 
33409 66575 
41246 16368 
4072 38145 
47683 86988 
88768 35725 
47397 30271 
58501 75450 
61145 74391 
26176 73358 
39195 82579 
52341 3237 
47488 31208 
58926 83356 
5836 95331 
5894 27947 
29623 38548 
10821 84614 
28098 28400 
94620 67173 
42146 75931 
18002 84954 
62347 28602 
32712 64233 
54152 29470 
9200 55193 
31169 92338 
18093 18708 
59838 32513 
36680 91253 
49185 35914 
23620 33345 
77888 45414 
55137 77210 
37525 92666 
44243 2717 
25683 6056 
70817 87156 
5511 81043 
34900 94024 
59324 7778 
8120 88790 
3040 12782 
98900 95434 
95508 86332 
65959 36606 
72197 35320 
11569 32346 
56255 22531 
61139 67579 
51601 27579 
88925 76970 
2507 92213 
81008 37236 
12019 93264 
36137 1619 
47627 20162 
92672 59013 
26738 20827 
35544 51090 
66786 19634 
81015 34769 
5239 4219 
59002 34543 
43286 24131 
12802 89366 
43659 43581 
14309 62254 
17807 43048 
49129 47195 
70583 70018 
60495 77638 
31611 97853 
53481 13548 
91667 63590 
51717 59932 
79714 20422 
67674 48709 
61605 58658 
94556 97935 
15037 20186 
52931 47680 
36973 55737 
28451 60177 
69558 51725 
18374 63412 
88442 83987 
64056 11936 
83476 39439 
84187 36434 
75897 83484 
39276 54464 
58407 40953 
51717 18786 
14962 1415 
77756 86835 
75621 55891 
77783 5128 
88458 21335 
59571 15797 
45345 11651 
75456 8927 
81300 69630 
38911 64012 
78141 82835 
88573 46604 
42357 68318 
68496 52087 
94370 25964 
12257 17544 
1786 28341 
15512 54782 
12774 36126 
56700 92851 
97353 2479 
78812 56781 
84173 57196 
76484 50731 
88266 42029 
42168 58420 
61304 2257 
12698 21415 
60024 26394 
23325 6770 
20814 65889 
20121 29493 
48808 59714 
3629 52447 
78426 34936 
76738 46558 
38921 53692 
47989 57561 
63286 29416 
97845 92049 
11802 40741 
49952 5180 
42514 30195 
2020 45188 
50115 86604 
61636 85705 
11971 75088 
1225 55893 
25452 96581 
93305 60549 
94263 30000 
12293 67562 
23133 34512 
92348 28502 
9985 66779 
12079 89624 
82656 98643 
36413 45184 
13236 4387 
83530 82739 
57280 23529 
481 70966 
7413 95065 
24954 44541 
21278 2108 
82641 47760 
82294 62105 
19733 8816 
78362 47086 
98315 30056 
38440 20882 
88762 96004 
49810 35777 
77725 20612 
89917 39786 
72880 77916 
45791 7536 
26350 86173 
61365 22694 
17544 44558 
48425 7929 
33138 53618 
20420 19618 
57023 85948 
60079 98775 
36251 11924 
11512 97180 
20383 26826 
95419 78204 
81096 70339 
82052 25541 
6509 77133 
20734 79876 
30417 48149 
17025 63438 
455 86168 
69048 45491 
11208 96436 
22997 47959 
28359 13294 
84535 89743 
8209 77216 
27564 20703 
73221 53101 
74752 1845 
38765 50343 
85252 46963 
98775 77908 
74204 52778 
68800 43580 
5879 9576 
53756 85491 
47766 2403 
54671 6213 
46406 84074 
53794 64935 
87462 25562 
20684 71611 
32283 26781 
63227 18502 
81132 1333 
7012 79121 
99307 32500 
24082 2395 
56489 34555 
47811 30680 
72015 43422 
4501 74321 
29095 3784 
64267 82544 
19616 15907 
63866 60731 
7758 54807 
82370 97520 
55490 76769 
56902 81643 
35883 83860 
10159 8094 
71256 25710 
24010 95920 
72271 79692 
34213 65844 
21443 65549 
40107 54917 
39896 18609 
20151 77529 
99752 66874 
19229 77360 
96181 31650 
26913 53240 
72961 98765 
97176 83371 
3265 88023 
69574 17019 
63454 82234 
39445 50518 
1807 63950 
90471 55315 
96410 48013 
46734 79785 
16816 91059 
23403 3684 
52662 5332 
55281 84347 
49039 3465 
60661 97121 
93244 53336 
54285 39047 
30418 27673 
57673 34399 
46633 91767 
67703 53465 
47130 84463 
35010 31837 
74716 12573 
72666 56462 
58725 96869 
62531 66854 
58482 79058 
51792 5103 
66884 23419 
35426 36720 
69470 24239 
1652 55833 
12304 60763 
76931 82894 
17974 25031 
44666 60816 
3232 84833 
27464 56322 
94031 33914 
16686 77305 
4160 24670 
4972 24115 
42204 74715 
27535 2960 
38200 88073 
46231 42968 
36177 34147 
16766 74976 
81648 83194 
63876 49730 
44171 5751 
51905 95938 
54263 5229 
78933 44507 
1211 67875 
41457 74273 
33770 82344 
13601 66695 
29241 2328 
59914 92206 
48098 99980 
54065 89323 
71119 85364 
7059 39094 
23878 47664 
18101 82109 
29499 7622 
48813 73048 
94718 57485 
87236 18613 
26615 4662 
11901 98714 
97751 28369 
88228 27874 
25994 4757 
29591 74118 
12004 55281 
33640 15934 
82087 25559 
60788 84459 
17071 7514 
56264 7621 
8875 76285 
29731 45744 
75626 25199 
97165 84008 
83421 47079 
58578 26147 
68290 28164 
32108 15903 
25417 92170 
90118 98000 
34353 56302 
46142 18801 
18725 38476 
22909 58287 
96886 85581 
91092 79653 
65934 76300 
6078 80544 
75750 88827 
85739 30864 
91941 13748 
66063 86053 
17008 35438 
43444 71907 
37588 1511 
62564 47218 
92278 49155 
36988 63936 
9345 59667 
95963 61018 
46515 68037 
35387 47796 
76086 63119 
13480 55420 
97769 75784 
72458 60820 
28941 67329 
86328 16654 
17401 98543 
31886 52799 
45268 80980 
55144 50233 
44304 86332 
58573 26520 
22743 17211 
65948 13603 
11617 23243 
31027 53263 
74587 80056 
43899 83331 
89475 35541 
54557 38642 
1953 67748 
77119 44703 
72279 91812 
60042 39190 
84476 99501 
7850 16637 
64038 14306 
18034 55066 
55018 97432 
53201 49791 
40265 45596 
2973 49289 
49607 80261 
2761 60761 
89962 39719 
67260 68879 
48595 50414 
65334 90264 
66209 71915 
9976 68296 
50047 81192 
62076 98189 
98860 86125 
49996 60578 
41386 35631 
88278 33411 
47881 24375 
38269 46552 
60292 73693 
91087 41253 
820 7194 
69031 97530 
60885 29445 
35406 96503 
42957 59202 
74715 91855 
26205 64847 
55249 74851 
53616 99012 
14329 30711 
92997 31800 
12830 659 
7183 37588 
90051 83574 
79833 99093 
12621 33945 
82323 54187 
51833 38698 
34560 25891 
42675 84469 
7928 44052 
74754 59029 
42125 88398 
40461 65819 
99308 56964 
18901 68933 
58753 91350 
5484 27385 
63126 70821 
6547 22136 
63531 20957 
5955 27103 
74623 69367 
76380 26253 
43390 20953 
51774 32880 
55611 18222 
99554 24319 
52502 98396 
31091 65564 
6784 58346 
67332 58682 
12120 90832 
32722 21372 
72840 61089 
85082 67686 
41868 51505 
1666 36659 
43940 13947 
32388 90493 
38495 34212 
4 82910 
22013 31192 
74054 80473 
43118 84476 
70441 4862 
5434 8491 
31750 52529 
62951 68659 
24759 39630 
70574 65675 
51081 14752 
38565 97660 
4436 79744 
53754 46779 
23832 59801 
72662 26845 
85713 67972 
62109 71514 
50169 16400 
61404 38839 
26360 36832 
66876 57298 
50541 86336 
94297 40829 
76422 30671 
57635 55987 
62075 17348 
13656 33015 
189 73223 
60997 74456 
79200 87308 
49660 29851 
81676 68504 
52277 73161 
23296 76 
72011 40715 
10876 47970 
13653 61827 
51108 18418 
24225 41648 
73029 1805 
17334 36399 
36704 84389 
31552 94808 
88212 57232 
37242 26408 
86745 2553 
98559 97275 
73476 91753 
17742 46873 
73819 86454 
37376 65843 
24821 94186 
52919 73900 
97618 93702 
92636 89453 
41268 11415 
54923 88103 
8721 97 
54105 5895 
38292 43713 
14898 54997 
54741 88142 
73043 84425 
22875 76562 
85020 36504 
33609 50377 
23285 20938 
27464 61837 
35134 52697 
63763 32888 
73078 77333 
25077 86249 
62537 37953 
5994 69413 
58678 21721 
72839 89946 
58400 60621 
96734 81408 
75731 51104 
56205 23157 
59353 371 
77534 44487 
29443 3170 
31140 53763 
37753 2354 
30509 46607 
9567 88856 
86520 63704 
9138 52316 
54512 88406 
81210 2296 
74016 97090 
60396 41803 
41799 1072 
7489 89821 
77734 47924 
27156 17601 
39955 82135 
45039 84630 
20875 320 
73920 34560 
8853 74585 
78399 38783 
31669 59107 
55455 55918 
7390 39687 
84280 9163 
15870 33711 
62947 70296 
69792 98902 
41747 79026 
8056 63205 
83455 19482 
56240 45291 
29312 21807 
99017 95422 
26158 56155 
87575 49799 
74969 38802 
61481 58007 
93923 75691 
98869 12813 
50178 27374 
21459 84323 
3711 91178 
71607 36376 
23818 61321 
47462 82075 
84332 45802 
29257 17454 
17117 90060 
54866 57566 
5058 81729 
5992 87640 
25586 88242 
47678 33453 
13627 9621 
23324 49702 
98969 12461 
44982 22920 
87139 47949 
34423 86339 
95213 46692 
64325 48131 
24363 26208 
20887 41562 
49493 43089 
59303 15876 
32977 71216 
51713 73 
24292 89797 
33625 88285 
90246 20599 
39265 15041 
31558 62412 
78907 11513 
80662 32629 
51967 59664 
42957 40726 
8472 90275 
39061 86544 
68521 2905 
29230 97409 
84416 21134 
52723 92497 
83393 34795 
94673 90254 
60211 22415 
988 55262 
98342 91698 
97758 14638 
86101 23663 
35888 60856 
59759 56913 
73905 97837 
49569 2502 
32315 80205 
26569 37030 
1433 41823 
48131 81815 
61247 8993 
78484 39398 
76683 46208 
16723 25116 
64536 87847 
99351 1128 
89357 67950 
56957 93020 
34788 71986 
95373 44997 
14060 99484 
40500 48683 
28838 44480 
32961 62655 
59088 71892 
83842 25124 
68339 92265 
5993 50526 
38454 14790 
16731 92304 
5987 89035 
67233 48790 
58184 29531 
91525 86852 
60890 54184 
83687 58835 
32888 57399 
5738 92349 
51598 81905 
653 39579 
73632 49413 
35037 83031 
80315 59610 
24233 8039 
13115 69389 
98963 68822 
46797 19800 
57082 94549 
59174 86906 
6641 4587 
95472 94528 
47139 28015 
92635 41809 
54735 51481 
24272 66604 
34128 51589 
50516 86885 
74930 3302 
8710 36662 
3580 94168 
60607 40372 
53185 15731 
19718 50256 
83148 48094 
18436 4919 
68052 1342 
38750 54106 
40979 28455 
22644 34653 
20293 78288 
98674 75642 
70903 14375 
9774 56987 
51087 85542 
3970 44985 
74222 97682 
54503 80810 
71081 2590 
8743 3506 
72841 89341 
26319 47702 
47552 36464 
56071 68111 
13523 59061 
18669 7813 
21945 63999 
7208 45372 
48031 8436 
91586 27049 
55057 42221 
14142 14674 
98917 3041 
93821 57198 
22128 24743 
14043 24489 
45732 13850 
55479 25648 
5102 47060 
49106 70938 
91409 43390 
67195 26329 
54334 68644 
40303 52780 
93604 36992 
86849 18523 
17002 84717 
68566 21953 
70747 4561 
39840 65180 
54481 45602 
41914 73824 
17562 3230 
3943 67388 
95968 46536 
52037 46287 
89849 56307 
94753 76627 
595 75842 
48854 21835 
43262 8895 
92739 91456 
25320 34348 
86567 51769 
35867 45574 
77919 70268 
20846 63936 
19715 46666 
29242 20551 
63177 16756 
2843 48128 
52753 2254 
47885 75648 
42233 19739 
70727 72583 
71668 54834 
81689 46535 
93279 53967 
71281 58405 
11146 85394 
41266 82584 
4312 73569 
29364 6155 
35809 16546 
859 30754 
11155 54770 
92979 13444 
39041 71434 
88638 58879 
64205 69527 
64979 54014 
87902 88754 
9125 18756 
64908 96714 
18654 31191 
67670 13019 
7516 74431 
37985 2505 
19484 43591 
4507 4220 
10678 46062 
30422 46597 
316 25990 
69773 36016 
4569 44753 
53236 95903 
62224 53228 
94505 76596 
32862 98763 
7043 52368 
98331 20054 
47567 71355 
26527 96452 
57431 26537 
62849 34790 
56006 71521 
99148 96388 
51158 13532 
32611 89713 
71103 77880 
67727 79978 
89200 53057 
33341 96042 
8658 93734 
83755 47032 
97649 80088 
27962 96421 
17014 6227 
84302 79637 
62488 97887 
89169 92790 
51334 40201 
97905 24749 
19253 29967 
3563 52532 
57654 53698 
65006 70869 
13602 32674 
79593 80789 
95219 69262 
57722 19220 
73803 74994 
56583 71838 
50628 60175 
8689 74793 
61155 17259 
37103 77414 
22288 35784 
83774 7672 
89364 45364 
89949 54876 
78712 95028 
58398 60013 
28890 42158 
96004 83101 
19163 42342 
82249 99077 
37261 2634 
34242 59000 
90161 85051 
42137 41700 
81406 24564 
30136 12548 
36377 56408 
57777 606 
42989 31228 
13746 3215 
89416 33412 
70247 27927 
22770 7859 
59741 85690 
23019 43554 
7892 56354 
85025 58463 
6629 57786 
28190 79615 
39447 63278 
8013 14645 
77461 28429 
86767 66677 
49134 8331 
31526 53082 
49266 68600 
46953 50478 
93502 19719 
17529 3290 
43490 33140 
29319 1238 
24786 29715 
64911 52313 
34706 66301 
16805 52132 
90532 84738 
44354 77991 
99853 28932 
7214 16509 
44266 80373 
44346 67435 
55278 10193 
31742 53031 
26972 96748 
44344 2352 
53837 11687 
68035 72848 
4142 34646 
56110 17866 
39335 16902 
1305 7974 
68162 77752 
99235 66471 
80553 83852 
12013 84979 
40802 31406 
1856 43759 
32143 23808 
93632 73156 
35581 13283 
42602 57557 
94647 54007 
29018 1295 
64756 96365 
74761 47125 
70908 37240 
78888 62215 
725 29604 
98704 84047 
41145 46192 
60936 49171 
26582 86668 
73568 11459 
3942 15441 
23093 93313 
35619 18168 
84219 3250 
55441 69000 
39446 96298 
64512 7733 
4514 49890 
3975 36292 
82340 77225 
69978 57357 
22870 2502 
42431 94444 
49175 78025 
83658 52372 
21159 31846 
25601 99808 
47403 96437 
4998 81474 
22948 83833 
24777 96575 
66259 40727 
16883 12164 
52095 38228 
56871 15396 
88731 25275 
33801 47009 
67716 2161 
10319 99880 
22281 51181 
17302 11109 
66548 95111 
15023 23879 
51843 41033 
18506 46166 
68707 6986 
28626 87435 
43606 21958 
32439 11534 
27875 35947 
36351 4288 
53102 76129 
73953 17657 
31917 37614 
86691 18832 
16107 2834 
10008 42269 
84951 42297 
10218 15414 
25887 61273 
8060 4761 
86884 21889 
93756 7863 
25281 88213 
85348 99092 
51437 13068 
7210 22136 
67157 9645 
68823 10651 
28658 28440 
5291 9980 
21751 90573 
494 67439 
22956 12271 
51427 56499 
34396 92097 
47959 986 
22662 22447 
36105 69508 
62169 29913 
4883 17373 
82140 45296 
86919 63575 
42960 53369 
91185 3763 
22447 74925 
92599 76636 
75495 89234 
87710 20824 
41584 13698 
88258 82076 
13806 19311 
65141 56442 
50330 75512 
74163 84166 
4683 86022 
91920 41101 
74684 98498 
65254 9742 
21617 45136 
30952 50337 
90934 98790 
93710 34030 
73745 9750 
59839 44651 
84361 22010 
11809 3487 
93318 54678 
74433 22262 
47604 74105 
67352 43571 
30211 75398 
60449 85106 
59684 38169 
48917 64314 
6976 20668 
42930 43458 
11727 8912 
23216 1594 
12977 42989 
48302 9579 
70378 1386 
11799 56999 
41097 36025 
38808 55771 
94936 15637 
79402 24176 
95551 53138 
4074 37232 
49226 63910 
31177 14537 
24313 26168 
19573 5107 
74207 92046 
41081 20248 
54676 28614 
6761 60112 
12360 51716 
58697 77350 
35455 52334 
54639 22146 
99842 5136 
66733 16939 
14358 91926 
87516 16247 
67442 68896 
86486 17268 
4025 55920 
88735 323 
16348 28545 
53524 94685 
15275 48919 
15124 85010 
59736 80579 
10851 96274 
61048 93840 
61950 21077 
46206 83467 
91830 82109 
59582 88384 
63120 54751 
6072 24354 
90119 10007 
90324 14889 
36423 76362 
86527 33090 
38893 60657 
81102 47687 
8548 12693 
66699 217 
46617 66042 
30064 27133 
79671 38427 
68604 80553 
61626 29011 
90911 94414 
12358 7090 
5030 89030 
62795 46929 
74923 6312 
54556 26860 
30348 20406 
98550 77258 
48314 74030 
31444 31658 
85277 49500 
21487 7996 
28416 95252 
65895 22894 
51620 93600 
90879 20831 
7211 73551 
12329 82263 
57975 43666 
40312 59926 
55732 44303 
13713 80988 
2452 95985 
32743 44211 
87847 51239 
16480 35885 
83399 40909 
50219 86085 
86934 42783 
3128 87665 
54159 90321 
90550 4400 
23969 82306 
27270 1836 
42871 50471 
68171 44636 
20549 91446 
60890 17618 
3338 71813 
41490 44153 
35351 70634 
88584 95251 
87959 32499 
13966 5398 
77554 65958 
8545 37084 
58765 37155 
81183 64981 
75733 76517 
25054 82846 
77559 37593 
21206 71484 
55747 21396 
42253 4479 
41176 7090 
50458 9918 
6132 10409 
93950 50934 
52883 24879 
92402 35700 
34512 87753 
69241 18307 
45940 52491 
31285 6052 
43554 42697 
18696 45717 
320 8593 
48217 21710 
79972 6471 
50893 62320 
18626 73952 
61838 16825 
35096 79480 
54041 35831 
52200 83181 
20856 59967 
535 57981 
2489 97963 
93456 84894 
20703 54095 
7430 54377 
32858 47168 
75442 76916 
41592 48410 
2829 30258 
99579 54066 
44653 48194 
30226 99964 
41690 86334 
44594 19959 
98100 84032 
72436 47924 
98030 78398 
40994 63816 
674 16321 
29003 88376 
23741 53461 
95351 38122 
23788 25367 
31942 62569 
8577 25203 
18511 98984 
71342 24993 
63504 96476 
19841 32875 
99619 80876 
84009 87530 
65162 54575 
25279 52791 
43142 51424 
37861 90349 
48850 95735 
27696 56566 
53639 46619 
78361 90579 
7728 44097 
64817 35213 
78076 11838 
55720 59633 
48716 12844 
52901 33272 
40411 99080 
52648 34213 
94091 43743 
77628 62086 
28256 95799 
20503 65398 
24387 50368 
60774 86375 
16345 85722 
64869 72488 
59887 77863 
56187 3250 
36600 67051 
46566 33224 
2948 17173 
53583 57808 
29548 78427 
89106 67035 
88449 36602 
93678 64434 
36856 8066 
8626 92949 
14613 18612 
23162 27982 
19753 86432 
7296 68808 
51464 14729 
43051 83936 
13104 87867 
96229 43424 
49205 56479 
28911 1726 
49894 91540 
38901 78335 
93760 85214 
26478 20321 
15901 77125 
31109 20771 
81762 88732 
51199 10242 
19312 55594 
58463 34498 
12243 57589 
45191 81140 
85056 60509 
97446 20167 
17295 98974 
70150 79078 
8610 50215 
51051 81814 
78970 71061 
39717 42655 
29055 96312 
35003 21141 
4682 25707 
19819 12116 
6141 58809 
55599 66241 
58369 72401 
50500 10586 
11124 73339 
45161 66381 
69702 1348 
67759 41572 
66148 836 
46135 9502 
68584 28586 
28913 71871 
91933 15057 
59844 44068 
17214 51012 
69987 94020 
48532 28345 
903 11912 
36983 24223 
48668 87443 
78935 81019 
23333 23712 
52469 1057 
51325 22420 
90266 44781 
9366 33737 
99787 93722 
67606 76023 
32357 15544 
36971 95516 
71572 47404 
61146 54172 
58453 96046 
67114 5053 
95850 38249 
89882 38927 
77821 93670 
16761 63246 
71075 33608 
54504 5183 
35021 83837 
8651 14134 
4578 77432 
78548 75888 
75612 14372 
13846 40625 
26719 88710 
48655 9942 
83055 51241 
28077 24344 
77985 85843 
68510 41898 
96581 91037 
47895 1234 
91313 74842 
4969 17624 
44780 90605 
37661 69556 
16897 64240 
29896 95058 
54697 89217 
3364 31936 
61751 94608 
86233 4196 
21173 23658 
14306 78077 
41285 95574 
31796 85454 
46229 61640 
38657 39811 
65173 8222 
39345 50550 
83223 3914 
83899 75093 
4754 35769 
56405 35039 
45580 30488 
58174 62610 
14268 10416 
53397 36646 
64831 91329 
93556 13629 
3156 89254 
13551 58535 
7751 66943 
97252 32722 
81715 17115 
43152 1666 
87345 49229 
21761 84026 
27359 19275 
5614 75352 
27454 17992 
69994 44657 
43762 11874 
7906 20196 
65745 13504 
76385 51933 
10143 42967 
92841 62517 
4858 30509 
29989 76044 
42954 2082 
15749 44414 
46460 84063 
30607 74809 
17249 61184 
9043 98626 
67986 22590 
93926 12150 
19990 34931 
63204 62294 
26829 88560 
46720 46951 
32558 73111 
77686 48807 
1739 52163 
78095 23907 
64733 23156 
60272 21831 
6205 68384 
37826 23032 
87418 25624 
78380 40698 
33576 32859 
97776 49456 
36353 30530 
90855 71274 
18696 36911 
17427 70149 
84109 47430 
13744 81446 
25818 47150 
79530 29216 
2608 67135 
98577 65386 
97547 60029 
86902 98401 
63446 17962 
26676 65713 
24608 6753 
36367 44453 
48277 44393 
47992 87706 
21166 8920 
10876 19967 
66530 21048 
18004 24705 
15502 10297 
55810 9378 
2721 39862 
11182 38837 
90783 35112 
30481 86710 
40629 33339 
14534 66215 
35704 48260 
50856 66754 
36593 21803 
29753 40744 
89764 17803 
64506 56292 
39209 97507 
37482 55679 
92942 5170 
23815 37021 
77683 83510 
2208 7072 
74546 33435 
48438 36809 
66104 30206 
21303 88251 
40981 9067 
93052 70933 
95912 37398 
46726 29474 
47230 97548 
61393 59932 
13819 14800 
32906 1891 
61782 78239 
32610 55717 
7452 18871 
89318 29961 
59806 28895 
90940 32579 
45983 28857 
41265 81468 
4300 15216 
74731 24742 
48006 49944 
27387 29261 
19 85820 
85814 17087 
73940 56406 
87413 3883 
29916 98035 
25261 20706 
65210 12637 
18663 81201 
8878 24901 
46518 89909 
77478 34965 
4831 74205 
14522 18766 
41953 62338 
80189 82131 
45545 23097 
79806 31869 
3818 28823 
19699 87328 
40234 2820 
57237 19309 
25652 64618 
68245 69690 
4819 92165 
89426 74776 
35129 78661 
6032 88120 
24731 73598 
45765 74451 
74378 62505 
8692 25351 
72780 57946 
9992 29446 
68788 45545 
37388 15124 
45393 53081 
28398 72195 
50298 88194 
53827 50380 
95732 20748 
53461 27174 
26223 69648 
7448 35360 
67203 90674 
42653 41345 
9584 51874 
67045 69488 
55887 26098 
97202 74709 
52008 26466 
94100 75946 
55393 59864 
50559 76370 
45167 76012 
80089 12818 
62655 45218 
41351 96486 
81811 6605 
95015 29708 
48186 90448 
30573 9518 
92380 33149 
19452 57698 
19316 71509 
47797 49136 
98232 24086 
57356 45572 
29910 41777 
76147 80211 
47490 37208 
51905 80156 
15095 83059 
10822 58252 
24531 3163 
51641 53706 
54515 67021 
50928 51695 
49125 38327 
99176 66200 
92615 21155 
9371 27431 
6249 93659 
39732 75443 
69480 18440 
50604 24960 
72584 71197 
71768 32873 
40750 34824 
90965 69570 
30714 64818 
86979 67954 
90106 43680 
21389 99922 
87045 6923 
71913 9057 
62867 41376 
37259 10438 
34447 27668 
68491 53700 
74199 23081 
85147 33878 
25661 58398 
15672 26061 
70453 52977 
61234 14506 
48450 35908 
19558 84640 
47152 97995 
21155 47220 
18546 89191 
24172 67961 
52139 19224 
86038 83050 
31385 15299 
80208 91213 
27406 40132 
54515 26413 
38652 75956 
33987 31712 
68111 35745 
55457 74508 
40654 71583 
83909 66078 
2312 11912 
1198 74248 
10536 74348 
76655 47022 
19915 68811 
26035 97118 
91354 26909 
40404 32623 
4377 67832 
19731 57351 
32019 38464 
77340 5998 
45649 45964 
90833 23810 
53135 34778 
62697 48243 
37904 46857 
19526 964 
58735 43794 
22633 52549 
90545 62660 
84825 79364 
34944 23504 
88171 92374 
6019 5818 
75848 80986 
1571 63688 
47494 81562 
2948 54928 
21941 49846 
7659 18187 
43850 89305 
88095 43830 
1428 63283 
86996 49339 
91331 97838 
5680 88047 
13743 64288 
14615 91209 
5802 15747 
17559 67727 
24709 40270 
30283 63284 
73227 84798 
92792 11233 
19744 98659 
20018 91236 
2682 43167 
10095 48505 
24737 14740 
71620 16420 
36300 32954 
1717 28350 
79377 52080 
45257 742 
13419 64897 
92236 18792 
72696 80981 
25111 58529 
11209 78142 
10803 34628 
75588 45315 
43096 72050 
9032 57996 
80345 61325 
30076 53145 
90671 72329 
48799 99522 
12241 69402 
80084 91528 
59763 91883 
88605 29888 
59991 38442 
53488 90882 
78808 21035 
71885 27349 
10386 34863 
30211 89304 
34933 24434 
59384 99760 
15710 12600 
56116 72249 
98296 99433 
96176 10504 
95464 30831 
87483 87932 
89590 82952 
11029 64728 
61161 7895 
75813 63875 
56741 38479 
70348 93788 
42672 55535 
27744 74960 
51795 79841 
33998 766 
19670 62608 
99831 38401 
24036 13398 
85243 54990 
86668 22414 
12969 36011 
70328 5278 
32077 48405 
5168 22761 
96202 89171 
8707 5320 
2223 51717 
21453 42934 
94715 36866 
66237 84345 
79045 33191 
53513 26689 
1748 92209 
97148 66409 
50656 27984 
75644 25419 
99206 77814 
72265 62673 
69483 70919 
54213 30634 
16742 65441 
5751 38526 
44544 30578 
13131 39895 
44057 70265 
10173 70613 
13726 7618 
32525 25343 
56203 75199 
95919 75396 
68296 85184 
9137 98957 
36643 85631 
55956 15904 
26951 44320 
31964 93695 
7833 39981 
1979 18295 
81633 82274 
51655 4644 
4106 26470 
42940 54879 
62408 96574 
47181 59331 
46597 81479 
21980 75253 
93646 22770 
18287 11330 
5005 69901 
52785 92166 
38792 38743 
57251 76308 
55938 72873 
21379 53774 
55979 73459 
78464 54642 
72607 33275 
44363 58918 
11752 83060 
9337 9767 
5644 34392 
99627 97065 
25169 82190 
71066 96374 
39810 12124 
70537 19554 
39548 43444 
2755 57614 
36340 26140 
69633 73789 
44116 2822 
7425 35438 
95720 40364 
32826 57016 
92839 34092 
23421 63221 
633 88184 
134 71328 
92692 79946 
49724 34811 
23861 22772 
23961 86539 
58622 52831 
78699 69136 
10894 77913 
70937 42562 
57502 43370 
14782 14514 
72023 89723 
8333 47942 
88302 99233 
82627 61815 
43676 54658 
91071 56170 
70776 62373 
53231 60595 
3759 24196 
90334 26434 
39909 77503 
41543 57368 
50781 61584 
29814 436 
68401 9717 
54088 134 
81513 11047 
20580 51926 
64452 34127 
90101 78318 
26961 54839 
10620 90579 
17103 85432 
24711 92260 
31401 58540 
90034 26873 
86419 80286 
27671 71380 
84263 29975 
17932 29595 
60759 50366 
96153 85188 
39615 42154 
62016 32623 
28410 49037 
5138 16249 
83012 95631 
66891 72619 
35854 19492 
3895 89266 
30487 20648 
92102 64282 
29915 37263 
12084 75411 
69437 44487 
85924 44792 
6081 64996 
93984 16044 
76180 74393 
85914 44095 
10234 82379 
14369 34967 
69937 71476 
62239 62658 
66080 79113 
4551 33351 
88023 15974 
44806 63349 
25533 23814 
92094 86470 
91988 89270 
197 9066 
64315 46745 
72725 86395 
39493 23053 
49433 2778 
70047 99255 
27958 99778 
81686 91021 
42580 11590 
95093 77833 
16934 34874 
70826 43497 
31214 81499 
71417 25651 
96011 36930 
87942 10378 
4753 74467 
9727 49499 
44600 56104 
25279 22777 
81688 84454 
30170 14993 
786 57025 
83302 28768 
71708 14052 
96835 7955 
35222 64164 
67025 3625 
49756 18368 
53343 74850 
16837 62129 
91423 79932 
8008 47780 
81781 80174 
48853 95053 
30699 47966 
76816 46227 
32245 43678 
78649 34189 
71176 1743 
30611 86655 
95261 45329 
9961 7869 
52568 31108 
19790 50271 
14354 10888 
70957 12966 
7403 85276 
94600 81246 
61019 16000 
16689 51994 
33361 58197 
12040 73496 
19368 71687 
69443 64986 
58301 71151 
41787 71201 
52718 79139 
25501 50303 
82724 52948 
12172 89681 
49383 66678 
81831 93499 
9459 43141 
62216 88283 
69939 46810 
61219 48389 
95323 68627 
90738 51923 
43219 56229 
39364 39465 
84526 69040 
18560 62908 
83325 66687 
2447 79794 
8588 71311 
4819 69694 
24886 79606 
88684 23542 
62526 38805 
83400 84213 
98871 42323 
92396 97266 
92093 45406 
10508 64410 
96187 48874 
34091 79105 
51810 49956 
39399 63631 
91347 13180 
25089 20028 
18583 71433 
63276 53511 
23467 27561 
80199 26264 
70651 90250 
92371 51982 
56863 44430 
56962 47061 
66637 26084 
56234 13069 
68500 44091 
24982 36914 
84476 67609 
47232 60086 
34579 76513 
93853 86404 
4969 54533 
46283 68900 
13512 89976 
53207 40786 
49745 37326 
96845 32882 
47553 84476 
3385 50469 
8381 65026 
18155 66198 
30356 52785 
80264 22525 
14463 76528 
73761 27073 
12725 97056 
2737 67374 
55340 95724 
36343 67679 
43814 33861 
96379 59778 
25339 55908 
14843 42275 
70051 25550 
71803 58289 
57214 3820 
34927 30249 
39050 828 
61224 52295 
91583 58724 
88784 55696 
80771 52437 
41751 30797 
69132 26919 
95285 10181 
63201 24837 
98917 92057 
55340 97059 
36515 10316 
44818 29769 
8963 38273 
32496 66684 
61695 46806 
71104 52599 
43404 24402 
18773 75351 
74505 6590 
87370 37329 
24367 55280 
99127 44747 
44833 74729 
65169 63171 
84246 50185 
77779 51187 
10951 47672 
64544 50558 
8165 18975 
87056 80883 
63154 14552 
79394 59514 
62785 18941 
12349 43363 
24855 88141 
38221 68236 
39949 86533 
17954 43457 
72170 92113 
57510 44813 
68706 63068 
83569 37209 
57999 36252 
70027 49943 
74203 58594 
86201 22131 
31618 36246 
75282 33565 
86987 23027 
87260 37178 
69805 59705 
84441 13275 
31204 18712 
9598 72834 
60510 5054 
56937 47431 
45242 13551 
14260 16706 
5084 44922 
51053 40831 
13305 38829 
11717 85008 
30087 90694 
35742 45854 
11453 80884 
67343 15334 
24685 59841 
35953 46963 
96616 766 
85898 21106 
44656 52684 
8717 41445 
92095 1017 
84788 33090 
49021 70232 
72273 54295 
48073 83720 
90875 78367 
60314 29722 
35491 50128 
80647 68953 
20576 72151 
64500 59521 
99858 30003 
17894 67788 
28055 22852 
91573 80017 
31298 26061 
6497 28983 
31236 75757 
42833 2137 
24085 31863 
57431 3498 
50430 45744 
55866 147 
4116 31313 
34240 95980 
19330 14395 
23244 40364 
43818 14068 
12409 97361 
53134 91917 
5952 72419 
85940 90311 
63358 17702 
83579 69251 
7566 14721 
98508 42800 
41558 63434 
95634 10768 
199 90753 
8204 79053 
78303 28121 
25627 62929 
18221 97849 
84432 71585 
10635 90905 
5570 79319 
60776 15082 
71340 99083 
98959 41757 
63447 87426 
69107 81918 
90067 26394 
11835 77685 
14231 47575 
69716 4261 
58472 86239 
81501 39035 
1391 79384 
99357 69545 
617 50524 
58595 80026 
73669 56160 
52887 77499 
43264 4157 
19643 92657 
6873 92602 
20001 18236 
21666 59240 
5785 28142 
5464 76212 
1840 54302 
41894 72550 
96280 84985 
43702 17811 
23517 88331 
71986 54180 
45297 57861 
31114 21538 
83555 22934 
59177 80244 
35511 66441 
12048 99725 
6265 44479 
95472 47528 
27014 8278 
34081 83050 
88076 87391 
78829 32985 
5063 4930 
45052 1345 
53824 60617 
42227 45956 
55179 35432 
3468 35452 
64037 42894 
47868 86015 
19104 76269 
12076 65534 
39207 78470 
68788 44325 
10151 91996 
9338 66198 
92079 29897 
5154 11401 
91439 45632 
78595 23862 
83974 69568 
7484 79156 
45549 22984 
59678 76718 
46153 16606 
4081 50143 
89104 90023 
72728 2711 
32238 50774 
54941 91863 
10792 27474 
88999 5906 
92721 60020 
79390 99042 
36351 11745 
8407 76645 
87552 3329 
29729 51760 
49027 36342 
28579 25876 
77844 95484 
8144 82332 
19019 92905 
15194 19051 
62696 45418 
49149 88821 
20442 56017 
8346 59980 
52158 4759 
14829 58082 
39297 40916 
24732 38 
92349 8243 
75152 86218 
985 28252 
40400 73100 
83745 12606 
70600 9357 
70878 75033 
63840 81613 
58655 65618 
79411 82614 
6453 55903 
34178 84191 
8894 61887 
36669 70154 
64509 3884 
4244 60110 
79677 67078 
77528 34230 
91990 44733 
93262 51109 
70747 17183 
1831 36095 
53920 44039 
18958 5890 
10744 24499 
82380 86674 
76966 11227 
43819 77685 
95847 46924 
64135 9890 
12155 29575 
95294 50311 
8687 2245 
26606 6534 
45247 6421 
44690 93079 
58564 34037 
6691 31564 
8288 62669 
54524 69959 
8966 60818 
4241 22739 
70857 5754 
29116 53392 
83421 65109 
17616 43452 
14526 55201 
28170 18139 
65686 4028 
81481 27687 
19035 14922 
28109 15549 
35302 48067 
4132 39956 
13716 11377 
40948 53648 
4510 79685 
26595 88134 
72672 41764 
25452 33439 
47564 8371 
50787 52069 
57225 1359 
50345 16794 
38452 83798 
8977 15855 
34153 84152 
94354 26334 
38023 13726 
71836 16670 
23226 75924 
92833 2696 
96570 18291 
17334 48062 
52573 83900 
65739 69558 
62844 77306 
