20561 39813 
18688 71811 
94523 18695 
62372 23681 
24257 34228 
71259 91614 
59354 75023 
57682 16778 
6682 44103 
86038 17553 
18533 52754 
93004 45400 
96574 98493 
98453 43665 
21954 87276 
1478 17912 
22069 20300 
32597 25714 
62667 29151 
37989 46229 
10350 9539 
4543 95517 
44990 73502 
95510 12171 
14169 12698 
55730 49732 
12498 41310 
62671 77224 
37488 66066 
44956 7263 
20642 13012 
63552 42366 
57521 25949 
52488 54403 
63770 39792 
45733 89578 
65427 23637 
74794 21885 
91316 82950 
7600 61700 
72930 8024 
13434 62948 
72916 56754 
80935 62260 
57132 63778 
86604 26586 
97228 75142 
9801 81918 
40773 17937 
16860 45106 
14210 27689 
91738 83174 
30223 72836 
73541 80137 
55630 35213 
72281 99968 
58449 28244 
73394 96237 
93568 60418 
8827 33826 
5245 80609 
67925 56236 
21680 73964 
44853 53179 
91969 12299 
70996 57445 
68985 1352 
60513 27510 
73076 8731 
5175 52892 
80947 1019 
90621 52957 
71686 66277 
70352 26709 
27611 49026 
26038 51016 
31480 78835 
63154 17814 
23562 30738 
39479 46995 
82167 15967 
650 11038 
69473 64886 
1759 59842 
40800 30475 
26886 39822 
50005 10390 
79488 60000 
96206 58328 
5748 69639 
47831 31354 
30233 76929 
48787 98813 
28675 56272 
58537 20600 
36161 62930 
2972 87808 
90739 98096 
16181 7152 
42185 44912 
34572 2072 
13609 26496 
64267 98051 
89620 20755 
80308 57431 
18902 3572 
31896 29891 
61370 81885 
21784 88761 
80459 21259 
99869 30466 
79659 68730 
61161 24653 
9039 21020 
66504 15929 
22325 90676 
10802 94655 
47964 78230 
47928 73839 
48688 67178 
44156 31976 
83214 20415 
72614 7495 
51013 71651 
80146 59549 
96509 73468 
54933 41948 
72575 84801 
98314 72337 
14871 54998 
57474 17074 
58354 89020 
7017 53776 
35196 58931 
76913 18117 
29368 60494 
11905 89251 
27350 537 
13181 19061 
96653 40665 
56973 64484 
44299 15986 
6710 39260 
55922 93682 
35444 61732 
92793 35604 
53517 38681 
28907 81486 
92741 91690 
43118 74950 
32889 2178 
42401 13170 
68830 23972 
81436 12866 
7439 88172 
61019 50255 
52179 4090 
33217 50637 
80298 42130 
14688 74512 
42622 69785 
11296 71396 
19203 240 
86889 49994 
45371 4639 
67053 43925 
82260 33663 
54665 35889 
43458 91822 
48247 39989 
5129 8767 
96401 31863 
20865 55897 
92004 59336 
34413 63711 
8404 62509 
33611 5548 
6489 81511 
17008 26799 
96299 32566 
51055 15139 
19773 88632 
80181 26963 
32236 9521 
14692 7984 
99402 28245 
62146 71793 
93958 15270 
86697 29228 
71198 10430 
77895 93489 
26712 33441 
85489 21218 
90797 58267 
30057 88126 
94040 64046 
30574 39263 
46442 55829 
99551 98636 
8460 82097 
43946 70676 
96552 62827 
75788 16876 
58044 81817 
80291 44979 
70576 90053 
11207 5193 
69927 13094 
83284 48168 
86646 54756 
9888 62865 
76742 41826 
90221 78928 
64557 60109 
85025 87813 
77014 90782 
32267 9688 
37573 67878 
45018 8970 
5515 42625 
2585 40408 
91591 58465 
92946 89708 
54605 11752 
89600 57987 
85159 97445 
49200 27698 
12571 16566 
97677 39178 
28890 52740 
32016 1609 
9978 8843 
2472 59914 
27758 31586 
55709 40025 
90054 41822 
13223 98919 
14818 31409 
31342 12984 
44114 83664 
39243 48512 
29846 23771 
79607 71506 
78050 7916 
82891 70474 
21429 15522 
90696 85534 
895 17630 
6268 59891 
76006 56288 
90907 55643 
51479 84765 
43930 4847 
2393 86449 
760 98943 
4193 11520 
58857 54862 
25295 44742 
94395 34528 
19876 45242 
63960 35972 
66319 79627 
95004 18902 
32844 3542 
56388 75333 
16015 33562 
66077 6741 
90068 91258 
36895 23243 
25457 94328 
83212 37394 
83524 15921 
11546 85476 
70863 32532 
96274 72522 
41734 33346 
98009 3813 
69804 69449 
16646 35244 
71502 80000 
83715 47662 
52476 44327 
89360 26206 
65868 73780 
8146 4660 
16591 75306 
34852 16941 
19296 89854 
66505 83148 
19369 33078 
70132 45924 
16115 43190 
57065 64409 
85167 71453 
44103 67715 
83211 34425 
19417 67550 
32259 83940 
46829 30564 
23015 40708 
35931 14937 
47267 80513 
77486 82891 
67772 58165 
93653 11060 
60783 3682 
80788 34009 
21129 27618 
28941 72724 
2676 28022 
86631 19502 
78046 204 
2068 73449 
40608 12293 
12740 46631 
39052 24533 
74097 89985 
30281 98296 
15073 20169 
59855 62027 
83256 63818 
30922 75603 
95748 74053 
2327 62077 
43112 15561 
64517 56305 
3266 59243 
77880 53667 
9783 75129 
22331 28914 
84787 63179 
99241 35090 
90468 15574 
47199 85567 
75229 61223 
81655 68418 
90558 3489 
45134 41659 
32958 25488 
59514 10344 
21597 3850 
4745 92061 
56832 41427 
9451 36058 
17345 2210 
27994 73061 
44355 7593 
95883 37778 
30224 32112 
797 24149 
75732 18938 
80054 4592 
5412 20632 
56998 68822 
33558 59067 
58566 15245 
54833 89929 
14219 58514 
92938 51811 
22428 508 
78332 77703 
85108 48819 
41777 47534 
52632 56780 
4283 64438 
92501 2124 
16025 44545 
93275 17551 
46907 20339 
42007 35817 
59634 71023 
68245 14378 
2559 9831 
30543 60194 
43987 77826 
32479 84008 
32250 16537 
94325 75202 
6583 17596 
73813 3290 
2672 76602 
24833 20181 
93723 10530 
6446 58517 
82995 33264 
6267 95721 
16974 22228 
22018 80837 
19690 50568 
53014 1786 
58177 3991 
89334 4381 
36657 49102 
50625 61248 
82757 70969 
18740 28734 
32916 51651 
28846 22967 
46110 18544 
32169 92406 
75125 51664 
20184 63556 
2824 2354 
4872 88935 
7202 42420 
82555 31980 
53509 32320 
69856 82254 
24298 69778 
89512 6115 
88992 56097 
1027 2990 
83409 96415 
16571 55427 
16649 32317 
16081 32303 
47867 90430 
77154 28893 
78635 19032 
65130 4923 
88003 76215 
86663 12318 
96785 27733 
96102 88033 
85227 10475 
58201 24183 
3941 18339 
12910 17616 
11796 71292 
58455 44159 
46486 35563 
67428 98926 
83543 73121 
77260 93443 
67825 12016 
51269 2719 
7821 45616 
89346 11041 
7616 88466 
78395 13875 
73942 39165 
11812 95147 
76473 26631 
74560 14068 
58355 45034 
85805 3758 
90948 14893 
14625 5111 
41857 43007 
35958 33659 
78528 92336 
73735 4624 
61076 14409 
86069 21934 
87425 41483 
83385 70656 
41508 83419 
34561 39118 
60924 25142 
8401 36924 
84368 74531 
18225 68164 
61055 67725 
85827 65275 
4521 99092 
17771 88336 
51349 6465 
91758 47049 
41760 8784 
83689 8179 
73452 62885 
27122 9953 
92692 78939 
85951 16719 
77357 9937 
38427 12108 
35508 9594 
16064 47013 
90017 35195 
14491 29891 
44887 57163 
94982 71200 
32117 25478 
25173 71236 
19318 34622 
65403 71199 
17755 23317 
93115 71007 
68088 43098 
71965 54184 
96807 30639 
14516 50110 
30212 22745 
57851 6977 
24741 60063 
69947 44964 
22574 35812 
31319 8514 
69641 59208 
91232 38981 
39528 19781 
80685 44508 
91216 58385 
75404 52702 
51247 73472 
41255 93453 
51545 17083 
61748 74214 
73065 63999 
42740 78119 
42335 69629 
12960 36499 
3096 67481 
90655 1673 
38464 95410 
66423 73356 
50374 81380 
60229 12554 
12546 64059 
46622 10534 
805 71375 
6333 67272 
70322 30984 
54722 73712 
93175 40650 
17951 85240 
91613 83639 
76300 19977 
2495 34491 
70693 14799 
86612 63920 
73283 24435 
52932 18082 
55891 54574 
2284 17088 
51067 78587 
7614 90395 
89767 99293 
38631 42590 
16870 82136 
7553 22056 
31210 4221 
59594 47196 
70308 34828 
56965 30081 
61659 87343 
8356 25816 
92220 60009 
77244 27386 
5628 13434 
61809 20407 
22763 16503 
76870 9931 
95367 29164 
83957 32346 
44777 80472 
9492 69422 
8193 43377 
63013 88671 
13458 3899 
17483 44442 
29997 71680 
41958 87576 
98324 81319 
83199 47905 
23444 89482 
77335 73552 
28528 81455 
35239 33724 
4378 62635 
86030 17555 
57495 25392 
81947 90592 
54964 49802 
64818 2613 
87929 17933 
69440 75751 
27055 95707 
92431 40241 
23187 63769 
86412 26653 
14325 59394 
48922 68062 
36043 25120 
62991 13394 
96676 46650 
12082 4035 
70858 2467 
35912 19824 
85420 40714 
15678 57660 
20170 45035 
77267 66206 
22778 50440 
79288 23572 
41717 22656 
9101 11333 
14187 20022 
44475 7899 
6916 15654 
51126 96979 
96951 69447 
77097 62782 
96803 4397 
73800 22585 
73728 59809 
20489 29446 
86464 65152 
54063 63064 
64402 2615 
9300 15213 
83956 3887 
55969 67620 
54812 57239 
78753 54849 
14747 84660 
83502 2463 
45904 85658 
29071 31627 
67681 34229 
77823 25329 
31773 58603 
29870 58513 
43497 29538 
56229 4674 
60143 32280 
74249 44850 
71896 99706 
15081 21445 
53794 39791 
17366 98938 
88198 99164 
43966 16317 
96441 66400 
59259 41900 
85578 33583 
23366 70287 
11590 2782 
56676 33224 
83922 45235 
3090 31511 
87889 95399 
73677 33371 
81294 89415 
83740 26282 
29475 38142 
5785 53842 
79057 58587 
48483 17030 
34855 74379 
37432 70088 
96628 35874 
17375 95247 
32817 3549 
17495 97669 
16927 84536 
21531 22214 
28891 11444 
62649 57027 
28492 5094 
19374 55434 
40892 68322 
23343 77292 
55304 16718 
2261 23650 
27028 63986 
72134 14495 
90333 44530 
61726 38346 
35124 73973 
99156 84576 
73804 19466 
15619 54620 
26457 75997 
24498 36589 
82229 22329 
15406 19315 
52715 60774 
62241 16492 
19182 28684 
81887 69311 
89613 6391 
95928 96902 
23874 36223 
41611 67849 
55666 10335 
50231 73222 
38510 81251 
61240 91797 
69638 98344 
68585 51513 
459 75931 
2139 7738 
25190 54204 
31550 78521 
50255 22928 
42448 99775 
86235 39647 
75659 89229 
71434 89085 
38912 36937 
31516 98477 
97539 72344 
3236 44791 
25718 93083 
1924 64077 
53050 79098 
92171 660 
72631 57199 
29079 14427 
86213 25749 
73482 98175 
49667 96965 
48674 43783 
47701 65192 
98509 35932 
70584 63492 
27109 45148 
87653 28049 
48974 38132 
12452 50119 
54935 22687 
32566 58645 
4198 96945 
33578 43162 
85602 78213 
81053 96246 
52280 45410 
37026 27498 
23059 40902 
78216 76966 
61227 42491 
52031 34881 
86687 34353 
53397 56720 
51082 76940 
30543 47883 
7110 164 
31094 80617 
33043 21611 
81188 97344 
31380 22139 
49778 49190 
6592 94849 
87899 16223 
41063 20281 
48403 56846 
30664 10614 
85487 37744 
11734 8700 
5358 2933 
9854 23974 
89419 50729 
67401 36595 
39637 802 
61684 3599 
2064 50002 
8373 56432 
8977 35278 
55950 87910 
42679 44754 
16091 88466 
64755 43903 
42161 6510 
73394 12774 
63423 75748 
48384 22361 
6081 73555 
18470 13418 
83962 48762 
38992 79472 
21402 84689 
99081 97215 
78825 43821 
87132 92140 
87547 74188 
30906 75009 
64469 44373 
94313 35646 
69638 13961 
56779 34510 
90052 39356 
23091 89688 
81620 61045 
11671 17154 
77843 17737 
47506 45540 
78588 85223 
42265 93173 
65202 43379 
78619 64741 
49299 33427 
28400 97741 
51642 79381 
24918 64685 
24913 12550 
78637 16112 
79492 56028 
72364 31518 
44962 97312 
97215 30622 
1680 1482 
93830 85725 
46565 94826 
44672 67457 
15138 79377 
22711 50800 
67910 22491 
39386 6072 
63360 2435 
50469 387 
82019 80877 
72306 39155 
36624 16261 
32866 84285 
1796 28211 
32142 96020 
23385 72447 
14670 58709 
22403 88132 
63268 67330 
91369 35128 
7583 71195 
91946 47340 
3622 94036 
1871 90138 
81169 75539 
26516 24788 
74848 8411 
85779 50896 
51535 77163 
10576 19048 
21963 40096 
34840 80165 
77544 34298 
48734 65503 
24806 25019 
86685 71835 
99316 65374 
59893 59999 
28533 80103 
7114 61854 
78789 38007 
29812 30594 
65427 31632 
98184 62460 
27095 39977 
63089 64061 
65297 10181 
85588 38853 
28535 57582 
571 18756 
76708 50000 
63860 72440 
95901 11764 
93227 80532 
46335 55726 
2907 79801 
16913 27395 
48479 43296 
28690 24339 
44400 81521 
76554 36111 
90018 20885 
23491 35229 
41522 40008 
65046 38096 
97121 21881 
62937 46282 
20601 10469 
6240 73186 
14482 44017 
96166 58865 
68142 74154 
66197 76708 
48565 69805 
43143 39603 
71766 48027 
26713 20422 
91512 70031 
15255 11845 
68579 90003 
33549 63979 
38606 46766 
24886 54697 
79489 43883 
54154 67259 
90314 72516 
31216 72531 
32975 93136 
4623 39009 
54916 7166 
94530 22836 
6837 17662 
30663 22146 
92751 99355 
36290 15325 
41431 72689 
52346 41135 
68074 3919 
27249 20181 
2915 33924 
7388 61815 
99567 72046 
50853 48316 
16 78121 
52749 39083 
25490 95782 
14215 91568 
82828 93188 
9299 52812 
24511 13532 
3915 35693 
77175 36987 
59317 57392 
58220 8193 
8903 84057 
33028 88961 
31607 95304 
26342 54557 
57754 54929 
90521 63730 
33968 50093 
50671 97634 
42558 40241 
92056 80794 
17813 39147 
28733 68527 
26697 38728 
94025 9491 
84680 71664 
23199 69503 
58786 1329 
56672 33341 
69408 22212 
78061 84899 
40034 51734 
15587 2928 
59757 95243 
77591 99506 
17296 69987 
63378 71446 
37207 80992 
89089 31071 
99080 52010 
95006 32062 
48736 28111 
55446 8557 
16777 82956 
95328 1235 
44322 83462 
28536 52800 
78373 87281 
72338 17123 
39934 74437 
59441 41206 
86919 43418 
64635 47231 
90789 34209 
86544 63130 
21013 75945 
76641 24428 
84633 95295 
87489 97571 
99573 63146 
20059 55483 
89815 1830 
86030 69834 
78147 22844 
65118 71261 
17912 15938 
29789 68790 
49052 64407 
30095 12708 
85684 18591 
79929 31379 
42582 19808 
62644 71780 
86113 30346 
78766 25994 
51571 91637 
91446 31449 
3294 2355 
86331 91396 
26556 80956 
51687 73928 
30951 53032 
1900 12784 
13831 82878 
12890 51253 
79334 50774 
11504 41676 
33634 62773 
62615 37370 
80267 68120 
27445 91234 
20743 50983 
24534 5859 
25111 57747 
10813 63674 
74754 18942 
14404 2442 
95414 25684 
93045 91405 
92287 24586 
62461 6408 
71003 2145 
37524 98533 
78409 39950 
55725 110 
25292 35357 
7234 14376 
59519 98837 
78769 90658 
42567 58798 
29503 95623 
44974 27455 
56427 52956 
17018 7201 
73827 38788 
9717 45906 
26997 88228 
18278 81752 
83806 89590 
95169 53422 
99413 17168 
33241 89845 
29205 80907 
50663 35243 
72944 51850 
18915 9791 
69151 55934 
62665 54016 
22899 15553 
26092 55889 
42488 58203 
44070 13616 
80878 4632 
78580 44219 
26296 95086 
80827 8276 
63074 11566 
17780 84575 
28602 6439 
58152 94910 
25138 53350 
47365 48914 
6291 95013 
13609 51540 
47140 74345 
37827 91717 
24231 283 
89323 9686 
77118 17743 
75659 22648 
96634 22333 
80574 73643 
86751 84777 
66940 56907 
76665 27430 
3056 64510 
17657 25831 
30087 93666 
85311 91947 
26063 51878 
21840 32567 
37532 97975 
95536 66244 
43860 61055 
24802 25244 
91104 86536 
12724 65187 
82508 68728 
64830 54327 
40872 42726 
17443 16909 
64417 24953 
86976 60571 
82215 11267 
61520 26479 
77877 64352 
95249 62681 
90888 47934 
33473 36106 
23849 94425 
91530 66720 
80847 24683 
34296 88523 
37267 73850 
54725 16386 
94600 15605 
29609 25195 
5128 18675 
38682 28301 
60852 14074 
69210 75984 
28631 99286 
92372 81467 
79201 56506 
90024 21920 
1627 16042 
30858 55011 
16662 53102 
43472 37707 
2653 66475 
10574 33369 
25776 50961 
13279 45624 
22810 41927 
87412 23052 
19072 79983 
14729 37437 
76757 16543 
61153 50125 
59657 56907 
91394 45986 
69070 16481 
34742 32551 
52675 47926 
50339 73067 
13262 82249 
41929 46535 
47431 15222 
1827 5268 
25694 62056 
21797 31004 
84926 97844 
94541 74388 
41673 99065 
43674 99371 
50573 2313 
62330 44080 
25981 431 
10973 52727 
16861 3326 
23508 29367 
75116 1037 
97449 13584 
85734 79978 
98704 80660 
33496 59791 
94403 24332 
65444 37873 
38296 88932 
70911 51398 
72343 79536 
41656 92522 
75438 93673 
93463 41482 
85627 86215 
27557 14412 
45684 279 
85288 57956 
73589 71250 
2741 61150 
39248 38517 
3300 96528 
36671 80056 
75639 47057 
76897 18688 
72243 23238 
91084 35663 
29251 25615 
25497 67156 
52298 61910 
30499 52339 
34956 85151 
94232 47859 
76533 79411 
48291 22907 
44153 83144 
77509 1459 
80434 6617 
98862 23885 
92515 69566 
35563 58764 
70813 57959 
1533 7601 
76602 74616 
28777 10062 
6330 37458 
15546 75407 
87618 61271 
46743 37013 
86916 44130 
39679 51159 
12066 68016 
98058 38737 
74351 14644 
14994 99069 
34063 92165 
51897 8734 
91266 66149 
34224 55110 
99097 89150 
47358 44287 
70840 27128 
86333 66071 
23972 88175 
11602 94975 
54443 69197 
89748 55442 
62728 49627 
52809 81950 
59505 77721 
92785 60243 
63274 14623 
18956 44611 
64875 24150 
44783 7952 
74529 22105 
38439 96317 
85927 27961 
66469 27663 
88818 93852 
83550 95778 
36685 21092 
73054 14621 
29290 12807 
22830 65772 
1233 52764 
28595 92277 
17135 45123 
53312 15816 
61669 97587 
35121 40994 
78350 81294 
28664 50445 
54885 54823 
85050 87550 
74833 96780 
24257 69728 
55415 51720 
30408 74586 
69564 57514 
5165 93674 
6632 88786 
47369 54122 
60638 20672 
88120 67156 
47566 89906 
99623 74299 
43918 6110 
13429 26997 
7585 45192 
29103 53481 
89074 38847 
67882 37873 
66227 59453 
27567 60852 
38773 87995 
24646 28645 
441 44177 
67574 47659 
65782 52512 
91186 85790 
66499 15910 
96340 98232 
47759 69191 
81207 85557 
88849 88941 
21022 94931 
44483 43253 
51643 71480 
53173 75159 
38925 16155 
87306 26942 
70711 8914 
25913 28989 
91144 11546 
15577 96528 
8032 73210 
47545 293 
43179 23549 
19815 3078 
62856 53182 
71835 83126 
21017 49453 
76389 97420 
71385 76504 
48387 73240 
56202 63049 
83473 54659 
59222 88676 
70703 72226 
18421 40065 
33048 48660 
29965 42205 
37053 1174 
39100 56504 
78703 51876 
5944 77634 
96412 11766 
54547 54022 
84013 60910 
62140 3065 
76719 7668 
22141 91507 
61259 73218 
19279 3813 
17738 14123 
88095 26973 
35238 65316 
87138 38840 
55777 58635 
10300 98936 
91962 47911 
74059 5596 
32538 50635 
64768 1384 
96974 98326 
3700 79915 
25357 73017 
89194 71513 
93075 95617 
5037 62615 
21103 23435 
42147 34345 
12215 8774 
66621 89426 
81000 68253 
81408 73376 
61315 13397 
71126 85895 
68642 97042 
89970 21406 
66787 37228 
51181 73915 
38462 90503 
3215 90668 
87516 59946 
32523 61505 
6916 39722 
15788 86423 
31072 17602 
55467 72492 
53666 79640 
71678 73141 
32918 87089 
90728 97731 
25003 24618 
66022 87419 
83374 51040 
90588 74508 
36793 19013 
12153 16778 
12111 68543 
41452 25761 
99209 40634 
52403 88465 
64932 2059 
8777 15759 
10508 19970 
16176 37428 
32613 75946 
90417 3890 
92124 63100 
53810 47571 
16564 66962 
19384 3187 
62338 91147 
99743 85458 
41082 52154 
82044 75237 
70805 34192 
43492 70595 
46956 64513 
42765 18113 
41177 42523 
11977 51420 
26186 31794 
91034 28976 
94116 3119 
91683 81169 
82596 98881 
52054 47973 
47943 74247 
44194 12731 
28092 59096 
26840 15088 
19197 76080 
93610 56642 
49340 44846 
52829 96577 
70370 215 
89351 71375 
4617 52980 
1024 62626 
77077 25982 
72888 80032 
35625 5276 
50673 22883 
11939 56435 
1887 32617 
4002 69415 
7517 51493 
67430 11926 
10308 57999 
87323 90865 
56614 58283 
64959 44134 
7958 74730 
94338 11039 
65752 87739 
22467 58459 
48016 54835 
84227 72136 
80471 52408 
77774 57650 
16059 59741 
99626 34047 
76707 32374 
89974 44588 
19079 92462 
48192 53715 
62078 97446 
66123 47076 
78038 35194 
92482 2347 
41821 33694 
85489 52566 
52445 66457 
32900 20864 
90403 80980 
18637 65679 
50499 76924 
93481 38976 
94813 13123 
63612 26438 
3293 28081 
45282 8285 
60560 17335 
46473 52080 
6602 22850 
27140 24788 
96385 54574 
58469 90354 
58775 82331 
48567 41188 
18709 7448 
27093 97196 
48240 47783 
84545 94399 
41822 47321 
43307 76651 
69142 52007 
96983 98622 
44846 77247 
92182 45960 
68625 29250 
42615 79409 
31471 32389 
59233 13692 
54274 57790 
52087 49076 
23486 44551 
9707 83793 
15246 54330 
90010 48880 
54126 2463 
63092 23484 
35583 64342 
30745 8339 
52236 64480 
10115 57848 
3235 17512 
9676 97084 
33290 5302 
44488 79049 
43321 42414 
34749 69638 
38254 3387 
6675 83021 
29109 59564 
68034 28516 
86336 681 
61943 71567 
49273 96982 
12076 56025 
32609 91303 
59957 82721 
34909 97419 
60808 90171 
46555 20843 
48199 37284 
74841 11380 
99783 45045 
52519 2893 
36454 14417 
72734 95076 
65495 1092 
98098 84465 
34658 94185 
24519 57469 
98552 15656 
41490 16934 
11343 29939 
19657 25518 
50473 29175 
73801 14141 
44967 38431 
94755 21805 
28863 67431 
17340 4307 
65388 20549 
93037 73643 
90749 65246 
65911 7385 
7739 50565 
8212 97836 
18820 62005 
58117 94505 
25984 96782 
16221 30215 
40357 44404 
99695 11141 
38413 61480 
23412 94101 
73608 36809 
75901 70651 
2339 53043 
84633 26825 
11379 64625 
19943 49817 
40266 28158 
69773 8457 
76598 41052 
28506 43042 
64799 66982 
82261 61874 
9628 52634 
40358 56829 
74550 69167 
58039 18315 
72087 43980 
19068 51197 
18315 83622 
98526 67564 
76950 27047 
5845 59663 
49782 9928 
16093 36892 
79683 65394 
33521 44433 
20044 34262 
95550 67913 
90188 8768 
17679 68453 
80168 87753 
175 85482 
90326 78439 
65965 90943 
91100 40141 
75804 77781 
66766 28663 
71573 18073 
63168 66635 
31474 31737 
93953 34655 
81934 65403 
72438 50867 
162 92906 
26930 82492 
58630 13747 
26207 11818 
8120 43969 
88806 61293 
69534 65084 
74882 67619 
6328 20973 
62620 83112 
79196 30171 
92520 74120 
42569 11468 
22372 80899 
28497 4486 
73294 1102 
77667 3676 
62986 59940 
19586 14154 
16142 34036 
74370 80828 
13973 3163 
47104 38485 
94882 14280 
12422 79814 
46549 55687 
41721 40774 
36035 55592 
8328 58295 
8992 39033 
17008 63997 
51648 99866 
43320 39394 
49988 70354 
35639 73047 
99359 99971 
28060 28135 
14739 87098 
35954 50154 
66982 42583 
57571 18749 
23590 2493 
84905 75117 
3882 48909 
34934 37003 
67959 42227 
48374 47004 
46388 16187 
67254 86678 
83316 37739 
94912 28953 
9532 87851 
62408 94346 
83984 76487 
73887 22715 
42358 65259 
80103 71593 
69531 34603 
34070 4574 
69086 98870 
15749 38805 
37517 42315 
73680 79304 
63381 21758 
20669 79689 
62355 57530 
37884 33776 
28004 13361 
87154 20642 
25064 47965 
4787 96879 
77101 6346 
51887 54126 
3668 7226 
25924 37384 
43404 74493 
96251 50184 
59008 55212 
12254 56393 
57604 64472 
47025 25229 
75748 98247 
81694 56017 
72169 59427 
6001 62274 
43313 49327 
9194 90919 
26855 87226 
62024 1699 
86555 33860 
45374 34368 
78206 11305 
63980 46746 
80883 31318 
94736 15438 
40273 66957 
58235 52842 
11650 28159 
69470 9000 
8843 30998 
19059 94912 
62546 82434 
59863 85141 
66441 37657 
25536 31820 
42761 25458 
87342 49657 
90355 78624 
63475 12066 
87697 50935 
31141 32251 
10968 50110 
55852 89905 
92984 66940 
44635 4092 
92650 34833 
50285 45998 
66564 11129 
2336 31357 
34483 31809 
17057 31760 
8624 54582 
43584 96412 
13080 71849 
36219 81534 
54123 44672 
3928 43263 
14769 81634 
77267 61730 
37689 62333 
50230 28930 
29400 84288 
99921 51083 
65657 94140 
60505 87358 
3045 49301 
29528 71149 
5003 44570 
14505 37546 
71863 29737 
85579 11203 
23946 38856 
86064 92494 
24379 49573 
66892 16663 
43981 91808 
53228 50635 
64462 29097 
21944 35184 
88109 42996 
67181 76386 
72252 61235 
57884 39572 
35032 83689 
45975 1451 
85310 76697 
66746 71641 
14074 25945 
84093 3526 
47254 60844 
72360 76179 
603 89223 
93851 44046 
96153 10163 
26496 19129 
96702 4934 
19657 71608 
89925 41230 
7751 9166 
6875 64302 
91146 22713 
91036 90068 
1679 66771 
43539 59933 
6202 76477 
57735 64777 
65709 9978 
22080 96482 
59885 44933 
14105 39336 
7337 50902 
30219 70811 
60278 5586 
96205 1459 
29130 22222 
81480 47023 
97268 7844 
96543 92411 
19045 77726 
87501 76766 
55285 9974 
54171 1648 
89579 36087 
8970 40201 
85999 28225 
62655 4203 
94277 61993 
69948 8014 
82005 4754 
93185 53684 
75096 3777 
45333 49880 
17507 25996 
55093 68787 
19160 31691 
56251 39749 
47012 48124 
41055 76212 
28401 45957 
33125 33360 
78058 11231 
29217 97873 
30622 48747 
31186 18367 
58983 48886 
39537 95288 
85483 99218 
8211 62474 
47758 24690 
66597 9046 
63930 95754 
99219 9955 
52894 52487 
36149 56242 
4587 54556 
47935 1969 
62443 81862 
57663 73762 
75616 78707 
79745 21046 
2106 55571 
70144 20316 
95580 36871 
25935 85139 
88465 70533 
3484 75115 
91797 95754 
33973 41638 
68349 99049 
2611 96061 
99724 75472 
23592 36728 
60365 51856 
86701 25373 
31881 21967 
73450 60485 
39585 89685 
40724 55505 
69821 15609 
48127 93103 
31436 14948 
61586 93275 
57672 60126 
225 2642 
5772 196 
6128 85080 
765 21009 
7336 69684 
87181 34997 
13256 91091 
97857 7517 
28651 39289 
22513 97867 
97465 21321 
60474 17440 
90962 25648 
71658 84889 
36016 71455 
97885 88750 
38835 19810 
12596 51684 
97043 21329 
71218 27282 
8714 75892 
76714 50343 
80848 83959 
45245 4589 
11721 76144 
55430 67984 
71647 17995 
91336 45113 
34921 269 
44116 98569 
22044 41511 
20121 46800 
95816 49396 
14362 4613 
17484 9997 
47342 4319 
9831 78 
30566 50441 
92969 46467 
21449 29010 
55561 88723 
51894 13612 
99277 36557 
66424 84709 
47546 51836 
85608 6179 
40979 26515 
18362 83589 
51335 72474 
82784 62402 
33493 86965 
59333 11155 
605 8296 
92433 74557 
51464 30339 
77018 74542 
1106 1603 
15043 83503 
65715 94871 
3662 93242 
31195 96752 
21561 55615 
91047 33037 
12832 76419 
73719 15348 
28817 2755 
92155 67339 
77518 55934 
39020 64590 
47427 26897 
19911 1314 
18084 69237 
63827 79170 
43165 96061 
75303 98671 
93579 11257 
95794 22116 
77848 83196 
23271 68433 
14933 99427 
98459 94964 
20722 24642 
3725 18990 
83548 21000 
36383 32651 
46387 79824 
11994 68936 
83806 56781 
25235 83531 
60260 98812 
45993 27596 
82995 425 
56590 99881 
17604 29389 
42347 83128 
17191 17434 
32213 89317 
27131 20266 
48761 61083 
66587 13001 
67573 2483 
55199 2090 
4891 41332 
48811 2842 
49385 57422 
71610 52880 
28979 46225 
83716 6145 
56910 26013 
3044 79531 
32524 37901 
8195 4792 
81810 32865 
85118 72036 
10250 87619 
44505 37984 
6300 42058 
29110 12050 
77646 5005 
50635 26416 
24382 32124 
44346 42454 
53324 40111 
6222 45135 
15909 84656 
82277 29555 
8485 96174 
12539 89231 
8254 36936 
93260 74544 
30737 15965 
10067 1493 
85354 73978 
12045 55890 
74549 29616 
42167 56180 
28883 60366 
13009 9269 
95588 76819 
18363 18038 
1327 37285 
1125 76705 
91225 41292 
55764 20708 
5730 35138 
29707 81532 
94455 60390 
2128 33665 
81862 77135 
60926 10847 
93517 97766 
69084 11834 
23597 74238 
10123 12070 
74457 91958 
29045 47013 
27242 36873 
39935 35266 
8927 18811 
54299 65254 
5603 53773 
95247 77868 
34452 30603 
1820 39330 
27543 13371 
94983 13435 
99471 59787 
72301 10450 
67799 68105 
21758 11090 
70376 219 
96926 38335 
76825 67047 
75402 77285 
22845 3783 
30400 23821 
5428 7243 
81374 76519 
64723 55285 
53747 73109 
43958 79139 
70076 12663 
62718 13523 
15404 97823 
60824 6509 
68097 77522 
70171 31407 
64105 69993 
50092 6252 
67380 98291 
78181 93040 
52096 76131 
22949 18462 
63350 40521 
37336 30625 
12178 39509 
2767 82163 
78008 48260 
22324 9115 
37098 4813 
8575 57088 
9001 27990 
36683 91480 
14813 4288 
36660 16904 
70699 8019 
79963 22481 
98128 49522 
75103 64265 
18279 29955 
24562 93856 
12230 18022 
10981 43096 
70842 53899 
74499 78790 
28645 28699 
15027 48480 
74579 84022 
3396 48579 
59108 25427 
13500 59559 
71985 46135 
93926 9355 
47888 12798 
82031 45821 
68164 73914 
26004 21789 
66070 13224 
21219 22183 
10219 85418 
85973 91643 
36305 39522 
98733 53235 
20750 56525 
94065 44070 
41560 2129 
67688 32066 
51472 22954 
72390 19548 
96367 95075 
96070 84041 
47983 67485 
726 54351 
84100 29870 
66957 70919 
41673 74042 
32375 33421 
88781 11433 
34321 95725 
9812 55254 
67346 28572 
74949 75212 
44166 33733 
69822 85166 
5138 59868 
94089 29628 
55769 39985 
98747 93713 
24383 43114 
21148 72995 
22787 8712 
93945 4607 
61612 11313 
49656 79044 
19006 85055 
16010 23288 
86422 22997 
98953 70198 
18489 54481 
79939 6561 
95296 95328 
12055 22739 
64883 60281 
85573 70576 
71346 24839 
47664 73008 
89666 24541 
3307 18783 
82248 83728 
94837 18772 
64090 72974 
56097 96500 
13637 4585 
63839 34909 
94582 89009 
63786 3744 
60211 91433 
31689 47548 
96385 47524 
40746 22962 
21835 20001 
45907 35791 
5176 3613 
62868 43296 
76884 15089 
14995 55187 
11463 36781 
44907 88031 
30119 17935 
39157 2065 
27494 75953 
94203 76865 
57332 81466 
59772 62895 
21463 55696 
31788 79634 
94046 56334 
31138 17800 
78771 79031 
96900 43149 
40536 55611 
43009 92363 
75114 87239 
75916 97764 
80415 11045 
47429 76878 
71150 62045 
21719 75338 
35085 58771 
68388 57173 
63529 10571 
54521 95210 
1283 17359 
97813 26157 
52037 8448 
60148 99847 
44011 46087 
6404 70223 
7629 1486 
26811 46794 
42114 96344 
22840 49655 
51107 91275 
86375 88566 
8757 94040 
59865 17171 
77220 55124 
51139 97131 
34079 15923 
90772 43750 
83941 75729 
62150 14621 
22293 47678 
4794 45886 
91697 80941 
90057 36901 
20481 36730 
94932 33392 
62308 19047 
54535 61659 
61370 77597 
56715 21924 
52403 19947 
53269 57636 
67335 92730 
1431 79334 
61088 17611 
16550 36644 
87914 96694 
12326 15 
56615 34216 
28462 35024 
68082 56601 
97294 26375 
91834 51345 
80704 36164 
69563 86683 
16575 61564 
43180 18652 
50041 90732 
92442 39883 
88973 42623 
32974 75363 
15419 16263 
69340 84378 
5114 68169 
19789 85027 
55743 82735 
29415 77895 
1253 99771 
66659 8890 
94345 15781 
54471 77741 
72152 81159 
21890 68286 
81151 74171 
74413 49414 
26543 44391 
72241 71447 
28567 83214 
74343 61696 
13690 97142 
53241 5106 
42094 30707 
10539 81122 
74566 10235 
26404 16299 
11696 57087 
57600 3705 
96160 49569 
58111 34740 
54933 96418 
34008 86818 
72433 21569 
59927 11176 
27862 49848 
78385 69117 
438 26319 
75111 72106 
44750 98190 
73702 91398 
65111 37501 
21092 16249 
72585 85264 
41713 56278 
91264 53291 
22672 3159 
91417 28627 
54870 89594 
66280 87344 
95726 9379 
36546 39353 
37996 91403 
62039 94019 
66162 52516 
63558 57485 
56970 89485 
9580 46980 
33898 8632 
2245 34813 
16701 33224 
5021 15303 
16645 73352 
90405 21612 
15647 90773 
50252 6253 
33237 42055 
3550 38978 
29151 37390 
56910 68846 
11281 9566 
21539 43413 
18856 47822 
67166 77362 
28908 14720 
98136 15285 
90467 30648 
69821 38919 
25361 80202 
24529 27820 
47123 67461 
15242 94284 
40218 23037 
2813 78255 
10650 44775 
57649 6032 
65989 36144 
70454 87789 
7950 91561 
78260 53207 
23869 66323 
41753 1996 
44804 60286 
67827 76629 
97405 39075 
57323 48304 
14351 14366 
72061 43974 
83845 5650 
57595 32217 
12499 9902 
28473 28788 
47939 12700 
21375 78898 
57545 84602 
48140 22551 
87946 19947 
35452 51757 
36273 91785 
20922 23951 
48623 16235 
86286 4694 
23775 42340 
47627 74504 
40960 9374 
89798 49630 
49283 42544 
27660 34653 
53423 90161 
248 45960 
5272 40631 
55661 19496 
64473 95960 
64257 43590 
22083 19994 
5641 38279 
91128 24247 
10952 36174 
55364 1909 
6154 6797 
33326 71503 
94276 6207 
58554 45693 
34993 26835 
98872 97836 
28459 68612 
37719 59152 
86947 51811 
18708 42745 
82685 44457 
10969 57241 
93122 82728 
87300 42394 
25953 21449 
19738 31813 
95351 63617 
87887 23802 
38158 82836 
64200 20341 
4198 70569 
87368 76331 
28401 11373 
60071 86520 
94085 13530 
10588 25866 
26555 99977 
39069 50628 
14041 94985 
28793 62082 
39086 25721 
40299 32536 
17605 94669 
22011 94172 
85161 68799 
64831 95266 
40388 74454 
138 35456 
54044 83121 
90731 1984 
78815 22550 
92482 42226 
49810 50153 
70808 24308 
48557 81152 
40538 57252 
14381 72661 
60360 64845 
26179 26690 
53754 33307 
44906 89998 
47156 81820 
2501 96809 
13066 37136 
46494 21564 
80950 28714 
1217 83226 
31944 59226 
86329 70089 
24774 46776 
41251 34597 
9745 79791 
40167 41383 
75271 73324 
46397 38552 
37110 66356 
47236 62176 
24358 53711 
30747 77016 
38192 3323 
14568 2713 
59462 69840 
13411 73971 
59469 78926 
36748 35722 
24594 23148 
41068 79804 
39910 79943 
22135 88414 
89551 34910 
21844 61360 
22261 69581 
41533 69139 
99482 51787 
99043 91867 
90218 48904 
40352 75354 
2103 69489 
18240 59855 
41245 27206 
80272 14534 
74818 12453 
66260 41215 
29818 51715 
1412 94667 
99015 32425 
85548 3546 
40840 72019 
21029 65979 
53803 13825 
92460 36917 
78011 39610 
9775 20523 
26449 98814 
52968 30196 
76908 67925 
11495 81283 
61796 69914 
94325 37079 
77544 3291 
97618 37418 
97906 53114 
56179 968 
16175 82142 
72132 7298 
60212 29316 
9659 32826 
21108 74929 
68170 35976 
11440 67035 
97966 61168 
22295 42083 
2212 58721 
79555 14233 
76951 98306 
9462 52441 
76940 87271 
11018 12182 
59233 92009 
98550 39516 
48734 430 
21595 19247 
90339 56709 
91218 96017 
842 45662 
42010 57473 
10407 3389 
37198 31979 
88241 83319 
80682 19877 
79956 12304 
34245 46931 
45195 30139 
50831 1323 
73233 17676 
25456 91464 
71529 83662 
34207 40886 
67672 98484 
78729 18603 
38635 34196 
78715 88583 
82958 94523 
58121 50370 
81236 95986 
52197 34364 
48227 91836 
21869 9933 
65897 14209 
99636 62261 
911 46691 
6844 94720 
52333 29459 
76055 17572 
45748 42220 
84209 90903 
88500 6335 
52365 99991 
27466 96880 
96029 54637 
5502 57797 
16438 20549 
95666 68864 
7619 10437 
3322 21922 
16667 85282 
65405 25596 
35383 42097 
43399 72686 
20276 93495 
2015 72481 
34910 76532 
89058 71443 
83648 63527 
83657 60009 
59104 85938 
59816 90714 
56936 23905 
20129 13393 
21093 58657 
90577 66938 
70227 32772 
31448 53848 
21708 14142 
11729 63829 
73517 13484 
14722 5679 
26275 62409 
91166 52972 
27764 19264 
52821 8298 
500 33373 
4239 43303 
69296 64812 
43367 77327 
40203 26445 
22665 16115 
94818 87749 
51562 83916 
54680 55796 
38398 47220 
39309 27791 
15359 46418 
88439 91671 
63489 22929 
44051 36550 
56507 53570 
91096 23143 
71935 81467 
37074 55841 
75970 63310 
70182 92701 
74551 36479 
73271 27399 
37246 46379 
86634 78059 
42864 64258 
6453 21877 
66098 68845 
77731 21581 
23061 61351 
90614 43 
20213 32684 
17249 32708 
5987 4159 
32658 44039 
7303 18574 
47586 13780 
44229 67196 
43872 21612 
55170 23 
43638 84645 
32287 81634 
62394 71197 
62236 22992 
93185 6441 
90852 40778 
43954 20750 
82078 70130 
3550 29951 
21211 84110 
43145 78214 
20454 53790 
69298 18905 
20790 16547 
32495 56517 
48364 6941 
60744 23642 
75845 44550 
31601 20983 
59635 66129 
18037 5498 
72337 35723 
43599 72055 
26573 65626 
60576 37334 
90977 33549 
21222 1220 
32171 86915 
46533 30578 
77484 83897 
9728 83017 
82413 32628 
42242 64178 
4053 54943 
38947 91033 
27164 19109 
86231 15857 
63062 57148 
61728 50763 
43192 6720 
57645 21062 
59022 94930 
61041 67244 
57804 12036 
83842 9985 
89791 6673 
73001 90325 
16644 71080 
46917 98075 
33073 74712 
98086 5492 
24141 47718 
73925 30393 
79207 11936 
97807 63129 
10145 6380 
20569 5240 
76265 56649 
99104 84088 
1249 93222 
83115 27413 
78485 32330 
53720 4495 
322 94891 
98297 66511 
14039 53932 
24834 47643 
2774 69020 
15991 20655 
13156 87360 
98212 35893 
3049 65600 
54409 11035 
62629 93769 
40136 80458 
69884 83369 
72584 57655 
77702 15330 
49389 11965 
93838 30352 
19913 11682 
7364 84086 
75547 39684 
35600 82705 
47524 44783 
14061 60561 
858 52319 
28617 60993 
91228 20837 
93852 33745 
7967 98244 
14519 68049 
60829 423 
28004 39110 
80744 8083 
14900 57547 
95549 53461 
82065 76280 
10499 47521 
67932 27438 
70339 80413 
93413 33017 
4835 13228 
83351 57389 
62845 67417 
13306 47143 
21412 9811 
94328 34358 
15781 25756 
94447 63057 
73881 70651 
9729 35451 
54498 91057 
40074 64471 
82262 10547 
95294 62206 
44484 82591 
55600 90017 
65026 23033 
37236 45433 
98589 48086 
68812 63365 
95144 60280 
66796 64761 
68726 44433 
9647 94481 
67382 58453 
49245 52030 
81815 29676 
65556 33686 
49086 96432 
65866 72667 
4734 66679 
53482 85135 
11745 775 
42427 4183 
48054 63860 
74460 11369 
65583 34815 
2661 55942 
43308 3379 
41848 85585 
44449 34794 
50262 99334 
53570 32181 
99226 73248 
13275 80907 
7927 2494 
2103 16270 
68954 49698 
95362 16155 
66944 88708 
28852 83616 
97419 85397 
41763 50906 
25850 62653 
9535 6080 
87986 55442 
90027 16033 
21676 73600 
97104 95754 
37666 54994 
84567 52544 
82292 9726 
70343 16095 
18509 27264 
55932 50576 
53359 42686 
99365 33254 
69759 35691 
81222 75659 
78426 66559 
62779 57990 
91756 36962 
72937 45122 
35662 344 
76281 53553 
57637 36504 
68516 42549 
59756 48116 
17450 9932 
83811 33092 
17825 83172 
2493 35998 
56504 9855 
25265 84220 
90872 68076 
10528 70084 
27786 36941 
86680 48871 
53005 90136 
23858 84465 
1744 1374 
65401 89318 
79865 79544 
23535 73476 
42167 83520 
67256 38615 
9353 1842 
82104 27331 
58456 20846 
61255 65402 
52884 46341 
95310 15265 
87674 88554 
64172 92677 
13188 67811 
98564 85336 
66166 49311 
71036 52160 
80930 69348 
96708 75025 
75490 72467 
72542 80912 
7401 39294 
60579 51773 
72444 48154 
25394 91826 
75563 80109 
68885 27593 
37940 46652 
66602 74649 
16707 92081 
98927 16907 
4507 98417 
87748 9165 
44978 99770 
94659 31740 
47169 95161 
10231 97184 
7055 34070 
65625 33409 
47477 37371 
27511 44974 
69231 7786 
95267 84864 
65463 78664 
5369 52786 
89169 47608 
62136 72801 
79266 42361 
56195 93095 
44602 70387 
2514 93699 
77212 10676 
28322 84220 
16231 16588 
67960 22923 
12108 11910 
76419 90945 
47101 78818 
56307 11028 
52509 56041 
3962 8788 
25706 88322 
19614 76410 
90734 94093 
93797 13565 
65106 47334 
77588 88432 
92393 1690 
67811 82878 
75305 20172 
90007 60190 
97183 12170 
41725 21178 
51159 20974 
66644 95033 
5733 49661 
66026 45035 
23094 60953 
18206 55994 
12252 37499 
69054 10267 
42880 43086 
76823 52268 
67750 82388 
43261 87550 
1738 17094 
39584 61880 
83596 59693 
40653 18171 
3043 32632 
13634 34674 
10183 50245 
68433 6554 
36888 53570 
66373 44779 
50459 4064 
865 31190 
28778 21246 
9233 86683 
93094 31375 
48368 80639 
59710 79600 
68593 34050 
75048 46322 
49855 46210 
79920 65 
22305 5442 
8309 13763 
79344 27991 
63550 69110 
5382 6055 
30552 74535 
82842 35844 
76500 26327 
13339 39643 
64509 49588 
86525 92032 
54746 65955 
56714 9746 
95794 48367 
42231 67087 
15368 39725 
45287 54371 
3957 31842 
1278 5589 
47575 23919 
5502 83271 
6534 5574 
32626 23483 
55970 38539 
59617 11961 
860 43203 
26392 83570 
53345 31470 
20098 11596 
13401 65762 
48743 80821 
25252 65526 
77759 18884 
91383 27185 
39176 94157 
13623 71285 
87185 75137 
96474 81423 
66205 86326 
91713 53576 
77936 88635 
85293 31547 
82459 58522 
27610 64541 
45054 39414 
86500 86224 
45233 91387 
58601 81135 
97391 70644 
9250 73971 
93471 29044 
23648 49972 
67271 35718 
42755 90566 
97229 87782 
26238 87397 
10000 95202 
31740 80005 
20618 96058 
24877 47686 
46743 82791 
37543 74413 
64241 97434 
73495 97252 
29281 84399 
19638 43271 
78150 73108 
59024 57757 
30166 99531 
97334 27382 
61329 65670 
8410 6013 
86789 79083 
76425 57937 
88720 10721 
62341 43574 
52870 58697 
50551 86097 
31816 8007 
37935 73896 
35902 31829 
12039 73458 
63825 88695 
27676 49964 
24045 31647 
31988 18813 
65430 60444 
6837 80274 
31001 15930 
94365 21581 
72151 36901 
46689 6068 
12374 74078 
93875 7305 
29338 83274 
55728 87693 
32039 397 
32371 65614 
45796 34607 
96209 62999 
82036 2787 
73577 76020 
62069 68414 
48243 65652 
84495 40978 
40877 21966 
74393 38306 
18727 16253 
29120 13451 
67944 18495 
80331 245 
17360 24157 
24732 37193 
36975 3943 
37118 88075 
47036 62888 
68413 89416 
64291 71043 
48712 19970 
80850 7027 
60729 5386 
18078 37823 
22591 42434 
23007 43475 
20590 51506 
78023 83705 
62281 43494 
75882 94979 
78219 17785 
71621 1181 
86668 91734 
60508 18807 
49788 98845 
46906 38463 
92070 82805 
62756 68470 
22204 57590 
66392 33495 
98121 49 
2462 31377 
1575 90699 
31966 64722 
43452 20886 
47784 80310 
3873 40064 
75513 69004 
22212 25594 
22043 1621 
91305 19327 
75040 2060 
77413 90134 
75312 88033 
82903 49649 
81053 41845 
92155 69651 
18025 8930 
92867 23854 
62965 60237 
44703 4296 
38875 96046 
75150 43092 
10291 13441 
18470 4013 
54253 7420 
77825 95155 
48404 26477 
82892 93921 
61504 57529 
35736 68591 
53610 72168 
86228 26947 
93269 26474 
54948 21758 
77313 70007 
26303 95332 
95163 86114 
67523 50952 
14037 55281 
90185 97668 
74073 6049 
60125 26759 
73057 93873 
78848 43101 
89332 27320 
4977 92764 
38426 43103 
57806 99330 
84027 16746 
46683 45758 
27151 84012 
99747 16058 
78731 39758 
23429 41592 
80276 75487 
10185 80532 
74894 14648 
26083 95805 
46660 5593 
52137 86799 
40184 36102 
23712 73180 
44191 40537 
10848 25344 
73026 80922 
9014 85363 
8223 96622 
64576 24719 
68620 33822 
42208 40676 
61983 85602 
52453 1841 
33687 96187 
96873 15290 
68730 8819 
55438 2558 
22221 65689 
36270 39867 
50416 523 
31377 39161 
89515 99648 
73645 20835 
82632 45750 
70190 56461 
86706 36 
95045 40431 
586 23162 
60193 83072 
43133 82998 
48156 4644 
75894 48235 
81574 49557 
8754 20798 
25676 33210 
48944 17183 
68043 80056 
53891 69078 
96739 10792 
26592 77015 
2665 89052 
48576 17303 
64911 43491 
79966 72106 
38895 39911 
68755 25312 
56270 89823 
2143 42687 
62830 46836 
1619 33838 
66085 60307 
10451 75624 
37694 26871 
47333 61904 
17609 4806 
3183 32904 
96571 33609 
39414 28980 
11505 31751 
5470 8186 
74402 29231 
31044 64796 
69422 28409 
64084 86841 
95264 76519 
19563 94689 
224 76310 
75950 9845 
55935 57498 
6426 13398 
42405 80993 
60105 66928 
71784 50319 
14871 85169 
61196 60209 
7903 69374 
75978 21057 
12586 33083 
3881 59709 
71197 77846 
88027 12036 
11615 5492 
41836 90776 
73294 85646 
92702 33344 
42792 32443 
52810 8623 
52431 82788 
95311 89160 
26952 9995 
21961 75817 
72544 51278 
44370 95547 
90198 75314 
65167 79850 
61086 66991 
37681 71345 
95473 60432 
3122 99012 
58683 8542 
52825 8809 
87721 37568 
39730 35706 
90361 98528 
68096 55626 
74890 93899 
23331 61326 
93139 27546 
64881 64959 
92049 98667 
94245 41876 
59737 36368 
27510 95154 
20875 50522 
47177 38428 
83166 56670 
81593 65753 
61795 17985 
61986 1595 
11976 35701 
36844 1447 
81026 10915 
81330 4137 
50914 95281 
25430 20626 
79792 45895 
38711 80850 
66765 530 
51843 50148 
57985 93394 
65438 69877 
84143 38702 
95323 72973 
69523 19623 
30002 74587 
80993 33527 
30834 40314 
91688 60964 
88415 90147 
18572 45450 
59622 4929 
55696 93863 
48993 63948 
65676 33153 
65365 57206 
10766 88075 
80120 84009 
1873 76749 
36926 70677 
18963 56164 
14501 14512 
9518 88051 
23737 88602 
3072 37131 
28422 22594 
89302 58292 
14815 8267 
94770 77078 
99532 65557 
59115 18695 
57434 44627 
55364 94780 
71662 32616 
20975 14281 
56471 79950 
66357 45076 
80193 60338 
5799 16309 
20432 31090 
12116 17955 
16502 65910 
30779 23729 
45184 91032 
1894 36229 
34981 67376 
29123 29055 
51403 26351 
3482 39693 
31165 84980 
36932 49028 
16755 37234 
85757 68652 
44471 42767 
46982 45481 
68819 11686 
92385 84712 
64067 14565 
64171 86779 
29787 30581 
93949 91720 
41392 83507 
22388 25237 
28929 5185 
90764 44755 
37835 9220 
47595 90895 
23866 53796 
63654 60042 
61095 21829 
76864 27057 
96643 49149 
94945 63702 
68727 86914 
68139 17962 
15634 93211 
6943 42206 
42409 10560 
60502 84006 
79294 1020 
90168 82445 
61424 78641 
69690 44872 
82753 202 
18607 14289 
28890 49486 
28644 75993 
73302 77810 
74243 93532 
29235 44049 
7847 8713 
85754 31126 
28143 88127 
20459 2745 
75214 49550 
73719 4059 
50352 55571 
89672 3081 
80317 18940 
77789 15790 
45873 24363 
25435 57223 
72684 34874 
96670 13298 
38990 17404 
85428 33640 
88959 91791 
52257 4416 
53204 80244 
62947 71974 
68683 10140 
64682 53037 
59047 2049 
80746 85259 
83457 56988 
78338 43142 
87034 42199 
65753 68651 
89254 63074 
4908 43261 
28032 397 
83167 58791 
36648 86690 
74404 28024 
68293 93174 
33439 12955 
98733 99792 
10235 38444 
31436 24691 
40684 2120 
1476 96718 
69326 87559 
24628 64731 
86007 37100 
66293 50912 
13287 43085 
11237 71754 
64277 71879 
99599 70046 
1672 43724 
57225 23924 
67863 53292 
89105 24923 
23318 30748 
23540 45993 
25838 11188 
91627 52556 
6798 1529 
1776 44926 
52185 8222 
22160 58820 
75997 16625 
15368 92166 
81494 93408 
79009 71054 
41822 17088 
33585 15430 
95693 28582 
64714 16014 
46077 33616 
70587 87914 
70311 81909 
87554 23563 
98496 94204 
66813 27818 
93796 7585 
53388 81495 
72967 61920 
74967 46059 
38399 55854 
82597 91870 
53964 59466 
97863 5087 
86144 82512 
11899 4270 
49181 62141 
50398 76667 
38399 52001 
65800 26346 
9415 65870 
42914 11548 
62560 53269 
7438 37063 
21685 61918 
8229 58878 
54366 72513 
3603 53027 
66622 74950 
19580 98287 
19365 91958 
63682 23280 
56135 46059 
71763 72501 
2038 8799 
37305 52965 
92375 67422 
22726 33394 
16099 93469 
80453 81241 
14005 201 
17882 39372 
54499 31349 
24794 63842 
20803 32353 
44414 66955 
82626 17081 
10016 35677 
92602 57976 
87821 24485 
43236 95607 
63914 53848 
43588 84835 
87994 80811 
26630 69088 
40012 46493 
77975 1704 
17071 46878 
84576 13841 
47469 17829 
38065 62180 
26335 73082 
91511 76428 
33043 84798 
60714 66589 
34438 50296 
81525 43042 
99879 45697 
83221 48635 
54194 27460 
14655 1338 
72884 6194 
64643 98441 
80229 83610 
50989 38831 
45460 13107 
13577 78600 
84731 17261 
36111 47023 
67348 71343 
38393 14907 
93587 41006 
26393 25384 
58363 44399 
60964 68377 
40157 94249 
7651 4334 
57782 63787 
59880 20224 
18961 11940 
85685 31372 
44138 97808 
34190 26419 
86534 12222 
52216 89472 
85210 55039 
3663 23478 
81725 90859 
54732 41920 
2947 22937 
86597 92111 
62701 35364 
23765 22696 
63115 66944 
21195 10390 
82923 96685 
36110 16575 
24417 40494 
21506 53052 
53355 81367 
17503 98058 
6859 81296 
83969 18607 
63174 52066 
13277 23297 
64129 94300 
85557 90861 
56259 49310 
80504 94143 
69746 46728 
39549 66520 
85699 72393 
80146 38458 
51756 25560 
99937 5497 
93606 82309 
72728 75835 
35727 32868 
30494 85583 
88500 14583 
46044 62865 
80830 19395 
79501 68093 
17508 14936 
28423 37090 
18742 81752 
26174 6163 
55678 35626 
66058 3791 
30164 73648 
89778 52307 
59636 55398 
67921 34732 
18705 6515 
17473 46896 
57888 10900 
46779 73027 
66900 39951 
91877 94188 
74998 52481 
9823 63253 
84129 87338 
24388 57559 
11939 62247 
77430 50947 
81207 87056 
25271 30561 
29855 97266 
33574 20645 
31394 14663 
66512 65465 
9528 45823 
36392 66588 
2618 36436 
78485 65919 
83781 9603 
42435 15236 
70648 29677 
46414 75363 
65124 49704 
23111 43747 
48005 20149 
97668 17841 
15864 59357 
76834 63540 
88360 12060 
95903 72860 
32985 51263 
65404 63097 
51199 10966 
83051 90918 
45040 72416 
28119 29136 
36505 64994 
35191 81362 
43320 84315 
52152 90309 
24243 74769 
23305 29200 
94583 71463 
2693 52546 
78391 47443 
94940 22521 
7588 66020 
41384 20202 
297 95210 
17785 97153 
50717 1523 
86548 22140 
41129 3700 
51198 30206 
42939 33556 
93751 86896 
8171 20643 
36663 39137 
65384 90259 
60181 36054 
24743 40193 
23235 67984 
65799 40564 
81393 89992 
28508 83307 
68954 67397 
53143 93054 
13906 5120 
17922 99561 
84261 123 
4591 63342 
22193 86761 
81607 40796 
8433 28569 
32215 72839 
13556 46816 
70405 81996 
35038 66102 
81599 66826 
89425 348 
96877 89771 
27443 98704 
59665 64702 
66574 20231 
72017 63849 
90380 8647 
13970 80315 
46790 93998 
13945 1960 
88588 56805 
10731 75251 
38496 52042 
88341 63504 
28549 5270 
83863 32980 
58847 61290 
65396 32404 
44326 86881 
52280 66752 
69825 3511 
3029 4512 
53536 53337 
27729 99127 
26827 82389 
91155 49984 
74445 58516 
60423 76029 
43291 28496 
16754 25997 
20236 58643 
94742 3230 
99845 96321 
34513 40204 
11432 35957 
32257 18125 
51513 72477 
52809 90325 
72513 77504 
24360 34728 
11498 39249 
69790 30245 
3733 65710 
41749 24736 
15035 62598 
19334 38038 
44153 62365 
93038 22591 
91857 98781 
11637 86279 
66906 92661 
89769 67405 
768 38723 
78199 40056 
72713 60928 
80072 19648 
4848 34278 
55986 33057 
72659 54704 
98256 15489 
90813 75515 
70513 97139 
76254 18786 
2588 46681 
61023 13190 
2634 45753 
25783 5892 
98525 78879 
51682 45517 
48786 36624 
42971 35585 
69671 46286 
55721 13403 
9470 64081 
78975 18097 
63718 85502 
53899 73265 
65721 56417 
83710 24688 
5637 96499 
82622 41598 
28341 78676 
35549 11191 
35394 43572 
92005 30400 
69656 66260 
97375 26368 
92440 34190 
72691 17631 
72562 39737 
90043 61740 
94258 38619 
54942 21812 
56637 76256 
99228 24506 
81222 38215 
8513 74930 
66063 37940 
56709 40214 
25035 15278 
96835 12783 
29145 82666 
62078 16810 
23012 22347 
64013 26896 
24179 7613 
35903 26712 
25480 93846 
58161 47162 
11445 967 
20362 88550 
68549 87954 
19579 49337 
16079 2181 
68355 55206 
9529 71600 
87309 6542 
71597 96177 
87116 39806 
87259 86465 
2559 28902 
58838 91873 
27339 36294 
54597 58890 
12533 60463 
88 60447 
33835 16232 
55369 41580 
3166 27541 
93147 33696 
98730 8474 
43005 99985 
14293 57622 
95117 87918 
83227 93338 
63160 81261 
15760 12976 
90662 63673 
98946 67934 
47561 28695 
47988 8104 
4518 96841 
64853 64283 
91362 29482 
55526 5185 
43004 61350 
80795 26856 
11269 8754 
67078 6629 
74321 48968 
83663 81193 
6689 7744 
548 88912 
82383 36564 
77194 50230 
71190 8971 
96599 46809 
53957 16202 
51420 99980 
26515 96359 
9259 42178 
83877 88484 
32796 21198 
76434 63143 
7067 76429 
8097 44518 
31011 78691 
2688 5498 
63299 30822 
99344 86907 
73496 84895 
50298 64737 
38772 43736 
85144 65148 
43656 79364 
74495 6005 
85750 19045 
72979 25831 
63832 20823 
46547 46335 
26466 84747 
92351 3031 
89004 23404 
40749 69974 
84771 45980 
88506 99283 
2276 93730 
49826 93849 
74438 1575 
27593 32527 
28116 50470 
1036 71095 
72617 18272 
98018 49421 
4416 33008 
70223 45496 
31980 81764 
17767 30402 
79344 30881 
16091 94767 
10050 68674 
82451 36899 
24032 90603 
81966 25542 
19246 8646 
13846 76073 
77100 81540 
37314 7970 
26147 30658 
93701 83494 
62050 27451 
56266 62810 
53500 12713 
92559 49121 
43513 35367 
55439 38909 
63486 79048 
28383 37003 
13405 78415 
38295 43958 
25754 13998 
14726 74069 
22976 14255 
18325 16420 
98739 86658 
83232 8408 
1781 45750 
18306 51514 
77797 5480 
90223 62429 
29590 55532 
67905 19146 
88639 46954 
42138 31294 
52246 71076 
46898 36687 
29617 27502 
99592 2006 
57491 41951 
46264 84473 
91349 12732 
44826 93551 
51777 35870 
44420 76934 
7211 83199 
22293 43480 
4072 85186 
20865 27232 
13217 801 
87180 91326 
47679 40474 
54506 68300 
20785 44953 
21592 34241 
56092 12846 
78909 18175 
30925 12695 
3202 55250 
33887 11618 
91768 2519 
43347 1851 
36095 49502 
88683 9007 
40840 72206 
39021 21396 
78612 98926 
75170 88455 
33615 78883 
39688 98167 
27918 70663 
27238 58259 
42992 96382 
72852 74064 
46095 39683 
19211 37118 
6219 877 
95759 12860 
37500 60957 
22198 43263 
39370 47683 
56881 60798 
12177 41599 
46593 43788 
14621 7576 
98430 30078 
95058 88347 
86722 45835 
72582 50539 
28395 99400 
65756 30786 
8664 36279 
66977 89810 
15648 50692 
38679 45700 
47255 1533 
63900 24134 
86605 86163 
18260 32941 
3297 84140 
42946 41101 
26981 94833 
89053 18217 
56981 57769 
72468 69467 
17137 62665 
25457 83166 
38543 27271 
56216 93349 
54552 45453 
30853 48138 
22171 85430 
73652 66178 
41913 48593 
40896 58048 
34171 83052 
61171 87305 
44368 82895 
50747 46706 
91417 94023 
6527 29150 
44423 90564 
50996 80010 
11097 81996 
53703 27789 
48034 60486 
82054 3396 
57761 325 
40508 74861 
20384 76981 
41771 43925 
18710 81908 
16159 73691 
54865 71137 
6045 42416 
23712 557 
11116 47518 
3798 68890 
47198 15995 
50085 10563 
56432 12724 
24379 54968 
59874 76468 
79153 96069 
74890 54943 
18392 96861 
29225 54898 
95085 86907 
91189 70953 
69188 97941 
1163 7778 
42143 22543 
33440 64233 
4453 73880 
39421 5198 
81353 70758 
23247 7083 
38279 71510 
79217 26387 
12604 32712 
76635 7184 
71053 74257 
12260 13024 
53204 91039 
63081 41513 
50681 63294 
62885 55713 
88902 82594 
94937 45476 
23663 28555 
40059 14008 
38392 2516 
44478 70164 
29529 48752 
75059 95376 
97317 71235 
10875 45629 
17162 84526 
79541 43499 
52783 21056 
84329 13056 
86513 53888 
83815 11290 
84407 83983 
79655 13726 
84230 84071 
40049 19033 
92908 87399 
36564 47670 
6719 58960 
197 23016 
22258 89262 
8918 39893 
89138 6210 
3399 45072 
66412 9445 
90225 77062 
83865 93216 
32633 38389 
76626 38869 
47632 2554 
56924 26068 
25370 90012 
10389 33061 
61684 82746 
55920 70629 
48005 85401 
87971 21788 
94126 82446 
27963 39881 
68837 85451 
47616 91398 
30994 12346 
91123 16670 
89346 91359 
15384 21516 
73272 36401 
87924 6012 
18548 97727 
30668 82727 
72388 52009 
74383 36074 
188 59300 
93396 26903 
32793 80896 
23123 51989 
27534 21717 
23930 26790 
28916 33588 
44073 71640 
5544 91679 
51688 46517 
8728 35366 
51259 97551 
45165 46909 
73495 49664 
81221 26588 
29221 4033 
99535 11317 
47684 76512 
10024 75280 
77551 43714 
76847 45731 
14958 47146 
60460 64874 
37084 42609 
89653 29618 
62038 72020 
72278 44991 
26252 77855 
25356 34152 
69097 76650 
55358 58156 
41112 57259 
47672 12051 
7013 72057 
30615 80343 
97568 44806 
63816 54545 
75444 27618 
63411 38226 
19308 1254 
17190 90895 
97746 27944 
61706 91047 
99957 33968 
90317 30820 
13749 20451 
36227 89970 
92978 75124 
27819 75256 
36407 85242 
44930 52826 
7825 32438 
14170 45814 
63335 83955 
69001 17140 
15867 81540 
66014 8340 
59250 69207 
92676 59317 
94606 94154 
23808 90959 
50339 61294 
84142 92897 
63688 21214 
52541 22003 
96551 23756 
99782 83751 
91242 75053 
86325 38204 
32851 94476 
59033 45118 
74045 79819 
76586 38554 
95435 53948 
62119 383 
20044 84246 
28655 84208 
73934 37336 
47932 26461 
86740 55923 
36504 69837 
55605 21991 
14313 15705 
53952 1210 
50395 16802 
52547 47046 
48016 19210 
34479 79931 
37214 63566 
27944 46747 
36606 59410 
51177 8992 
18259 53707 
62347 4139 
59565 24869 
33958 74056 
94227 46939 
26025 56770 
80866 85129 
15241 93432 
92191 3529 
48386 11043 
90288 88540 
27352 3296 
94317 17500 
497 46849 
65727 30932 
30407 58403 
33095 99008 
31703 19141 
53783 8048 
24182 67426 
62837 31286 
26375 88069 
90874 89597 
22492 7058 
42227 52546 
71798 34335 
12150 77848 
93584 84016 
87669 38227 
53208 41389 
20473 38638 
95080 39103 
82215 83986 
17005 51132 
12728 17684 
56959 12449 
49822 14812 
68147 24736 
85731 80106 
91120 14081 
29724 70668 
92750 65249 
68992 36024 
31021 68970 
10662 44031 
21900 83611 
56611 40152 
29920 30673 
9758 69747 
77702 14724 
35571 78254 
71233 82741 
5788 92567 
67575 15217 
32674 78358 
69522 72007 
61612 62772 
17813 99550 
27422 9640 
65631 42913 
95551 35267 
62422 96093 
3069 56828 
44479 67000 
86449 72541 
28253 29823 
33139 83059 
29041 86720 
22207 76875 
82453 63276 
25663 19050 
29012 17695 
26536 2208 
33229 52405 
72398 41488 
47689 78575 
23716 21023 
99966 98968 
75308 28524 
75569 42628 
26105 46670 
93697 6103 
47550 5265 
24198 30200 
54178 36500 
73949 68722 
11255 17152 
78764 86205 
23861 26208 
72972 55363 
39352 94115 
72975 11755 
60912 70776 
3382 63148 
13704 93396 
14713 44099 
27135 92400 
90216 52480 
96835 33935 
15994 3992 
68175 60800 
93425 93127 
39491 60199 
5756 54652 
17670 56298 
11823 78325 
71321 98356 
28963 41422 
17521 91057 
84497 88547 
46928 92677 
60577 6306 
39050 88869 
30700 11583 
44570 35062 
87884 96497 
14803 48892 
94249 50552 
39767 25571 
39706 11044 
15775 43706 
83428 76514 
1078 26873 
66008 54810 
33811 27106 
22427 7303 
80322 468 
96418 93841 
53964 51999 
55321 19224 
94506 37606 
31175 31307 
26555 23808 
68617 23265 
21718 22783 
43020 48140 
73717 39775 
23371 62453 
58259 92686 
93546 77518 
90186 89539 
12898 11999 
9283 78515 
92525 7337 
23097 17404 
87090 88877 
10196 44533 
53725 29802 
40560 71659 
9364 2471 
1093 60763 
25728 82288 
23771 91369 
37236 2932 
1491 72711 
1277 48607 
42439 6002 
42559 8887 
57636 56005 
33657 14822 
98279 48302 
12431 21145 
59624 68844 
13628 98748 
46340 5792 
96783 54029 
50637 40147 
85429 97281 
28949 61287 
93675 40986 
75523 56294 
5363 20697 
82012 97832 
88302 96114 
41014 34340 
71486 8064 
98455 68427 
86742 38236 
84836 94612 
77909 42893 
58567 55952 
10442 9174 
75971 70556 
72230 13197 
62007 73673 
42475 42864 
93353 18746 
19614 85065 
21243 81722 
41575 66939 
55242 16931 
2040 83916 
1190 19933 
64965 43433 
96565 63020 
6213 2568 
14810 82441 
65998 80245 
16467 12883 
78688 80255 
9442 84423 
57624 70003 
43359 19878 
51685 21742 
3622 96375 
57698 37958 
89711 63978 
68141 50669 
59169 46310 
57149 5569 
93863 83393 
59500 16279 
98296 15279 
77015 1404 
71127 46581 
54753 97654 
505 76598 
5376 75999 
21425 27539 
24260 74612 
39048 54169 
30185 2327 
65756 72256 
86851 59396 
41706 294 
9022 68499 
8732 69234 
33730 8311 
85658 18366 
41783 94356 
49467 61946 
47707 57427 
61197 80832 
37320 28583 
88074 66146 
21253 51508 
64079 17812 
90052 7986 
40 79903 
1908 60302 
1244 76771 
7550 85572 
75746 99260 
18563 1323 
19692 78638 
55127 59079 
47390 77401 
67107 13286 
93279 20746 
8446 56592 
50591 90223 
58989 49314 
27189 2008 
30142 60879 
92928 96201 
61173 84067 
64859 70696 
11510 79104 
26685 3437 
81042 53943 
7112 20228 
45233 89540 
48069 81785 
74727 74470 
78270 83352 
20206 21938 
70159 82936 
82404 4054 
99018 113 
54434 53177 
41870 56363 
19068 48201 
50767 59995 
7052 24850 
10166 74014 
74292 23370 
41300 43630 
35457 14422 
47823 1634 
99495 24593 
6457 14471 
88591 16589 
93983 79627 
86231 66000 
7631 35798 
52365 16503 
79775 1321 
64016 88384 
9825 13481 
88267 61480 
36264 1558 
71204 52969 
50064 89857 
31143 62841 
6999 93468 
77442 65492 
30895 39134 
37185 84532 
12420 16348 
61196 99760 
98766 39705 
98143 153 
38396 82506 
70886 14820 
92036 23761 
62756 25046 
46150 35991 
23133 84870 
68390 29597 
31441 55078 
25848 61077 
16637 86071 
46410 7000 
15243 68754 
41108 3399 
65204 9384 
21093 51111 
75065 74317 
36702 91635 
78434 93580 
38053 65147 
82191 8459 
6712 72625 
43584 97565 
36194 77381 
66125 18291 
45404 97804 
87130 56157 
93607 62764 
40750 83208 
28095 23861 
19535 88456 
36467 44589 
24832 58306 
94264 15501 
91742 52953 
95683 76567 
97885 45961 
30190 63195 
16908 68505 
21081 30736 
57404 27245 
73367 53832 
35895 45337 
87871 41565 
68487 9791 
85968 57134 
30031 95195 
55178 81663 
21867 73769 
69628 15748 
9660 14791 
61389 69474 
41359 22595 
18802 51896 
31990 61699 
66093 34350 
6743 70033 
34977 28468 
26771 66815 
73372 89396 
83105 20314 
48983 27466 
33294 52548 
96211 87473 
72632 22922 
23697 33667 
77249 50859 
46798 60756 
29905 8681 
34372 36417 
40942 40311 
62468 69230 
6679 38797 
48893 87431 
5401 46255 
2067 8517 
17181 23474 
55192 77496 
67870 73295 
72494 52433 
39940 91765 
8109 19975 
63222 64180 
70201 30648 
97155 19288 
92962 53979 
42795 4258 
47391 66862 
77633 45453 
28078 5131 
89177 15626 
37706 27866 
94294 36828 
53572 66784 
70446 10139 
1156 58891 
92278 78308 
78618 89599 
62384 95386 
73058 5640 
48649 98705 
84497 92364 
92188 52806 
26747 48373 
29733 62409 
5670 31961 
82179 32058 
84837 98463 
97084 83764 
36155 95347 
97037 30810 
38780 32792 
78117 45793 
33469 1466 
23075 54064 
61502 66387 
42397 29914 
17398 25958 
33062 72171 
22878 88687 
49625 88296 
85865 86578 
15116 21682 
42805 13827 
60324 15479 
95156 52196 
69182 18159 
41654 20333 
25234 916 
76779 63286 
99611 75100 
72845 80623 
94448 69065 
88209 76781 
57350 48113 
47335 5691 
12295 38682 
19798 73189 
10270 48479 
84763 55381 
88982 57943 
5105 88868 
45131 95255 
51030 89627 
65024 97049 
6917 61336 
29723 35 
67078 61066 
9457 4945 
76223 522 
88669 3536 
98633 74391 
17877 61799 
6416 23838 
71434 8133 
61668 62867 
1290 83879 
29970 17964 
16040 75486 
3374 57364 
81818 62466 
29880 15245 
37003 83404 
43379 48330 
36250 43454 
63118 97578 
91009 61085 
85003 66073 
53478 79267 
18362 65688 
98858 46870 
31291 29751 
96810 9731 
55290 36685 
27161 37653 
65621 40467 
87201 53561 
97677 57783 
58341 24090 
81613 18839 
48392 17077 
77578 49084 
2431 30745 
72147 12463 
79989 51812 
52852 13308 
29184 5315 
12220 23639 
49500 17641 
45305 75361 
24030 26072 
95429 32755 
19327 33074 
71702 39640 
96371 21667 
8838 17730 
49749 19352 
64928 77954 
93750 22434 
55993 94889 
43905 69992 
7554 85959 
395 87330 
62860 31679 
25780 2418 
25080 70994 
23666 75667 
26435 6604 
67233 73314 
11114 59217 
96907 57752 
90810 16769 
5063 64351 
81758 34910 
52232 83607 
60449 58439 
14138 69921 
81467 49876 
41750 53871 
85441 30982 
27599 43510 
87641 65790 
10756 62070 
78503 39604 
20160 84377 
86222 17407 
51389 2350 
48484 97259 
95508 71147 
15558 9522 
90282 61848 
60152 51121 
43835 73987 
799 85558 
88728 41829 
55021 84020 
60503 1982 
26095 30690 
58848 76720 
92985 66223 
41867 67375 
16855 97384 
24320 45199 
99520 57950 
99264 73286 
29339 66241 
79141 92474 
28228 88026 
57195 56578 
69848 80048 
22969 7880 
73489 59048 
26697 42483 
90767 13913 
76544 26956 
92971 54464 
69947 92654 
35747 69384 
5714 52125 
24787 47949 
97082 53264 
31270 5435 
7570 11125 
9046 40485 
61285 34805 
46879 44223 
37217 97334 
48568 75505 
43117 80221 
71325 14486 
78690 61122 
68542 7525 
40144 3019 
76915 20492 
88531 46383 
59866 24632 
2848 1995 
69301 49423 
65547 91368 
15964 50231 
82856 84223 
45003 55074 
25260 37978 
97823 74429 
84492 52936 
3910 80777 
82566 18658 
87027 90463 
35670 41955 
89035 9430 
71119 15009 
11554 36551 
19150 3287 
50794 53510 
52954 7290 
54094 68557 
30159 79553 
58058 22995 
96870 58931 
77659 13864 
51411 17873 
3262 34039 
29083 5198 
28255 81851 
61521 6853 
73825 46335 
84661 40162 
99368 31347 
17846 43314 
87153 42026 
13273 21102 
68047 20480 
79764 60408 
11486 84068 
17747 34486 
37332 89275 
63393 73752 
19855 16935 
28965 92674 
44810 50436 
43791 27226 
49420 97553 
45610 55480 
22050 88659 
45631 45087 
63451 69354 
92276 95727 
14691 93896 
88371 22013 
38210 17346 
74460 52957 
97944 78954 
76948 7743 
22019 67080 
33952 44407 
47282 56807 
53995 67941 
38754 15417 
33134 27419 
49068 78033 
54599 27929 
33059 5973 
21712 32408 
60904 53747 
29633 30927 
79519 87139 
64385 10532 
56456 14429 
28649 67439 
3074 15573 
32980 65206 
14525 80046 
58376 57432 
82937 93037 
91556 61608 
37123 41836 
57815 91945 
37278 49487 
28005 33299 
6328 81173 
55968 65768 
10940 10302 
10652 30115 
14687 75880 
3193 57827 
13457 10534 
73380 76469 
28910 69393 
92230 40930 
79635 44080 
57796 34191 
71652 3160 
9878 27498 
49963 60664 
65942 89063 
31125 37679 
85376 82934 
93121 48514 
2082 5179 
33316 12544 
26472 63262 
17851 65636 
7069 16278 
36574 20906 
59218 58681 
46448 7561 
13813 48179 
33331 98739 
12488 49677 
47156 24469 
77365 91474 
68726 54292 
13258 7327 
47710 25570 
58131 68609 
10893 88126 
83637 94439 
77313 33646 
61736 64495 
32682 79121 
55682 49173 
9290 77625 
64044 14793 
89581 36854 
45012 57775 
1712 36100 
74860 71009 
3588 45721 
49229 48073 
58232 69660 
18830 86551 
87834 51210 
62163 60365 
56404 4952 
37039 92864 
71675 63711 
19964 77353 
15766 58332 
37847 59816 
11067 80245 
20053 19759 
2932 12023 
50453 59452 
93951 49517 
78936 39249 
95967 80661 
59725 77261 
75432 30671 
19919 65333 
55318 31107 
25794 40104 
2525 21147 
6722 87856 
73554 43442 
16945 54940 
13210 54022 
64012 81741 
1185 26009 
9299 77484 
19583 90236 
50874 5602 
70833 22414 
31822 54952 
9858 56082 
78233 30894 
67012 73356 
60167 12012 
28991 1358 
86243 83223 
13781 21201 
87863 74111 
22684 78574 
22658 2453 
77545 70165 
28372 47289 
54546 68597 
88203 53271 
7263 40016 
26527 98640 
31166 3124 
39956 42831 
59331 76179 
82864 6554 
94869 59391 
68763 27124 
79403 4129 
19370 74878 
68920 27479 
91694 12720 
38413 40972 
40159 30143 
64937 75639 
25566 85516 
45081 2103 
65585 45996 
87294 64001 
32534 23128 
82142 65818 
43324 63970 
94252 82072 
53783 72584 
38583 83797 
64925 4742 
615 10416 
72322 99931 
35151 50321 
41350 89020 
31654 31889 
70899 43430 
65384 68132 
16025 12189 
63071 42842 
76066 26946 
99457 73819 
18912 41865 
6777 39665 
4384 15201 
23074 10622 
90112 32503 
27233 81071 
51808 17513 
8707 61546 
26529 76184 
98140 51515 
92257 71674 
41423 80672 
30100 33734 
34221 76121 
76380 64596 
46568 85564 
61105 15311 
57883 62532 
46544 71374 
91591 98645 
25085 4606 
85508 70053 
9055 19402 
59249 50459 
46867 45788 
43143 31488 
29622 9190 
14475 82685 
10225 37343 
46364 78058 
43091 48509 
12173 13805 
66689 1943 
4066 42795 
93456 81520 
18196 55319 
42011 26491 
30947 42800 
45161 19517 
40785 91389 
93812 91473 
78467 65744 
31724 4926 
94729 59811 
98927 33771 
19024 11034 
32674 65209 
45503 97203 
73949 12056 
43128 60995 
94839 38302 
5673 36294 
57507 68938 
54340 82488 
38991 76233 
80804 68210 
7782 8965 
71730 84344 
17855 58563 
87161 7656 
93776 36661 
74628 81003 
16525 72290 
88456 23860 
83856 23706 
49436 37751 
11264 39847 
23909 25202 
60084 99418 
23256 97948 
27740 1852 
24892 10386 
11853 83671 
94110 17633 
64688 86232 
42413 24074 
87333 6398 
92515 57897 
74031 20381 
32720 79855 
6265 82803 
34173 10422 
13460 67971 
73274 38442 
62590 38437 
48551 56568 
12503 97077 
6373 53996 
70454 3279 
93107 85397 
18092 11241 
32675 26456 
32092 18950 
87935 21037 
10636 127 
1906 22779 
31103 28211 
30593 34766 
6637 91404 
72995 54966 
79647 40888 
75873 42207 
88840 10485 
40928 27775 
73058 95355 
90293 11031 
29946 79793 
52561 94010 
30416 59717 
16058 29550 
905 14156 
58676 80270 
24561 41846 
4274 11602 
79801 94005 
74541 71062 
30096 2395 
2164 38107 
2339 22999 
46231 64150 
42872 89939 
4067 60692 
19960 1714 
44986 35051 
49483 42383 
974 17768 
56594 74051 
36872 73550 
50284 23774 
88373 38466 
80070 27995 
99998 80141 
64437 90661 
17162 34799 
29188 57359 
86573 35270 
70527 7146 
97407 7462 
62489 16171 
52051 79283 
61227 52760 
89698 15649 
19713 22329 
98642 65957 
15563 92306 
43880 86276 
11988 92171 
5448 77523 
17272 1817 
69910 63015 
81737 12598 
42494 14048 
72774 69760 
50626 20510 
98348 82399 
90917 95086 
7276 17635 
31174 94179 
80595 79408 
16574 36483 
42531 9099 
44869 990 
61846 35133 
69350 90219 
84744 41769 
60255 51601 
39068 23511 
5411 60188 
76171 40834 
59127 79248 
71632 95420 
54684 31801 
88898 98620 
80280 35787 
20960 15580 
80822 78308 
64346 29252 
88758 30266 
46997 83506 
5918 31720 
26980 32548 
55356 10421 
2557 45133 
97247 31227 
25777 86287 
56152 12493 
91530 26766 
38274 87013 
81940 10999 
26829 29754 
81983 47985 
31233 22335 
46389 76404 
31555 75121 
90169 95161 
3499 81778 
95530 43652 
31183 38272 
76445 62205 
15057 18570 
18842 62502 
60541 62630 
19140 90204 
89306 98840 
76769 67574 
49577 92621 
57363 62587 
14482 85724 
32452 42830 
48120 66595 
18785 37442 
87953 91195 
85813 48399 
39027 55795 
73401 23650 
663 8517 
63500 28921 
49485 74767 
79288 32458 
83974 63213 
43213 47516 
95224 13602 
11382 61139 
66192 45431 
15933 14541 
17411 67407 
89280 90382 
11032 11607 
14556 5274 
96998 63380 
45092 2048 
35278 68311 
62458 85649 
56277 10898 
97346 48928 
27930 76167 
20506 90207 
82418 24993 
21979 33161 
18073 36738 
36022 21381 
32745 98616 
36414 74932 
63756 50266 
22231 64272 
6533 24081 
37743 78104 
59136 57160 
21689 36044 
93069 89066 
61042 24420 
82162 1121 
32224 14096 
30759 97582 
48812 52914 
30042 76792 
98899 12126 
37048 91285 
47589 6180 
14796 49830 
507 98252 
93899 71522 
72712 50124 
16123 62282 
84125 74321 
98623 47515 
7283 98860 
13868 61167 
26233 60538 
14806 61060 
26327 1367 
47358 13140 
23918 54576 
83108 63135 
62171 71573 
73854 93146 
44678 59281 
76694 42812 
52050 68486 
23401 59936 
88343 98144 
11068 33860 
33969 58023 
72343 56353 
39622 62648 
43076 49430 
81822 13174 
82748 97262 
14805 60660 
18833 20210 
95797 34144 
80033 33035 
31118 59982 
55355 36452 
89068 95114 
66044 1458 
52264 46229 
65653 19240 
36807 49255 
89851 5968 
88654 39145 
62050 71416 
78516 48646 
23536 83106 
55845 36530 
97500 83536 
89700 60731 
15228 47076 
19710 79883 
29661 95244 
63908 87948 
16660 24293 
81837 60938 
17500 37480 
71133 22191 
7506 15829 
83698 13202 
85179 5879 
83611 90724 
63773 50628 
33078 57658 
13014 40778 
85020 75199 
42494 17394 
81297 96763 
40235 14205 
4103 10420 
80023 88037 
4736 75879 
89357 49253 
38721 94483 
26154 70564 
69178 56290 
46886 22218 
61364 66948 
61364 54318 
80483 68936 
60157 22905 
22123 36667 
69434 35443 
50118 42999 
35048 73474 
90148 65925 
62705 35465 
29049 28500 
44355 31238 
99607 42521 
82246 50899 
88510 57032 
81567 25790 
91151 96435 
20202 96747 
51178 9772 
19845 5848 
64916 42726 
36572 31791 
1252 86918 
60927 96223 
86066 57294 
67697 78571 
26968 97694 
83759 90282 
8900 17153 
48723 75943 
74044 15044 
27602 28311 
10532 61847 
97289 27092 
13604 64186 
69382 37160 
50164 57663 
30732 30907 
53058 39140 
80052 31570 
94971 71266 
14047 9601 
43483 66386 
69724 2559 
78600 84413 
60890 70470 
62009 59786 
56352 43272 
83318 6369 
34871 64675 
72723 35913 
17713 87674 
61809 65686 
23421 30945 
94616 83927 
11466 62481 
39639 87961 
81483 37089 
30073 9141 
73047 77729 
64416 91237 
67299 57210 
32448 94410 
26166 6350 
92641 55676 
17565 47500 
16204 48495 
65675 28168 
30279 49144 
34205 8529 
38169 35533 
97577 38692 
68071 15352 
80041 46891 
3397 4756 
45923 48101 
77580 56191 
5624 74127 
74165 64607 
61385 20813 
59013 64908 
54488 5785 
85617 70383 
91258 31023 
56814 91751 
19087 48538 
96567 19546 
95661 34609 
84061 48741 
44699 88222 
28984 73856 
19697 82791 
21665 85194 
3544 16711 
74664 52453 
56346 27933 
83400 90643 
86384 60500 
72624 65030 
59852 96879 
62775 6807 
83888 98892 
85705 79242 
94365 32222 
2763 55227 
55004 84688 
29925 41499 
27618 26883 
54401 12234 
4617 5260 
35091 95260 
4385 2396 
15286 87871 
17758 46898 
40170 65993 
59504 6303 
63964 90423 
22627 50337 
51963 6931 
55215 29017 
31254 83181 
79698 70326 
20568 24767 
52596 65587 
74490 65098 
19163 77162 
10173 29420 
51842 72715 
45734 31963 
73998 63056 
68675 77029 
61172 96442 
69939 99742 
80896 41229 
24652 301 
79115 70883 
74104 96719 
46350 50634 
65204 45365 
99950 13405 
33426 56092 
143 4188 
73165 59255 
77062 66634 
25463 65647 
83510 43404 
27225 97192 
3978 62689 
8331 56161 
44240 87321 
93455 43770 
97854 10025 
63943 35173 
35984 88611 
61761 67220 
95168 28285 
72306 97762 
44035 34770 
5785 50866 
94403 81544 
7904 70979 
84845 57266 
69765 70932 
5464 85338 
74161 73558 
51540 36545 
10863 14831 
90609 87869 
17023 97566 
2707 15786 
50496 59079 
6658 50782 
83653 43620 
16713 61288 
13161 50975 
83239 79888 
17272 66316 
58824 32390 
56286 63191 
96842 81246 
4155 11508 
33386 48803 
19623 15400 
25450 42981 
13789 52082 
18340 68261 
47687 82105 
93502 68222 
98226 53862 
4330 12358 
63767 30781 
41959 9576 
41633 28288 
85673 3485 
99022 59503 
83251 80498 
76061 53511 
75461 746 
5174 28167 
25842 43967 
4442 70543 
42045 47740 
4319 2475 
78209 3859 
96841 86097 
89192 70114 
54369 54799 
66980 49393 
50967 38773 
27149 85761 
33638 91088 
29011 28057 
32966 10213 
6916 15561 
73093 97938 
62149 47392 
39508 87874 
14956 7566 
89784 28979 
44471 31036 
47185 11062 
50640 12495 
99964 74714 
56742 79409 
40235 56867 
33668 73454 
15421 84955 
67874 10434 
32611 47627 
13751 17759 
51533 37988 
68139 80683 
25402 86583 
79804 63757 
565 75617 
59916 12343 
65633 53353 
90928 80527 
48723 48226 
40716 76388 
97450 15857 
76435 63370 
40475 38994 
38281 7342 
21710 40357 
77193 12956 
18666 61403 
82490 50045 
4998 6233 
25551 31039 
93932 49195 
23862 63783 
4066 57140 
86102 70613 
21929 82898 
33410 34200 
96735 45195 
4574 3417 
91908 22076 
43616 68360 
35264 49823 
37077 92662 
55125 37433 
15288 73367 
63190 77908 
57013 83885 
46630 61924 
40070 43926 
61683 76895 
61879 51816 
78924 5004 
13368 9233 
16400 17472 
27255 66140 
11026 99154 
37457 14590 
20877 27479 
80222 64061 
21444 72839 
39537 38134 
57465 83695 
89496 42546 
38573 69021 
14500 68070 
21824 93112 
94525 8141 
7044 53374 
27177 90797 
81997 20384 
20823 47256 
93524 81353 
33832 65319 
88074 43040 
53810 4804 
60498 18236 
7659 84338 
73461 41147 
68419 84090 
61535 31298 
78061 47407 
13780 53031 
36734 5826 
36565 98248 
18471 96541 
34397 53714 
60928 89189 
10677 1077 
42472 89679 
82619 37701 
3768 42786 
24949 99447 
92999 12386 
5544 12766 
13946 78431 
52840 2769 
34371 53174 
99612 36359 
68510 85622 
80645 85117 
81934 92858 
22849 51296 
79656 29608 
55531 12098 
29067 83307 
85827 2362 
38144 60937 
29684 73844 
56330 16010 
62365 40467 
90612 49373 
54056 43243 
32504 5822 
85971 45994 
73040 80082 
260 3574 
42302 40299 
23048 27996 
47651 74957 
14097 14660 
517 70005 
38883 80851 
15488 27002 
29256 11702 
37357 40181 
97431 5053 
1955 60638 
94682 55922 
64749 89169 
60907 23748 
37579 55843 
94151 81161 
58373 63980 
80204 51675 
81251 98994 
61539 5572 
15188 28400 
92159 98143 
58227 48331 
20327 2542 
71218 64015 
64671 10692 
10146 26904 
844 49997 
89362 89566 
55690 91069 
79326 80913 
13762 2217 
52004 48996 
77107 40172 
74614 66327 
83365 53310 
18164 43603 
79530 13589 
91051 51664 
69111 86483 
29989 8684 
99001 94383 
80613 49839 
28985 28252 
78321 60052 
31629 14763 
96302 16958 
3184 51724 
62117 60824 
27191 83268 
56847 80944 
21625 98110 
1503 83873 
17689 99132 
4283 87910 
63810 10584 
89193 70329 
21892 60435 
51672 79139 
24554 99653 
90076 9519 
91882 97717 
43230 36581 
64094 84158 
23707 90743 
92606 89664 
74134 59754 
46093 77071 
89489 2274 
30464 42533 
42266 61941 
92061 10198 
19296 77965 
71936 39933 
29158 98558 
5702 16952 
67309 16867 
18276 94622 
32414 65613 
45698 17333 
71841 26237 
27278 58951 
96868 31120 
50465 74248 
48889 63335 
98136 75596 
16737 87369 
43375 15312 
2215 76397 
60411 75217 
6053 36948 
71967 39282 
59684 70169 
33123 52698 
59621 50398 
59671 51251 
70662 46405 
44978 78585 
51775 58390 
73550 95751 
24203 94711 
31753 27384 
45206 66337 
36578 81904 
72822 34125 
51851 29351 
7112 4294 
37973 19757 
71601 30829 
86039 77411 
54951 50073 
20101 11948 
67396 42378 
12392 45855 
79048 88441 
45457 69845 
97918 63844 
72449 2449 
14339 94301 
72252 48283 
85449 76258 
69606 20596 
58497 52744 
92116 18065 
34951 22741 
65754 23202 
58727 53859 
8427 20345 
71355 62720 
67181 14863 
14474 25206 
58790 72043 
75768 79622 
15759 84049 
68332 89818 
10179 16439 
5387 42422 
26417 81885 
82401 62650 
80256 38071 
6869 46451 
36934 9203 
22365 23343 
63382 86089 
57939 83846 
61052 68490 
96560 28212 
64840 75209 
96980 19039 
60933 62374 
22293 49325 
71781 58394 
25396 69671 
79974 45290 
16679 53599 
14412 90411 
92490 18317 
1997 59966 
34258 59765 
95937 26409 
97641 5426 
27823 15371 
98666 36117 
94775 24652 
69532 78856 
85257 87768 
620 26934 
67560 47543 
7205 396 
13488 51503 
59478 20454 
6448 80091 
92700 34668 
87925 71182 
70654 96299 
29237 9959 
10053 70801 
76489 11869 
86134 15243 
5830 38225 
30408 52261 
43368 48950 
379 39207 
49541 15007 
48017 15238 
41255 84301 
38865 94380 
26768 19084 
76891 60966 
58086 405 
71533 15344 
63545 25663 
42865 12388 
9289 9045 
98411 33111 
52501 31422 
30847 30528 
91567 76238 
79684 94949 
88713 30981 
72013 90993 
39224 30024 
7454 28887 
88007 63931 
80716 45964 
49046 82774 
41487 90805 
66188 76569 
75874 22092 
64771 24634 
56187 56979 
82734 67475 
46603 29680 
37140 69772 
71076 49987 
77471 11076 
46855 83529 
560 62044 
62038 10863 
53723 78333 
28841 60866 
32389 71735 
75601 55380 
86489 98693 
49986 46719 
85863 40015 
93516 77372 
59121 32456 
13195 42144 
12673 52738 
19902 86961 
57055 47674 
25193 35690 
16216 50239 
88216 96607 
72086 20751 
82702 63491 
1530 4767 
10328 92846 
95716 4867 
21218 8381 
12931 22184 
14949 56622 
5084 35367 
86161 13418 
75365 49585 
47692 20104 
69995 66268 
11165 10210 
80494 95466 
30023 72867 
34571 57007 
13255 87428 
83535 94099 
99371 55339 
52021 53585 
39704 49909 
1855 70728 
77662 2401 
76072 33246 
26315 43726 
31349 89254 
40542 25030 
37551 6818 
51902 47621 
21614 89035 
84559 42873 
59649 97876 
98732 56201 
75934 42438 
14561 5647 
90381 42856 
53700 5265 
67089 89795 
98583 66258 
55754 81257 
9997 14678 
85008 33399 
62486 93520 
62152 30091 
54034 49165 
57281 97178 
21614 37374 
1480 61689 
47395 22425 
8539 83688 
71734 84489 
37540 29044 
38586 94948 
49728 85070 
86526 67150 
77202 7795 
64329 40935 
13289 29607 
93884 13304 
54842 49013 
25191 84702 
75249 70525 
28305 50671 
83601 61927 
45290 31968 
30259 48676 
81615 2802 
51950 70725 
50868 46407 
10578 85746 
99314 39980 
69091 14577 
27469 46864 
65019 89622 
94792 72847 
87716 85017 
40508 25623 
38890 78574 
78695 1654 
57622 19818 
29001 13113 
20922 55872 
25689 59029 
88711 97524 
7188 39450 
48217 91496 
25911 9136 
26887 1744 
33862 68201 
85224 92571 
93349 91138 
71367 49386 
34132 2755 
17758 69167 
28431 19838 
86913 1940 
83400 90713 
28082 27111 
57089 81398 
89517 3971 
88320 76656 
42069 44447 
93552 87016 
9039 17958 
24501 78709 
64446 13180 
99147 72469 
57322 49609 
15720 89279 
43158 52959 
34367 56395 
55296 82813 
64409 25358 
28844 28320 
26467 95213 
97591 68347 
68181 78781 
20461 26152 
99868 97574 
58168 35496 
82173 41842 
13055 75005 
41620 86226 
65489 20718 
11948 8633 
88711 12893 
99195 20191 
742 32498 
46745 77528 
16675 35235 
32877 15137 
97634 96527 
67831 5174 
53697 79563 
70019 24849 
47261 50354 
91715 87400 
60570 28646 
33414 71670 
36592 81646 
33010 67426 
75919 38673 
41074 38820 
74054 29197 
96683 96760 
13224 24129 
99656 62476 
80757 90833 
34478 99182 
72122 56001 
38820 86501 
50863 7339 
25274 13194 
79973 54975 
58771 67724 
9619 16566 
64128 13347 
4734 86235 
88258 44644 
22564 96850 
69799 35804 
5134 87529 
75295 7466 
34432 43881 
45482 58561 
9185 87135 
57872 32348 
41267 50170 
52550 11703 
37024 93359 
86906 67758 
24260 81245 
82052 18074 
9123 62218 
98726 85820 
98823 67728 
33735 89781 
5865 74945 
59328 36556 
57426 57425 
37357 30891 
69513 81948 
27689 67898 
9704 96574 
76060 21734 
64583 94879 
10388 99372 
48346 34388 
96563 85187 
37635 33444 
4811 62342 
94291 70037 
15945 60351 
42502 58587 
53203 44697 
99748 86208 
59779 33980 
21969 48712 
54829 2888 
12538 38386 
91386 5084 
61920 556 
8515 29187 
30295 93989 
16980 83077 
58967 61380 
82826 87072 
98033 40514 
76454 44865 
67580 24091 
36163 52622 
27586 6809 
54586 1277 
17724 41962 
34021 24816 
42453 66641 
72432 48202 
19035 44573 
35697 92623 
76553 18674 
43663 2852 
92531 61621 
47699 71779 
80403 62022 
5606 50530 
95894 86241 
66129 49136 
13250 11491 
59783 52281 
33322 34468 
55294 97478 
24650 21679 
81676 88842 
65973 82494 
34832 48688 
54031 14053 
84513 41257 
64018 88356 
72595 38170 
1743 26149 
46826 33567 
66319 29692 
5572 58398 
50115 27046 
38548 87954 
38746 14206 
36108 84502 
38032 68239 
5423 67731 
47142 44492 
75687 59764 
17550 64064 
96483 8572 
85967 43841 
33549 53927 
46068 20807 
44366 63372 
28624 74689 
72399 32207 
92560 58646 
33232 11128 
90483 6334 
78481 97885 
61400 95554 
14063 5226 
20627 13571 
18275 96389 
62284 87324 
52077 61532 
63333 12877 
79093 93745 
79762 42829 
16064 11676 
55290 67797 
15825 67288 
20910 58689 
44368 71915 
49593 20161 
51118 71524 
44645 42455 
47320 2971 
82510 28784 
1237 67045 
1196 18474 
30855 61231 
24049 22275 
24889 25361 
35267 35566 
51096 66705 
78326 97615 
17258 47575 
31380 20648 
34668 38120 
24775 21121 
96540 59758 
4933 47462 
24510 70564 
16182 13459 
55216 72941 
67485 14530 
35935 56038 
74594 25336 
73350 20595 
19777 51483 
32730 72340 
51086 35507 
16174 11499 
51012 97916 
58035 90650 
40432 27746 
63216 60897 
47905 23888 
79792 77210 
66662 28424 
41240 87802 
42024 86226 
35502 89499 
80561 11318 
58278 91380 
48925 39763 
86080 92279 
35085 1318 
60998 44273 
77619 47657 
13561 43923 
29737 33640 
62684 65757 
13863 59931 
22424 28388 
39914 50223 
14099 62647 
5801 54365 
29307 33255 
72223 39912 
14486 50804 
5478 58895 
50861 99194 
11812 54099 
84980 95172 
44728 99651 
24531 91277 
52704 54450 
51689 31202 
48961 43776 
22015 67505 
27160 74346 
10726 55581 
17364 31167 
40173 44947 
75097 712 
72431 99138 
23027 14282 
79140 88892 
19555 7833 
7078 19826 
11516 50142 
42431 75386 
39247 99836 
39308 78672 
1400 13687 
18781 2559 
54203 43447 
63573 86579 
15259 26613 
30498 51132 
65514 97691 
77840 34874 
94680 20829 
58094 19479 
15206 72152 
57834 47499 
77758 80687 
75949 83663 
57252 70450 
19076 17721 
42616 33114 
58795 57801 
55734 568 
38991 17266 
45473 79798 
43761 55183 
51181 58672 
36341 90762 
6752 90549 
57759 75515 
61089 18063 
30254 73377 
23763 2003 
44980 68674 
5643 79905 
26120 94552 
13475 90781 
54248 50390 
74659 67362 
612 55710 
13874 15273 
71023 70212 
76754 69799 
83091 94843 
97454 45156 
3790 57175 
36767 68670 
55687 75854 
75320 22815 
59627 93550 
32445 1744 
19286 65553 
95460 25790 
68695 92060 
86405 47314 
97720 86201 
63655 24397 
42432 76968 
54395 35012 
77405 56485 
40589 53661 
75209 94413 
75863 14896 
4702 58812 
93636 43702 
24210 2390 
77854 41422 
88265 95829 
6866 77714 
27314 15773 
48245 53966 
78640 24038 
77773 71683 
43729 6757 
19350 60519 
22386 77416 
54243 94976 
27162 86118 
27878 56207 
12971 18915 
90277 75947 
66266 15680 
42300 33269 
85727 82743 
23990 61699 
52157 27386 
73610 64139 
29110 95316 
6390 26145 
57749 49346 
10503 64268 
9551 87763 
34472 45505 
38672 64276 
45001 66334 
32144 37884 
67113 85383 
90553 50697 
79519 62469 
84445 4444 
27321 68559 
22408 82304 
31404 96154 
35661 41708 
19318 17647 
30926 85874 
75953 10421 
88464 7085 
13997 91747 
85395 83130 
93933 83995 
5728 99790 
81256 61242 
58058 66922 
14613 12029 
59430 93408 
72735 89875 
59632 87147 
70326 13057 
73998 50253 
83455 18250 
64796 46766 
3574 68824 
61362 30407 
45895 67888 
37370 33339 
92698 28619 
69970 33336 
35004 10000 
89994 36448 
87120 34754 
95052 34970 
87684 68092 
38032 26405 
68181 50840 
22378 8139 
65233 48559 
32503 94637 
76584 99484 
2782 39258 
12290 18405 
81776 81142 
72461 41066 
79730 79143 
90780 74229 
96810 39394 
19078 50219 
17176 90860 
92387 71615 
19701 14102 
6199 71664 
99986 82490 
58053 9072 
20303 32209 
54111 62037 
4197 37703 
58044 85659 
70686 32512 
64346 49355 
59367 82033 
11075 76440 
32193 84309 
8096 66741 
50286 47738 
46021 94911 
14878 70454 
68350 42082 
30319 25148 
34730 36528 
94064 35216 
76758 50224 
43637 13381 
49450 22494 
93817 22321 
11250 59379 
78609 8317 
23389 87935 
72071 53588 
45416 28353 
99618 90730 
17916 83602 
67200 23529 
65663 36262 
29562 2465 
24934 85251 
90774 10315 
97172 51362 
80324 23539 
57921 29836 
76289 28499 
4662 70635 
53442 88078 
10171 22650 
18617 73881 
58980 86773 
58284 1962 
83742 84565 
63957 35907 
85540 64209 
19967 50078 
17630 33503 
35043 77998 
35609 30817 
74295 6066 
68682 19288 
1377 11193 
46475 16942 
71978 82459 
23763 56007 
29254 11499 
81498 98383 
39406 84097 
46704 21029 
71347 56342 
66072 24987 
68232 52703 
88523 14827 
80608 80501 
60500 41477 
31037 15529 
14464 731 
58263 76928 
35808 32165 
45346 75945 
26342 68759 
70659 92830 
43514 46196 
33243 8866 
83730 92675 
94726 96422 
95358 84944 
48879 48917 
52494 74399 
76835 14715 
94017 58224 
71113 84212 
34192 94917 
14793 67768 
80819 40940 
83559 93649 
54855 15838 
97764 49746 
91472 86832 
89317 90609 
16665 730 
63867 32225 
35819 80932 
32637 60941 
41045 50370 
60226 90095 
42641 37407 
24788 8142 
56679 71072 
15228 75473 
35521 74392 
96401 43598 
10969 20206 
57764 90011 
30781 22487 
23546 84805 
8462 98065 
43209 30985 
73515 48531 
99814 49430 
4741 80219 
70919 11569 
52728 1315 
51664 58134 
9314 9490 
3001 80665 
61600 10861 
19304 84019 
76006 91695 
19119 92696 
93884 97911 
50372 11610 
84372 64297 
67114 2750 
92462 75272 
78684 93252 
40648 32099 
94196 87453 
91076 47651 
85305 15820 
51760 89132 
68467 16982 
15233 41624 
64225 15620 
50889 70863 
25556 28588 
33323 22375 
39888 4391 
78137 5881 
122 77039 
73949 78857 
8858 94279 
44779 61184 
26983 62355 
50487 83999 
2866 34686 
34635 224 
21661 60240 
58899 61616 
95526 98881 
21079 97838 
75079 5596 
39808 16649 
99969 83264 
3181 81211 
22200 4507 
20853 10387 
29669 7169 
89530 91015 
69357 75090 
80340 87305 
19723 26108 
83216 81852 
90048 42597 
98200 85157 
30854 96335 
46519 6163 
23964 39166 
85276 84970 
83399 53623 
48801 50718 
39002 83601 
6956 82580 
93547 94151 
26126 19852 
41049 41586 
42154 88343 
9101 70387 
6118 84565 
41283 91707 
43677 86669 
67019 39854 
76575 41649 
15770 47689 
90967 12017 
20001 29681 
1358 51966 
17118 12225 
51259 22994 
4401 4811 
12061 52018 
22946 62800 
90154 81189 
46705 52780 
28996 57966 
30956 94885 
97625 66402 
30872 22936 
89980 6220 
35341 72911 
20484 84885 
73768 83004 
90469 99748 
44329 64395 
17305 52252 
80994 80879 
63539 54248 
23598 57621 
76837 57698 
80346 24543 
53229 63316 
75353 88265 
65910 41158 
55185 17986 
59768 26759 
87808 25345 
97862 40053 
24987 16043 
60199 11190 
14865 91901 
37488 87263 
45328 86011 
32913 37037 
70721 20786 
83541 66971 
24570 88959 
39614 11126 
49208 70959 
94784 60010 
79530 18606 
43224 48959 
2596 54677 
50632 35362 
77373 60672 
65252 55841 
39652 50969 
62374 69445 
36015 60574 
11133 60987 
27698 5786 
76010 99829 
80291 12376 
17060 23760 
8456 44221 
32705 45026 
76158 6879 
96821 56168 
62425 45183 
77892 46985 
90193 1724 
92163 30776 
81571 53920 
35015 17948 
46663 1434 
55180 68155 
35086 32781 
84959 98290 
79416 60245 
16273 23027 
37987 75604 
17150 56992 
877 45649 
16161 13238 
57315 36132 
43367 91399 
35400 25524 
5485 60690 
15712 45829 
90267 7877 
89250 66741 
40513 38399 
77122 21503 
11644 90034 
54473 58149 
28456 42785 
24401 88120 
86432 86137 
68931 95815 
917 35372 
63591 67201 
93482 72359 
79759 93423 
18988 23001 
14623 6186 
79106 73511 
82506 5710 
38506 70729 
73219 49174 
58423 47884 
33244 77842 
88991 66534 
53762 74403 
16519 67850 
55880 58608 
44776 81973 
47887 48881 
424 52871 
91973 40337 
91844 97941 
58570 75557 
17942 36533 
65292 13412 
18893 89653 
94479 33412 
84328 74271 
58391 48285 
86139 90013 
34350 35864 
82845 23409 
23478 42883 
50380 75490 
96145 57892 
30210 52163 
74821 98280 
49823 43657 
70786 7242 
62942 59246 
34974 10553 
77208 76523 
5192 40139 
85628 10714 
32087 91679 
94726 8802 
44415 46859 
47133 25699 
70553 57396 
69265 45266 
67628 57590 
35753 67658 
22276 44900 
31481 96310 
77730 43939 
9337 22796 
10809 48265 
87225 25884 
29340 16496 
1397 72286 
85641 84500 
34835 30917 
4935 43840 
69207 89936 
8883 28099 
66804 96386 
73914 43378 
74928 21950 
1641 77010 
59351 95171 
94335 19398 
15747 30401 
22320 37889 
78403 26825 
42101 48751 
44078 7090 
74131 43537 
55500 14407 
77365 39524 
43809 89392 
64078 40417 
12149 3525 
82909 13115 
53639 34770 
60677 9131 
36140 32717 
34265 85088 
53492 35567 
22673 5756 
38323 69318 
86355 45208 
55053 80732 
96031 36923 
43394 29953 
86392 62046 
62418 96112 
1459 6536 
93173 29795 
47842 62529 
93887 19965 
59729 97020 
65912 29732 
45172 61852 
80911 95312 
27061 72979 
40132 75577 
14186 44121 
85206 85792 
37842 20174 
56524 48466 
67693 19123 
60 46645 
76935 57692 
56409 70594 
61277 5624 
26833 7469 
28858 86209 
287 35403 
68942 16572 
42677 48392 
76079 60234 
94985 56394 
53387 46597 
494 76300 
43716 97222 
82920 53684 
40681 87212 
27135 32758 
12881 61448 
71993 22451 
34112 20092 
10866 90272 
49967 85539 
9629 52417 
26958 63822 
94114 18518 
24105 17547 
29485 92498 
98962 74514 
12506 27202 
10090 6450 
24326 79768 
6267 25675 
46222 17165 
99022 63986 
23603 76876 
99584 17723 
74672 96398 
63934 65695 
79236 87061 
30346 92537 
50514 42586 
52677 79077 
88124 40893 
29632 53426 
34037 18840 
5314 31729 
4894 73902 
69610 15931 
53903 74246 
18304 57389 
23407 39206 
42273 39814 
85294 85874 
2736 82742 
30535 24315 
15234 17664 
61454 23892 
8873 42902 
60727 66212 
49338 20477 
59650 46421 
14276 38452 
4873 83890 
87870 25623 
27577 55771 
97782 71930 
51997 72456 
52108 77581 
41207 72704 
46583 26659 
67270 27955 
3005 56832 
10108 10360 
68690 75807 
34888 97060 
53746 57307 
71244 54489 
8037 34568 
19300 70755 
42963 97777 
37276 81622 
84491 93349 
23332 66161 
3366 17566 
90376 71841 
6041 94874 
46696 65650 
85548 32001 
37569 97763 
25424 43065 
73419 7367 
21747 47966 
68619 96399 
38454 56618 
41695 46332 
39318 64958 
82482 55519 
46329 5148 
74684 30229 
58681 12053 
73329 71162 
29167 90802 
75768 59053 
35516 96134 
92163 57945 
3045 63224 
16785 22730 
31967 61819 
25045 18792 
57814 80773 
72748 35871 
26625 88436 
53943 5736 
97937 55869 
81574 13786 
98045 74470 
91217 28436 
33633 47375 
32336 58909 
41577 84847 
3764 92044 
94581 87892 
10550 51766 
4267 61464 
67825 71061 
63458 58864 
54013 65633 
47594 22342 
20489 50830 
51574 51383 
97715 49024 
72813 99808 
98888 93302 
63859 75584 
11331 45144 
68670 93075 
83113 8716 
25494 6523 
57813 42454 
66246 35634 
83865 39831 
67416 79421 
26600 75486 
10704 2829 
40852 90362 
92997 72171 
19957 20050 
84706 10024 
22947 54238 
73139 38007 
95962 51968 
43257 76731 
46134 27355 
42058 76201 
96655 63488 
44748 57113 
50238 8428 
91028 53706 
14863 56504 
87964 62234 
476 20615 
82344 15617 
78221 56729 
89817 24454 
4826 10534 
30770 47350 
53904 17968 
63578 79365 
63248 6317 
24740 76426 
2578 10622 
82365 65644 
89750 41349 
84580 26751 
35095 13565 
37659 68235 
73337 75325 
80007 63283 
50449 53540 
27611 55224 
68849 69267 
54182 89977 
58491 61212 
34903 83824 
33692 96146 
26580 88897 
15945 38017 
78938 75838 
51508 93743 
71930 13389 
29220 52947 
52110 88015 
8763 91396 
97514 73202 
2538 13415 
74933 27660 
15297 67270 
66068 74449 
34905 79340 
29791 88914 
84835 17789 
36565 2300 
94425 14590 
58066 10086 
16487 45873 
20137 59292 
23477 94928 
30423 77419 
43243 99628 
73410 97160 
53286 16592 
25011 25695 
38478 18110 
76511 5061 
31372 74665 
73337 11061 
96492 65826 
68013 42093 
90430 5362 
58605 56468 
28094 62598 
34088 27008 
12123 11382 
76249 95114 
37249 40435 
74130 22982 
64331 14461 
91456 62282 
69791 84054 
90111 80368 
15347 4271 
53432 10965 
50244 36690 
71949 25289 
53559 77804 
51176 51664 
47736 77841 
76132 6989 
66114 88378 
20530 41753 
37048 4573 
19883 41816 
55095 48412 
37272 74807 
45793 73046 
38120 16732 
94713 55111 
56012 45270 
3752 81888 
75486 40242 
58042 33186 
79665 88864 
35386 4060 
10704 53635 
66803 13774 
69261 24131 
61525 98857 
35530 40419 
42723 93683 
28856 45492 
1264 60680 
35565 96848 
63965 44102 
25316 43213 
90075 86226 
45202 51434 
55174 62924 
27731 50677 
55149 66726 
73956 46324 
64628 89821 
76238 44347 
13992 36888 
26460 18442 
7023 28205 
15003 46811 
87277 37171 
63379 43284 
75405 43223 
49136 8293 
41984 71029 
75518 29257 
50764 29928 
10305 67043 
5830 63790 
68385 75446 
62804 70754 
40815 13964 
19008 54775 
79474 30715 
80414 26453 
30910 11896 
14259 79326 
75531 17015 
35337 29618 
69076 44929 
41282 22369 
2081 4800 
7572 74951 
90100 98143 
76498 50162 
82464 53443 
26017 25396 
30655 93170 
84197 51855 
88659 54534 
62859 78292 
27177 29953 
20064 47521 
31155 40956 
25250 60685 
15800 10116 
93116 44281 
40140 49635 
72753 47933 
19109 42306 
27055 47175 
35268 50840 
14110 24749 
29489 54934 
87061 56417 
6268 81942 
61813 32827 
23818 66666 
63033 7670 
51675 48502 
48015 74182 
69290 90090 
25297 36989 
47924 80600 
30295 64352 
5113 68924 
93800 77067 
46104 57284 
40781 54597 
9864 74172 
86798 16427 
18603 37019 
57160 67246 
89258 9609 
40064 78200 
2938 57057 
99078 13319 
44100 1986 
12615 131 
15024 89587 
78465 86570 
3183 76358 
19996 22448 
29143 67572 
57270 53101 
30901 41906 
61120 15248 
46887 18163 
91156 80672 
44338 38658 
29678 2022 
2343 66576 
62647 76856 
99605 20500 
26155 60975 
75768 98323 
32245 30182 
32183 74851 
11440 10773 
13042 92696 
61050 73398 
61047 4418 
68065 12363 
73150 65379 
83374 13008 
91323 21401 
60087 43505 
50968 83093 
32884 94206 
75262 29546 
7616 27649 
47604 38159 
50779 95362 
16279 94436 
17022 23816 
85580 95871 
29521 71198 
25830 27420 
32818 9098 
91102 52560 
70637 88787 
67902 33545 
2254 10445 
90698 67262 
60099 25525 
50860 98918 
68623 67359 
94476 54854 
89810 23212 
51434 17849 
34298 32142 
63283 53571 
78702 17380 
80613 85204 
59525 39345 
82015 4775 
71969 86016 
26194 4330 
87968 1046 
86356 7888 
21941 86817 
31771 85950 
15046 9614 
15204 38359 
79124 77109 
96921 38435 
40055 54582 
86055 41567 
46918 35593 
8344 74812 
68111 85283 
15602 40555 
78529 30029 
36748 86935 
52905 75881 
32833 20467 
19586 25 
59212 62179 
96317 74446 
56863 77603 
24990 49054 
91821 43061 
45875 42702 
36803 45962 
3496 64853 
42318 55187 
56093 18106 
75896 39174 
68556 12330 
17554 53894 
4695 54877 
87213 70715 
98933 68134 
45491 64998 
79746 25635 
53162 40279 
37603 91016 
96530 20028 
78704 90276 
86072 99221 
82453 47137 
13922 11341 
85402 63737 
12125 32940 
47309 34442 
88040 17500 
15990 39277 
25906 23108 
96793 75265 
34265 74323 
49836 48932 
87822 77628 
83522 71284 
59261 91977 
86415 67762 
61667 41212 
41190 39984 
25395 43508 
94193 93557 
14597 24473 
12012 76756 
48080 75218 
42529 58620 
26773 14415 
12078 11775 
85793 14251 
32600 55279 
82955 54225 
63118 55813 
7549 73799 
68379 81771 
43290 5241 
44183 54094 
47580 81311 
33667 40127 
15574 28997 
41788 92376 
81995 80098 
66206 42708 
76258 52233 
2000 24355 
87189 79719 
44880 9035 
12445 2762 
13005 14569 
64755 55551 
31030 59543 
82159 29081 
71672 15922 
42677 22918 
29884 37908 
15156 41621 
12608 25970 
87561 36178 
63133 18585 
1517 38524 
3252 91123 
87678 88164 
68659 81196 
40323 3837 
33494 52882 
91568 10360 
68428 58417 
45648 91015 
53355 55275 
11997 99201 
70580 88987 
32153 29627 
37228 57615 
30009 18901 
96713 32503 
27544 18149 
78208 21728 
58847 56187 
50379 27619 
84151 90735 
41024 67789 
52511 27336 
67829 303 
86905 70865 
27080 17917 
68719 62901 
16985 53797 
79969 49752 
30133 71647 
21031 20522 
35697 96901 
59302 52402 
86112 82444 
79903 1207 
25262 92243 
3396 79217 
45608 29385 
7446 69482 
40250 31159 
39489 36031 
22533 3158 
35640 2785 
40637 66840 
67481 90475 
97474 50504 
22781 20519 
97258 62373 
88851 17547 
79266 46267 
47923 68128 
66617 35314 
12811 22302 
53275 87168 
28074 56602 
76038 5458 
36995 52525 
69931 26456 
67930 82805 
85200 77412 
24915 39301 
52017 93581 
76885 81003 
15057 14640 
27479 28351 
24227 68018 
13108 80991 
60167 86608 
20816 90054 
93508 1386 
39443 73214 
25431 95666 
57685 21006 
33716 7013 
887 6260 
53280 15321 
54726 75049 
53077 61070 
58437 67125 
32305 96528 
62829 86624 
47993 84431 
39042 19643 
3356 23649 
92873 74366 
71691 99390 
86447 1461 
4130 26710 
94115 37813 
71243 80376 
22691 4957 
18242 81615 
7479 85133 
71462 42814 
55011 92494 
19830 54937 
41027 54746 
9197 39262 
87938 21392 
29673 74937 
39868 18746 
46543 56976 
25337 79016 
23861 35455 
47765 81006 
16472 36030 
72155 53370 
61026 64303 
82724 7852 
79416 52149 
70657 89579 
19150 12813 
73814 54211 
94301 33377 
30900 7666 
57962 48169 
31486 73103 
32567 4734 
40218 81998 
47944 55172 
48666 21394 
88661 79999 
61483 7798 
31962 79073 
54879 99671 
65558 44757 
54912 5123 
10531 66122 
70671 89155 
38783 99855 
83169 35678 
66745 83460 
34595 73530 
27485 59397 
84555 32877 
71861 25016 
34 58576 
26056 22441 
24021 70530 
37588 35023 
24107 27507 
74826 62511 
56798 20553 
6058 5823 
95951 94898 
73328 4085 
64385 75081 
93530 31567 
76623 47090 
64683 80190 
47681 33388 
28818 24492 
47892 81972 
44584 90250 
87013 79002 
52467 25377 
92192 86015 
73415 2321 
3831 97390 
67701 64839 
51009 11470 
95026 68862 
83833 9632 
59138 57112 
33935 41602 
90654 50172 
46295 22441 
20313 32936 
75704 56861 
21540 64648 
69352 19955 
56002 43209 
63426 39874 
38723 9985 
6020 47659 
50379 90033 
81324 82156 
63554 24487 
50704 63850 
17009 66804 
45213 80426 
67434 82591 
40969 59028 
71705 13980 
24002 35416 
4285 43786 
4338 68601 
94253 22168 
70477 91071 
74287 99035 
84877 29297 
70030 39176 
8637 77025 
22377 83862 
9344 54678 
27525 62661 
49836 42246 
48 52225 
77652 30137 
12776 25027 
35015 92735 
43933 30343 
87426 52779 
66752 2199 
25279 71185 
49728 94585 
27413 66569 
96676 2923 
88074 41467 
44932 42588 
99508 68141 
57325 20235 
51257 65858 
88948 51734 
54171 83658 
83304 51727 
22300 87883 
54043 44119 
48987 42115 
38322 20264 
94901 58674 
65693 2176 
65149 95471 
72488 51785 
90276 69727 
5823 4068 
41620 61007 
3620 91833 
5385 79954 
7459 73006 
11741 86298 
63620 67446 
65364 49922 
94311 59639 
52057 62184 
75893 26070 
2433 21161 
43793 1631 
78117 34144 
54852 8102 
8530 3443 
77010 29594 
47017 87448 
43510 34737 
33960 57908 
4216 13506 
51462 6486 
30183 17740 
29304 88947 
79261 68743 
15093 33670 
10315 22785 
52861 82717 
41547 65892 
23862 78287 
84440 43013 
90894 55177 
49005 13457 
53212 50699 
8302 64434 
62935 97558 
30608 7621 
75827 22289 
36144 29826 
9426 32123 
11938 68192 
59725 36526 
23179 32766 
83950 16144 
92324 4879 
91451 21560 
78271 98433 
97331 56955 
77058 83034 
84143 79720 
82824 32831 
85853 25996 
93216 83009 
55224 54315 
16907 47057 
877 84719 
42597 72257 
83511 99131 
58630 88276 
42117 60268 
70281 34327 
80472 999 
47781 34022 
81833 33798 
52351 23893 
35427 30852 
29743 31481 
52227 29349 
31261 41949 
19444 23632 
20704 88395 
93278 16143 
52394 50324 
57693 12455 
60186 47215 
83313 62216 
80308 69643 
5039 67426 
41888 99158 
99553 2259 
98189 29886 
84617 14483 
38880 19806 
80918 7566 
19037 67686 
74177 34668 
64157 32880 
90347 70975 
62083 89489 
49947 69217 
32552 33833 
98906 44705 
72968 44747 
22799 80859 
15056 29913 
38933 93958 
91194 78251 
26453 46703 
1530 78320 
98515 54204 
93360 55777 
42523 83130 
12841 29106 
54532 5009 
65699 82154 
72140 28046 
28437 4461 
66550 98326 
84438 55922 
88931 30919 
20367 71023 
78832 4117 
7492 29705 
33115 25968 
9771 86849 
2713 61211 
6004 70443 
31495 88909 
86859 29692 
76635 46281 
89255 38625 
53082 2637 
60373 38228 
26076 98832 
1450 30663 
35154 82244 
27583 22859 
70656 65095 
93905 53544 
39483 34756 
80791 27756 
50693 48713 
1146 25915 
23519 53993 
91399 50758 
70449 81106 
74435 24715 
36281 75919 
37529 52786 
80359 49418 
51235 21522 
73729 44898 
66213 13403 
45488 44924 
64147 77742 
53381 66233 
6193 14163 
72499 19797 
17805 92779 
92941 45375 
72309 56391 
92379 65115 
87278 24332 
2696 39207 
27525 45034 
21207 48010 
16462 24958 
26463 69782 
93583 95220 
46215 70843 
20010 64046 
90842 75906 
26321 43175 
9419 40300 
17285 29328 
47531 2963 
96657 68125 
86074 59290 
51876 27085 
18492 56368 
43254 56836 
80232 79550 
75179 25185 
78715 69041 
87895 67428 
84656 77834 
97558 8076 
36352 58289 
29571 74099 
77362 43590 
35614 37906 
94984 72492 
58299 99407 
52058 90998 
9065 40880 
7793 52977 
54695 65750 
4736 33279 
65756 63014 
58395 61477 
66302 22675 
23694 82157 
38318 64419 
28111 48562 
76708 31671 
55239 60352 
60989 46258 
34430 63436 
8448 15077 
42354 40024 
112 29513 
50438 30482 
25729 745 
58584 45026 
76827 29709 
39974 42958 
27968 19107 
84402 79884 
85473 96732 
68284 49228 
50183 34276 
98339 73377 
36216 13876 
72931 31910 
11238 15833 
80118 49611 
75410 75272 
4730 5358 
75957 82927 
48085 64486 
62228 85830 
73482 81831 
22137 77344 
78176 70436 
5050 52835 
58253 81776 
28452 47172 
76713 97341 
86148 63349 
66987 88592 
24290 47709 
4266 62493 
28169 66536 
55196 73273 
67517 91261 
72871 47514 
80943 5079 
38517 39326 
41200 2452 
63857 5118 
32113 64812 
58876 63341 
85287 60709 
38546 83596 
70132 36707 
89043 31621 
4279 36545 
39100 81928 
53107 10366 
85336 98245 
16897 53292 
1779 73404 
62041 43153 
23247 14973 
38760 30914 
29868 60652 
41957 74106 
75736 8365 
14098 93559 
98541 49951 
59447 76774 
18990 4516 
37504 47462 
88942 57737 
30141 70112 
75381 26802 
31755 60869 
73724 87178 
94620 31587 
28411 17007 
72699 2606 
1335 37714 
46294 81618 
69397 55252 
77244 20932 
51297 35458 
39747 33508 
60669 79084 
95447 69331 
57758 97335 
33079 28002 
25042 27143 
72733 10870 
23581 66865 
42750 96603 
96328 57782 
73244 57764 
72223 84470 
14450 22803 
90658 18036 
80355 27800 
9686 80201 
38499 95357 
83377 63327 
15347 24251 
93792 1772 
63310 72744 
1269 53299 
40275 70920 
33066 15796 
85409 2959 
64897 74178 
36035 58963 
62462 45108 
19552 67773 
40808 63036 
71644 87123 
68234 30074 
77430 45601 
88367 34355 
5760 2014 
59191 26760 
8498 12123 
11001 34291 
86444 70116 
6609 79879 
81430 22794 
46604 73013 
40188 38088 
72 33377 
9723 46386 
56876 10515 
66225 63067 
91500 66572 
49964 43701 
356 96297 
77130 19587 
24634 68715 
26272 10599 
98923 88293 
51735 14751 
72240 89891 
59439 29480 
32523 1452 
91366 68301 
28298 31120 
4270 98352 
21890 61345 
95431 39231 
27452 61575 
23664 31648 
84028 63207 
97354 5578 
88963 75791 
52917 51905 
70219 61789 
26894 29035 
7462 28760 
32797 16463 
21321 42419 
89841 61023 
37738 11806 
14879 48326 
126 48665 
81126 71865 
45849 57131 
67675 65310 
85534 66981 
72348 9708 
23812 83911 
37065 26641 
38322 93735 
39736 20815 
90135 23851 
39543 41118 
73263 35005 
23563 87898 
23468 89074 
91802 6005 
97366 14538 
35026 68099 
1620 70245 
5166 70779 
99002 90259 
51612 37290 
43232 77809 
98389 44878 
97674 4719 
66958 72305 
74351 64253 
7335 93592 
89213 19880 
86227 27772 
67173 90260 
95053 91230 
46150 11617 
83015 89158 
23239 22657 
90767 25718 
58037 24342 
58801 8695 
98326 77057 
11291 73750 
21477 11122 
70956 55802 
91312 43060 
43389 90652 
14643 9701 
20337 38662 
44277 54933 
90598 84080 
16030 29800 
14458 78591 
26109 95638 
13016 65711 
52225 52097 
47285 43830 
96872 47108 
13595 55 
84446 64276 
61645 74410 
75215 24659 
49422 94535 
68631 84525 
85273 54731 
56073 58436 
71542 99970 
48823 47892 
56518 15491 
50938 9765 
21797 15609 
68639 55872 
80721 71606 
47956 35325 
40239 17851 
10565 14625 
83269 27765 
14124 37016 
61596 56793 
97869 12217 
50359 8257 
86846 60414 
4327 89750 
18867 10268 
73479 92715 
27117 29710 
80781 45877 
58340 50402 
38618 64413 
31598 32021 
81967 41053 
45839 887 
26223 2755 
25854 88958 
15453 87143 
55665 93861 
12928 76611 
86010 78354 
99921 64802 
18274 28529 
91052 20114 
61103 94029 
44871 53945 
27885 40721 
46899 97593 
93385 56490 
69017 41034 
56050 64210 
63869 89246 
58846 12461 
35865 47312 
5949 34168 
41390 54224 
75229 86118 
10007 47137 
67182 8162 
45699 52749 
49794 69939 
62639 70552 
55827 5073 
33475 33913 
64094 68046 
79816 9220 
49508 87339 
14348 20800 
18049 29934 
51966 69887 
52272 36891 
43296 49565 
80553 37478 
48178 44495 
49014 204 
58948 44114 
18907 33111 
3770 91093 
34219 2821 
8806 33035 
4327 2054 
74669 44686 
24807 58767 
27401 40402 
15797 46504 
37102 2162 
91818 25231 
58405 7109 
89542 14654 
36125 50439 
70724 77900 
36706 24364 
86364 72451 
11504 31972 
35122 7355 
71467 85991 
74135 30970 
54453 66759 
43580 61905 
96183 91180 
47690 67302 
73766 74985 
94400 87248 
76753 54313 
33396 1844 
74832 69456 
48060 38362 
93581 3531 
50661 19885 
80074 11945 
2104 64008 
38719 74656 
27650 50371 
44306 52610 
28250 89233 
94081 32128 
93469 39747 
43544 96607 
6467 46271 
81716 73588 
94085 83765 
40765 67052 
15809 29232 
2191 99753 
4255 5147 
57152 58468 
66748 72960 
2072 56218 
32713 89994 
2319 99855 
84785 81466 
36528 78829 
42898 20832 
42052 71527 
80110 56310 
18078 99268 
36478 69182 
7063 44851 
63060 338 
67489 92490 
71938 35560 
71286 39046 
90151 97152 
7850 72654 
15502 49771 
53228 14153 
50453 91714 
67822 69180 
46644 69408 
18882 44343 
27062 22465 
85097 39589 
65471 39450 
89731 40696 
93449 80359 
26074 754 
74220 826 
84346 17582 
29435 95195 
62763 85200 
30162 60859 
47105 21799 
66575 74639 
72941 54109 
92153 63472 
42541 68597 
97706 46335 
54573 23657 
8115 22044 
18831 53737 
10419 78483 
70506 86323 
15703 2807 
68960 35720 
29243 79279 
64466 33824 
53435 71685 
43050 7329 
76280 617 
14361 13305 
4530 42450 
90390 626 
85074 96430 
13912 73421 
20747 89094 
34673 94541 
27472 11064 
98628 81972 
98464 10311 
10960 19198 
38249 98085 
57132 21702 
4284 58970 
17880 76111 
47256 94900 
93868 95933 
72418 74479 
63590 18404 
53855 3579 
34194 650 
21118 80925 
9007 60180 
3422 53288 
87878 44692 
60433 38880 
36822 9192 
50659 44695 
12014 24686 
88530 63773 
99825 41947 
19506 1770 
39380 86363 
98876 48700 
27043 65396 
94399 81343 
63238 28898 
45522 54587 
91213 34334 
2650 15829 
94606 33910 
38769 55573 
66105 18665 
72715 89501 
33016 25778 
68472 52521 
27215 39668 
78103 73709 
16762 94890 
77261 92536 
74329 19401 
1717 71423 
43670 40483 
30924 57394 
79494 12384 
80360 46511 
78393 14718 
58243 8750 
88898 13715 
14200 38115 
87252 74605 
57524 3046 
32173 62734 
50943 85548 
66638 73454 
92103 13981 
17651 86401 
79489 14071 
55989 48460 
22091 25455 
17068 51517 
92827 56967 
51365 86090 
44616 82858 
68254 19922 
4940 14281 
60621 71890 
39837 15620 
49308 25828 
31497 73636 
66212 56368 
44986 68883 
2775 19412 
69066 43499 
86632 93586 
3717 7213 
13355 45815 
32656 74300 
52508 34105 
63015 78219 
67638 53695 
36313 67783 
38367 78922 
14932 48991 
49403 52458 
26567 99996 
16086 26037 
5426 53231 
48975 62324 
3474 8292 
21043 66303 
57558 11979 
90175 26360 
89035 17743 
46989 10176 
81315 15809 
3365 78623 
27744 7357 
10648 52034 
67330 81415 
98110 87553 
29039 41487 
52069 3684 
86752 20439 
13968 18758 
86417 16814 
61736 53702 
44555 83466 
52935 86326 
32989 319 
50468 34264 
58518 67052 
22042 86816 
18219 58601 
3103 2073 
61175 96697 
39638 35058 
15638 3960 
82001 65066 
46982 23632 
83860 45905 
96284 7623 
71365 11503 
11965 98325 
86820 31080 
27630 55502 
78417 23105 
58127 8595 
3009 5261 
82779 46883 
32417 78870 
59871 95219 
5448 20537 
69682 61425 
47565 81204 
14703 82929 
88087 73381 
15150 44876 
40789 61019 
25492 89681 
77988 53280 
63418 88875 
20436 43436 
86533 2101 
85783 27163 
74033 5252 
86888 80718 
70703 29981 
47941 78765 
28833 20205 
11107 84102 
39952 77731 
39354 47069 
82781 38743 
82136 11138 
26413 95667 
59757 32971 
18408 54791 
39568 90209 
56388 99031 
22493 68297 
88655 7352 
31992 88841 
14472 67633 
99152 66330 
57855 8100 
67446 57471 
70090 64006 
98580 97971 
75637 90816 
46873 5289 
13708 32959 
83801 62681 
43509 58036 
96616 89822 
74984 70428 
55332 48351 
58893 25326 
40954 26867 
20119 74511 
54439 99228 
46363 88545 
80699 52449 
50686 16570 
64837 36051 
10876 64519 
68871 93418 
51190 95311 
16338 97524 
72735 80486 
99461 28337 
57636 61706 
18986 97278 
69069 12730 
50307 45301 
44360 27672 
81179 15462 
31584 99771 
46091 28328 
51394 96379 
90290 69087 
75362 80517 
32471 28958 
99631 77094 
59321 30291 
58460 32767 
77377 4704 
66057 72432 
68086 86644 
97084 12443 
40467 30999 
16309 50931 
52452 62639 
46102 18965 
76773 18273 
16831 42808 
20142 46517 
79661 37130 
65552 90804 
73894 21823 
96633 91555 
31671 30916 
80348 8984 
71737 61111 
29643 85971 
80925 89576 
41290 41639 
7108 75892 
5739 10569 
90622 51430 
15639 20046 
42458 90939 
57574 28286 
37053 55738 
57593 30286 
25061 95702 
65276 74762 
87223 98043 
3382 25571 
44326 74973 
80492 44087 
10163 89382 
62648 65194 
24560 27988 
26610 88859 
31713 44747 
72143 11729 
75455 13845 
53685 78694 
67530 51195 
2746 43139 
47560 86150 
51562 86332 
94093 90989 
35832 61416 
65007 4757 
49731 95478 
42462 20167 
49988 4404 
32752 37512 
57417 49517 
24571 27931 
84114 92445 
40604 89878 
22435 85245 
26803 27237 
67897 66477 
11296 25344 
12305 20756 
30633 51985 
35707 99246 
64879 64497 
46167 91627 
45082 61201 
64903 86253 
96690 75655 
30985 54543 
60768 75596 
4573 48084 
91167 94950 
80585 2492 
60304 96893 
85735 767 
18781 38748 
21013 60694 
44823 85315 
28995 75792 
88337 96305 
10753 57370 
61380 95625 
90694 96433 
51922 15540 
29303 88529 
41008 97112 
13551 42022 
84764 19820 
12642 20888 
82193 27897 
72818 56800 
87260 18652 
39079 2072 
39529 58975 
33972 85007 
81445 160 
94031 72237 
2316 68366 
62942 38826 
99172 18258 
67215 96261 
72879 50764 
54900 30845 
84251 12383 
60794 60631 
79359 13093 
72639 27665 
55840 22706 
11971 4181 
82752 31334 
10525 6292 
5322 88690 
58574 76805 
62960 69041 
25068 19971 
23965 43900 
1113 45308 
93610 82918 
98119 5074 
83602 44946 
39857 90512 
40423 65851 
23693 85718 
17622 97453 
90427 64772 
42884 2790 
34462 57716 
74515 66957 
6426 4043 
63988 39874 
8907 58536 
41258 87598 
62626 13629 
17820 92175 
25158 54884 
58784 6522 
77215 71763 
9746 40474 
52541 4561 
76827 26870 
76642 20157 
48963 92438 
96836 74241 
20383 37245 
31546 35659 
18194 8599 
40267 19797 
65069 40554 
17314 2163 
10278 18533 
42247 60826 
43639 20112 
77761 26907 
66430 77609 
91882 6008 
30926 5896 
95462 70305 
75924 39721 
28253 10942 
79470 28842 
97245 83450 
21989 46378 
69499 75104 
3104 76080 
48358 72431 
83653 57549 
16703 9557 
30762 84989 
13836 33601 
28322 74657 
23612 32063 
77770 38972 
90577 28937 
54858 31099 
48197 71232 
6891 52827 
38632 95647 
71908 50704 
27064 86355 
76390 60629 
65251 9133 
21266 99498 
38750 34553 
97380 43984 
40177 43486 
81019 81181 
46897 41889 
47715 63573 
45707 98630 
8259 51700 
39338 60084 
14704 81855 
90052 88265 
6111 53314 
4099 15472 
63898 89833 
37492 7744 
24849 93530 
8337 81838 
56229 75772 
33849 26038 
31870 19321 
71236 33784 
60756 98748 
30799 70909 
10284 61990 
46855 62255 
35294 54942 
37531 1448 
70888 53101 
57980 58870 
72176 49539 
53273 87114 
87298 36838 
46952 705 
31436 12155 
59195 37410 
88984 29199 
34526 92149 
8653 18649 
73215 51347 
72003 99425 
2750 45503 
9750 7249 
96213 80821 
12165 74023 
42895 6932 
29978 1841 
3174 27062 
90421 88808 
34439 59437 
59396 80350 
57773 14281 
65228 39335 
46134 59465 
62060 51071 
53926 9661 
51655 5115 
75163 88817 
1242 24869 
12805 83832 
92004 48010 
65404 28480 
7892 96117 
88853 30981 
27701 10189 
70813 86034 
14651 70272 
63299 92708 
7236 62050 
54957 33265 
2655 983 
28701 54812 
89902 75485 
42691 35637 
33405 24611 
93017 11106 
30109 22878 
65008 80249 
62967 5063 
56738 13424 
52042 27245 
63080 33929 
60771 26822 
41587 51968 
49410 13882 
42493 88103 
80267 99069 
74299 35104 
70080 38930 
93701 72073 
53711 58786 
54002 62785 
70333 95239 
19718 41357 
8345 85730 
56719 12715 
48526 20921 
37052 72718 
26229 67166 
55492 83408 
92925 60993 
40904 22532 
95007 75256 
59661 63274 
3457 57484 
50650 30135 
21856 44992 
1801 19883 
72174 68409 
76616 72783 
7888 65559 
25835 28536 
32171 41001 
74159 3876 
5283 23028 
54848 84295 
9733 89581 
76085 31072 
4396 57254 
42102 66600 
39485 53470 
19401 15946 
23129 20896 
33781 50631 
27288 35319 
7425 1835 
95808 53414 
96974 84530 
70675 45265 
73273 1486 
83853 7969 
91416 76659 
71567 1288 
35731 1185 
55495 94092 
88501 61991 
1052 61167 
63537 62976 
6802 24025 
66078 41821 
987 86426 
89076 31622 
21296 75618 
32555 15898 
32181 63656 
37518 77955 
90404 9675 
58819 51143 
3944 33614 
62399 35250 
42030 4648 
21493 56087 
44741 3471 
3678 10254 
49500 96548 
86038 55160 
98743 42623 
9273 75530 
18148 36990 
83225 81994 
58023 87435 
86090 74743 
71817 7244 
57485 35854 
65169 5321 
71578 97530 
86526 51189 
90660 70357 
46077 93548 
41799 5598 
43583 15059 
29659 8613 
57696 13147 
97056 16696 
99399 6879 
71550 3927 
60484 83341 
91074 78081 
94277 13465 
84592 90203 
50340 86850 
94757 86147 
47434 37903 
68723 91198 
9786 61500 
10547 33835 
10528 45366 
84031 82753 
63153 78494 
78376 92473 
76948 30197 
705 27155 
45547 32754 
39254 59696 
69146 42110 
49003 23760 
20352 95727 
47487 30058 
51259 34437 
72734 45030 
5050 6026 
47553 70021 
39302 22275 
14778 52107 
90097 98322 
56654 3912 
6187 63458 
88165 9084 
60651 95855 
18940 42532 
3842 215 
11215 40098 
55899 16973 
22449 11024 
49688 24431 
10266 98395 
25755 71078 
94754 57670 
49745 54374 
18503 41505 
69684 44368 
18347 50228 
55632 35811 
24400 31667 
67445 782 
31774 91475 
77722 5366 
48293 5640 
36480 48517 
7522 10583 
1722 79050 
50605 83054 
75749 47522 
22704 11971 
80949 53819 
222 7428 
80756 58355 
63523 88275 
1551 35074 
56560 38999 
39542 57797 
29553 29074 
42956 27985 
43818 43510 
44401 71604 
28849 82024 
80804 55525 
20941 46087 
79097 99801 
79897 48013 
4635 91118 
75811 44352 
66336 34902 
61416 17018 
47593 18773 
97172 99916 
85270 98438 
76043 76265 
50410 58614 
2821 52377 
93780 46203 
18902 47357 
6945 20685 
27561 24986 
15331 17593 
67076 34008 
63532 74919 
99446 16102 
75138 29434 
31001 87009 
69416 50172 
57831 95594 
95429 39686 
33797 18089 
523 202 
91733 50305 
84552 31424 
9549 19290 
3857 99490 
2039 47757 
79707 92472 
36555 69511 
34758 56793 
16046 12195 
28068 91094 
46556 34854 
84315 59313 
7887 32143 
16046 73123 
75967 94424 
19185 85388 
3320 43601 
81470 30920 
50119 48199 
81079 48571 
72426 58017 
68459 19566 
16532 88647 
18195 61018 
38710 29186 
9729 20652 
68231 42691 
45856 29049 
58142 78209 
46123 79090 
23127 15696 
58618 18786 
46627 20660 
18113 63305 
50474 94100 
41107 54760 
59445 65090 
89050 24220 
60408 88330 
49873 39367 
51163 77023 
84924 53414 
97611 22657 
63500 6077 
69537 27569 
60398 65850 
5085 3612 
23252 44275 
61917 70814 
25885 57556 
49066 23621 
11523 58631 
97680 19105 
95428 13654 
21102 81487 
40345 50893 
35195 10386 
40160 67134 
58288 26366 
47230 36978 
86846 86729 
57095 33748 
47699 56876 
20608 37275 
60617 28182 
88023 73431 
6015 31980 
2125 3029 
81767 11093 
48281 53627 
50367 75282 
38069 66709 
23102 85042 
50155 14924 
1421 79381 
77189 29248 
97366 87522 
30677 64368 
84696 41916 
37174 22043 
90255 40514 
18598 46872 
21163 89951 
87052 6611 
37587 98089 
289 70091 
23108 74335 
17782 99782 
75131 39188 
69336 83162 
36306 40682 
98299 37335 
14610 24706 
69604 34696 
94488 8602 
39284 13949 
24403 63040 
66523 60422 
77150 15840 
11918 62374 
18457 53224 
6378 75856 
86697 8949 
93884 59710 
81915 99799 
48349 74405 
85942 87143 
39894 73674 
86996 18560 
79082 56282 
61985 30973 
98998 86766 
77621 77319 
44551 38630 
7478 72458 
25937 61200 
26321 40826 
58974 22249 
35289 88329 
58815 32511 
91922 13979 
75558 15298 
67598 23005 
60352 44723 
31541 2484 
28821 39394 
65418 72957 
44980 64954 
45392 35086 
83283 68464 
89572 89091 
39054 40380 
57941 16515 
48259 75772 
9139 78807 
46433 85409 
63891 5304 
43551 89484 
98377 14345 
