75624 21911 
56937 71610 
81158 97251 
51228 63989 
68563 25914 
68254 92848 
38580 30553 
80829 15665 
22785 31885 
90548 83616 
84261 18071 
36108 76969 
47524 48187 
77257 99237 
54774 55385 
23005 31684 
20703 50558 
24394 24033 
11239 65731 
31891 24734 
3022 17894 
25400 34649 
89836 18618 
60917 1759 
89836 2556 
42001 61281 
73128 98801 
16529 65532 
73110 23096 
19623 40951 
66951 25984 
32143 55873 
10691 92291 
841 81966 
92647 50657 
71009 84695 
25189 18381 
15411 83714 
29397 76452 
4282 82828 
79710 42389 
50377 80920 
66426 84409 
80301 40247 
2719 99430 
28784 6515 
49845 59546 
26107 46369 
59298 16887 
50502 92258 
33885 45112 
47207 62031 
91061 87346 
73682 51246 
71310 74933 
16603 79815 
71991 79194 
40361 11455 
2749 59222 
69099 54344 
52471 72748 
74729 94453 
29734 24263 
41903 9201 
88766 34823 
7570 58430 
81201 31334 
27543 52097 
80227 69630 
5402 49677 
8213 25290 
30105 54948 
61487 8877 
7823 31657 
66685 88174 
40818 80483 
21898 28990 
1582 85818 
72864 98251 
73991 62038 
49499 8315 
84892 3277 
41338 19868 
29326 68165 
21755 62222 
496 11517 
40335 74510 
71624 8709 
90356 18972 
41011 5243 
24074 68464 
43887 63978 
32322 24269 
55052 75541 
26950 77468 
54848 43665 
64693 87351 
7662 56464 
29296 13733 
6932 7147 
45066 6550 
73564 33203 
29503 25745 
55671 1805 
5238 37178 
66740 80976 
82260 6221 
16583 1019 
90232 89649 
34868 28776 
87682 8617 
60539 48458 
99963 70724 
72116 67122 
41077 97580 
63622 40316 
55813 5766 
28826 43944 
78145 83728 
2504 2144 
39381 4893 
21587 17756 
75346 18158 
11353 41896 
75667 60937 
72225 62250 
90227 47061 
41280 85849 
57973 92072 
29219 41449 
51446 51852 
88354 29034 
36765 67025 
50061 99571 
33293 25180 
81189 56807 
19771 75751 
48078 34726 
74446 58236 
44123 19219 
55591 33463 
32222 50607 
25734 39731 
77004 64808 
98065 30907 
93357 5305 
36680 91943 
17604 65467 
73677 68778 
15550 1382 
15591 94219 
77670 89017 
99262 39155 
15884 86362 
22940 69324 
68621 1143 
22275 41867 
41305 57762 
82838 33036 
57930 3309 
80885 48658 
76031 91809 
22326 32361 
22181 38312 
6178 53052 
38015 39992 
73290 22772 
87832 20117 
13705 68814 
68007 62579 
96729 59857 
75690 69591 
56673 64886 
39710 93243 
14163 5774 
90129 62804 
38019 49698 
44546 53941 
55952 75885 
19042 23523 
3644 42738 
29562 64180 
61264 75986 
35571 16539 
64073 96277 
91979 13820 
89485 5500 
17607 23472 
16804 55135 
58900 93542 
27829 27042 
26088 7698 
66614 67384 
5704 2136 
4902 27727 
8110 25 
66080 83874 
91625 74737 
45002 22635 
15860 61777 
23595 9468 
16044 1159 
22912 75803 
57396 6912 
51128 93896 
24011 28459 
3950 39145 
20280 89820 
49010 75093 
14494 66881 
79047 34692 
34090 90444 
49997 12931 
29901 43312 
29620 30535 
62811 53362 
69881 76223 
30359 71398 
81992 85865 
43145 62467 
36926 70902 
81290 32454 
36143 65510 
9727 57894 
97372 22253 
7784 86315 
78547 49339 
73284 26827 
19291 49099 
94298 56260 
13863 86947 
42747 24833 
42055 92822 
33177 57162 
75244 72993 
7326 9355 
43681 89120 
50538 60992 
98030 43589 
19567 92016 
23313 95381 
63013 18826 
66594 19138 
45411 41364 
21124 11572 
43872 83493 
69107 43996 
72266 92707 
22880 57529 
2044 2001 
19978 98362 
91108 46670 
21452 94541 
2554 71891 
34743 82777 
93623 63122 
32528 4117 
81882 80650 
67176 634 
50419 82113 
86800 61830 
36770 72324 
43365 89074 
61306 28459 
45888 69120 
89988 10484 
52543 73676 
93673 81612 
14258 30959 
61569 31671 
79426 47318 
49967 17463 
44419 92262 
99043 8463 
87822 98604 
30305 53719 
57648 70930 
45173 66314 
90287 40251 
81215 55486 
27510 50425 
46712 23299 
63590 12826 
46535 82704 
98455 19761 
32696 46900 
94741 64214 
61487 86079 
36729 73808 
15796 46987 
67363 30219 
55929 83141 
35894 11785 
95234 49125 
23172 66691 
57812 71086 
24205 96860 
64782 17347 
58319 8554 
12856 58020 
46114 64711 
54365 20540 
39369 56138 
61454 19267 
15163 93977 
58775 61581 
48683 14205 
38832 10371 
60547 76455 
32022 13361 
93963 34056 
89460 93427 
14587 49962 
50824 30846 
41735 34109 
11759 58402 
13400 81734 
75769 33302 
59518 99344 
74087 46061 
8027 15256 
63642 75842 
76472 85001 
68050 4157 
8276 18426 
9462 54420 
97256 74916 
90128 33521 
6554 95926 
21710 13421 
28901 69909 
67649 5686 
53952 53700 
59301 49983 
5424 6576 
70121 58696 
85847 28431 
83778 34201 
19981 31919 
71935 2731 
19285 19902 
5277 89341 
99303 84166 
57457 92199 
69421 89138 
25752 1208 
80196 55201 
84526 45926 
57263 10214 
8000 50823 
72855 34977 
47371 22087 
6004 88621 
23974 89523 
20777 63306 
4966 79522 
48198 84082 
60930 648 
92015 39427 
65830 82078 
91044 711 
88893 16950 
61562 64723 
45304 27613 
12056 32397 
17988 87848 
69616 19001 
36303 8300 
82363 76318 
99124 15700 
65495 95705 
59569 33888 
39932 52454 
46565 5206 
71966 46463 
84435 74540 
59950 92020 
85899 95090 
29765 10361 
36126 4898 
94662 82671 
55915 66217 
7053 28325 
30596 56023 
79897 83414 
17912 45255 
83592 68011 
2932 6833 
30580 47074 
50947 48058 
44399 9589 
20333 71698 
72469 13237 
36548 31878 
42643 67810 
95679 65820 
82406 59547 
61398 50573 
16554 50753 
42708 55042 
34322 24246 
91509 31935 
70102 80634 
38823 21732 
73288 37852 
96406 21281 
52227 27079 
86525 3377 
64858 26869 
26826 60458 
94365 28236 
89513 85521 
91976 77408 
74464 96389 
91058 132 
84448 55709 
96721 71623 
67263 38310 
33390 59661 
94403 50053 
89137 34841 
78776 7831 
30037 11581 
95015 49077 
70434 56289 
55113 50975 
75680 74934 
9357 4474 
42812 71295 
87990 6314 
51555 49263 
72536 3419 
3176 17864 
87386 48369 
67906 46011 
32046 2079 
43016 5515 
32337 50388 
83099 35521 
74883 84955 
1701 59271 
3379 35664 
59175 84991 
97434 31705 
45475 26690 
25146 11523 
38591 87802 
59173 98082 
69396 60836 
72651 5123 
51935 9601 
86154 42632 
44506 17063 
19760 45209 
91362 1519 
15342 55790 
57480 26530 
33373 58958 
9526 55941 
95778 73012 
15034 34307 
41835 78064 
28772 5183 
87606 78591 
10345 14984 
31081 73197 
70359 88500 
24973 31795 
73757 3667 
47040 60969 
38464 37796 
33815 71961 
55036 5254 
7813 52574 
18754 57431 
20551 84192 
9441 69869 
54135 38205 
76268 98517 
72697 32302 
84872 47369 
91640 26428 
62401 53096 
37410 90635 
32367 58790 
3448 82616 
65733 18584 
68993 31416 
87209 47636 
36582 35620 
66477 7877 
61360 49263 
92910 98900 
90740 46783 
79316 5509 
6484 29500 
65340 38706 
62924 60466 
94389 95250 
44848 91924 
19262 52462 
26462 80213 
51193 9537 
98905 66648 
4542 84417 
47915 39688 
5167 76127 
5569 83684 
24297 6506 
70402 62549 
71726 62366 
88753 82877 
32254 69392 
16857 30372 
57500 42461 
37966 75863 
31573 73563 
91719 2787 
13564 38142 
83984 16664 
22409 23412 
84592 58953 
70401 8119 
87623 62579 
70478 52164 
4373 54519 
39383 86707 
82602 32001 
93891 30547 
97373 13209 
90523 97020 
38550 90807 
90515 97110 
27945 97179 
41271 89126 
35135 23961 
53145 73055 
25130 25271 
16114 78541 
63357 73961 
44728 49501 
23844 33319 
61751 85471 
95007 52789 
30926 60048 
54119 95648 
27606 180 
86316 58984 
92269 76540 
56907 51889 
46444 24872 
6797 56496 
63177 90924 
29974 8274 
74856 67495 
9318 96954 
70102 71087 
32390 7536 
78377 87834 
82389 91982 
66066 3562 
1137 86560 
71014 21304 
50719 67216 
83856 60998 
58347 65924 
43925 30822 
15014 54661 
55148 57285 
12688 40472 
43045 62151 
47076 5015 
67810 78214 
83407 65061 
80398 3109 
81181 26616 
58675 584 
560 54617 
88881 72035 
67776 82650 
64022 37622 
59928 42648 
55269 85892 
80500 3254 
75048 73619 
36146 67348 
91220 83412 
92548 94154 
70599 75683 
82557 79440 
27039 3668 
63393 48493 
24404 95470 
71302 90887 
37964 45453 
1878 93472 
9109 98823 
52171 8626 
37748 57882 
96702 28452 
44347 86166 
33726 22456 
99296 37574 
30305 36165 
61130 91590 
15209 41220 
87121 32840 
17179 73659 
79820 73474 
22750 96433 
11398 80233 
32610 74632 
23943 34577 
28401 57475 
38359 23883 
22873 19784 
17117 34454 
55498 27517 
16815 92983 
12897 56839 
35361 82111 
98878 14300 
5566 37831 
52405 76871 
12035 21780 
13456 94911 
11450 49806 
66563 78570 
17705 49706 
49685 18708 
72822 15690 
2133 77103 
62166 24833 
39417 17520 
48206 81697 
85162 39192 
90918 61286 
60670 17271 
94895 27628 
31212 51070 
73334 15542 
34827 70167 
47270 76523 
74154 50935 
4815 6166 
34776 51588 
29589 90212 
4538 82560 
70165 29016 
7514 90819 
63032 26146 
33550 51687 
40481 55806 
39719 29774 
51740 55913 
23586 91859 
805 28915 
19816 28836 
57649 70810 
51442 71309 
30807 90328 
75053 63967 
98846 24880 
95144 97575 
85776 7610 
87089 84228 
31247 90794 
60432 1457 
50163 84796 
14632 23840 
98341 28971 
87923 6970 
60968 71092 
76616 87936 
58769 95331 
6943 18930 
23214 5268 
74460 56141 
26514 38060 
27076 84811 
64782 58653 
56900 73120 
83453 58794 
83423 12524 
2882 64603 
55929 20239 
49054 38600 
76593 50739 
19403 47337 
47350 87470 
16962 54146 
73445 63413 
67438 88047 
14453 89693 
93257 34460 
59594 55147 
56219 91147 
18356 96527 
96148 33655 
59692 29028 
86747 38575 
3487 69831 
1853 20022 
66511 83580 
35380 45025 
91760 28022 
46458 6876 
44831 80474 
7638 52002 
43938 81345 
18487 75545 
1159 39647 
9497 23595 
91708 7233 
1982 65898 
35284 43444 
8433 31857 
68974 59909 
54834 34795 
14700 56453 
81485 44673 
95902 33354 
32142 7857 
37887 92655 
72602 54026 
94211 21801 
89361 74941 
77497 86538 
6538 7537 
37239 46878 
25015 4714 
19434 49807 
31564 31164 
63300 45550 
47720 78717 
38858 20343 
88254 55974 
5837 38003 
77308 70303 
79123 35042 
26629 86857 
18902 19597 
14793 18849 
24670 83179 
18898 76081 
1459 46047 
40964 74632 
83882 21935 
40084 89574 
49052 5963 
28365 14745 
22926 60727 
13799 78838 
86321 99881 
76414 55467 
16591 45989 
45410 96360 
58915 69948 
4452 11456 
7140 3035 
89899 17443 
88293 49378 
62464 77169 
87192 16651 
26647 56313 
17937 25833 
44255 30897 
47653 57050 
38433 89420 
4495 37873 
12832 86800 
56696 82843 
16901 23814 
32373 48599 
72768 45341 
60833 77649 
41757 73481 
55274 65649 
49315 17499 
24068 2006 
5985 31535 
93224 1672 
59016 23168 
46161 67198 
84309 51162 
38580 94429 
81605 89113 
26017 62664 
67207 73197 
49551 30667 
67939 96889 
61210 93616 
7714 63226 
34732 42886 
43741 56107 
99667 10501 
53294 46111 
57186 73165 
93916 3435 
84515 36966 
60037 50823 
11568 23170 
37202 52732 
58122 27951 
11459 3471 
52828 34492 
25928 46702 
16332 14553 
89161 31424 
79991 68452 
30642 85455 
28921 17311 
67610 66416 
3538 79520 
94367 32373 
67287 34538 
30322 59516 
49908 1479 
66267 22665 
5384 37360 
29694 45866 
81619 90484 
49474 25002 
84923 28075 
37771 22066 
36553 94149 
22847 31635 
60849 43505 
60190 24109 
14885 40811 
21432 77360 
68123 9954 
10589 18744 
67205 68101 
85378 12756 
75798 81430 
67733 46167 
62324 34971 
12090 82051 
19440 17765 
62629 76923 
38296 86317 
71372 81035 
27876 84272 
67888 70920 
65155 64332 
68329 95391 
85308 79582 
86612 51433 
72907 85742 
63799 44852 
94797 23305 
63058 31999 
23264 29047 
87072 83554 
34141 60149 
62356 59087 
28660 926 
667 31996 
20147 62142 
91536 58440 
47047 75939 
1932 40984 
22335 35597 
59145 97970 
5997 28666 
71234 12955 
92069 64456 
95696 5111 
34625 2418 
1500 31072 
98146 46665 
82242 1498 
6845 83680 
68875 71476 
84846 5208 
59323 42898 
24469 76400 
29276 99095 
93469 80446 
13546 77236 
93684 95288 
50579 72390 
13371 35404 
64091 58660 
73399 22251 
15240 7431 
53506 30640 
96376 80487 
98994 95111 
53088 76704 
50509 50350 
15171 14952 
9982 22743 
89063 43024 
54317 86328 
14413 72642 
35097 45781 
15680 53958 
57349 11443 
85990 19502 
13323 87023 
24955 47133 
58272 99261 
14769 14303 
54391 60677 
59592 41845 
76346 71457 
32119 54472 
67239 34603 
68163 17328 
57388 79661 
25206 43163 
9972 64665 
74082 3102 
37354 53363 
24317 15469 
39827 45363 
93101 31767 
54558 70544 
15488 86657 
66650 45862 
59131 29659 
26551 32649 
50698 10327 
38426 25570 
43121 45729 
32667 50555 
52881 59376 
12349 48409 
74787 44064 
68254 73170 
38054 67659 
89967 39908 
1934 10418 
61608 15314 
1786 95249 
19907 56269 
47154 48161 
69622 66502 
42309 5167 
96708 59536 
46657 64027 
93175 87289 
17517 64490 
9258 18027 
81008 69047 
78256 24814 
58119 7722 
17372 76145 
32516 45075 
93863 4172 
84223 25309 
60010 62722 
29072 52281 
2679 77266 
97607 65210 
23663 32044 
59174 78005 
65540 35780 
46944 60389 
24413 56678 
67917 52372 
45719 19905 
88246 20141 
82184 16258 
68715 81046 
4028 79467 
87807 48130 
90712 51364 
30512 70523 
774 69093 
39876 75028 
11732 76635 
25258 46346 
45561 84056 
96372 18659 
46903 72260 
45408 89643 
60971 68441 
30864 9523 
65999 97980 
26213 42365 
51138 52275 
84109 44602 
94863 98749 
32569 56628 
91215 99258 
63406 57330 
91652 96194 
95184 88538 
78773 71729 
93022 16627 
64885 85011 
5841 61902 
13128 44527 
37972 92877 
11809 78437 
6506 52202 
93623 24366 
48406 53749 
80598 71946 
32062 66231 
52879 56380 
96879 77751 
84904 19301 
91423 17786 
66019 24471 
5754 98399 
24273 40105 
96807 24794 
1905 77101 
87023 16905 
88942 2999 
75911 78274 
7377 35175 
41798 46264 
52531 53635 
26785 58525 
40525 63644 
91739 74630 
81149 81574 
139 98923 
94009 13478 
39694 60888 
12430 45248 
18870 22722 
74438 65655 
81803 285 
83006 99122 
69568 3255 
28820 33784 
18344 23042 
7949 92200 
25766 22916 
34117 7027 
35579 13804 
40677 32023 
87697 31316 
90893 39954 
55865 64855 
66860 33282 
48330 28012 
87096 20957 
78304 957 
10828 95202 
20444 20188 
22971 75883 
57189 38718 
57996 76835 
84516 30688 
13137 88521 
90514 68386 
21837 64392 
42169 56783 
6824 44574 
15815 70944 
8900 49774 
84973 5070 
92301 30773 
35610 8404 
60395 64420 
13339 52890 
76509 45751 
19692 50201 
73872 37633 
65283 11660 
55900 4349 
56564 23555 
33491 73509 
39833 92497 
19523 41963 
51248 712 
2408 65620 
24827 99543 
50344 50592 
91769 60945 
55799 93589 
63886 1369 
15841 3225 
31556 90210 
58022 70691 
22311 55849 
63874 48195 
60029 6338 
12446 36633 
36679 88901 
64849 80163 
58648 22671 
37462 14640 
57913 52482 
66196 19350 
64681 88013 
47175 77001 
22560 12228 
50169 55674 
89957 65805 
40322 88203 
12087 40125 
10992 39424 
66872 40396 
25899 19803 
84916 12612 
92365 25111 
18913 63317 
39040 56177 
90999 39496 
51333 146 
77966 77444 
25644 35278 
3678 74080 
39555 54972 
95671 81929 
99281 93558 
28602 79879 
17973 76305 
21095 25810 
98880 9185 
74470 54339 
45900 70111 
41982 43171 
723 62692 
95359 34918 
10545 45972 
11851 67760 
63252 59215 
39402 37953 
87991 19467 
10205 89938 
8222 81441 
63598 5676 
51635 14231 
8118 43865 
66690 67417 
99494 61786 
69121 70302 
36462 37809 
43378 32366 
79519 962 
53758 90430 
79046 65456 
77916 78634 
58748 62707 
61459 80960 
37927 61137 
6481 62926 
91828 64918 
49214 68946 
43162 86838 
52344 14962 
49865 97567 
36097 2136 
4262 63899 
98855 26693 
87020 1883 
32845 63461 
25624 87284 
23362 56223 
91586 85437 
31005 56671 
33191 85317 
95592 15578 
81304 48506 
67676 44764 
84620 12778 
69013 36451 
27695 22114 
6864 47847 
60216 90238 
18674 33081 
19163 43140 
3448 32060 
56898 27538 
4064 6394 
97644 16888 
40799 46216 
32469 94289 
60486 58548 
28558 42495 
58041 87796 
72445 25295 
47465 12033 
88832 1586 
7993 4927 
76714 73785 
7720 52450 
82769 35554 
11790 66005 
88301 50341 
15194 39120 
20514 61864 
1204 53580 
11479 10418 
15673 52671 
18887 4761 
64691 64165 
91520 78345 
88505 73722 
9361 40783 
38158 20594 
53334 20697 
82931 11824 
62930 84468 
6493 28575 
21265 6929 
7553 28791 
66652 64637 
6845 34086 
67313 20162 
76444 25565 
11616 66655 
49691 63239 
60046 6014 
40419 86744 
77112 41053 
98699 51270 
11467 72363 
56993 1937 
20764 3907 
75396 92278 
44101 77933 
77521 8058 
9387 79358 
79670 66370 
25568 72601 
55052 21725 
50346 59667 
42107 25845 
42913 77303 
1414 55886 
8164 83203 
49189 47050 
13947 16440 
47029 39824 
16169 55741 
7368 79567 
57874 40670 
81991 86681 
17923 65466 
37020 49355 
72473 2979 
81912 77627 
98209 67083 
12317 97494 
90083 75915 
47059 56842 
88344 35408 
88005 61175 
9680 22891 
8291 56423 
55576 13839 
79127 28569 
27289 61425 
78318 95375 
11339 8102 
84696 24220 
12020 81232 
51786 21819 
98124 651 
71333 6607 
99970 5037 
82726 92564 
39737 86124 
57887 84508 
3273 5013 
92852 9169 
64704 53237 
67056 83802 
56560 12736 
89254 54663 
37599 63514 
35023 21376 
48088 85532 
94980 24 
58049 2233 
95113 67735 
7813 17128 
21033 74604 
12186 1995 
76510 5000 
49665 5480 
33295 19595 
86313 64293 
84020 11905 
90300 15678 
92893 68716 
77553 29470 
49916 32437 
91580 812 
73530 25233 
61235 70470 
73881 9779 
99062 68704 
84286 29467 
99797 10767 
92050 92171 
73751 7374 
51408 35926 
2959 91848 
41178 42350 
39390 7152 
37611 44209 
73939 40668 
8950 7193 
92544 42310 
2397 52807 
1481 12445 
86440 29218 
47753 121 
31917 29956 
82445 9193 
63746 6576 
15016 70220 
91873 20681 
84746 99386 
34807 33177 
31865 32167 
82007 34162 
85391 89147 
2424 75583 
97306 4098 
95658 80571 
43385 20336 
99491 68328 
79889 40362 
12928 51522 
92272 95946 
67472 34280 
97160 91023 
80960 63268 
62083 58197 
58113 61705 
88788 61127 
59848 6789 
65441 69694 
49426 94668 
30600 32622 
37696 73913 
7602 73080 
91948 18408 
61814 36822 
43332 53606 
5198 29533 
26299 46331 
22731 90300 
10212 17580 
23434 61532 
38047 40264 
25134 32113 
70004 39350 
66520 50257 
40904 20601 
2692 25232 
79391 15884 
81097 63034 
4256 47996 
13600 10092 
8596 85995 
57421 11196 
66065 83233 
92747 23121 
45146 64598 
38075 63767 
97125 56911 
75663 18172 
91395 36992 
68968 67355 
7726 5603 
41514 53723 
59315 82292 
52395 47636 
12706 56101 
47419 33745 
91077 20162 
86921 92831 
95939 64416 
51335 15137 
58936 99983 
3846 44564 
40243 41159 
45803 19601 
22930 76603 
35032 46486 
13752 19934 
49791 12863 
49920 41802 
71840 26059 
28751 50417 
30923 39122 
22471 5618 
99965 9893 
13987 22714 
55351 23621 
91109 46676 
19908 98028 
66490 54691 
87529 81231 
48450 75654 
87874 47540 
73899 98868 
87168 93937 
28730 81031 
36846 40878 
23323 50551 
75628 45115 
61248 51259 
62609 39309 
37741 63832 
69012 23499 
31234 92498 
84491 46868 
5970 7093 
238 34712 
26665 86052 
15573 35208 
97205 14659 
77343 83273 
74533 54650 
2150 4729 
76151 16244 
50285 12956 
95096 31713 
17207 82384 
59764 50820 
83526 18389 
27617 52743 
17656 81557 
81616 96567 
56634 65800 
6102 12983 
129 74390 
54898 73523 
40191 85785 
88572 60478 
15072 51964 
50074 593 
19267 25996 
68365 18687 
23906 72718 
28215 13549 
61721 76632 
20986 57779 
9039 24496 
96004 75661 
53600 6641 
65041 58763 
71468 50609 
73460 37603 
48898 73503 
40738 39581 
75759 15318 
90362 28276 
5941 94495 
34501 37316 
27160 9110 
52417 83180 
7672 92330 
3190 65644 
90616 19167 
43174 41987 
88084 53056 
76459 91682 
86444 15418 
52697 71947 
12085 59110 
40759 1369 
22448 27565 
49026 98772 
81051 85408 
33497 47511 
47227 13470 
33424 51639 
61329 71382 
885 99645 
34447 44301 
45441 53946 
57971 6828 
97972 39858 
32844 56813 
8803 16475 
80942 94476 
34391 73695 
41714 48178 
34142 14583 
76096 77165 
94326 50304 
96673 13730 
19586 56086 
18152 42515 
84227 10955 
75437 53030 
15217 71451 
87967 42983 
86773 10077 
58393 94640 
42425 82958 
81353 94196 
24613 77952 
3728 14994 
84162 34462 
21708 39462 
62388 19200 
21882 51755 
87116 88393 
73731 93324 
564 66211 
59086 37056 
41824 21646 
80475 2079 
39577 31647 
24756 1008 
31733 76986 
71024 84123 
17815 29169 
22508 20865 
67231 51628 
11033 38040 
51948 56520 
69552 16248 
45656 29613 
93423 31304 
33127 60109 
14243 15803 
3311 89633 
91478 7490 
57562 25240 
86544 45696 
50484 44943 
21617 74902 
94992 61111 
41175 15329 
5505 96996 
88106 64477 
23581 74751 
78205 669 
68844 9454 
6976 69884 
84722 53008 
50862 50583 
3270 34195 
31411 7692 
36306 96745 
95313 66568 
11088 45978 
25875 60509 
7933 76376 
42203 31262 
24469 67395 
61234 90968 
86607 2895 
94688 86136 
49881 90750 
28159 39468 
86419 33520 
82755 83753 
32655 28512 
91047 43547 
80736 56112 
28577 64977 
32677 48979 
29751 41781 
414 21492 
82680 36541 
27247 78790 
41375 50111 
26541 17813 
15677 49342 
82094 78935 
99393 23464 
31247 6113 
75345 2876 
56593 25892 
92370 40585 
45064 61202 
43801 26181 
34169 54545 
89539 74957 
54387 87016 
54553 10706 
93926 44510 
5511 39695 
57528 576 
54181 95461 
64509 56516 
61377 19322 
32881 3705 
18421 29880 
26208 50489 
64459 26298 
97727 86633 
57414 64749 
52334 41961 
54000 45207 
61177 32629 
69891 46615 
5869 78465 
85036 52481 
99786 17811 
31048 16060 
32409 42547 
47717 24569 
9340 25267 
23892 35223 
15430 13025 
44363 72416 
11334 17629 
48809 94973 
84864 41164 
71495 65171 
17666 37238 
71132 77111 
95028 23373 
79125 30991 
82049 28050 
91466 72008 
12908 77097 
4558 47842 
91671 98415 
48539 77046 
82816 51517 
2983 62197 
77605 68865 
89344 26277 
58435 29724 
22110 98497 
47489 74068 
66339 26678 
18268 3977 
93122 47290 
69005 13076 
46468 1389 
5513 30726 
35210 44929 
57645 67009 
41772 65338 
58365 96996 
95948 82711 
47308 28317 
96353 83630 
21775 54811 
74785 8367 
47227 10765 
89456 88098 
56677 5275 
1913 7775 
13742 34271 
39436 52407 
87691 38958 
69778 79796 
90447 3754 
18381 51095 
55333 64228 
39496 42125 
95210 26112 
12144 52953 
63733 80171 
69447 31042 
57593 34490 
85558 24121 
39884 75737 
38308 82954 
35186 13964 
37606 41302 
45437 61753 
59791 10628 
62368 47793 
56293 40480 
7053 67442 
11352 11988 
10007 28370 
8005 51530 
56342 58095 
24133 74390 
59627 2020 
21110 94114 
95379 55530 
6416 62239 
20544 41780 
48569 35256 
28838 67979 
97830 863 
43496 67308 
19320 33983 
28749 61050 
76607 94518 
9275 56055 
13207 23418 
22887 26396 
67126 41427 
95887 14841 
19216 5728 
22823 29739 
20029 33724 
52743 5985 
61779 60305 
32643 44885 
62157 55225 
35406 47117 
4922 90581 
4350 5368 
38597 14885 
79406 28822 
69012 59860 
30969 30378 
94077 78846 
16641 19250 
19875 91557 
93370 6594 
65997 88975 
62876 49835 
15053 34248 
1826 32573 
86346 80764 
29855 1270 
16953 16899 
98313 57341 
14782 38494 
40551 33867 
7669 44690 
10576 69811 
50138 50557 
51057 31451 
65235 10798 
73981 20686 
92611 52812 
7638 52924 
86077 24559 
62154 83474 
53909 72883 
92470 10648 
63417 81370 
92432 86264 
37626 13278 
36562 19769 
56425 24747 
97146 70901 
37090 36221 
3392 87652 
9848 75908 
76740 61194 
22976 38097 
71772 37533 
8908 31294 
75751 46815 
17928 26383 
71441 85560 
79225 53393 
47660 14508 
80472 36974 
49931 15344 
66527 5284 
99633 83267 
45470 54784 
74192 19163 
55920 4271 
33171 25109 
93394 25517 
95506 99973 
15483 95006 
21669 78097 
45680 71489 
31211 53344 
73946 67497 
90922 83237 
8427 49414 
41736 73488 
67223 70379 
93578 1909 
11704 13013 
6473 52496 
13570 94849 
93556 95452 
16744 68369 
27001 66937 
2116 29650 
1451 73564 
88270 34894 
11171 70958 
4560 12498 
26934 43135 
54234 49808 
16577 40029 
44772 28344 
39167 14184 
232 79030 
56919 34459 
86080 29852 
51248 44501 
70857 22348 
99783 76847 
21006 80496 
69698 29677 
75255 25785 
9345 62584 
73215 45661 
75018 70129 
19157 39031 
12520 47568 
46439 82135 
24307 71776 
10639 80850 
92072 82254 
80151 1390 
91990 62010 
11898 329 
35195 86200 
96741 7040 
89636 27589 
34280 46885 
91090 82222 
49979 31858 
30916 6108 
98856 86905 
16041 34334 
9509 24762 
32685 87672 
9783 29912 
9522 58580 
41156 63138 
68231 8435 
12742 52152 
69829 916 
67799 90910 
13682 42613 
35700 30486 
22778 1289 
20593 7731 
53613 24648 
34269 24486 
1962 88028 
15283 59702 
36840 58132 
88925 69619 
84099 71721 
13394 6995 
98442 93154 
26358 69411 
7973 32689 
53056 68782 
89010 78697 
62213 99483 
30495 21216 
59228 70850 
77145 21735 
87487 61349 
98397 14670 
68085 46305 
16222 9660 
45856 48868 
39067 654 
25345 64742 
91432 77691 
74181 15235 
99050 80328 
43288 90285 
88118 27899 
3486 53411 
83729 11047 
26235 93875 
47424 31489 
42637 27875 
76690 32449 
99267 70208 
269 70983 
92027 20590 
42311 45141 
99922 34707 
95667 3939 
59497 79076 
40063 36113 
17672 915 
64395 54853 
75786 79480 
4060 70036 
90903 63713 
84046 66880 
31758 42533 
66358 90569 
96210 38742 
36463 70016 
84680 65281 
27530 825 
89727 33418 
73581 47382 
5819 56491 
3031 17133 
85294 49940 
32686 6252 
66610 88607 
98858 15242 
79210 45682 
67115 85461 
85679 4166 
95035 13096 
56332 1344 
83403 55841 
83973 39541 
40433 59332 
37301 72270 
897 95317 
20265 53931 
87433 21644 
51654 23319 
74858 45309 
4311 76457 
19963 94132 
46577 72669 
49053 80081 
9904 9277 
53408 67807 
66087 94966 
28867 45676 
35110 49606 
9921 33368 
60385 59183 
90945 50078 
81940 18524 
97652 10408 
10163 1601 
70371 11238 
52729 9471 
47389 22174 
75623 59290 
91422 94612 
85484 94315 
85162 60039 
4972 14487 
32885 96848 
75474 49884 
44289 6814 
62165 25260 
43970 57258 
55312 92860 
45411 13046 
58654 42845 
51837 3725 
30817 35909 
98007 45436 
98919 41050 
26737 64675 
94899 2957 
1921 51534 
74532 8120 
95797 3768 
66749 66492 
52407 9826 
66534 76449 
21460 58932 
28593 94775 
77219 59383 
40884 90523 
85593 92397 
57275 21877 
59238 28186 
46742 38505 
45281 83354 
72935 78398 
23188 4286 
52360 97827 
51325 19899 
52054 45788 
89922 18930 
78342 70203 
45451 71878 
77115 22141 
26810 35797 
13035 6437 
77262 51298 
20173 12370 
47747 65486 
19826 46421 
6926 91928 
82568 80631 
41290 49394 
71104 24724 
84638 4735 
38070 27909 
30439 82124 
68648 17141 
22853 90803 
51714 82646 
92586 66565 
35220 28621 
2326 18364 
71586 17301 
93132 20791 
87122 47934 
77947 95586 
15837 28734 
11314 80902 
22470 19493 
75418 95768 
2171 45304 
61722 68971 
84978 7706 
94760 16562 
92103 48581 
40056 20214 
87990 54259 
61684 79887 
47218 22540 
46617 88549 
8544 53710 
92837 4156 
19724 68157 
66052 74655 
86226 97795 
65927 5463 
24549 46273 
6877 45701 
86577 63827 
10768 9383 
65255 36625 
29282 40865 
13831 47590 
62227 79999 
11032 25947 
14741 81794 
82730 66106 
41125 97821 
47037 63007 
55942 32137 
84205 80676 
54074 43233 
45346 43494 
70549 75304 
4664 15577 
28293 67089 
28780 12631 
67313 4583 
83674 72819 
22397 55134 
24880 98407 
18052 44749 
19793 68328 
79192 17850 
32284 13329 
14010 49329 
59311 39978 
11479 62405 
46781 87570 
10113 42633 
27682 2838 
36887 28322 
19305 21410 
85635 721 
88397 52029 
2760 93509 
43133 69867 
74797 90418 
39073 38594 
67090 82312 
92556 97395 
45809 10548 
79521 68753 
26541 32202 
60283 65551 
31860 4497 
11558 1955 
7554 760 
65853 41518 
42604 38275 
55326 48092 
61566 19591 
32307 40372 
9615 63190 
91893 89294 
30353 26804 
53401 38991 
44361 7300 
66889 76668 
72506 34705 
98613 24482 
12198 64759 
14952 77399 
67063 14350 
28219 65038 
50896 77223 
89745 72574 
35321 3574 
15692 16096 
87225 26431 
9316 31146 
46818 70172 
99708 99694 
30102 82126 
51552 10418 
529 86836 
13000 19926 
43833 74439 
59513 58429 
97272 99519 
60354 2368 
29941 84879 
41394 18649 
44350 95848 
42986 70379 
71120 75083 
74891 62363 
58440 5236 
51582 96168 
15819 97450 
50730 99135 
57747 87323 
75263 89511 
6968 56803 
15133 40749 
59437 90406 
98739 12004 
83367 17238 
95976 19011 
23363 86474 
84916 29764 
7260 73266 
22414 82806 
8106 14507 
65226 42441 
96594 29423 
72734 24799 
30338 88677 
84948 51454 
65490 57470 
10199 13170 
43532 53080 
75768 55329 
1444 25324 
91659 28780 
77025 89654 
52873 85032 
32760 16869 
58680 33151 
1455 10917 
58819 17193 
64742 86779 
45968 17648 
11593 94162 
1448 28106 
88166 19503 
66852 9268 
42566 38762 
58122 76392 
88523 86538 
60585 33414 
60519 53208 
43539 27233 
9581 21152 
11235 59041 
93696 3534 
63392 56041 
49758 54674 
72933 76587 
94979 79770 
1140 94478 
94827 83507 
61233 84049 
51897 62052 
10154 6700 
15475 61005 
95364 81618 
85115 93042 
8516 8727 
83228 33344 
1131 256 
1416 88292 
98712 68825 
83254 63537 
9230 14602 
92208 41191 
59507 51784 
27568 12730 
8743 15603 
93551 4146 
82264 94996 
97137 72921 
40589 43257 
48732 52625 
48954 29215 
66431 70236 
40682 4864 
39406 63708 
74155 81892 
88902 82920 
67565 29164 
76302 65788 
58274 25972 
46933 43161 
74295 31768 
65535 41064 
24276 62051 
94751 16903 
9333 92265 
91511 87458 
35180 46775 
47845 80785 
56215 68387 
82471 71608 
14592 5381 
97374 40343 
46756 97643 
49660 29570 
17530 91260 
53109 58623 
7569 61790 
16156 96869 
23823 80445 
43407 89336 
24655 14552 
76375 74548 
51329 13898 
25739 33706 
35823 97960 
52250 62849 
11260 25508 
86286 65140 
85728 97720 
37121 19161 
52861 18671 
32119 90873 
3264 12982 
43339 21890 
69721 79353 
4482 44719 
86102 40918 
94600 46882 
64971 38523 
66686 30075 
2125 1489 
29030 88040 
97648 21855 
45137 57312 
42528 52792 
4039 78776 
57478 49569 
27009 44702 
86352 72383 
18939 95947 
40349 74331 
43082 77014 
61217 4962 
96378 52896 
21740 70073 
89254 40922 
10012 1812 
88565 13265 
50372 9648 
65251 81370 
98320 2386 
99338 82195 
9346 94192 
34043 48030 
22335 33422 
38061 56572 
17029 22099 
30485 25992 
2039 25992 
46386 40954 
64963 10486 
72701 69829 
69406 75863 
63889 60809 
15054 7048 
54721 85183 
86393 97569 
23588 29729 
3312 55190 
23894 27004 
52493 47575 
93373 52232 
22404 331 
71581 8584 
86609 16934 
4352 68812 
80290 50257 
90661 40532 
93014 18826 
32135 74877 
57201 27435 
78345 43829 
46166 21356 
22066 70202 
8234 76159 
87833 6095 
54146 1025 
74427 20550 
83816 12433 
57315 75225 
85473 17246 
30620 38100 
65321 29466 
69842 9515 
69078 33298 
26351 12318 
38088 96690 
22573 28439 
2189 34121 
2825 47915 
49113 15175 
8924 33199 
25900 16326 
91972 91530 
21689 17334 
42126 91204 
53186 50822 
16718 53786 
24238 23819 
73711 3607 
59134 43452 
72317 58346 
15629 95486 
85445 46 
68148 44009 
79759 74623 
14218 43330 
58213 29730 
97906 79056 
27270 15780 
62901 84269 
46390 43012 
44816 8909 
40922 8656 
87430 55679 
11191 82584 
20760 34191 
50358 67266 
70263 26568 
91532 28434 
75869 2344 
40669 26509 
87215 68269 
15919 65721 
67111 89486 
6417 17732 
79169 72565 
83861 69687 
57449 58011 
48825 92782 
56123 30105 
70345 26760 
55337 15315 
82164 28195 
55830 7038 
31882 35983 
29323 24039 
40332 66153 
4299 82722 
17628 59921 
57515 39232 
99651 73866 
50426 36423 
14112 19164 
96690 72804 
58903 27995 
72012 95883 
77078 49591 
80796 10674 
42607 55782 
75450 85645 
28956 66520 
83627 33009 
18564 89507 
36321 38040 
25481 4891 
5422 12922 
45679 15934 
53198 54709 
19979 29621 
68171 94042 
93081 27361 
11887 31563 
78818 35270 
29378 72336 
96554 5935 
82401 85066 
26571 79162 
49051 32578 
43289 97866 
95917 42732 
24369 17104 
69694 14850 
984 59181 
73987 85734 
9997 35828 
94051 11471 
32299 79649 
7261 56497 
53214 1323 
70381 19739 
60686 16542 
6000 69192 
4843 67170 
20020 890 
78605 94844 
69636 85999 
43121 12041 
67007 20642 
14147 55566 
47645 47040 
45847 496 
54522 71736 
97077 58807 
89002 66868 
41825 86211 
57921 3858 
90312 73193 
2482 35415 
20128 1789 
29121 11319 
77848 8341 
75071 86269 
698 4290 
32105 53909 
25162 71990 
20757 20187 
94796 70621 
54313 11296 
53086 58434 
56960 96731 
8811 61923 
3682 96362 
91188 99902 
30876 31910 
69962 1102 
26100 77882 
1662 37521 
42986 64731 
77383 32641 
3050 87917 
89750 93514 
40017 80539 
7133 58833 
14194 14325 
41708 51253 
74596 4045 
24625 71576 
74670 3772 
56332 74832 
53885 99922 
83002 23876 
81874 25644 
61063 24784 
24445 43872 
10973 10188 
31481 72238 
28681 51582 
65608 52045 
18621 49745 
87477 95633 
35610 73580 
88611 81710 
74707 92013 
15969 6628 
27843 71017 
63769 41053 
33972 88407 
17531 86133 
85507 52734 
22945 71012 
17970 99422 
17864 84413 
2085 77246 
9583 87028 
77928 31301 
1525 8568 
19303 34803 
73574 93599 
93169 21399 
98491 23640 
83711 22081 
33216 9542 
83598 16372 
58331 17747 
15953 66157 
51536 66839 
39772 12332 
71748 6616 
8769 79388 
99240 70967 
99073 51121 
24251 77931 
94714 51849 
1555 35597 
21493 91822 
91735 858 
49641 12967 
91230 29556 
43553 1672 
12717 51166 
22936 18992 
14961 98943 
13867 35502 
97018 27309 
10537 47940 
65504 52286 
38869 97850 
55626 57883 
11748 8660 
36748 21633 
92219 6885 
61536 25823 
35864 95655 
24002 37471 
66398 4283 
76314 59760 
49625 46301 
16775 80352 
70021 80207 
2149 67905 
81503 82110 
56305 97136 
99363 7508 
44178 14857 
23857 40665 
55104 94719 
37638 4309 
92823 66732 
98957 29886 
794 49159 
60525 69104 
60931 55003 
79897 61247 
91481 93067 
51470 57513 
35462 34427 
82410 43602 
74954 69180 
55273 94833 
28502 35468 
68608 44251 
88958 62981 
23480 43529 
37371 36600 
28657 48884 
24815 52273 
30093 69801 
48573 6879 
31398 77061 
61655 36600 
61114 78371 
45373 94167 
59943 34843 
43529 34383 
6438 9632 
3759 59422 
73245 11237 
96660 60694 
7611 18290 
86553 82416 
59677 50081 
9101 23532 
39977 77658 
70434 89293 
73613 54018 
20075 1501 
32706 78720 
65652 77351 
71048 2200 
91246 90789 
55251 18127 
13183 37428 
85259 88348 
57199 34324 
23720 94247 
69098 99303 
8525 10836 
77395 71006 
5703 55424 
10911 50485 
70930 71410 
36853 67904 
27044 69581 
25675 3794 
32249 64205 
67842 23315 
9107 9306 
64582 14107 
27952 61685 
89841 53554 
90012 71560 
73842 69682 
35319 29162 
90025 1400 
8391 76159 
36602 8435 
50708 24516 
91560 29055 
53163 12155 
85677 34561 
93963 64780 
81955 83527 
7841 26265 
71844 35901 
81006 66199 
98746 47325 
42898 72496 
97482 27430 
30603 89443 
94781 12342 
34701 67085 
50311 71275 
96342 46578 
30359 39847 
14524 17920 
97007 48630 
39814 51456 
64499 94435 
76168 22561 
21441 83985 
86047 20164 
42608 64868 
95689 54022 
17332 47040 
27165 53164 
2798 9667 
41767 78430 
70053 82701 
65330 55768 
48128 90359 
80209 73732 
87380 44549 
10956 78597 
57047 80270 
1128 43557 
63932 32179 
77212 84648 
29278 61744 
22286 45404 
89075 57782 
36849 74625 
89430 49700 
47144 77278 
33057 92381 
32342 27170 
95596 4390 
81111 91919 
71136 67099 
55382 35626 
25207 21272 
34526 32768 
30467 29851 
36717 47989 
35391 10872 
65870 10806 
69517 82859 
12378 41673 
20133 6544 
43746 66414 
24770 51365 
57281 89743 
11468 62992 
31124 85380 
84487 58950 
2245 240 
97002 33478 
20373 63213 
74291 9837 
75422 35263 
51003 38571 
72596 36889 
64342 3577 
34165 41417 
1343 64362 
39792 28177 
32861 32499 
78354 48299 
79552 53006 
73336 67684 
45775 37327 
61174 16641 
26249 73502 
47326 93760 
37248 21342 
38396 42761 
49209 85591 
50284 45402 
865 48492 
22134 50953 
56353 34669 
23740 93300 
26226 75828 
30135 30475 
10893 40600 
51220 78165 
40726 95664 
46590 98753 
80938 68324 
26134 50474 
41286 87857 
35487 97458 
80784 93147 
52107 30789 
25786 7583 
72530 53089 
26193 98606 
54236 34767 
58989 59012 
86637 58705 
50897 69799 
4824 32021 
32704 30268 
27020 58447 
56609 70075 
92074 32964 
4958 90064 
96885 41491 
93800 13961 
85287 22778 
27943 71402 
19742 77066 
95511 74237 
75051 86650 
99510 92737 
29370 47192 
11464 86026 
91965 95412 
97962 91981 
99417 58763 
14736 35819 
32396 45731 
84929 73750 
53690 41623 
78264 48290 
44784 73985 
86069 95240 
23117 64279 
43449 8824 
55023 87967 
84384 41118 
40414 23883 
28114 84632 
34420 85559 
85899 62833 
88474 92133 
46099 32341 
38762 54519 
42479 82716 
43480 23725 
35743 4963 
71988 72508 
41543 88285 
78774 59002 
19521 96122 
52999 51521 
97450 67117 
20486 77438 
42116 84434 
89115 95838 
4312 57709 
70942 83604 
59169 65932 
84691 67655 
35005 16687 
40873 32243 
73991 87418 
38410 79526 
96144 27784 
56423 24110 
44497 18654 
7779 57754 
73792 2950 
31998 29206 
7619 26250 
44319 45879 
29652 51006 
24946 19059 
93481 37172 
27994 42406 
32527 14220 
13097 14671 
26584 4737 
54373 91898 
34808 98199 
61183 81801 
36277 15004 
53050 73591 
28743 45494 
67136 30198 
23781 96433 
40832 56667 
42275 28295 
4300 98442 
58021 20718 
38224 16318 
59193 60617 
557 31027 
97542 7679 
2706 29755 
73376 55374 
20393 79320 
60772 72099 
57335 96289 
11889 76705 
40914 83054 
91893 75407 
18182 50634 
86699 62978 
37824 13980 
94594 70089 
49109 63571 
59779 20837 
22397 88321 
30962 49716 
97430 49107 
31354 15686 
95435 79680 
7781 42493 
88933 22285 
86073 9018 
9249 89023 
97515 11203 
85810 76762 
56857 17953 
53663 53402 
66215 47447 
36001 76320 
91197 97399 
7071 32 
5646 73069 
67457 79433 
29664 70215 
18544 77386 
91875 86655 
5856 41043 
31400 55767 
12023 19932 
17599 17990 
19269 60678 
6347 72268 
28600 28169 
70478 78387 
18311 71048 
38995 13300 
47908 70578 
54732 19745 
65275 86279 
13399 23897 
54629 39156 
78269 40252 
70774 53901 
74240 26588 
41153 15159 
52622 99618 
81405 79750 
83693 72787 
62374 26690 
77941 31721 
86953 19912 
58865 19920 
83677 4788 
10317 67565 
641 58862 
99574 59686 
88089 69647 
33706 6435 
90957 17920 
41232 47834 
33652 3603 
83713 98144 
68560 63188 
92594 10846 
76996 92547 
95500 24261 
56786 7089 
43144 29935 
4154 42379 
73092 91209 
99274 22660 
49885 27717 
34627 2173 
2333 73125 
83214 14730 
38287 7981 
89702 50664 
54781 67374 
81754 17141 
77177 23917 
41065 27718 
54774 50606 
44057 10126 
12319 75226 
80692 17424 
6968 48242 
86546 77015 
68456 59462 
78067 14433 
6583 55296 
63837 44381 
54593 28041 
15716 30207 
79646 71396 
22881 74792 
32257 22264 
19085 20801 
25478 37927 
68836 6285 
31530 89788 
21779 42824 
58706 90157 
96172 57727 
24602 6893 
32172 69226 
73049 62262 
63539 44187 
91619 56971 
92403 21541 
74166 8113 
15902 71459 
38583 40606 
45782 233 
53806 25752 
82466 3893 
52075 17643 
53615 19788 
2545 98405 
3903 24657 
574 6640 
27460 80184 
83369 89961 
67399 32575 
17119 92085 
67840 31388 
13369 57782 
53030 44691 
23097 14775 
25421 12516 
25806 70751 
19997 98691 
77915 45748 
25670 72297 
9831 45430 
86217 74316 
64318 69154 
23020 2485 
50100 38241 
79801 77932 
44134 24461 
75535 40858 
13578 56547 
65929 59366 
44189 83379 
56117 25437 
55765 76522 
77632 55175 
57174 61905 
41255 6580 
43647 80707 
4008 77471 
67228 92864 
43327 48582 
17599 53145 
14377 92455 
35000 9353 
77492 77421 
39541 94973 
21900 57787 
1945 14460 
79161 56294 
99581 48374 
15167 12952 
98646 37673 
13085 95591 
78440 41778 
11281 41740 
66899 3340 
40061 28922 
87902 94197 
8946 50996 
30345 61601 
32280 11876 
36562 41583 
45073 34784 
73407 57155 
53325 25116 
93146 73114 
83431 18083 
13300 36276 
43848 88472 
44653 90282 
88844 99185 
74882 17451 
78921 17671 
71602 26683 
65459 34912 
3102 76042 
88098 80332 
87629 91393 
62603 37806 
72823 18355 
54190 32885 
15724 23833 
76730 79431 
80781 45515 
31773 45036 
98350 72996 
2992 18918 
29437 32526 
51445 43434 
63728 38943 
14937 909 
37504 72918 
844 31172 
95541 39448 
75856 92023 
36904 64368 
98453 64762 
78331 89688 
10288 50009 
40913 35678 
1191 95233 
15848 7864 
89210 44693 
93286 40514 
11820 4983 
44626 84650 
7415 74893 
33096 68289 
77177 97030 
90039 79355 
56601 50423 
35073 47574 
93249 18306 
37110 30691 
22684 33328 
10208 42446 
58107 23623 
13343 95039 
60853 57503 
76371 67145 
38706 11971 
5835 50098 
26881 70818 
33731 69439 
42586 91764 
59933 26817 
68206 68906 
4727 58091 
10465 56699 
31715 57490 
3301 14745 
23366 74812 
70761 78854 
91544 52912 
42846 63183 
83603 36089 
22048 50664 
967 46488 
31220 34531 
81580 95292 
34457 32426 
10234 68175 
11825 6386 
11482 433 
86056 86969 
48688 36158 
44761 17810 
99779 47981 
75201 8128 
5294 79153 
30370 5001 
87618 58116 
74891 74656 
21586 27211 
17152 12620 
96133 21816 
20139 86237 
44281 33934 
97588 49889 
34432 95167 
44365 63211 
9836 17977 
20369 85612 
35036 41288 
5842 16677 
58208 36740 
72555 1261 
26533 45258 
70201 20598 
98088 30135 
10178 46266 
78205 52437 
40007 42559 
70867 97305 
40800 64647 
76402 5578 
47433 14808 
85611 94220 
86556 87132 
17426 81104 
51040 52235 
22294 65000 
81175 7898 
26695 49967 
2679 48916 
25577 44886 
79516 90083 
38936 13450 
75536 9868 
36374 97737 
83123 69196 
99202 89325 
69323 99660 
33490 75941 
10315 48583 
69445 48747 
33650 14513 
82588 15637 
64331 6077 
50439 29277 
75575 9535 
14749 5141 
78049 55972 
53801 74425 
42358 37725 
81898 89454 
38775 35477 
83881 75107 
95430 82400 
61355 98758 
21649 9765 
14294 13393 
16602 89668 
6778 13777 
85153 14788 
68841 33961 
12510 32602 
67764 5906 
7258 81968 
41606 93621 
8337 63751 
25378 14988 
65716 13932 
15980 64314 
46802 37619 
15868 52638 
91008 5409 
67389 89986 
33458 9775 
39836 43994 
45482 28448 
59471 22697 
94287 44210 
79130 45804 
7173 26084 
68499 88392 
36629 85597 
68725 3716 
61843 83600 
95787 57697 
29453 78091 
95852 36681 
31733 71523 
52860 22146 
43986 37306 
23646 61350 
94566 79495 
29147 1221 
20710 7118 
61582 94360 
71307 85162 
76971 30604 
53752 57920 
29954 95392 
86180 27218 
73589 7022 
8681 7991 
90670 38907 
27494 76743 
45058 90083 
14721 74596 
41633 27429 
62754 25986 
61690 86493 
97400 86474 
96957 84286 
86598 38719 
39860 67038 
42652 14353 
306 88689 
5070 31314 
9928 91730 
8385 1123 
43605 41043 
84737 78680 
35059 43504 
24535 98318 
88391 71371 
20180 64197 
90678 95853 
47613 40541 
12076 28766 
98356 17795 
39354 64804 
60767 14478 
26387 14726 
63363 11310 
60856 20602 
35379 4138 
40238 48301 
10119 5266 
22166 59523 
95201 18957 
64314 75911 
60461 66219 
97198 61186 
49052 36415 
79623 63741 
198 98802 
70996 81750 
83097 15800 
17286 35608 
80615 61615 
88184 58413 
28712 64759 
21824 44173 
12953 61104 
30414 25576 
46961 65281 
95223 88408 
9385 42556 
32600 68075 
95689 90752 
44024 15197 
48994 22369 
72690 61873 
70268 70718 
76711 67961 
72270 30727 
94741 77599 
33982 85003 
23676 70208 
32649 58812 
50073 47324 
79091 93814 
76996 56887 
58605 29720 
66255 19969 
84577 35486 
72321 91444 
4806 37194 
78700 55728 
61599 48500 
60118 31464 
95860 21325 
84626 34910 
2652 99404 
38541 30800 
91157 75376 
4153 81568 
75469 23308 
45195 91068 
24326 2836 
58302 27337 
27669 8557 
30059 407 
95828 68884 
98657 65840 
93168 82251 
56834 22389 
22190 15374 
48460 73074 
16367 78236 
4978 22976 
70403 33492 
39910 94158 
35141 94218 
69697 48406 
31002 13230 
57410 21833 
88633 69628 
82160 91909 
8333 13813 
21564 17111 
40879 40891 
97194 12132 
31533 24215 
73645 47459 
36273 55735 
20741 91175 
14738 7918 
45343 42902 
27886 53172 
74324 45122 
20023 51034 
23525 95451 
44669 40812 
18800 24954 
1607 57960 
44797 52234 
88529 26127 
84661 70749 
34820 63669 
79611 77729 
77328 83321 
81153 7040 
58373 56819 
90705 85479 
74784 62446 
81469 92242 
83409 32782 
75627 64690 
73324 72394 
6295 60018 
47896 20762 
28111 52100 
20872 94420 
52964 15494 
19833 54130 
78075 24507 
7624 7822 
42486 74199 
77822 78116 
95005 12346 
53783 34433 
81723 56630 
22500 14003 
64483 59711 
64312 33551 
62972 76327 
97345 23962 
72643 81209 
41689 3965 
48220 84349 
22392 45666 
58295 91032 
72699 74697 
10345 58048 
69348 90835 
17509 4649 
30260 91120 
28513 47023 
31648 26827 
70403 38500 
56326 28078 
60053 14147 
67942 85453 
24916 58082 
16852 86659 
36067 34565 
22552 68115 
97320 49823 
44857 56257 
53040 40544 
51397 41449 
74248 17135 
12597 48559 
57720 25067 
6907 42576 
25991 26024 
98859 35107 
47532 42068 
60455 38128 
5843 50668 
42388 45076 
33789 66194 
65793 6182 
95247 94340 
97481 4888 
39967 99982 
92044 35233 
79518 86060 
32739 26337 
32315 41352 
79728 59362 
63900 78395 
39015 74835 
5055 49288 
98375 73730 
64732 96759 
37553 74437 
67449 70621 
9208 99539 
35476 15636 
4353 31275 
4990 15785 
61434 92608 
12389 62100 
51765 82054 
11984 96447 
75647 14690 
89588 72029 
33330 99241 
17797 62900 
92861 11694 
58287 49392 
62890 9585 
54017 4107 
92698 67920 
69958 4027 
63966 7622 
34817 98286 
9224 30486 
8201 68262 
90450 70791 
47761 26935 
97976 23050 
79068 17804 
84587 7812 
77342 90176 
32677 92999 
54614 47270 
63300 96959 
8496 86317 
35161 61221 
29457 75747 
48847 95880 
82379 43516 
67020 68624 
75078 82791 
84838 29585 
1653 16448 
36498 38517 
1664 225 
3632 88263 
7563 85852 
99136 99014 
62227 10161 
36109 91562 
76053 23859 
55687 34596 
58798 24610 
79864 963 
5209 12989 
75826 60967 
35424 47084 
66802 86899 
91271 31704 
1157 42347 
67766 41578 
96188 82265 
15500 44414 
6038 95346 
84048 59316 
24132 78938 
89150 58818 
19743 48554 
77123 98666 
25552 48974 
28822 38484 
38477 51996 
92428 98600 
69615 97100 
59456 83539 
80745 55579 
1582 91096 
74677 76161 
67237 17382 
64616 689 
96411 62878 
33738 22142 
49669 42291 
10374 94061 
63145 1868 
26423 90429 
35094 51833 
97087 58078 
21572 28765 
58513 99926 
68915 12944 
26600 76628 
38893 39115 
95033 16692 
88785 55595 
73474 80669 
53069 6288 
77922 33713 
36043 32923 
24383 42631 
65402 20727 
44285 28476 
75639 39706 
35487 73811 
87132 65889 
86263 4962 
21840 2100 
61295 43885 
49807 56237 
18518 51722 
91958 76501 
33532 66694 
14196 87699 
44367 72650 
35385 20440 
93533 21430 
37508 75974 
36559 72121 
10190 23395 
6668 3373 
83680 83072 
73730 1110 
4545 10415 
12326 23312 
86511 57486 
98539 95954 
25250 56433 
87962 99799 
393 38386 
88511 66379 
615 74187 
30730 13369 
98413 99220 
55593 14450 
69975 63601 
85222 16870 
2593 31115 
15442 91066 
57092 35554 
70810 21044 
56028 91474 
92464 21660 
49721 47903 
87133 99497 
71686 68155 
51614 57731 
32594 16661 
1220 82204 
17651 34615 
72981 35849 
46101 90214 
44780 31684 
23553 96430 
10159 50787 
67919 99480 
75169 20983 
17967 54558 
98441 74399 
39867 21882 
78554 57624 
31537 35752 
3825 76910 
87245 22049 
18779 22634 
25597 65512 
28876 32231 
2926 57108 
60461 18817 
31051 83952 
16435 13968 
93469 59485 
19829 47399 
7282 29997 
17210 13741 
9505 35087 
21811 57189 
55844 44276 
12247 38469 
7688 39758 
66901 35397 
48719 66121 
6311 68254 
16446 21915 
36306 34245 
55894 25047 
33189 81515 
2821 44229 
88903 52523 
82022 52120 
38924 78990 
62651 22264 
28511 16219 
46947 61588 
34003 63282 
81368 42956 
44995 27368 
69836 78174 
30511 55548 
37665 50818 
57723 75259 
41703 10421 
5267 56012 
47317 14769 
14892 29149 
96085 95478 
54962 79906 
69397 13478 
27224 56608 
12629 65719 
34308 25516 
22182 2103 
39573 36658 
13365 12584 
93213 55935 
80983 48333 
68929 61818 
36425 48034 
54013 1200 
55191 50603 
62367 48228 
96974 89009 
94746 12428 
66791 76393 
53423 97966 
70123 15284 
29525 24603 
77609 83489 
20441 82711 
55583 76105 
1981 9650 
37567 12094 
75389 42894 
8830 46008 
32831 26448 
51201 60695 
36667 21471 
48549 55198 
87560 99397 
84716 83560 
64425 76462 
75113 44889 
55241 82214 
60839 72766 
61893 41400 
59872 22991 
54520 88571 
13734 12640 
71257 27818 
90018 20537 
7757 96223 
1251 19520 
17589 88940 
78783 74235 
49361 56277 
96769 4702 
79335 88680 
75740 85543 
59330 64233 
7902 23485 
88899 45127 
36982 31658 
37997 74431 
94331 98198 
91823 42634 
39923 28797 
63018 64565 
82027 28092 
18076 31650 
52513 73175 
94603 81882 
96139 23996 
43984 60456 
91607 10068 
20018 27725 
59796 30634 
48301 7921 
30278 6343 
53354 62051 
31110 24470 
90947 11438 
38816 26857 
31605 34560 
75623 1 
67912 9167 
69196 40102 
73047 74091 
96487 82364 
20872 40736 
17780 3507 
88949 92913 
69617 29167 
5000 75532 
25998 3765 
64624 87554 
56110 9417 
43504 62732 
3808 52588 
50835 42811 
89170 72451 
22414 22202 
85664 63285 
31579 70580 
57825 44753 
4112 20415 
53791 58537 
59257 40150 
34688 17543 
63147 533 
88504 84782 
73252 81595 
20035 13043 
72827 60771 
30356 33575 
42921 68912 
99463 42292 
96119 212 
63874 95339 
1027 14536 
37393 92422 
59366 76193 
57649 95879 
58625 31888 
53685 6262 
12341 42415 
20538 91058 
17406 47578 
55632 42183 
3146 61907 
58767 20026 
20535 69919 
22594 27056 
21481 13996 
43666 42388 
7980 45386 
65541 40228 
88791 39413 
24833 9704 
67355 59656 
8772 91398 
98813 92684 
48476 46716 
96295 64881 
66073 80288 
37029 95940 
65701 42682 
17378 39827 
8578 50992 
32558 13295 
40514 78221 
11600 14517 
46604 78909 
20979 89918 
92308 38050 
61436 16029 
72723 53134 
21620 24963 
32579 85001 
19489 17080 
38328 42206 
57826 72466 
80671 95726 
43741 94035 
60982 56102 
73705 89385 
68282 83456 
65439 25997 
84787 42373 
25895 74893 
67517 58226 
80608 91604 
41055 79300 
53838 70084 
2251 99943 
81229 45168 
81551 53972 
57106 12221 
27556 44697 
67078 78825 
81556 38176 
33266 62680 
86976 9696 
4259 2303 
35035 99978 
54825 52714 
82396 7225 
21428 96966 
89157 13903 
88753 16189 
16290 23011 
59750 25783 
90454 57592 
87105 3432 
91097 59396 
17569 5836 
39860 7826 
2264 95326 
75499 68694 
55844 75036 
78920 73821 
5313 61796 
72368 27134 
55339 9670 
54417 30670 
11048 33829 
48143 24778 
41591 74424 
33686 40825 
38160 83165 
8403 71798 
18684 11527 
67891 76522 
58095 28800 
29406 46508 
77822 650 
25517 81022 
11103 14440 
80355 35545 
71733 46204 
43352 31573 
93002 26057 
96159 41581 
70918 73680 
67216 91971 
41157 43669 
85456 58962 
42755 41662 
79718 67627 
73215 46506 
83655 42666 
19473 1174 
37282 1009 
57081 15682 
85776 20962 
46020 58972 
63736 70374 
15674 3529 
18846 27177 
23835 26447 
72708 79659 
94968 63728 
38616 50943 
91537 60774 
16104 52433 
48836 61378 
60363 34323 
8553 29931 
80930 67803 
19215 7140 
58554 63215 
32694 58255 
81731 1154 
15101 84601 
95119 29409 
7703 34158 
20901 57624 
18894 65005 
61120 63697 
1779 86640 
14140 11195 
73616 28470 
41561 65422 
63109 62262 
3318 87304 
29500 35860 
38120 78868 
83400 59195 
4013 51851 
53483 20429 
9561 91862 
85455 99995 
59987 94500 
30106 93392 
14593 56996 
75787 49755 
1872 19166 
7347 82559 
66945 60855 
28290 11253 
32321 79575 
65894 48166 
37416 91628 
89996 53759 
84904 22792 
15379 45060 
62670 80522 
24916 57124 
28992 28602 
46087 25358 
45545 17339 
36992 77804 
17928 57633 
89652 741 
56632 65621 
38173 68450 
2711 46128 
67264 8508 
71898 27759 
52627 7716 
58498 10233 
28898 50537 
6119 35443 
73113 21906 
96155 47710 
12073 99294 
26879 65856 
10515 5133 
56150 49952 
73672 90029 
58911 8989 
2568 69590 
7035 62209 
73327 43307 
13542 36488 
72785 82609 
95791 54890 
11888 86993 
3006 47399 
55599 72130 
22303 93857 
53495 71862 
24395 91223 
28737 7225 
35223 22584 
84761 99951 
23003 93657 
18845 85315 
71498 94083 
89587 9804 
69846 35419 
71378 82727 
86813 15474 
43129 87748 
13109 59550 
761 50227 
49235 93111 
53419 99344 
88290 7573 
61859 60169 
93301 91128 
4173 60144 
96807 9909 
8744 36902 
56836 41319 
77282 89907 
87835 80939 
31795 27079 
47750 67232 
58523 19410 
3141 94099 
89146 91498 
13096 10364 
54989 43990 
69668 37403 
73477 25135 
7637 71356 
77758 42958 
49661 74782 
80191 36983 
84199 4076 
68322 9042 
83066 63631 
67976 46364 
53080 25474 
72290 56969 
82000 3952 
27768 77336 
82762 29113 
88867 5360 
62039 19484 
1140 57846 
39213 15253 
49650 51050 
20091 96220 
14121 55266 
86031 75386 
5233 79996 
93627 28686 
17474 4946 
92697 94113 
23152 83897 
61029 49381 
49431 13445 
23212 56247 
25675 76680 
67824 41774 
61921 43051 
2370 72045 
20960 29981 
88569 62236 
76287 9258 
81944 58443 
6095 71767 
59149 21306 
59524 47827 
54043 39200 
45532 17244 
39266 99682 
37044 33068 
83912 51835 
53438 26184 
89860 99328 
82984 53996 
59433 74241 
33468 5814 
75261 55073 
54079 79993 
79601 8884 
54485 3411 
24803 57122 
58108 72618 
29235 87459 
65739 57737 
13697 59836 
72932 25206 
12191 83904 
80022 3463 
47904 77204 
57146 36899 
40342 48662 
78312 47716 
62787 90365 
18342 52745 
593 2077 
14419 62892 
70305 17600 
30022 26511 
47195 49820 
23163 64877 
14514 22168 
13163 87842 
91623 8233 
60579 70812 
20135 58378 
23450 20422 
87283 52482 
29682 55547 
43973 81293 
10190 82761 
31320 25404 
70295 50926 
63924 70453 
37944 28254 
30778 69956 
16467 57038 
65363 43008 
86855 6162 
5402 73131 
49986 59580 
9660 56652 
72724 50143 
24314 34257 
3510 72466 
94603 27752 
52826 85974 
98865 95549 
91830 49830 
41482 15050 
8498 15123 
78902 97818 
74775 36563 
68605 44351 
20496 55782 
24723 49226 
80286 51517 
36017 74564 
78153 48027 
51994 19967 
41162 22524 
71175 30502 
88354 54735 
71881 780 
24004 17370 
10358 52824 
75321 14895 
73676 88171 
53867 39860 
15564 40517 
87259 30965 
22162 84248 
63132 85117 
51678 86298 
50845 96905 
67013 24045 
18128 73264 
33654 30338 
39596 98527 
86462 68236 
2003 5611 
78493 82689 
47130 42817 
12528 24127 
57367 12504 
21784 89813 
81323 97847 
10054 82817 
17226 86974 
83555 45595 
20392 49937 
6823 85416 
77716 23318 
93224 72242 
96913 9694 
97026 56212 
91157 4759 
8396 21441 
789 23585 
65338 65680 
82939 9333 
87281 71188 
17184 72660 
3869 11224 
20763 28122 
99503 18664 
40445 65093 
19261 28529 
89742 15001 
85049 94550 
30017 54161 
52193 71444 
51883 12015 
96143 49177 
99372 38310 
56562 23247 
93474 19544 
81800 85902 
53972 24952 
10596 27220 
88870 5388 
99822 42089 
19272 64623 
57183 49397 
34220 71916 
66016 43105 
24787 87156 
95664 11393 
29628 25417 
75386 79698 
35235 96496 
72362 56193 
13282 16790 
55064 84175 
44771 5812 
42118 34800 
76046 47735 
33764 5743 
75329 19527 
98093 26628 
10055 61546 
37500 10423 
45088 93934 
92099 31534 
69808 62691 
46352 55924 
98077 33011 
92738 96376 
49287 34284 
72033 16857 
10932 1092 
53594 63986 
3608 47614 
41035 60694 
17827 59032 
88768 57459 
68735 82853 
93109 99852 
19588 55501 
77999 37636 
57749 5099 
29851 70303 
68011 30058 
48653 96676 
37213 64888 
73154 12084 
41392 9631 
6833 75617 
12130 17309 
18299 52120 
52296 5061 
14889 18798 
73022 78875 
91444 14730 
53571 39332 
37581 3049 
83632 66286 
46280 10217 
33626 64147 
4166 4533 
12781 86217 
59620 76935 
16987 46473 
58681 91129 
38884 70286 
10684 77215 
11152 31707 
95673 53251 
80641 74327 
53848 72545 
65756 15099 
3658 10992 
32430 86124 
19621 28399 
35057 78074 
63555 60480 
7896 10733 
3615 24099 
59771 71097 
74390 47341 
20280 27539 
28282 68101 
9265 49708 
3496 80162 
52976 38195 
87165 44099 
50111 95390 
83519 21834 
98853 49567 
6452 38339 
32049 77886 
3453 21680 
71841 60844 
83579 23530 
7334 40632 
66004 76245 
19311 48940 
87656 99738 
24522 15916 
8526 31647 
88756 71333 
31491 17664 
62674 1433 
9809 65383 
27287 30491 
49949 34695 
97025 54858 
29971 10462 
17466 69003 
44451 79110 
12114 88085 
55737 9785 
77993 89584 
78344 22834 
3398 67770 
48352 13631 
82752 19067 
32925 88145 
33363 53819 
16404 58166 
76736 60548 
58886 38703 
33151 32463 
60831 87853 
92383 2805 
82933 30305 
65715 25562 
64350 9645 
94806 81139 
54360 21756 
91518 82772 
22608 91877 
9462 8783 
41331 71239 
2799 88224 
39294 45721 
10766 23009 
11644 68587 
17405 38347 
32491 52115 
75154 15081 
57736 78832 
48226 72489 
24530 22035 
27133 38193 
50702 97438 
89228 62956 
12611 3029 
31811 12534 
33085 42594 
84118 96132 
42459 69877 
12441 71614 
85213 34969 
68641 1303 
32278 62280 
96484 19001 
24838 40312 
2535 8839 
19269 57474 
18706 89601 
24851 75293 
32156 44364 
25980 90643 
34832 34632 
58828 1971 
49787 90557 
68749 61038 
24270 74420 
9194 61281 
40653 73237 
55514 86687 
85412 88168 
97738 20936 
33644 53349 
45246 95577 
52045 34832 
23280 38124 
96782 31513 
66271 66222 
84367 24246 
16228 62404 
43426 96768 
15763 55476 
13144 82648 
44805 29173 
40249 76150 
87647 76512 
40503 81720 
32705 19120 
32991 66747 
1200 14839 
25900 25318 
72955 84032 
31004 56876 
27606 95252 
10753 13003 
47726 64358 
16616 68007 
36729 37606 
60280 24527 
88886 48924 
70310 74101 
11377 64310 
26038 94420 
39041 52170 
27759 79973 
1315 47421 
57690 70804 
97839 9325 
9705 65346 
14297 8238 
17513 77581 
63291 14894 
90722 26216 
66380 7280 
76163 24150 
2900 54852 
97860 70187 
38788 87545 
93207 31763 
14327 7938 
55198 47402 
13596 58934 
10949 70688 
60396 16433 
15317 23716 
85481 36737 
15051 27312 
88180 51822 
43709 27759 
71835 72066 
40484 45315 
66938 25725 
47131 28515 
68476 37126 
26300 10065 
4677 21486 
61938 25066 
23246 53225 
47763 70379 
28097 46814 
43389 55147 
24745 74396 
79341 16775 
35684 32867 
21953 54143 
28479 64536 
67086 60372 
58726 30168 
17631 21168 
67676 30945 
13898 81567 
90000 76741 
28310 73876 
21048 2163 
6214 42635 
64920 38865 
33154 98642 
34755 62984 
35619 83396 
4887 49828 
77064 27741 
20838 84550 
93900 44077 
57622 97079 
27209 186 
79393 12408 
45063 84529 
94244 33163 
17655 87850 
16745 420 
2821 93917 
47858 10835 
23093 93518 
56888 3428 
67073 10044 
3417 67737 
27698 52515 
68463 66543 
97892 92434 
73626 11033 
80122 94533 
54532 73973 
30534 18331 
20655 77397 
50649 47326 
77413 45265 
59981 95735 
8419 68730 
31506 88882 
15857 91852 
48537 12630 
95202 89018 
46376 79740 
76805 71809 
35001 66543 
1384 32696 
60102 32074 
9023 5686 
48914 43566 
12032 99936 
4611 97193 
90848 41338 
58409 40994 
99133 39227 
62072 78097 
89342 80606 
5180 52708 
73224 42650 
71298 98724 
13095 5784 
5080 61452 
99186 44234 
48419 86543 
5952 68713 
17860 7142 
35977 96785 
37827 50113 
53936 30443 
14583 25343 
85056 27584 
34421 58262 
2620 64306 
96201 75063 
57270 98327 
43162 52535 
7223 60335 
41840 99999 
92976 19722 
66952 49520 
62693 93877 
90282 92376 
95153 96116 
38860 14736 
86040 46331 
83181 53523 
60270 547 
39698 14681 
48190 90867 
23514 70320 
16690 5615 
66978 78716 
77616 81043 
27789 51665 
5354 20558 
46255 27400 
83030 5193 
75526 94097 
62533 9931 
872 48932 
67374 94484 
84528 70715 
89392 94265 
21130 30334 
30406 97537 
65447 62533 
18147 58115 
98887 75016 
82122 59489 
34175 76416 
9578 15868 
18620 63367 
14294 68402 
85571 18736 
41660 10719 
20937 38009 
2384 56903 
57031 18885 
74074 47196 
79591 20353 
35105 71935 
35427 21787 
98374 82622 
57975 90108 
93879 50537 
85928 93557 
8571 27919 
36144 84369 
29483 64510 
6218 9432 
51896 33121 
24356 97935 
8126 21888 
34625 18136 
44509 58018 
4170 91494 
24234 38085 
65675 1797 
61926 53287 
63090 39314 
2204 14623 
51597 75573 
38922 2529 
13799 73088 
34401 88318 
93280 96122 
38677 588 
13979 3565 
27645 38830 
49211 73051 
75935 68543 
27737 26607 
55480 67450 
15897 2500 
3936 30774 
94658 45323 
38467 85036 
58297 66984 
99892 4479 
97495 64912 
99777 71959 
93778 70643 
8769 77037 
44515 41858 
68353 97989 
58103 4043 
30137 71620 
7510 94113 
26900 14970 
6975 57657 
57865 26423 
81503 3921 
26968 60207 
31648 28185 
7418 37917 
57149 69911 
18401 33437 
92128 86832 
90519 43519 
21852 90103 
65412 35287 
96462 3704 
21952 44052 
30619 82472 
46548 80092 
79657 47451 
68260 91407 
12658 74707 
60821 20990 
60716 4299 
73114 91776 
4748 19805 
87249 50156 
81334 85616 
19112 99873 
27375 19141 
70106 62085 
54744 18151 
10775 4503 
44675 59660 
27106 92812 
78252 36082 
88506 30896 
74186 96820 
2829 72953 
87955 19023 
8279 10179 
37418 39941 
14616 57458 
59180 45116 
46822 91389 
67277 21588 
63226 19973 
81136 53371 
17059 96408 
13337 57637 
5511 24704 
59316 34366 
3580 43215 
10991 29658 
11365 13656 
24147 93475 
52898 87850 
5489 46264 
52238 72159 
49421 55745 
78267 60466 
46880 65059 
93448 60556 
9002 6576 
63822 95882 
96874 81826 
87583 24959 
25349 87334 
77805 84005 
13642 18605 
91250 24942 
88346 90043 
29646 90525 
5565 67289 
52429 41084 
47973 20299 
30663 23276 
69951 70384 
40707 50236 
9321 22542 
43149 44635 
57737 45578 
17659 81419 
83484 86826 
27605 55380 
30182 85750 
69632 90219 
72819 81232 
22895 363 
98584 91075 
50203 14600 
94106 79064 
19080 71418 
63017 14842 
4583 99998 
68131 74964 
7697 7878 
91121 29650 
73217 6610 
29178 9093 
19256 20094 
2949 45611 
96864 36746 
32983 43511 
82714 86354 
52889 37195 
70409 45153 
66638 59904 
66691 98586 
24679 60372 
17674 20197 
88967 72798 
87198 57232 
80534 66678 
84505 48783 
54901 77392 
91643 40692 
30392 45858 
72386 2919 
2354 76161 
53874 99731 
12295 53713 
59853 10805 
5119 53367 
40030 52223 
99935 6804 
83978 341 
20307 91612 
29965 78642 
78363 50646 
79172 27941 
83835 49583 
4014 43679 
53883 33035 
95598 30554 
32481 45125 
29854 94377 
89151 39153 
44435 63763 
56029 12778 
9244 10182 
79491 70078 
42272 13876 
8010 29934 
69393 5286 
11438 71360 
51898 96883 
28556 30731 
8729 8674 
69541 43283 
41748 82176 
57892 51851 
31843 72241 
82413 89472 
11270 3921 
43968 79337 
33350 82388 
24078 85467 
54489 47974 
72758 90595 
15464 75484 
11603 73922 
59019 27230 
74734 10697 
49021 82574 
65040 18063 
62801 83299 
86035 27143 
12742 53742 
20702 70035 
15823 77391 
67846 32219 
70484 37500 
13772 35799 
19099 58315 
12499 87085 
71253 15608 
71278 43203 
38159 20469 
89818 26741 
81746 18712 
81434 44877 
13324 89716 
12217 50009 
86174 73184 
30378 12585 
14034 40 
22074 63668 
13158 54565 
22305 4682 
9486 48876 
29885 74891 
74429 47994 
24026 13313 
52857 43982 
56729 51119 
25134 41016 
99966 22994 
1364 79780 
59548 91507 
80481 99161 
28603 37218 
19449 6025 
42758 79098 
48512 99684 
16386 54725 
37329 76709 
84718 7853 
63760 23850 
50125 2075 
62197 92082 
32555 3676 
31551 33173 
53888 54168 
64326 71693 
43880 83592 
17732 79974 
41408 99354 
85348 21327 
78888 22190 
43573 27668 
80015 30761 
40979 81734 
71387 19505 
70616 81169 
7125 70498 
15439 72052 
32238 89452 
85245 52787 
65278 58366 
69851 65789 
63750 12966 
17727 14034 
46757 61709 
11875 62285 
88532 24987 
55501 8703 
63801 88068 
98837 41521 
21313 29428 
35475 27635 
85423 7251 
71642 15175 
37266 61271 
25103 70537 
6853 14485 
41699 11819 
15323 39925 
26997 45276 
42618 91271 
78164 59138 
60022 82995 
66849 80005 
59276 45596 
67739 51074 
30388 74594 
49427 48537 
88824 38133 
44299 12774 
29368 7343 
92408 34342 
88791 26081 
10621 1236 
32329 42205 
72813 83571 
40026 81269 
99473 4550 
58154 55281 
45814 22483 
98213 64183 
46325 27618 
11418 65716 
20673 39677 
40109 60545 
70962 77243 
49200 63864 
3586 58516 
70540 12084 
90246 84482 
51009 83832 
42188 50131 
81151 98146 
9307 27153 
95370 89565 
31494 62398 
76943 49786 
63428 40382 
71562 68594 
66037 65282 
11603 2968 
7874 28084 
80041 52607 
47966 37933 
97642 22528 
77952 13272 
52 8968 
85878 47923 
82364 53535 
66553 90080 
27957 72325 
44136 98024 
5672 81696 
91446 65387 
14776 10463 
27461 40913 
80739 9429 
49596 2942 
56482 43527 
10531 87183 
63544 79269 
80752 7878 
15542 60758 
47390 57078 
2301 1229 
87601 14498 
77234 3890 
20398 51310 
82793 65765 
84723 65228 
69254 11342 
13517 41372 
10626 48978 
73633 93642 
98119 42352 
19674 4735 
96417 41711 
66168 49417 
80892 25180 
16985 55302 
34935 59153 
3483 28145 
75746 98539 
73595 44534 
94207 12626 
42929 93864 
39869 40381 
65905 33620 
55614 50160 
10071 7221 
68242 3187 
19948 62096 
70971 97524 
38111 97133 
91793 99892 
10680 63284 
27636 56339 
41992 38866 
38452 9599 
78958 1970 
37639 40921 
99438 26398 
85612 97205 
50961 34679 
91862 60486 
36197 51963 
57529 66104 
69823 17969 
45273 78372 
37762 30683 
46151 88078 
74253 15109 
24242 4895 
34818 33147 
58920 79541 
83886 76545 
71952 5514 
34705 13862 
22039 18270 
76156 94548 
72903 30908 
96134 48440 
92735 19750 
64442 57420 
22561 631 
69448 17425 
59028 17297 
12248 53665 
33125 96984 
49675 99650 
30517 15082 
43200 1498 
91464 50726 
14650 63009 
48705 8201 
31607 4108 
10213 25288 
45468 65538 
70387 88933 
83369 56029 
38064 31116 
51523 4699 
2587 83331 
41978 51056 
20254 26788 
47426 77747 
92599 87277 
79398 67045 
25266 88545 
54032 41089 
1615 96147 
56574 28037 
78772 54875 
20874 81500 
15470 47229 
63347 69058 
70815 77800 
92246 37114 
71030 19031 
72527 54011 
27264 37490 
64218 31060 
1707 56618 
67907 22031 
61539 1859 
4829 5642 
30653 17124 
30968 62718 
47637 37776 
34751 69958 
65125 54575 
96052 45606 
80469 5538 
90661 98835 
70540 88167 
8759 54294 
14524 93239 
18606 45989 
27752 23137 
47340 600 
96866 72672 
69618 59278 
2037 18367 
91854 19149 
35503 83427 
94845 10967 
77332 19868 
50845 67771 
69120 76791 
62473 80866 
34224 4274 
80314 84114 
29199 76125 
43687 55253 
75210 1496 
54744 73846 
10554 35331 
39954 29464 
25749 90674 
74952 30852 
91274 2067 
48882 27043 
64612 88563 
22527 14811 
68113 17346 
90930 73333 
62053 74499 
95622 36536 
98320 8156 
44223 86423 
29315 21090 
85863 26479 
63945 54745 
59748 73311 
7984 24754 
81148 86788 
99626 39212 
54195 44194 
52709 55267 
4094 52304 
49869 7040 
2701 82774 
85804 68452 
20897 10891 
46850 98224 
78773 35457 
27246 51143 
80381 58484 
24738 29611 
13646 7354 
28586 92576 
67989 89260 
11573 35125 
72352 77963 
64285 1344 
84486 46306 
64693 95485 
68754 74422 
59000 12048 
84148 83184 
40748 14080 
66823 65235 
54322 50803 
32187 11779 
16301 20634 
40409 62343 
43493 53717 
66194 36829 
37 9291 
88787 44451 
27614 57505 
71349 2513 
2595 42785 
30237 39489 
71855 6362 
4179 1508 
55039 79311 
20913 29095 
65193 44246 
24620 21879 
91990 3750 
71289 63024 
12179 86709 
21155 32221 
40412 69887 
57429 96366 
10269 91411 
38781 30422 
80104 85265 
49354 87452 
91211 71469 
44594 6451 
66878 95305 
3766 19367 
30028 20767 
90727 94552 
34461 48351 
93413 32928 
50091 45384 
59440 15239 
16129 48259 
70329 84046 
77815 20268 
93 32488 
52087 26188 
85245 63339 
25483 15297 
92803 76508 
73615 88230 
10419 40910 
5712 59881 
98518 7481 
79995 20505 
38157 24151 
6095 40228 
80298 20672 
49227 58388 
52289 41502 
77503 48425 
5555 18289 
48564 51484 
94868 90014 
14596 27474 
64022 98490 
35866 81003 
75348 9645 
32033 81422 
61216 36926 
67805 11181 
94526 72144 
64914 44722 
72165 61205 
55913 81371 
80494 97450 
46957 29973 
65158 43679 
36522 70465 
58872 35460 
44933 98174 
30279 62934 
45576 90265 
4600 76091 
52875 20637 
72514 9381 
14358 89468 
47536 75496 
74573 26693 
54165 35331 
27136 74887 
29135 11347 
47867 56339 
96361 74956 
6737 81554 
32481 5067 
89269 61963 
74419 84514 
19084 48351 
32923 73902 
62409 28285 
66828 78234 
12691 80802 
41588 717 
98836 4662 
42612 60258 
34145 7670 
39046 34425 
24684 68891 
96849 78019 
85585 63005 
21372 58916 
71720 66652 
69106 47452 
15194 50266 
5890 93399 
76285 95736 
4552 25433 
56725 70185 
68852 12030 
94651 29189 
42521 29823 
59064 18988 
12325 95728 
88305 96526 
42288 32524 
71862 88625 
82550 54062 
57677 67141 
80829 75926 
78239 25655 
87033 80106 
27823 5069 
82309 88138 
90583 30412 
82641 26148 
14591 89225 
64104 97399 
50450 3107 
31969 13147 
24771 18275 
9075 71052 
98597 68499 
50233 11825 
68752 44266 
98901 29481 
6146 35776 
89969 58288 
89204 4166 
68209 10386 
82906 75287 
35795 92064 
34293 43456 
64280 83805 
3867 18770 
6497 29453 
28952 50899 
22092 43263 
19873 14711 
86724 10068 
22720 48648 
89470 23441 
43504 95475 
35530 79482 
17663 6814 
62098 19751 
26171 37853 
44054 95835 
4902 76650 
13175 10220 
67447 23668 
39586 73332 
63243 61485 
27465 5058 
22638 32066 
58298 488 
98455 69543 
74517 74314 
99630 20154 
33892 96035 
26679 17800 
80816 29002 
61005 73611 
74443 90368 
30510 81009 
85627 56088 
72459 33911 
24694 45425 
41255 5044 
90312 32740 
63528 33814 
36074 50896 
25878 28684 
35865 70210 
91637 97750 
91703 59637 
82165 83008 
68450 62766 
25502 88740 
58647 50201 
70601 62513 
77692 42034 
88876 8501 
64690 29359 
36504 87109 
17501 62173 
30675 82373 
21897 12508 
896 99134 
44178 66244 
12498 85701 
44212 44860 
23662 64522 
31587 9185 
29541 93325 
31390 51296 
67489 72269 
48145 37768 
5936 58808 
16487 27780 
16103 51335 
5401 52945 
30532 55050 
99215 12224 
25340 49131 
12966 4951 
24113 32925 
12400 97688 
10532 40716 
99567 96579 
54099 79578 
93816 75817 
98759 62856 
84985 94999 
37719 83039 
60664 23396 
99457 92093 
12639 77521 
99683 34765 
8962 69919 
71911 10937 
77593 61691 
75376 26785 
85106 9055 
93143 31356 
9740 95104 
75573 25058 
1866 41917 
54713 69680 
96938 5345 
53701 25711 
96102 65003 
41950 92069 
57850 35414 
41663 25774 
50433 40723 
74121 74682 
99275 15065 
45242 65070 
26156 13383 
9067 47698 
17718 43415 
15090 20896 
79659 58527 
40807 17312 
29963 83240 
34329 62125 
59608 78527 
43636 84862 
42434 92335 
88773 94388 
7164 82311 
41230 7218 
94090 42321 
10792 52964 
6496 12109 
4267 67585 
32627 321 
12829 25018 
57868 5134 
5093 50843 
8755 73851 
51586 7839 
70547 3056 
82937 42582 
98310 44357 
88896 34702 
97810 47182 
98193 95961 
86976 39768 
40299 25015 
61316 22230 
79291 35543 
77365 21451 
27332 40366 
37101 36575 
90662 92228 
3248 85978 
74554 53138 
466 51875 
75325 88447 
60668 7080 
17315 59313 
52026 99952 
50598 17743 
90737 68181 
11297 92114 
72182 49829 
60463 87881 
73853 60911 
59826 18121 
76279 12813 
13086 21634 
20119 49974 
99983 22509 
67730 98502 
57022 34381 
65723 29781 
13528 15042 
11345 59631 
74609 32654 
10051 23215 
53645 13463 
74162 88618 
96073 2787 
53290 97944 
3535 85928 
6017 53728 
62855 83791 
19294 650 
7859 59116 
57146 87725 
93686 43611 
73470 34583 
43065 23662 
55057 66916 
31906 2896 
70467 30814 
17595 93552 
87958 43469 
77570 75426 
91407 88591 
17998 1116 
66999 18903 
32825 19333 
55449 85186 
41966 34265 
64593 71633 
14103 18265 
15440 80612 
84305 47614 
51087 76469 
9627 36628 
72414 67621 
66857 4126 
77034 78947 
85752 18040 
68718 42353 
28387 28920 
73360 12403 
70652 21153 
44516 96040 
15456 81884 
66651 70655 
68881 11972 
67447 53156 
40290 80734 
31873 74207 
85311 56811 
70203 6389 
96666 31163 
29745 92852 
61958 85041 
55780 23846 
49821 45708 
1063 12567 
56240 15746 
55185 28862 
41414 57993 
15230 59591 
14141 67453 
47351 77827 
75545 63975 
95250 19586 
16835 95061 
76031 86391 
76848 46843 
66462 14748 
4262 23113 
23442 79466 
36682 67198 
1282 26788 
4179 69558 
25412 65400 
88424 25177 
57199 78654 
20204 79127 
37803 59720 
77890 26129 
30322 12884 
57362 10491 
88985 8828 
19888 6522 
71709 29499 
88659 46308 
78100 89048 
56935 1686 
38774 71303 
91187 20333 
3916 81412 
61139 62056 
79015 69496 
5287 80704 
34008 47573 
45261 49549 
68347 87490 
95276 33563 
49045 57241 
73994 70706 
51284 25809 
15260 36142 
21950 42524 
91441 28264 
55264 75972 
8552 33463 
16689 79575 
5839 97764 
76352 36252 
94195 57783 
16469 22930 
97525 60872 
58610 27186 
19127 34934 
16091 42924 
41167 52022 
14392 69750 
79484 66696 
38245 41587 
58275 45 
57821 14070 
39571 83331 
58499 47399 
41009 71415 
48727 31568 
2009 85448 
48750 14295 
13293 46744 
69309 8432 
7573 19304 
73902 75327 
20261 87189 
80774 3303 
68248 54710 
1546 26348 
62040 72387 
32237 57067 
61996 59665 
9391 40130 
12895 16578 
19136 67643 
42777 90872 
224 36300 
91742 94540 
13427 67655 
44318 44263 
59166 57473 
75058 33996 
12833 67891 
81157 34685 
12978 26995 
68189 56113 
81408 54415 
75470 98880 
76192 88669 
76075 70751 
78674 52256 
63211 40908 
93829 53859 
39426 58086 
99614 93530 
58057 64139 
15478 6364 
27327 93268 
72767 52911 
76698 58976 
60482 40459 
2333 95735 
88710 38334 
53973 40428 
59017 32475 
99028 9833 
56172 49810 
1371 54687 
78823 71331 
82096 48385 
8067 44266 
87413 98845 
72347 98395 
74894 55845 
4695 69277 
43431 22894 
4068 32068 
74567 72675 
6379 53594 
23261 8147 
42771 77476 
94695 7595 
12819 67360 
70364 41222 
28535 46679 
1516 49337 
91408 89894 
70885 27729 
49200 39760 
34708 74549 
41785 47947 
96179 14799 
86073 62210 
28777 33491 
68890 12306 
63308 16605 
13653 78986 
76049 20155 
61797 65651 
67028 61999 
63121 30631 
97278 58461 
562 79548 
61783 8418 
84384 61863 
10906 61161 
38387 63462 
97221 91202 
66413 37993 
16966 43097 
31339 73700 
35747 2452 
660 49604 
36658 95450 
12904 95155 
5629 18576 
97319 30841 
73620 52622 
35635 33752 
68173 20670 
89173 41730 
87883 8392 
27158 82481 
2482 76861 
82833 89905 
98560 62987 
32815 48916 
36311 80764 
42093 92135 
56258 7708 
42189 57103 
76550 65184 
13198 1046 
51239 78748 
21796 61707 
17818 35218 
26769 47420 
48352 36854 
1194 37317 
32724 89877 
36168 73474 
64733 54455 
84785 30787 
72277 26392 
77057 57493 
31310 16919 
86576 89521 
29981 46321 
57918 55228 
4114 69557 
10155 3574 
48116 7618 
16306 8431 
16419 67036 
21155 24469 
69741 91795 
591 95927 
87721 6822 
84470 48622 
64905 80312 
61967 27614 
30576 53312 
63496 78267 
84615 59351 
66482 6777 
21316 84277 
3640 97759 
21049 97100 
61857 11115 
25641 16274 
47398 28160 
77545 62697 
58870 67854 
95134 90656 
53226 47995 
76877 80968 
12053 23365 
75679 26825 
15512 93063 
61334 42102 
9486 32646 
93825 74370 
7878 73198 
63115 10412 
6435 19082 
12098 20724 
97103 68872 
48563 1306 
62621 79863 
69280 35992 
99920 95528 
64747 20623 
67863 37457 
46671 61576 
79954 48534 
41905 85463 
65878 62514 
26352 74254 
7071 66645 
30276 70669 
10997 18617 
32456 82337 
26405 76881 
74824 50078 
17561 4245 
71473 35562 
9311 8677 
56371 26706 
86764 92350 
12600 55340 
83542 90238 
52668 70982 
20709 92946 
74150 17027 
64880 64954 
97899 11199 
58450 89087 
7037 40829 
37518 90788 
44151 45302 
93765 21628 
91359 73010 
55429 10514 
53358 68160 
59451 23168 
87077 64018 
62018 5707 
73229 33464 
87890 26554 
4831 75187 
50299 72365 
75693 94397 
82652 98350 
87883 70654 
10868 81063 
61357 92198 
60916 72646 
21223 76120 
39952 9519 
58506 86788 
51450 85606 
8840 11110 
4776 60479 
70151 48568 
57940 36154 
85184 26358 
88535 2790 
47655 55562 
22418 23167 
51820 2978 
62223 98570 
94429 65013 
48560 34590 
55311 95036 
55588 4358 
28245 53602 
69615 88844 
47324 22190 
24487 59132 
55647 45405 
70746 53929 
92991 44010 
36890 97096 
37009 71755 
524 94611 
18530 72649 
24816 48110 
45726 32121 
31362 23075 
14145 5485 
74451 13671 
50079 50170 
53644 53452 
33223 84377 
51731 31323 
71268 44135 
13316 85590 
53845 13182 
85636 65395 
96148 55640 
27710 68477 
93615 90175 
56479 86954 
48166 6119 
39359 18695 
93840 37000 
61441 30859 
45026 74966 
92570 94303 
14061 30807 
54624 42817 
96598 18566 
42527 49532 
2961 71207 
83896 54322 
21578 74335 
31683 20695 
36660 38690 
71773 48375 
86420 18925 
93212 18689 
40419 26142 
12623 3867 
95061 74714 
66276 28484 
34754 50107 
83450 31531 
82942 83751 
32887 40998 
71998 73432 
90521 39327 
93852 93258 
11124 67737 
54306 95931 
99109 90186 
43102 21874 
64462 13594 
49131 94724 
18606 39970 
95557 738 
11990 8205 
43181 20868 
40285 68560 
12022 8584 
49284 21238 
874 83940 
49973 41955 
42520 44976 
14688 12027 
18309 81210 
62887 68276 
69962 10821 
60782 88912 
88766 53034 
52921 35555 
32723 90308 
15797 78708 
20746 71115 
73632 44218 
79662 53401 
44742 31669 
74581 91277 
93199 72136 
36067 23050 
45011 12354 
8614 27386 
90619 35143 
84074 76233 
36234 51765 
50972 28053 
85403 30912 
86053 72989 
29135 61179 
37947 62782 
98044 79071 
4486 32575 
83173 33035 
85002 49170 
63513 95464 
96851 886 
87713 79278 
81414 77836 
45057 63431 
89032 78288 
26520 82558 
24572 16686 
20565 90016 
55759 1991 
10306 60659 
34943 1186 
38757 59975 
61604 2115 
87131 69567 
17729 42253 
67473 25488 
41051 75581 
65401 95547 
62224 8431 
81327 94462 
21139 46974 
9237 11639 
94879 63976 
60981 5310 
15218 10510 
90973 98951 
27117 69495 
1316 1104 
41309 72263 
10570 58143 
63877 76786 
50763 40996 
43602 36771 
16674 61498 
63938 74508 
29053 11776 
20597 7186 
89130 20957 
68015 66331 
95661 27494 
88412 93082 
67672 72531 
35646 88205 
66207 29995 
32762 45091 
36591 2450 
56901 96382 
99067 28295 
28141 60478 
127 65474 
29907 82840 
99487 39662 
27700 28824 
8349 70727 
20223 99749 
13436 20308 
52367 11928 
18307 35461 
43066 99612 
8483 98574 
32689 77100 
204 32142 
34413 22726 
63954 48503 
81946 27959 
23352 79233 
1995 88611 
17642 66694 
4028 1890 
81697 51082 
72189 73035 
41331 40318 
64599 28302 
43662 7297 
73839 77281 
42395 19197 
79068 66819 
36073 67002 
25000 21300 
13750 29832 
95880 69551 
96947 78356 
13650 17389 
79414 94269 
78632 36586 
56892 58741 
88354 6027 
7945 41702 
15551 58838 
33899 5998 
99917 60523 
91019 25685 
9825 67398 
51279 6098 
60037 92105 
9424 84870 
29328 33523 
13517 87658 
7973 12096 
33717 10139 
19233 88412 
99813 98668 
1231 32819 
31833 6031 
6036 56899 
60065 5838 
71311 13867 
80888 59354 
46519 24209 
23064 41950 
10506 85382 
5461 52869 
142 79918 
51676 51600 
80777 4983 
89609 86945 
28405 8263 
4759 10725 
60723 29982 
34883 97060 
49682 18924 
90594 20316 
71658 11530 
61617 80056 
3042 37444 
21596 99685 
48811 42339 
75745 67033 
99582 99407 
5056 29696 
48662 14604 
48419 5758 
64776 17526 
29700 21343 
8441 69788 
80692 40508 
365 15775 
32815 10066 
98785 46893 
50534 2213 
19302 49712 
57714 1198 
35594 60867 
64435 46794 
32255 57132 
36305 16927 
42074 67783 
60881 4607 
89210 8180 
56533 20173 
77014 98431 
37952 28849 
4660 49085 
99449 15766 
70276 66970 
2309 55847 
19919 58636 
55684 54313 
31554 86270 
61845 15109 
81060 61554 
56097 89147 
23378 46594 
9260 52020 
36006 67891 
76336 61752 
14412 39253 
68821 51089 
79275 32606 
119 16050 
54039 31884 
3583 72624 
97917 54450 
50958 66943 
34260 26982 
5325 40736 
97128 58303 
27129 73495 
29917 60327 
14479 45557 
9083 30113 
99619 92159 
33260 20962 
42308 47560 
13497 98559 
57851 10417 
23874 99339 
92596 96880 
23412 82599 
12921 86250 
39972 95291 
5136 5523 
14760 49025 
93131 43809 
42086 42466 
68253 35342 
3179 49181 
91581 678 
85154 30859 
72646 89698 
96629 28976 
50580 27140 
40035 34091 
3816 21664 
77307 31335 
92648 62806 
30452 73066 
95332 96691 
91375 35227 
32868 41027 
76393 72658 
90211 72603 
50034 412 
32363 96459 
59978 93057 
82679 84832 
70439 12052 
77651 56180 
54801 42420 
37570 49768 
9979 44315 
95659 39750 
84783 2472 
9637 24125 
72444 87128 
39143 18607 
3529 23688 
10032 83207 
89587 5203 
2301 10173 
10218 71707 
92233 5970 
6591 23492 
51325 7092 
43039 31608 
54670 79763 
24976 58200 
79670 66954 
16186 1699 
82325 62650 
81440 37507 
22800 12930 
91430 33449 
74569 66190 
66166 81127 
92181 20679 
283 99218 
31499 46579 
9095 32857 
13282 91937 
57774 94406 
96042 17036 
87704 65248 
77349 40177 
33836 5682 
74099 19323 
34770 546 
41730 38716 
73348 1918 
79981 17297 
49678 17031 
38492 6678 
80819 29481 
79411 377 
41746 34915 
76124 33194 
10751 18508 
27358 9825 
59120 919 
44072 65228 
29678 31823 
22970 25718 
81724 15681 
54876 9427 
40915 13126 
28859 77516 
81803 73132 
83682 23377 
88025 16091 
27025 66113 
80562 5984 
89884 96665 
78006 21025 
8662 10251 
54424 56466 
30670 47127 
90243 70717 
20133 55205 
69411 16453 
1232 82685 
62211 82132 
12357 6613 
47184 6121 
61408 4149 
67967 15571 
65898 77353 
91231 85285 
33522 49391 
30428 7956 
89000 60358 
26750 16537 
81191 4264 
33465 1870 
10850 65244 
32706 24346 
3853 30677 
24828 26995 
17320 81666 
69617 19251 
6794 87191 
25902 15593 
1467 57269 
31547 81283 
31436 42558 
89328 58665 
26050 3143 
75855 21769 
55649 7559 
70499 34425 
20329 64663 
9185 67647 
98853 35566 
3938 65746 
58414 20602 
33245 37444 
91682 67186 
585 88201 
91427 98417 
78856 3042 
94959 19409 
7007 35345 
30746 18596 
81814 56389 
77777 44622 
92534 72883 
4598 5946 
79072 25283 
89415 9902 
55359 38365 
35253 30731 
28749 7382 
84888 71962 
63594 68035 
9111 67531 
82493 16568 
88872 48154 
72317 17500 
36915 84731 
63712 60810 
7786 8915 
82611 7828 
26388 2519 
30177 95673 
24789 42033 
33621 53745 
14531 82281 
24537 22608 
37454 64152 
43639 55552 
31869 35299 
41229 26157 
22897 79881 
41234 61412 
95899 63625 
63329 69229 
40115 13908 
52442 31646 
56012 71033 
47839 90579 
4299 66512 
35036 61674 
37146 6935 
62938 73622 
92904 67856 
75885 45248 
54445 31157 
5706 80744 
68212 31462 
92418 84615 
96187 12449 
53839 72226 
26184 32245 
4220 79251 
97243 98650 
29865 53947 
6349 59512 
65757 49803 
50334 21364 
81392 22981 
22496 20301 
76261 78885 
27359 23066 
5884 5250 
98945 93470 
7785 75369 
8042 19507 
73497 4357 
22153 59900 
17444 93806 
38190 35330 
26476 5759 
42421 59230 
34852 65617 
64795 75763 
58641 5394 
85476 48498 
40785 23708 
20282 22303 
3478 56930 
58686 63083 
78071 27131 
53134 65270 
84332 56758 
61670 5337 
60727 17445 
27182 11113 
5243 10880 
36085 11304 
72365 63412 
36823 27385 
85925 52820 
14335 70905 
69874 75671 
10421 13245 
69403 6720 
51984 1997 
33396 98026 
99163 8408 
55838 14739 
53628 3673 
28618 6997 
73645 78407 
41035 72904 
26998 39216 
72387 76265 
75435 39078 
63165 44568 
25057 24088 
17661 87659 
95889 8151 
86213 45587 
60857 19337 
98835 95325 
79493 96831 
73665 20379 
4919 55836 
3418 74709 
73980 79270 
30952 53005 
99912 39710 
61117 13006 
74497 2821 
20161 82393 
52379 14376 
66316 22712 
34093 26951 
75542 15871 
86290 79565 
74981 84914 
37779 3718 
73311 60132 
68188 92726 
41991 53968 
62441 37700 
34273 13780 
38676 3194 
89933 80194 
69858 88256 
62783 90591 
10042 94528 
25357 32243 
5106 2029 
50550 67639 
14747 35390 
43513 25766 
97594 88559 
98813 77416 
14584 64373 
87588 90022 
87016 76914 
37397 88102 
5239 59157 
53458 29085 
21476 16224 
44159 41104 
76043 65389 
55970 59268 
52 8009 
93357 40030 
9664 85681 
97763 29414 
57062 83181 
86439 10216 
31518 54102 
6659 55706 
10306 61637 
43778 72962 
43655 46574 
32624 27610 
20546 57303 
60868 3609 
2895 2552 
20322 66620 
34478 16539 
57491 67602 
27963 58375 
98279 44428 
8482 2794 
73378 53678 
45414 17688 
50669 92162 
35404 65390 
88876 48321 
9087 9321 
62738 57342 
21631 55339 
74134 20621 
52873 8015 
55881 90180 
86738 76080 
95326 11680 
61550 18386 
53396 65879 
82962 82017 
31434 47710 
69466 47519 
42918 74562 
56769 62766 
80091 20957 
21811 16580 
26552 35472 
99789 75984 
56012 7590 
58274 86845 
74731 17094 
61373 16684 
10524 16705 
3822 519 
24800 69822 
20045 35918 
25715 89579 
76387 61755 
90353 2833 
36113 46725 
61708 93311 
46220 8255 
72327 61784 
32704 80231 
60586 77997 
6670 48837 
87887 88998 
77482 79786 
35478 91580 
41167 67376 
58093 72760 
62337 46047 
98325 71505 
96168 18490 
20386 17375 
3275 70874 
4836 57334 
94825 65374 
56901 90620 
7813 22947 
20154 93454 
51157 35172 
54615 30240 
82112 72987 
33750 16019 
69473 92269 
38363 16122 
75138 71474 
77057 43263 
38828 54909 
42714 39790 
82099 16752 
22352 13338 
57265 5509 
13751 27861 
54436 76411 
66424 38799 
45616 70080 
56744 1103 
88627 49837 
27516 71893 
35628 67130 
70746 75731 
91071 84820 
9080 99781 
42171 51452 
36129 38598 
41316 86118 
8840 13843 
54304 3180 
46067 52896 
906 78848 
76703 22196 
4963 37499 
97985 76027 
40094 14622 
50005 99579 
4026 35417 
85998 96283 
79708 33297 
19636 93733 
44537 20970 
60340 19965 
70421 18232 
5535 32419 
16841 35263 
44809 65592 
56693 7962 
45089 230 
90402 82735 
28247 46833 
97656 52152 
22941 79308 
48070 50031 
71056 50814 
42204 24737 
95729 73140 
82560 22888 
92785 43422 
80554 32145 
90262 57543 
89910 51409 
31783 58272 
19540 79476 
78664 28008 
19681 39122 
92952 50944 
53916 82538 
58986 37511 
66675 56220 
24607 25174 
30920 38634 
94815 43968 
13916 2365 
90451 62591 
30374 93981 
92378 11440 
61683 69444 
27700 12683 
7587 70662 
18682 34254 
2347 79683 
7356 24610 
71314 40987 
89179 78168 
25775 99495 
37654 27502 
94056 62174 
78495 57725 
65083 54453 
76688 90902 
76945 9223 
32715 93930 
17480 95786 
45246 21974 
16500 68879 
86763 21408 
99995 93790 
55860 81126 
45505 82579 
15379 39155 
24823 58534 
99084 22697 
45279 51273 
71207 24056 
4089 13257 
53028 92324 
51609 39997 
88519 51282 
18766 70853 
7149 37661 
1604 45108 
56086 90723 
11527 88823 
16327 14061 
93738 12059 
87705 73592 
88298 3096 
26230 91890 
58350 16611 
43915 48347 
38274 66099 
35997 97081 
60867 47359 
83394 70055 
7158 39474 
89243 41607 
85006 52486 
47574 92363 
83403 16832 
9403 25476 
68236 38617 
6979 56192 
82207 76931 
20443 16916 
86758 34666 
22803 94316 
37033 92671 
18938 42376 
12259 58579 
2239 95950 
33430 46295 
88534 42992 
87728 49843 
51093 501 
44899 26194 
72828 79148 
94576 55673 
52167 14604 
55589 5688 
47655 89791 
8341 83753 
22964 71613 
79580 29201 
58818 38116 
65242 59428 
31197 77656 
11513 56197 
16270 282 
86837 50236 
71638 13415 
68353 38277 
60756 78793 
35064 45668 
32819 85766 
7022 29827 
43944 47180 
94923 5055 
7095 48419 
27696 57612 
88056 57632 
7068 11461 
22588 35695 
97505 99699 
16005 68209 
97568 94483 
528 78588 
54427 49098 
68069 71288 
77117 9842 
66513 97252 
76123 62529 
46105 29871 
6936 88659 
69184 89044 
23485 19681 
51329 53402 
53663 94300 
84855 56276 
93668 43370 
6665 69736 
80460 49700 
11596 42805 
42356 55985 
79696 74894 
46641 23025 
81294 73615 
60051 72608 
47214 67248 
13056 84593 
43205 16522 
12129 56199 
67394 97777 
75508 72927 
97506 10137 
77437 85241 
50616 93037 
73480 32837 
82377 27248 
45205 9232 
44928 32480 
46412 13418 
43116 67740 
55017 92414 
77192 86764 
34824 38861 
36806 209 
89637 71132 
15904 48698 
48516 89960 
51052 96395 
55423 75216 
46728 13463 
49152 59208 
40306 27598 
10120 88768 
76732 89744 
19451 67379 
8284 17189 
22783 50753 
8375 48414 
16281 54477 
90003 68383 
75607 20782 
49223 40425 
29912 82945 
11953 11394 
42415 60477 
48444 40519 
96692 16035 
33906 39130 
3583 5807 
76073 98433 
37404 59212 
895 25549 
82165 30790 
86080 4206 
18595 77498 
58873 45840 
10970 27946 
29243 99252 
59111 26636 
12554 42552 
65383 55900 
6845 89835 
29127 60972 
28976 6810 
21669 29517 
81224 44574 
13924 5945 
15281 68779 
25541 52961 
84170 82634 
39689 8064 
24241 16493 
80754 21074 
89199 84238 
83596 285 
66032 87207 
92488 39461 
38717 80138 
15432 45652 
29790 395 
25294 38675 
42088 1686 
43046 47122 
43447 26560 
60353 82886 
85620 98152 
58872 36431 
25373 10967 
61830 98434 
20490 52924 
9799 79923 
6332 96467 
87080 72648 
19618 55227 
37656 64213 
25282 14530 
474 98328 
19511 9012 
62569 49585 
27515 38640 
75610 64275 
88085 85647 
6465 4004 
18669 19200 
95670 17270 
84489 52057 
78981 55648 
53112 44059 
86701 45872 
1942 30943 
73052 26837 
60240 93843 
43575 61453 
9599 74735 
42433 37259 
37166 86184 
33392 76841 
34466 59909 
58431 89376 
61353 28036 
86100 7958 
49364 33314 
68105 73909 
1685 20173 
7097 48874 
57986 67145 
1201 58284 
31497 83046 
71572 95621 
93036 4206 
98098 45936 
72077 98120 
85356 19207 
68475 106 
56007 19359 
20166 83828 
22054 13175 
51892 94023 
15722 4791 
37958 50309 
71212 66139 
48021 64677 
36150 21430 
9123 2033 
57296 34651 
9399 53160 
28922 3066 
89368 82485 
14238 16820 
15204 59254 
50329 5024 
5054 80035 
25327 52050 
84279 42885 
72845 34300 
78372 39132 
63198 97304 
13352 87348 
83531 65797 
82615 45973 
89693 55274 
56472 5947 
81545 32534 
56042 82778 
357 54861 
86690 98695 
72060 2731 
27863 69813 
23330 9330 
5972 90701 
78832 81649 
34848 39310 
7419 2567 
94386 8897 
22699 1094 
32090 10414 
59080 78793 
14569 78747 
38261 84452 
26423 59303 
13119 36150 
12480 47563 
26024 168 
86030 3622 
46845 49539 
80476 66088 
62260 41543 
4727 45368 
72449 73102 
73704 84974 
13852 95746 
24475 41374 
67389 97741 
95844 47798 
30400 89938 
44601 95517 
27523 64062 
95200 87262 
10831 27386 
71270 91816 
52774 56135 
37173 56209 
66807 51463 
85708 12535 
85 26462 
44119 50105 
30169 436 
34701 10444 
63434 27544 
18610 2615 
76709 40909 
71871 29381 
65661 50435 
91119 60935 
63508 92830 
3274 92248 
71899 95676 
58138 72489 
2131 83954 
15794 589 
59343 26996 
1748 39667 
14932 96635 
91889 14884 
3153 83180 
6656 24216 
46727 94856 
39178 9703 
63225 48480 
15718 7938 
29123 44379 
88396 22858 
81632 6974 
89952 41342 
19749 63905 
38229 42707 
25467 31254 
64075 36865 
63656 70137 
50548 2721 
34870 80836 
13562 88340 
49166 4640 
24553 77489 
61010 10689 
74254 23315 
55424 55380 
3345 99282 
3772 15260 
80524 19891 
13914 10840 
91444 39311 
83928 58400 
13023 44698 
31221 9599 
86763 22842 
9545 64576 
72017 93676 
45291 73269 
55560 72291 
21417 71751 
17328 42267 
12455 35682 
3879 97439 
27255 71341 
40901 36693 
47495 6199 
23995 76917 
59433 85623 
63013 82937 
64000 30070 
19385 102 
16031 57992 
68133 15080 
87296 33687 
36733 63552 
69959 56455 
21449 49625 
37196 67669 
58492 41136 
55911 15762 
32089 57460 
2856 85626 
34505 71982 
69926 68543 
54036 10094 
56985 21531 
56225 35409 
41323 40869 
40764 81800 
81685 53558 
2021 6955 
61763 12607 
94606 14325 
3186 67301 
7109 14663 
81216 67965 
76870 75783 
57737 56252 
36607 39753 
5594 86626 
69716 70396 
35918 22429 
65244 30833 
55817 50848 
5821 80700 
77651 65051 
92225 25771 
73074 68934 
6827 48880 
15154 70146 
44776 390 
80047 40449 
96613 28854 
86128 38981 
48884 88112 
32867 13589 
80379 65759 
64422 18210 
70748 39695 
23561 10078 
5588 84480 
80453 19626 
57445 17205 
17761 17999 
45751 93851 
28645 42412 
30353 41367 
37438 77934 
73095 38185 
84152 35774 
9812 36427 
23427 12817 
11117 52758 
76124 64855 
74571 41671 
37509 76884 
83039 4899 
89797 67819 
84517 83748 
88817 24107 
97191 27322 
94654 16989 
20201 28919 
94328 21513 
35319 75339 
20943 21938 
17696 59394 
8206 57767 
34857 64602 
31791 37419 
2277 42886 
79776 22423 
81157 71000 
63214 64026 
49455 89518 
24868 56221 
50703 99369 
29251 54477 
26880 15244 
20320 97820 
71324 52646 
14524 63405 
95621 55893 
56397 77379 
90426 58106 
1455 3559 
74342 1011 
6893 32346 
67245 32331 
4439 96290 
94894 41615 
1671 45864 
30150 91538 
8211 29227 
2834 51013 
11434 33188 
65007 38926 
32686 59025 
81383 42828 
79452 26492 
25616 85663 
71540 22077 
2352 75365 
60056 33455 
82246 87166 
76790 41085 
32532 96462 
48625 70036 
49272 1312 
86641 40373 
49087 47966 
12859 92807 
57937 214 
18868 7842 
42440 73980 
60087 81244 
65253 92216 
76996 66448 
10191 2009 
386 45368 
15060 35733 
41547 43099 
70569 91156 
90267 59123 
92248 51589 
43615 47867 
48932 66509 
66711 44886 
36172 65484 
43036 1387 
15845 83851 
6290 59492 
4262 37233 
58424 73360 
80235 93843 
69179 57175 
1857 58430 
21330 20026 
66148 99817 
12783 29803 
19265 25151 
51794 33516 
26623 28312 
84780 49812 
42075 17365 
77559 40959 
73193 56512 
30320 66217 
25733 41678 
44206 16247 
24539 65708 
73162 29102 
50397 19051 
88478 92343 
2800 14932 
55507 42961 
97083 24135 
72063 87016 
31066 53908 
46291 74311 
11132 7873 
98093 79911 
10560 19454 
52711 63935 
43990 59985 
57636 3827 
81033 84478 
94745 19166 
89344 93010 
78432 38099 
92883 53705 
27427 86597 
54605 54514 
73155 16987 
44513 25290 
20654 30610 
33765 99124 
9454 90937 
63445 62434 
31282 68107 
72654 77027 
49043 3631 
34712 44163 
27277 34840 
42586 20561 
28105 72703 
5023 89406 
48689 83737 
63437 35558 
76282 87009 
16248 73508 
15219 40594 
42152 29066 
96503 58352 
46713 81318 
15133 67549 
17710 30094 
52928 90545 
63825 66002 
35296 9712 
28544 85022 
39272 53702 
16555 7715 
17100 25340 
43461 34317 
24763 76656 
21285 91267 
48030 24965 
22043 2194 
18 95385 
19532 46937 
23653 69845 
95576 55861 
70086 20341 
11070 23566 
39790 5142 
84497 15997 
66938 10573 
90969 88071 
99634 28214 
93397 25087 
78652 67533 
44055 70523 
45578 17408 
49572 5276 
17579 86457 
75319 98928 
50525 71751 
76167 62365 
74740 28215 
79784 92849 
28444 36926 
15894 17600 
32727 99505 
80344 10023 
48932 17920 
46371 73886 
34371 54308 
87096 65087 
65555 3746 
53080 48076 
29446 54470 
56679 64584 
92726 54613 
50962 25973 
46665 52317 
55133 27372 
90896 26955 
70669 21676 
63252 83183 
52796 84571 
44810 36688 
50483 47925 
69334 80750 
4751 78212 
44611 86102 
99927 29077 
49433 53091 
95348 2704 
4536 4771 
26072 13358 
28322 82294 
50306 58275 
78992 79875 
38561 66024 
53501 35577 
44915 10521 
60760 76322 
74368 50081 
11578 765 
61852 75201 
71102 72059 
8308 26201 
794 84037 
77132 72436 
76536 58971 
40301 28471 
6981 32818 
77704 19421 
92040 84746 
75428 97621 
55211 71724 
39210 55827 
55455 36113 
37771 78372 
34393 64427 
17417 21000 
82850 88820 
84074 12534 
17095 39360 
31850 27127 
39618 74775 
8222 84511 
21858 42125 
45133 97487 
87064 41704 
52565 843 
90250 2513 
66547 63941 
89254 5747 
67105 10425 
75947 29016 
33338 42793 
89892 22370 
82543 97047 
68099 68734 
48277 33172 
93983 25975 
88232 903 
96235 95549 
76994 7067 
14054 13620 
31020 50689 
88992 14472 
33591 85163 
65705 73221 
76021 12952 
83922 95055 
8073 17606 
22239 81631 
95320 90323 
10641 71739 
14082 13859 
63149 22995 
75628 25266 
94596 74056 
60476 90766 
76226 2761 
60908 91001 
53703 74553 
75252 32982 
98047 57743 
70976 76223 
85135 67339 
35340 84899 
2624 87628 
62111 95272 
64507 15144 
80771 18219 
72956 58308 
20669 80388 
4750 27784 
16746 44300 
15272 52448 
5731 37692 
46912 59917 
32120 65431 
718 67653 
81798 73537 
80171 40977 
87805 84168 
44261 87646 
7543 22860 
13316 75194 
53629 14872 
55564 76846 
71641 36196 
44967 74571 
97143 66592 
21614 73722 
91692 6962 
4795 12715 
52908 91430 
5854 83324 
17249 45694 
63013 12424 
25774 17539 
73594 94392 
2974 32831 
30395 4899 
6661 10876 
78462 71406 
42927 6732 
96098 23495 
4364 34871 
69660 96994 
82012 68526 
75552 19881 
21898 2136 
4797 65081 
45598 10470 
65668 15514 
30886 37367 
78058 50153 
53318 99426 
29661 26311 
22533 95573 
98471 3061 
8071 72125 
58714 23409 
38663 4769 
78057 48717 
76248 23835 
82784 17912 
11376 27288 
14599 86101 
183 97089 
27798 82502 
64805 58836 
78824 15958 
8853 2108 
41498 47815 
57513 9437 
40747 46575 
17846 25561 
35225 36473 
69035 35419 
94942 53036 
34608 9295 
13879 22652 
59078 16559 
69520 90333 
9977 5694 
91347 30090 
52907 97552 
28562 85735 
2044 41287 
13637 6415 
31415 37925 
2785 60808 
43320 45259 
37016 36694 
29412 39553 
8202 58455 
27264 24497 
33382 84082 
70630 45900 
37540 75401 
55158 91822 
20171 70469 
92977 32145 
34186 25478 
9354 79038 
37035 35013 
42537 30319 
83423 84126 
43919 91441 
16572 33456 
39853 58596 
80721 89494 
8677 85432 
21379 66101 
46988 48886 
61857 519 
47670 75874 
44669 47352 
88895 91865 
4616 37398 
38066 4826 
96751 54701 
7603 43578 
36846 54816 
60500 28306 
24612 20058 
52735 62771 
10640 23348 
16904 2721 
36875 51313 
36881 73071 
27396 19397 
36797 77591 
31407 97008 
9335 69178 
23526 49090 
38094 26229 
47831 92041 
26708 11184 
51591 56492 
33413 71005 
92209 47250 
23945 76189 
16607 91551 
97920 84831 
6172 70811 
14252 61329 
52305 38156 
39721 75523 
77752 34301 
71445 57366 
47101 27693 
38803 84661 
16179 21354 
73254 36989 
54549 88506 
45565 57606 
37927 21766 
9073 26952 
48032 6635 
54935 66301 
36251 58964 
80700 58202 
4468 98231 
97094 91505 
31497 63720 
49552 13124 
26791 19044 
10823 96093 
24444 32004 
8896 14064 
39970 61359 
90494 46077 
99948 29860 
84600 22248 
20341 13786 
22706 60966 
53146 33200 
92921 41251 
43003 84291 
53604 127 
35492 15417 
8840 44158 
57061 11845 
52870 16777 
42893 20681 
23480 68548 
23467 17109 
65428 36251 
93198 85840 
94091 48449 
75230 67510 
66856 40175 
65326 98794 
15147 77403 
84768 57138 
63537 63208 
97273 6241 
64053 21782 
48152 26821 
3555 33968 
65291 8687 
99988 28492 
21018 74784 
89356 16800 
91479 5607 
19387 96210 
65920 33289 
8192 36019 
52074 78650 
96592 4297 
95865 11628 
21350 89269 
83691 25777 
63178 18515 
23826 30877 
78206 81646 
9783 84226 
4476 17707 
52974 793 
46093 37211 
34597 5186 
76796 10564 
67407 14245 
72017 69549 
76866 68087 
73891 36630 
8142 59573 
17232 18005 
40538 47375 
96141 70679 
44130 76263 
30684 81241 
44771 69680 
1015 74616 
73058 4330 
52344 4756 
60489 24263 
38285 66023 
11721 2794 
62452 4003 
25747 14627 
98539 97509 
60700 37654 
17674 29757 
37179 64189 
28497 66000 
53139 64732 
40196 7353 
39789 13903 
91638 96099 
22374 57791 
50775 6463 
62355 74718 
77669 66673 
48178 57314 
61748 23026 
70714 22774 
89338 74798 
66395 40333 
71032 79986 
36182 50212 
60121 56199 
51721 36698 
23117 78477 
41389 9501 
81275 6337 
8405 42180 
28076 56094 
70786 14166 
41805 71274 
28631 3799 
54603 33892 
58091 83808 
9834 2462 
3340 77761 
38096 58744 
87942 46311 
8899 94597 
95281 85400 
69800 72722 
74015 35119 
67696 50666 
9023 17522 
58029 66112 
60892 44484 
46784 43353 
17727 62522 
77482 95728 
21913 30561 
70759 66918 
31414 58687 
47656 75151 
50315 71259 
19422 98706 
16521 96061 
6396 68540 
65885 22726 
56457 14421 
1489 18271 
69574 44657 
84430 35352 
99119 26309 
28162 99694 
92928 72738 
22299 17207 
57473 38380 
33762 98372 
77068 66859 
33244 57777 
96676 37832 
73193 10046 
81671 10441 
99865 49898 
834 66785 
16456 73720 
39873 17517 
26936 72787 
41939 43504 
80932 4126 
88882 12421 
8835 24050 
82406 27212 
83300 51496 
57821 34536 
68388 13562 
64731 45669 
20851 14024 
78822 99722 
89355 57107 
66771 29636 
16978 53413 
12382 75102 
89851 32676 
26180 23364 
90588 88885 
2998 48802 
8952 87301 
62500 65267 
34217 70068 
6100 1327 
3754 7325 
50435 57900 
10606 54129 
52290 10186 
79162 90005 
22816 71392 
2509 37554 
39912 44415 
97653 79316 
6776 49475 
75490 17960 
71963 30643 
41302 53869 
21647 12243 
38483 86339 
78360 97337 
23321 79829 
92107 74790 
11881 75118 
89581 28866 
71380 66706 
55068 25866 
37909 12417 
52697 86028 
29980 88941 
63850 35684 
93060 57917 
5805 74677 
54143 61148 
18135 87026 
87350 20711 
51883 69096 
91672 79918 
73223 48789 
60163 84532 
98081 21746 
76272 70075 
7112 36106 
7448 90757 
51464 16049 
78768 98267 
48908 26192 
40 54563 
87220 43824 
88711 41796 
97085 24040 
77856 14643 
30353 14036 
23623 25559 
81114 97125 
29757 41857 
16871 24489 
88145 65010 
44967 23247 
93809 57219 
25492 53102 
30370 78019 
56026 20655 
37738 34603 
95879 50415 
67606 53523 
67896 54592 
4330 88568 
74415 39962 
78851 89872 
90651 39404 
31542 72684 
53543 58151 
86233 40732 
47022 80355 
82091 38749 
95687 90291 
72693 31469 
18045 24279 
42290 32302 
57752 84415 
8164 33879 
6684 13222 
74896 24799 
57247 49525 
81522 12167 
72942 60210 
35724 7867 
46021 69910 
60571 78065 
18980 91281 
88817 6 
82639 92181 
27321 17975 
27762 22920 
79911 41146 
19418 66647 
60839 80034 
83725 69049 
52973 75441 
45125 49694 
64923 33979 
29019 96696 
19587 47686 
49372 98790 
62879 41722 
33801 74501 
15934 63765 
99699 16766 
6650 1510 
84118 83183 
7144 90498 
47386 27013 
72585 53567 
15896 82121 
23786 95296 
2987 86231 
41088 60103 
48534 51189 
40252 51007 
47625 66376 
82435 97593 
96638 51970 
29818 56339 
71037 62441 
96009 24200 
63395 77513 
56124 47265 
52409 7715 
75228 10250 
44114 84761 
85864 99784 
25001 3160 
95427 44632 
93444 28782 
32426 49438 
90586 92545 
46962 55029 
34784 42964 
65277 77976 
74711 39979 
60797 4860 
15402 34302 
44822 42550 
38802 91482 
98853 54833 
35782 87913 
67546 47840 
90134 27243 
6357 1986 
6710 99935 
31161 86496 
55658 36182 
48498 34124 
12612 82935 
54557 98280 
10734 69498 
78607 62527 
84671 12978 
12305 23319 
78758 54790 
10174 20828 
12228 12493 
68486 49836 
42712 77449 
89930 42953 
45981 88072 
19602 81760 
34651 60909 
94281 58006 
71513 67350 
81345 76615 
94141 2438 
96354 64997 
56645 4109 
78988 29059 
11662 46084 
75921 75297 
1143 45736 
26156 482 
97994 99432 
69459 35721 
42291 82177 
1746 20037 
45606 25802 
82626 70117 
94843 20545 
59773 7517 
73055 68533 
12410 2359 
28871 54497 
31888 93436 
68410 89003 
51215 48634 
14030 22539 
7346 36741 
72732 24999 
70152 91915 
83749 74395 
193 65520 
69606 1115 
3804 76500 
97859 89571 
38420 91104 
71751 47782 
83725 85532 
7190 17276 
34876 70956 
20727 10599 
92946 89354 
48640 31818 
24677 20739 
40743 56584 
38737 77629 
24228 22625 
78901 946 
12592 9007 
65920 13086 
42664 63040 
29320 28486 
58726 67423 
57963 69797 
26932 27012 
63935 88630 
55479 94564 
98154 43873 
16411 47845 
78095 47675 
13470 76721 
88095 49466 
17059 38123 
90941 91758 
92186 89258 
45794 37974 
78148 14975 
61960 42177 
39762 23904 
30626 3335 
99101 99799 
67411 22625 
73991 59450 
67409 61297 
94919 86604 
21382 78727 
45552 82517 
66882 15569 
73721 98095 
51247 75268 
49497 89998 
64838 48724 
4927 73656 
62290 21502 
75997 29857 
27184 761 
81575 58355 
51268 99934 
16367 61893 
93184 23208 
5308 87133 
53657 98970 
65390 45123 
54164 21658 
47534 83297 
34374 74812 
85949 83423 
89936 24634 
65288 15468 
56725 93007 
26985 86073 
10207 41658 
75289 82123 
89340 25028 
10800 24834 
73243 98444 
14740 17877 
35878 278 
30711 94210 
79046 62066 
42349 40633 
97252 38913 
25087 6525 
59322 94030 
58126 83749 
1145 15875 
18770 78470 
11490 94116 
45432 82367 
58587 31522 
47894 90743 
49011 22890 
63831 8031 
32351 89240 
9137 27437 
65296 15770 
46240 70751 
26935 5440 
99402 26807 
33459 26551 
78890 32639 
34905 2329 
36944 67 
89182 63263 
67634 2269 
99350 58831 
79977 99840 
68958 4259 
19098 3888 
77229 20067 
83752 44928 
978 7432 
90193 40641 
13360 90771 
62139 33014 
70919 50433 
84521 95925 
59833 63046 
44722 97959 
9918 64800 
99164 42027 
601 53833 
45421 93321 
76979 51881 
50393 50191 
66020 52504 
83666 8742 
33079 93430 
31804 21236 
47101 3949 
24122 50848 
29261 94792 
83397 80889 
44241 77565 
26001 45289 
55947 23542 
75114 8956 
10200 97528 
17953 41576 
25766 31483 
33351 96475 
72086 34740 
39581 27347 
87140 72896 
63962 50002 
42117 85845 
15565 83694 
90910 56916 
50269 87158 
51920 89701 
53431 38217 
57258 96945 
29595 92578 
70148 56697 
80976 97418 
15196 44980 
76827 28419 
88153 11316 
64361 65090 
11883 23747 
48545 18546 
83513 73318 
72887 78343 
14036 94540 
66207 50549 
96153 27951 
81480 17898 
48712 23647 
41926 64728 
76840 60566 
26884 74298 
55704 35253 
75342 24192 
92808 56037 
58594 76676 
48839 63724 
75114 85205 
290 88372 
50535 15717 
8434 43142 
83541 11919 
18712 50905 
64500 17451 
52170 97002 
7828 4646 
66322 2460 
81377 49533 
56662 15944 
86518 35800 
42009 29882 
41163 66633 
26981 36427 
44597 12646 
63100 52322 
57794 26584 
36400 58220 
15799 11010 
93866 17659 
99794 33932 
83621 63613 
35614 49079 
24540 66470 
52781 92528 
39761 26232 
33526 95435 
85587 63916 
4809 73788 
82348 22348 
77988 30468 
6999 24948 
20606 32288 
38613 82581 
52652 5301 
57380 83221 
95684 25310 
85313 46870 
67379 67373 
22599 79108 
6359 17997 
77387 10621 
32524 46820 
8748 67194 
96698 80742 
2678 74907 
50032 22792 
79202 68659 
68388 10470 
85012 38625 
99855 13849 
60528 18926 
64571 32434 
82879 95483 
25194 61577 
77013 85970 
63634 64186 
56001 23728 
45096 1562 
98577 59679 
23988 48338 
97032 81489 
47923 40866 
11837 37652 
45846 85788 
50675 45631 
44186 86143 
49086 57840 
41012 26011 
67470 57018 
82294 91535 
34962 53395 
26698 96097 
64521 60066 
55701 20493 
35546 30146 
84395 75139 
90430 49474 
54988 40658 
19697 92073 
49790 45642 
16701 62040 
43390 95949 
67345 65175 
24775 78575 
2878 76433 
59275 24989 
84541 95124 
27537 33709 
7694 8828 
74105 20023 
10014 19097 
21761 81894 
43473 17280 
59386 45455 
22997 37176 
90955 80898 
96083 52744 
41119 60156 
87108 33699 
48914 61461 
57672 19610 
45279 12671 
90022 23963 
2337 5203 
44480 33672 
62831 3485 
63730 26667 
6617 21017 
96976 90391 
87793 33462 
95125 87483 
80814 51606 
84592 81367 
6873 82627 
61698 4143 
72832 66780 
62319 21896 
44190 88407 
52100 28441 
90811 25181 
51430 77512 
89593 17483 
56343 45537 
41753 11057 
41595 2397 
64096 50397 
35399 55945 
43395 77726 
36655 27554 
943 23046 
4962 10614 
347 54385 
91322 61631 
45823 94208 
93150 74472 
60509 97893 
11066 92294 
4744 33240 
56898 18841 
92783 96170 
12457 1025 
93087 47090 
66815 68102 
52099 54852 
66231 29252 
64352 90762 
95272 51003 
22759 23853 
70340 58689 
22116 30373 
67483 32012 
56134 45456 
25256 93788 
43712 52947 
60346 23081 
43711 30591 
8788 59178 
69149 42083 
58810 1242 
91513 94931 
72693 49999 
33796 63642 
4532 82399 
86917 11448 
8323 98011 
48323 30583 
96596 26722 
73864 61077 
53596 41371 
54444 41106 
29044 76034 
77496 88110 
38544 10967 
9953 9222 
75006 48565 
44231 91987 
91707 71206 
81584 31914 
52180 41493 
88285 12103 
54639 78138 
49203 62002 
29428 16628 
60660 87279 
76791 42811 
49849 80884 
59261 69660 
81622 96542 
88037 12750 
15144 90261 
45973 8338 
2666 12846 
71108 9447 
80582 67017 
84192 89995 
89007 26384 
81202 84751 
70211 50372 
27615 93780 
38592 19121 
85028 84054 
85235 55456 
72682 28017 
78662 97201 
16565 29163 
50038 32455 
66975 98058 
5868 12856 
71782 58736 
94153 15451 
77088 85038 
60976 32469 
89601 89201 
73694 30110 
75741 10912 
54148 32420 
91359 84009 
60754 54355 
32912 90169 
81845 29370 
76041 44156 
54307 51160 
20731 93611 
1344 76609 
93542 57821 
91098 17619 
66932 74592 
53899 83116 
43231 72047 
60076 19410 
16596 33102 
52553 36975 
70081 74332 
48844 4817 
86977 18095 
75622 39778 
55624 97032 
75676 17429 
25163 93434 
31867 83667 
26010 82463 
85600 51678 
3339 17873 
88363 27641 
24420 71593 
14055 20337 
11423 14436 
77085 54790 
20109 4211 
46665 28134 
31831 29600 
21233 17069 
51343 43477 
28614 70613 
6153 7674 
47300 99281 
24495 62725 
2160 2388 
28480 30755 
73902 58886 
16559 57417 
75790 43923 
25181 99662 
93393 23295 
53363 70153 
53547 20995 
5862 56227 
87273 51275 
60732 41599 
78020 55954 
95296 72347 
41406 90116 
10868 25253 
65544 54956 
81081 56176 
52063 85192 
11228 28913 
37097 60271 
36791 50854 
38812 23571 
8141 70767 
73428 61837 
5387 26164 
5259 18292 
2452 62960 
47921 87186 
52655 88500 
13670 64974 
99449 60565 
15724 13888 
25432 59551 
64475 27376 
40330 38823 
62636 73646 
74395 99073 
96678 33570 
87499 86551 
42295 42195 
26168 72156 
50195 89349 
60928 28613 
55160 34132 
14513 86371 
56111 40513 
47877 15336 
47814 46832 
5388 49183 
45909 40697 
33216 41770 
36104 22577 
75608 21022 
95649 6341 
22631 84677 
80628 23044 
29905 64415 
46139 65480 
55969 70138 
68086 35300 
66130 14548 
65101 31977 
32994 9680 
77017 53430 
23373 21670 
42352 61835 
98814 67798 
31428 4952 
72770 40714 
34015 73247 
61249 48773 
70838 16152 
35748 68529 
96771 37002 
37406 15675 
90250 35483 
39492 54129 
78180 68908 
51726 79438 
28564 59161 
44387 32320 
54069 80860 
32761 20903 
8953 28117 
3204 56124 
29020 72195 
80958 33714 
59711 90425 
36796 28376 
40959 67982 
4713 961 
69092 48355 
36070 57884 
35874 35880 
46955 43463 
52657 34193 
25005 90555 
3670 38204 
49528 2571 
36638 83975 
44467 90856 
91175 853 
27639 45402 
85849 3255 
41602 74027 
33321 5712 
51641 5364 
29635 44070 
74572 14414 
68510 38212 
58404 95902 
64407 37230 
67385 80325 
29177 46639 
39551 60311 
36244 49080 
74604 70798 
23577 94875 
78826 45552 
32110 56867 
40679 54664 
49799 15183 
35844 12919 
33176 61858 
63694 37310 
8032 92698 
98511 23486 
8780 84356 
98270 5520 
2090 38242 
51361 61192 
54525 9738 
57403 25785 
46223 31123 
32084 81479 
3051 79667 
98000 96485 
18219 38555 
73510 98361 
60976 47625 
99878 79317 
24819 43326 
53315 47811 
50534 42888 
72991 60375 
70453 36373 
98711 90375 
59422 12102 
52650 16260 
45327 55892 
18391 40885 
27369 32593 
67508 85616 
73860 79631 
58989 38163 
22953 16548 
90067 71488 
89500 2000 
8327 92626 
89165 50218 
4473 24884 
26922 52646 
92704 74654 
61252 37273 
51378 84929 
47637 38127 
40513 31636 
85341 40456 
34612 76021 
40021 13328 
9422 46571 
91372 40674 
99451 87352 
59772 14264 
99412 76117 
98844 57666 
17240 85208 
1830 8903 
98925 30985 
58903 1395 
36129 33429 
19754 47652 
36386 86558 
61268 48295 
82697 22412 
33586 20155 
34369 36636 
59537 61517 
24231 32064 
92216 50027 
88672 28192 
93360 99323 
26414 79088 
81255 84183 
19568 40024 
11019 80753 
66198 23981 
92441 58389 
67493 93213 
20915 2718 
84626 38159 
95591 45677 
30438 6254 
25485 27659 
89366 56578 
79110 19280 
65317 32765 
16063 85904 
41723 66251 
50082 86700 
565 44662 
32199 61870 
87895 6054 
9947 76581 
32245 48690 
13951 58253 
19243 78201 
46790 84997 
918 49196 
673 57341 
71329 96794 
10251 12824 
71550 95045 
54804 23589 
96504 23824 
60076 50811 
63713 73562 
14182 16608 
69797 68024 
4320 94016 
4356 39387 
1392 8699 
12879 46955 
68223 92221 
402 91146 
43671 26067 
45862 37728 
59767 67989 
53446 33817 
81876 57876 
1707 66743 
22943 58991 
63810 89689 
72044 2262 
62999 13835 
94724 66249 
96227 45797 
8045 43464 
5853 31227 
6780 14935 
4417 50736 
18855 79198 
60727 2668 
97937 59359 
36824 98729 
18955 42427 
24898 93161 
28399 88803 
70774 63850 
15383 86659 
86369 64659 
11754 15824 
47321 72295 
99943 28924 
43979 58121 
5769 53676 
4058 25583 
80097 69552 
33464 67332 
28002 14496 
28136 12576 
27044 32915 
94263 54861 
87236 84878 
76778 73227 
44516 98257 
36806 85553 
46755 60497 
37544 1921 
86792 14763 
95067 77951 
60483 46406 
25611 3319 
79456 20000 
74141 99035 
47990 54656 
40337 38589 
21412 5872 
27614 52666 
99388 55876 
28381 24914 
71669 1238 
24488 37125 
26137 66459 
25623 76163 
49409 65323 
90430 72150 
98765 77982 
75184 97630 
871 11063 
33111 20842 
37522 60519 
43770 72715 
11537 2537 
86389 56845 
46998 96470 
83648 4450 
67166 95613 
33128 52190 
10692 26559 
12485 99749 
92168 15951 
91386 86180 
86572 14632 
8337 9292 
18851 93512 
73763 732 
69638 62909 
42041 60905 
66045 97704 
54661 52531 
12484 34312 
94290 49353 
30623 42313 
5231 37430 
19907 63525 
29636 70426 
20434 54349 
80761 87443 
58549 63426 
24709 12204 
82167 25964 
70278 65756 
47605 58516 
72900 41398 
2654 93569 
43137 10123 
21604 2006 
12783 47661 
87139 13290 
52344 57 
81287 58190 
52539 33747 
43012 26919 
79394 48190 
73588 56748 
87650 64421 
22542 37482 
30383 41201 
66741 50618 
34120 12007 
3114 38576 
18166 80701 
11526 34084 
24504 61460 
8486 66614 
90312 99471 
4665 2710 
38996 62856 
99583 70111 
87643 53432 
95396 61769 
68844 44196 
88346 15167 
43104 14745 
1227 14806 
34374 22405 
53149 71269 
55737 16434 
23891 88976 
4857 75423 
59302 46571 
99528 23920 
81523 78790 
92522 63274 
13149 66773 
51885 33850 
98065 14921 
17946 11008 
3283 16762 
51519 25621 
15922 89706 
69116 91409 
7398 89136 
20492 15993 
22881 95984 
1401 70347 
68283 8759 
10195 92162 
9305 60906 
50729 2684 
67471 27495 
56022 23704 
96635 81368 
57204 91601 
50085 8247 
50514 78777 
3186 92700 
21459 49262 
79357 42456 
69721 94957 
38285 27253 
40981 21684 
24369 70188 
12571 80122 
40736 44528 
98701 65716 
9516 96959 
37986 43747 
2660 39480 
1091 91020 
79205 26436 
9535 84032 
44688 60649 
88054 4926 
56319 53152 
82371 81227 
33565 94745 
61855 23076 
97945 84377 
92229 72555 
58137 99341 
7375 33732 
76889 85288 
31240 9129 
4776 90305 
932 28642 
42503 66576 
20345 20242 
98229 15618 
29968 38359 
39318 58632 
13049 35433 
98924 72211 
70826 34895 
87023 41450 
90308 39708 
72742 47468 
96919 89608 
50286 24389 
31284 62314 
74270 92041 
14538 99215 
51942 94944 
69773 24456 
9555 55597 
48566 17806 
8067 80641 
71025 96347 
69371 42164 
25365 57774 
88440 93235 
88767 38973 
49013 66696 
25113 47528 
30925 49306 
87160 30983 
95640 19509 
828 58891 
63279 86443 
37472 6078 
49175 70223 
86385 42081 
10902 19108 
24236 51290 
67787 67853 
40748 31145 
94044 3362 
20643 41554 
53959 18694 
723 7757 
42994 4564 
17951 10952 
22165 48627 
39462 36263 
84755 87204 
18672 86026 
74176 81503 
53017 7851 
79723 70991 
28290 31546 
72993 90234 
22178 56769 
11891 22360 
5296 84124 
31450 2239 
21885 36439 
61091 75518 
54292 74074 
56475 65882 
75470 68398 
10786 2179 
71933 60894 
15039 9538 
75987 1927 
69934 74128 
80472 32769 
12814 49940 
21916 47277 
12432 87756 
8673 45487 
1535 31435 
39483 70370 
62662 44701 
4868 1157 
56109 2800 
88877 61874 
80657 7742 
91899 92110 
87460 63244 
76630 18543 
25387 76084 
98743 60394 
82148 34260 
21413 99705 
99707 49169 
28556 48237 
84757 38942 
45524 46793 
5448 73170 
47919 39866 
64089 95423 
89339 78815 
62209 89285 
7053 20096 
29161 56077 
70973 1643 
68321 27996 
25751 49 
86032 49108 
38433 94022 
7534 18412 
4816 85416 
51471 4190 
86522 58176 
29923 6855 
47748 87642 
64483 68779 
35765 47924 
60537 3816 
2469 3433 
61707 46751 
95611 12168 
14304 3425 
57828 12962 
7706 15993 
59188 16674 
20704 44588 
54669 72178 
96159 6609 
1875 32003 
86734 7909 
96219 99605 
62971 46356 
80950 520 
51674 67555 
67569 83014 
77326 4965 
58587 20340 
12174 42200 
98998 56373 
1683 93998 
95463 9113 
21168 14187 
32930 22448 
36747 3850 
87241 35554 
89146 11050 
79266 21466 
92413 84571 
41201 31575 
41289 68536 
68872 71208 
50722 2127 
15272 22944 
8983 19266 
39978 28943 
11812 26748 
66745 41338 
59232 76182 
17264 50582 
38922 35005 
82922 5695 
90481 4912 
68393 47442 
43417 32250 
90968 85745 
48372 4200 
47754 66022 
75893 27070 
69242 85620 
39934 38535 
62185 41168 
14347 14383 
7356 10422 
49746 92133 
18444 98024 
65447 48830 
87239 3657 
86562 38395 
37180 3157 
19898 15092 
82474 68407 
13931 43995 
43198 90257 
27946 26780 
98159 10141 
43328 51729 
66740 10784 
86012 10532 
98574 64055 
93299 11277 
15600 84972 
50478 56972 
94913 94829 
43150 52008 
2788 53561 
19654 45150 
90340 81696 
34681 16975 
39547 55669 
49918 72118 
4647 26704 
499 2231 
28468 83179 
97067 44286 
25772 49074 
22405 70631 
16479 87033 
98883 12187 
60444 53536 
48389 34219 
92458 35834 
39926 55295 
81218 85537 
21736 24392 
39261 52133 
64583 48541 
92175 11212 
760 93933 
74906 76805 
29377 67169 
60539 85003 
72698 20086 
42693 36888 
10553 11564 
86487 92829 
90248 2803 
35022 17302 
7968 58696 
8417 83683 
84297 77303 
60670 61800 
11280 71826 
65932 27557 
31345 85079 
90303 53584 
19474 25113 
67810 62581 
79124 72508 
39977 50948 
29723 24749 
37235 19266 
58957 11188 
77401 78339 
36609 33290 
31534 34747 
38352 59157 
60727 98254 
7719 28794 
58707 94912 
92345 7118 
44628 14325 
26628 55426 
37999 67305 
97129 78834 
13440 81013 
19285 47165 
76794 12702 
74457 79806 
26111 20287 
4824 31254 
61080 88241 
40355 13401 
82761 70681 
36805 43027 
81770 80009 
36655 8550 
47573 19127 
25911 8770 
44126 27960 
48854 28168 
87821 90940 
60110 78238 
32566 31070 
38832 52435 
13769 98356 
63300 13476 
28113 45608 
45930 56073 
29234 73020 
58450 65598 
748 14429 
34913 23771 
27554 32793 
26264 96133 
23941 90157 
94325 72883 
92742 58293 
75357 24616 
83625 40168 
13758 77552 
90593 79543 
64997 9034 
78864 46259 
93554 13403 
59493 98127 
46392 90788 
36506 36884 
65442 66926 
35717 95238 
13561 60797 
87062 14864 
27643 78713 
72964 1011 
79794 28395 
74095 68445 
22940 14680 
40909 25538 
20722 99662 
94365 78605 
13250 84407 
12523 76939 
50009 96813 
91024 60504 
29190 50750 
74942 16903 
18681 75315 
47097 1947 
98178 99857 
23635 29065 
54115 20341 
51532 86783 
79556 65732 
24652 631 
79691 29224 
35082 16099 
60281 28487 
54703 42625 
81137 11543 
98279 65121 
89674 30422 
53848 99160 
10569 63484 
78774 38701 
56759 79070 
50552 21118 
44253 98109 
30303 13287 
38696 31362 
43873 4631 
35096 38189 
10540 78264 
73840 78029 
52558 19756 
25887 3226 
120 14557 
37919 72408 
65795 79727 
14305 47313 
73 73386 
26864 72767 
55408 26184 
85699 29471 
79960 43064 
74806 92311 
34243 30767 
54670 23104 
73955 16730 
60741 76000 
70514 38458 
81459 96212 
47149 98905 
82400 48313 
92887 3074 
54169 19002 
79352 13764 
816 1116 
46051 90292 
52818 80535 
38626 3015 
84126 15757 
81552 48603 
36257 21063 
41858 26273 
4110 38543 
93652 73575 
17962 11674 
24602 1816 
63985 53722 
34979 15836 
21710 37909 
67474 50631 
60968 23136 
71733 8144 
33164 68970 
51366 31615 
12135 86660 
63219 11947 
88376 19182 
38730 80844 
97078 42579 
75462 8831 
65225 33331 
3222 92785 
95873 52056 
63678 87224 
68808 52526 
54944 6354 
25899 36800 
83368 99772 
26799 42225 
33573 83699 
5992 64109 
14792 91763 
35788 89072 
66628 94610 
1469 38404 
10595 25985 
24619 98171 
15144 44436 
28541 43413 
1350 54429 
25745 47451 
54028 8407 
21606 4125 
18786 12205 
70606 80758 
59344 60249 
91972 62673 
21454 34077 
50061 46311 
99812 7985 
31498 87284 
32620 18997 
5871 12173 
54772 74805 
39678 58420 
25121 93040 
44269 15360 
5889 87904 
77690 1274 
12982 46123 
87609 26250 
74858 63179 
77917 58748 
34526 42890 
5139 34917 
4378 98669 
62455 24053 
36775 33183 
88881 91031 
4654 14628 
49133 77075 
95883 12451 
65661 53980 
12711 3136 
48555 93654 
33376 7519 
61288 34838 
36756 75118 
80668 21902 
12970 88090 
57908 36818 
82883 17677 
64400 44714 
27724 29380 
10536 25874 
86369 99625 
58854 72603 
12294 76269 
13801 88063 
94833 88106 
59591 36012 
40062 84362 
34893 55327 
75519 64197 
78512 71224 
89895 38358 
53758 6331 
43977 50381 
60855 19032 
92307 73103 
76530 73993 
36397 87784 
17827 80297 
89789 47726 
13234 16354 
72872 26062 
78373 97533 
71067 48253 
35764 32420 
83849 13833 
88622 56673 
64059 19081 
57156 29627 
97029 2541 
12495 28138 
97297 48704 
98178 74560 
7004 1648 
12021 91367 
64577 60090 
32240 83571 
74859 48035 
10849 11939 
52598 81087 
24645 34940 
30045 77516 
69499 65423 
16374 95259 
7208 9211 
71761 11343 
25838 27118 
12153 98536 
54233 89351 
92119 95599 
79328 71790 
22647 12075 
50893 77371 
68359 56372 
22530 52583 
34304 26715 
70004 9048 
96385 58592 
48410 53215 
51410 79421 
98227 73387 
62869 81429 
86937 32618 
56774 87112 
77703 68470 
78212 48144 
49503 6155 
53777 88250 
54134 50327 
17610 73274 
84684 32552 
49524 67599 
47342 56470 
42503 15050 
73836 699 
63898 64529 
85300 10737 
99660 45940 
20071 35440 
74253 90261 
67667 41071 
20175 79200 
9110 66511 
30527 4448 
49838 66897 
65644 14326 
45526 29761 
541 26479 
63519 37720 
93768 89304 
92905 94786 
30234 81892 
14850 29591 
40674 52543 
71441 38135 
28628 9294 
26090 31080 
42199 92377 
91458 6218 
12255 78180 
11872 75400 
41418 87038 
26410 37051 
68839 93026 
6062 319 
54661 62984 
53843 34993 
24986 84073 
80211 42501 
93318 74472 
17852 17609 
27643 10162 
19643 97921 
63654 42266 
91543 78789 
74113 24042 
48173 4988 
91944 14376 
43020 37287 
50358 75510 
17487 32019 
47161 36715 
33406 64795 
62391 52804 
2185 75710 
58493 46561 
413 12713 
70494 87615 
66515 2233 
49966 26725 
5994 81743 
61052 74125 
93804 87616 
39420 83301 
51563 3457 
15741 77451 
94613 39030 
74114 34905 
89327 27965 
62865 31890 
34616 3629 
223 26279 
83226 36843 
20588 54363 
48233 96597 
88500 4160 
98010 25449 
66829 23430 
29027 5019 
63354 18299 
19957 23768 
95595 99288 
12878 49234 
7619 35531 
37758 49929 
44508 85125 
94950 8308 
40283 79765 
37076 15542 
3295 55235 
46477 41257 
89435 35812 
87304 26976 
38009 269 
22368 60679 
7695 79921 
24026 51743 
90742 65033 
75656 40418 
2406 24922 
55707 44111 
39600 79198 
19806 63908 
77830 92864 
48121 49090 
28701 6342 
4895 44844 
11642 53045 
65041 28937 
2967 61686 
98681 76805 
12964 88315 
68688 81322 
7472 73935 
88576 93487 
34211 77545 
8482 43279 
36113 91606 
45543 46175 
34029 7162 
51589 107 
39364 59236 
15922 30095 
13570 49628 
33783 43344 
25896 13858 
32216 16297 
73379 71763 
34150 46956 
17800 77137 
58832 70694 
63159 60791 
2136 55895 
44210 43560 
13820 66911 
21685 81020 
90464 6152 
83068 90067 
32595 24583 
29116 99019 
72430 20446 
85807 57509 
64687 29727 
18987 40214 
47097 48705 
44715 79338 
19507 18856 
22143 64760 
60900 47462 
87753 57901 
2170 33448 
39870 75611 
99179 17313 
10575 13748 
5370 76430 
68509 96655 
26159 42585 
80536 58323 
48337 27307 
22793 83824 
76885 2340 
72440 65454 
78885 97586 
30198 57045 
29631 46870 
20802 42006 
79562 33121 
93553 65953 
12309 58814 
98378 23112 
43936 95037 
44189 27232 
21367 43039 
55745 42349 
14003 75861 
32887 96484 
56729 14435 
81681 52276 
94766 32504 
30886 62517 
1254 77748 
69124 95700 
86970 42737 
38226 76948 
98260 18605 
96461 53072 
4036 16805 
21683 56993 
5613 49871 
58930 16413 
64185 20800 
29573 24360 
29899 82468 
9883 65131 
73786 93468 
55672 68113 
69196 14805 
96691 44162 
42935 63055 
49538 44411 
17963 59966 
1044 69786 
99279 95855 
95488 51014 
12559 54777 
18419 13529 
91110 33095 
7500 39430 
20910 19916 
36484 39543 
95734 97797 
12301 52617 
4837 65184 
97191 95844 
74137 78250 
17919 1112 
8562 59098 
52344 84809 
37959 19754 
89945 15485 
51909 6933 
47382 63309 
19801 81248 
82787 38012 
31710 6358 
93167 47891 
62864 38486 
98182 41449 
59944 74807 
10527 25372 
70958 40393 
68213 87805 
92110 67728 
57327 94259 
84871 50236 
85121 65000 
24354 31842 
72831 87374 
76140 28263 
25158 64306 
62876 62565 
99117 51073 
74214 37437 
38762 86447 
94117 59721 
64319 81461 
68048 78918 
4304 89267 
9255 700 
37459 42978 
48127 88925 
67690 14840 
61512 75184 
89625 19760 
79938 53624 
15066 58926 
59802 50605 
21272 75162 
24923 23677 
50907 70656 
27227 62450 
40417 19824 
49895 35098 
78744 95333 
77937 48576 
1465 13686 
90970 68057 
6805 98256 
90870 71661 
39473 52334 
63000 262 
25821 32435 
83895 98935 
59581 13068 
30546 36582 
31281 38107 
16861 33337 
66393 61081 
81387 21518 
87387 86930 
77074 15236 
43078 41147 
68596 66203 
54985 8760 
25723 38847 
14942 5200 
12190 46533 
30724 63883 
8760 52502 
57251 51199 
76372 54099 
69724 48609 
60758 36897 
32054 73674 
63381 6545 
89013 47112 
55257 80468 
63795 51328 
89967 48993 
73989 67403 
80117 96034 
88455 22110 
37499 3184 
35192 24336 
41395 47841 
36007 21120 
91738 45972 
87634 57530 
24257 83162 
30943 81769 
13269 23803 
49957 97094 
64441 87576 
20633 25558 
4625 34837 
85694 15065 
8793 8080 
66298 90875 
65112 35332 
33889 25420 
68385 13169 
56346 76212 
49349 51957 
1341 20583 
92735 84028 
26841 98174 
70544 6644 
13742 57293 
18635 55967 
98878 89686 
14514 85647 
47979 29739 
72123 54256 
67624 88775 
55471 9435 
92852 92848 
27088 93486 
2784 93335 
89590 85054 
10488 23613 
49046 34604 
45273 82244 
27367 47622 
95704 33355 
77596 18757 
9846 28247 
10792 22564 
55599 68817 
26056 22097 
28458 52970 
46347 65260 
56624 64960 
1828 673 
94120 99487 
69845 59723 
11413 37377 
75969 19560 
90013 22795 
84131 82965 
2623 27196 
55516 85365 
13628 23616 
35648 66674 
66065 36371 
37059 26245 
30696 75907 
20900 12863 
80378 16256 
45091 88585 
18680 23463 
38816 45109 
35522 97337 
83642 44473 
84584 46008 
30034 2047 
77351 73034 
54717 29110 
66851 20173 
69122 4737 
50526 75445 
22053 52299 
56115 25734 
752 54556 
87051 5932 
23709 53155 
94580 72516 
35832 43265 
12674 8438 
62008 92177 
38766 48349 
48635 81863 
68439 98428 
24343 99811 
95429 13461 
40917 79903 
69644 85334 
13362 25663 
65374 91706 
64046 31884 
49469 51415 
90057 57488 
54970 34018 
15173 92374 
59555 74897 
58256 4109 
40098 54469 
48432 46499 
24772 10306 
44047 61384 
92318 64345 
67216 7444 
74474 63872 
48651 5393 
2018 54601 
88521 97593 
97479 26898 
78244 81959 
58299 2118 
95382 94971 
93059 54987 
79261 86654 
70380 121 
18417 51606 
15190 6009 
32689 54436 
40269 38173 
12502 15465 
32345 74717 
85865 3045 
21480 82124 
19571 12605 
50076 86876 
25299 99310 
23560 29405 
33583 71167 
68668 40821 
19025 42500 
47183 40066 
8654 93871 
73124 9321 
82019 83870 
59581 68939 
76370 10638 
77736 39636 
43176 26522 
45090 49320 
63314 67993 
72529 14680 
17370 74749 
90548 3565 
24799 36872 
43829 63142 
11122 26979 
90344 80987 
35833 45493 
66219 31502 
15378 31476 
80859 48438 
5346 68917 
88156 55791 
63917 48923 
39074 83985 
4661 31950 
58519 96011 
60910 91049 
5112 49045 
26262 7016 
66334 21101 
6135 29417 
13479 39395 
13849 13653 
90966 57331 
71381 93530 
42761 40432 
29702 51263 
85024 38020 
6532 2388 
18559 37076 
50376 21762 
37256 17480 
78870 98642 
29412 53708 
6739 23772 
87697 37048 
74100 79482 
40480 24543 
9358 24987 
92333 56132 
12613 43395 
14760 19804 
25275 44366 
59547 86130 
59510 96948 
76581 78118 
97152 783 
5619 90137 
31893 90719 
77169 20500 
20839 9779 
1537 36313 
31946 78530 
47024 46334 
22350 35060 
8388 17815 
59319 19116 
44891 36722 
279 26372 
23597 77173 
81330 64374 
38082 15617 
24667 407 
85276 98010 
64499 3327 
73922 44102 
8337 46366 
6952 51996 
95937 55955 
27072 48230 
91712 62835 
39934 13912 
48097 36017 
32508 5800 
7126 57597 
85595 82739 
65403 27020 
38920 42473 
13658 67037 
4820 71641 
76284 40468 
42281 12598 
18486 76773 
96902 54746 
59116 50537 
84376 65165 
25796 50153 
