92529 55827 
8995 97617 
53972 8151 
1447 60399 
66891 6273 
73142 2859 
54066 14828 
47526 13436 
24375 45900 
70570 74372 
63529 44521 
66069 92442 
58221 1579 
71704 84326 
18343 55443 
73343 45125 
99579 41319 
69183 65365 
44331 48271 
37652 51775 
52849 47808 
53374 50155 
68377 65102 
94058 64899 
10218 74129 
7809 19003 
16864 11412 
65166 858 
67678 19559 
3069 99681 
36077 51407 
78988 40151 
89776 88328 
92630 88585 
94366 52166 
99893 17997 
95362 19233 
39177 87385 
50804 76954 
13670 11835 
61615 99001 
24914 74300 
135 53105 
32712 57405 
68592 97291 
24379 54137 
28751 64859 
12339 50034 
31581 86218 
43276 56238 
41485 46552 
94275 12777 
93520 32297 
51855 74470 
43969 76539 
18296 38048 
74746 73700 
66331 68412 
90338 97251 
68065 34385 
2331 20707 
56886 69861 
31030 11768 
42168 34991 
66298 42250 
85742 63810 
20460 32304 
66361 49686 
74944 26438 
3843 38035 
69330 80993 
88061 66913 
6569 27951 
59652 20440 
51335 68368 
19075 37446 
79860 40197 
98570 48278 
99038 99917 
17599 96426 
90199 55123 
56515 38415 
48680 86121 
25493 5379 
84158 98570 
76153 52766 
18681 56347 
1855 20853 
69451 54057 
99310 78035 
31606 1998 
18901 21305 
82613 12892 
14082 63917 
14366 99310 
11176 48895 
61654 13502 
60147 88892 
36407 87183 
94104 47817 
95975 57864 
20807 47749 
70656 433 
92894 5806 
50797 17931 
55268 79994 
87005 83873 
47830 30472 
88374 69951 
49679 83261 
13071 37586 
86930 17089 
33258 19558 
90437 80897 
22025 68809 
82034 89489 
53873 5536 
88286 37825 
32238 50797 
29289 20703 
57676 95135 
6715 43860 
28514 14069 
20087 64972 
22158 8844 
73175 8595 
39682 20425 
93443 57795 
8962 37501 
76632 37008 
32301 95124 
85851 65636 
33372 39631 
79969 79932 
5255 17607 
19610 91935 
86452 31910 
750 78519 
94996 96169 
95658 71066 
32087 10638 
38873 46848 
26205 76961 
81917 6878 
26202 67115 
54612 61818 
67633 62711 
13164 37472 
30417 84811 
25572 54457 
77890 41565 
43456 32833 
17415 31219 
36081 21796 
50949 51425 
17105 56977 
90272 82284 
77514 3450 
96126 30191 
49237 51251 
63026 42296 
63082 92035 
12306 27278 
31939 20409 
74753 47136 
85593 71580 
41182 76816 
7019 28132 
34406 63773 
71712 3055 
9258 57915 
71379 33611 
18688 23899 
11214 1170 
93412 92386 
6042 25843 
70225 54583 
64766 71577 
69748 55313 
44817 37276 
68306 93851 
78752 2624 
30531 98859 
23648 43451 
69446 4074 
60634 30795 
78956 14703 
76640 80279 
40055 21053 
93404 23970 
36523 85500 
69788 35578 
28461 1695 
92599 51672 
22780 749 
88431 96545 
48561 58172 
34430 36403 
92202 37456 
19423 59763 
72369 91443 
8520 5247 
37967 31002 
94070 35418 
53720 62053 
73779 85853 
97405 86582 
82816 2346 
30395 61069 
20913 15956 
18872 6618 
57719 95553 
76942 69070 
70115 60567 
74828 34543 
63714 32865 
5447 16063 
57413 55975 
30870 40333 
64695 12320 
36528 80231 
88229 24705 
5503 98182 
55417 36971 
87817 88390 
61635 30569 
80398 31718 
55244 48725 
52191 6057 
93840 67952 
45915 27142 
24748 77855 
63021 30007 
94419 4470 
91647 39684 
71194 39847 
68711 21224 
73790 21148 
76760 43767 
33900 36192 
63777 41129 
85472 19254 
39887 2268 
65509 40793 
48744 78970 
31626 87928 
33345 55265 
50182 78603 
16129 83278 
85397 51749 
91438 53670 
24722 28160 
84758 35267 
8578 42385 
67623 88128 
93656 4629 
29707 27079 
68110 63451 
280 88570 
54273 5023 
80115 32758 
79922 42743 
91879 94831 
72661 22222 
82133 84841 
33653 90955 
11298 23697 
76723 59435 
49297 94468 
76737 11049 
54046 82788 
57228 1756 
47559 77888 
61397 27402 
20181 6672 
92870 26438 
87269 77265 
83049 28876 
94666 15575 
40390 58543 
19354 88662 
63629 44949 
39945 22115 
55747 3594 
57979 35102 
58372 99050 
35494 36418 
37375 13877 
76928 47595 
89541 8242 
24113 45020 
7520 70035 
52006 42016 
35636 23382 
49739 63953 
72698 84586 
46694 4738 
29596 28914 
96520 91387 
29266 59020 
63346 24893 
44501 46423 
63946 10241 
5138 51099 
7180 36166 
70299 11097 
37772 16129 
53651 34015 
35337 56003 
10070 15236 
41524 71058 
40606 54035 
88268 35136 
49344 37948 
78337 8242 
90492 18284 
25722 55297 
76987 5175 
97903 38446 
82908 69299 
14587 38027 
61167 49188 
48280 33235 
15212 27999 
40864 52469 
8928 61689 
97344 85528 
72392 11706 
43034 35028 
62874 59664 
33638 72837 
70190 58865 
89084 58790 
13483 8134 
81385 73596 
62492 17104 
44449 15603 
30573 68921 
89438 11957 
28992 76257 
3158 98695 
42426 69607 
78922 31455 
84157 53026 
79419 98722 
16089 11788 
59348 22920 
73500 58877 
81941 51151 
17377 62793 
47942 57040 
48178 7855 
18228 97849 
54071 99989 
51981 96959 
33933 45926 
1139 50781 
30855 1825 
98883 91297 
35394 8501 
54950 70704 
69488 4755 
23826 72986 
41749 37787 
43218 98752 
72726 70165 
49652 14324 
24803 16591 
65675 3787 
35524 30468 
18833 13611 
45449 232 
96455 33436 
32027 8492 
62261 13787 
9551 53188 
60884 81668 
31853 29306 
14624 78441 
39266 22137 
73130 10834 
24203 68621 
11129 75595 
50819 2010 
81957 91042 
53308 6916 
25359 44643 
54742 76718 
96859 44762 
93713 83418 
33001 46844 
19599 41174 
91832 9552 
18944 69089 
11234 24760 
65204 36274 
9064 56803 
42039 2747 
8526 21021 
76359 53451 
9790 29375 
31489 59469 
44620 31813 
53119 90461 
44590 86035 
31084 45422 
25463 95483 
38600 65040 
40395 65575 
37188 38255 
82848 41647 
90352 18064 
26456 8507 
11959 17184 
73537 51192 
86304 62859 
46564 99221 
36029 51940 
97627 2562 
81306 62299 
29752 16497 
29157 44683 
20927 4723 
55271 40341 
16786 5270 
92372 44052 
11110 42195 
18954 59620 
64672 7524 
50127 75482 
22403 82535 
68349 21763 
76474 15220 
95964 56917 
88594 21676 
3766 72050 
28691 33135 
70230 94081 
9097 67502 
54552 15074 
93464 64521 
23336 74431 
37867 87048 
75522 73023 
77882 57449 
43089 3943 
9916 67723 
6070 43248 
27649 74757 
49605 55858 
65192 67947 
8016 36738 
67374 75471 
86329 25551 
54601 57582 
23171 4152 
74760 20595 
60658 10635 
37928 73559 
16656 81043 
10947 41174 
12710 60469 
8420 41087 
96989 8925 
54281 31494 
15727 64193 
3803 35831 
28944 13813 
9772 55342 
36647 71427 
88502 87462 
80211 48878 
91508 78183 
10354 64800 
16814 49953 
67860 32865 
290 63179 
6121 28414 
11819 89021 
95642 40906 
43751 93907 
89756 81416 
19777 62108 
98123 29374 
71232 11690 
9984 70793 
24796 91288 
32676 1417 
20671 80430 
62563 42557 
33513 54483 
85354 44811 
99779 16816 
10653 35428 
64577 45399 
81644 98776 
48762 48817 
64966 66188 
2680 77546 
18126 31394 
56862 90345 
52192 826 
1917 32760 
56060 34266 
29973 44970 
25240 30621 
48235 79593 
42898 66058 
31605 76588 
93787 97302 
15726 11979 
52756 1565 
44466 9933 
78668 36432 
76552 83557 
61850 67939 
24907 48811 
18613 33147 
49244 38050 
99909 74732 
47525 24965 
82850 9396 
95164 61080 
43601 69369 
62163 15444 
68088 86823 
97867 3818 
42954 74721 
10593 91378 
83402 94432 
85160 53858 
96823 90395 
75130 86049 
51522 15168 
78601 53701 
18392 64398 
56458 95138 
80054 90569 
80213 92247 
56742 66807 
2927 47056 
81151 27616 
31173 19679 
65490 22084 
38579 6232 
43127 76927 
2252 61134 
34528 81686 
62186 97264 
82568 76439 
763 29548 
25864 43603 
14548 62806 
30409 79710 
3778 63073 
79584 50464 
36330 93107 
30539 12994 
52396 37442 
80962 22857 
63697 90062 
54415 30215 
66812 28693 
4714 9501 
34007 53690 
60215 59996 
66959 26620 
77432 60908 
98845 3921 
50048 63865 
8492 24364 
24193 58180 
66647 75580 
3729 49802 
68870 34516 
90380 53579 
22184 49459 
92639 10245 
43310 7133 
54716 4513 
95177 7376 
2187 78710 
35378 50056 
74525 7573 
75305 24099 
16383 24161 
51979 76921 
29251 64268 
95867 34036 
43049 27272 
37513 33245 
53234 35099 
33371 35574 
83168 7717 
6960 75994 
73769 63604 
95314 20969 
72902 96632 
62669 7011 
95459 77026 
93418 44657 
51788 73397 
4607 85692 
96876 95234 
24578 67902 
35621 10864 
68833 71322 
30556 4545 
6811 42652 
97555 98178 
53972 70426 
42326 78087 
42445 22501 
85921 35342 
20449 89567 
51000 49342 
5832 13652 
32293 18645 
72241 18941 
54435 70503 
77842 3762 
28303 61115 
55931 97198 
52989 12301 
74409 31566 
74731 17125 
36809 32845 
6375 86928 
41387 85172 
31385 5298 
36805 82646 
64936 707 
12990 41909 
21278 48846 
44001 12401 
41364 68139 
56077 87631 
67630 77488 
28504 90492 
13856 43978 
47551 78356 
67196 60095 
24434 89591 
76750 54970 
57127 32138 
28457 62182 
62796 96916 
79639 37899 
32753 64064 
28161 47410 
65012 58437 
20980 15569 
10934 2250 
64754 67222 
31853 7401 
87221 67386 
99231 47759 
12210 7769 
87571 52594 
53457 76155 
3198 66296 
2766 88248 
63963 26706 
86634 57753 
95030 24591 
92090 29811 
34158 20206 
17301 5305 
46174 9366 
85389 39172 
30881 51109 
70959 4506 
71181 91750 
27983 76063 
8955 46029 
74983 1745 
55063 25064 
88844 98668 
36823 32910 
82162 31641 
61411 88847 
90636 6187 
26839 70819 
76862 35666 
43551 17019 
64749 22667 
39100 67201 
54822 28467 
6002 73070 
34868 91235 
18588 57981 
92612 93548 
88486 60173 
57572 72883 
50385 50903 
47752 14939 
69788 79096 
73482 68935 
42722 57497 
55530 76503 
13690 71826 
47489 11346 
72635 64069 
13506 85512 
4289 13770 
1554 89974 
53991 17100 
69747 2137 
42920 42449 
68617 10950 
12643 23448 
55783 81502 
3991 35554 
21119 5311 
78496 90734 
30320 59920 
71963 76267 
52650 32018 
29230 58323 
24715 41975 
6762 68738 
16252 44501 
45459 94264 
6222 70078 
9877 91599 
47878 14886 
62086 58606 
50 83138 
88414 2417 
28531 35029 
25625 58459 
36215 95996 
39370 30971 
63599 38499 
92245 45204 
12228 56254 
1397 24237 
82894 12668 
26315 29239 
87621 60144 
46316 30993 
89923 95021 
84202 12648 
51335 34076 
7645 38901 
13890 72851 
93105 65190 
27978 13509 
68419 1998 
42966 30466 
59669 93991 
13968 75782 
55551 21444 
42317 13054 
68163 82339 
59591 8548 
13012 67453 
85433 1341 
52978 97964 
37969 20445 
51092 55275 
52249 16196 
55212 96200 
66970 25658 
94001 13129 
72593 97304 
98116 68411 
75066 58999 
73091 4979 
18460 25062 
41144 11085 
27161 3157 
37945 96039 
73644 79839 
97407 15973 
51398 34741 
82616 73895 
34230 57729 
24264 6676 
32967 20785 
9276 63146 
18470 86949 
21833 72053 
65928 22327 
76528 96444 
89551 14018 
99186 71868 
79059 86719 
4670 29829 
19786 53859 
92992 15034 
76754 35304 
35158 15241 
49717 22960 
48365 35876 
60977 78101 
66543 68120 
20677 99742 
96704 18774 
25301 12140 
14140 92957 
84303 81270 
90264 46606 
37027 85086 
65702 54707 
17526 30450 
78249 73355 
48417 30787 
30367 8954 
96547 32847 
34170 46293 
3056 8403 
3126 28698 
8329 7273 
69252 28110 
28342 1740 
92104 90686 
3102 39281 
91646 94405 
30136 60434 
80894 9152 
16409 31705 
96209 6904 
30584 89631 
23229 29865 
14202 91386 
94628 87813 
15121 19802 
92249 22383 
39512 96229 
20646 45689 
79679 13325 
31624 33389 
64198 11732 
70154 28222 
94107 89487 
80811 89016 
74300 51117 
60927 2319 
22835 74538 
71699 59038 
42500 98214 
21745 86876 
68773 8443 
18917 20823 
66229 37243 
45699 88636 
31482 64968 
51062 85941 
74900 58617 
67415 16520 
95622 66742 
55116 77314 
34824 34920 
48980 74818 
90697 1942 
31326 69799 
5288 86207 
84332 60636 
88106 74228 
80794 32097 
24338 78740 
56880 15990 
26529 42582 
73061 32878 
27763 26338 
10113 9933 
81644 32687 
65944 99007 
29809 88442 
15975 51109 
21213 26481 
74883 38772 
19129 84071 
50762 56120 
11531 61537 
14080 67995 
48497 65786 
13311 24107 
66271 96899 
56683 1924 
21784 22810 
45247 92924 
53733 27027 
86283 788 
6726 7449 
38052 77301 
3509 50473 
36999 81918 
26998 3950 
36722 14391 
78584 24955 
44396 36310 
12102 83933 
74774 67075 
3898 65441 
54528 12534 
8588 17550 
382 60443 
67360 66905 
63352 55869 
81132 34493 
78388 51814 
34357 58386 
83781 15567 
56972 54013 
77968 59704 
41752 19991 
62654 58117 
92230 28073 
80715 2122 
62408 19490 
94872 49421 
63626 66783 
68903 19591 
56227 50127 
6980 93763 
14110 40263 
78697 83287 
48744 76310 
7452 42454 
5921 76060 
28078 13671 
3281 18802 
25944 10062 
59580 96276 
54247 60027 
77670 36064 
88788 61099 
82359 63532 
20270 16281 
81580 83382 
2986 55068 
14712 29928 
75741 73492 
75441 56433 
45972 62752 
48197 8116 
81208 34417 
76996 50915 
83409 91646 
93415 8647 
31154 40532 
66493 94887 
62281 83414 
1457 12721 
35273 86891 
6527 35465 
51556 71259 
67396 74488 
42829 25239 
17561 86511 
27671 10112 
69332 72027 
19845 80743 
75118 68950 
27124 17511 
21504 51168 
13896 32746 
19690 364 
13414 88077 
44984 31271 
66283 34932 
95357 15502 
30623 69465 
84475 67119 
56323 75293 
58134 24340 
40877 12692 
24723 86061 
87556 1283 
20079 39342 
67975 34722 
85060 44548 
50612 60562 
20149 28553 
94438 56204 
95592 73196 
22506 32705 
37849 76169 
84248 2261 
83551 4524 
87138 52277 
90671 57232 
28545 79200 
23326 2506 
86752 48669 
81340 58066 
36539 65056 
28686 38070 
39123 53065 
85893 99136 
18917 76850 
90714 79704 
80241 47960 
98598 41920 
35994 2448 
89960 93279 
17253 59589 
74727 86483 
7884 9919 
36346 70262 
1433 18685 
37205 91358 
8963 72286 
15313 28438 
55938 39940 
38153 72394 
93865 70540 
43753 54291 
18130 95557 
91324 62202 
27308 62839 
64216 81178 
81209 83304 
16470 36851 
14991 32753 
30932 22446 
44945 14434 
61640 41436 
57840 54465 
66144 3626 
10256 71884 
94428 71177 
76867 37811 
90274 62842 
77412 14129 
78191 89686 
80902 41050 
54445 13586 
32613 25093 
74251 91025 
74474 64253 
28865 88986 
32734 35491 
36087 37224 
28093 61212 
25592 11724 
22972 66015 
86556 27881 
58212 32741 
59196 58727 
47179 67738 
94124 83482 
89128 89275 
73833 14781 
35647 60127 
89161 49096 
94084 95659 
90249 34217 
80102 92070 
86283 50078 
37847 35998 
51226 54788 
30677 76287 
3779 56416 
68020 61486 
68983 32897 
74629 72536 
96125 37368 
27357 9081 
3066 94308 
81566 19990 
40608 13037 
84344 3929 
22206 19483 
24957 44178 
44074 34504 
4316 83428 
28706 7685 
14668 88891 
60810 49179 
8374 5818 
48836 88985 
319 48428 
37589 33010 
92361 31185 
17767 78319 
30207 587 
26877 96167 
3176 87780 
12563 90730 
75569 65780 
34232 93880 
94675 61532 
11734 61943 
54945 42673 
90897 99032 
10444 71658 
84883 43403 
18420 95728 
67619 18182 
65691 20247 
40946 65927 
76487 95056 
70697 57629 
25532 28719 
88546 91107 
83322 33958 
86272 71184 
1942 99042 
86984 94596 
9222 74542 
63892 46268 
16620 62609 
91372 50436 
61972 96823 
55348 9994 
2052 4649 
20433 10553 
41913 51679 
49809 61861 
38024 77081 
473 98563 
40473 43067 
71270 64713 
45859 37686 
64052 62034 
16924 89878 
29317 50587 
87641 78494 
6860 52345 
13134 42830 
39246 23110 
42688 31281 
31323 26268 
91083 56789 
52533 63069 
58546 63063 
30441 88443 
2900 43903 
63676 68805 
98764 99466 
90394 18852 
28195 57946 
84430 88069 
34719 38891 
15409 54460 
38441 85260 
1447 22974 
53758 45331 
3418 19149 
73188 42682 
58331 14699 
80914 32756 
26021 21089 
37860 7854 
28131 39565 
36479 78948 
91269 61693 
57902 32302 
67291 73145 
76675 31668 
92772 25282 
49059 12673 
67057 4031 
89711 95062 
73667 43618 
88521 20528 
43376 3910 
44484 9187 
58949 54433 
96738 16069 
31287 85583 
14181 60543 
34677 98098 
64638 96206 
74828 5571 
22061 86516 
77588 21576 
86035 52344 
28475 92949 
81674 61606 
63609 83799 
79975 38280 
11121 11049 
28789 78348 
8813 81599 
12807 73611 
78620 83661 
67287 60797 
21304 40356 
54725 33031 
5907 42400 
76295 73487 
67572 38474 
30555 96916 
94707 76844 
50822 13743 
81813 59856 
49552 63583 
47858 94118 
73162 234 
71753 93499 
23980 48622 
76245 19533 
37326 95671 
99463 24347 
11219 21674 
29391 94954 
73785 26529 
40706 84565 
39194 56067 
65685 56499 
46762 87688 
51319 59349 
99864 91688 
3291 98252 
21369 44877 
94143 66428 
20559 36480 
17738 53590 
22827 72830 
5032 53395 
47914 56964 
77216 50799 
35062 92019 
1434 82002 
4174 33168 
31581 24591 
10910 91876 
62081 93575 
638 78358 
96101 90190 
91236 53384 
31291 74667 
17997 48963 
95948 11599 
55190 8927 
26401 67110 
88345 95077 
62449 20715 
48904 2298 
51847 91593 
38614 26940 
97123 68911 
64871 36749 
48407 78922 
80218 97779 
44510 17748 
69279 23967 
31122 28077 
54645 28402 
39812 430 
99567 71887 
94407 35240 
69792 23939 
22358 10670 
79471 74211 
87879 62901 
86788 58120 
30914 586 
23816 89537 
91402 43209 
42072 25474 
21850 94289 
30331 22982 
42876 34697 
14510 86851 
76178 48775 
80744 48193 
97282 76518 
72288 58644 
86481 18792 
98429 32635 
20500 9340 
59373 21115 
39749 7305 
34864 54049 
46408 57042 
6295 46208 
37128 8199 
82174 20966 
50798 88342 
75007 70238 
16613 72872 
34017 35174 
20590 2506 
72614 61856 
69687 57343 
42080 59020 
21900 8276 
93711 60665 
67925 31537 
40457 75451 
95446 90156 
76110 86899 
40593 57359 
35165 53665 
32825 81202 
79713 47532 
69228 67228 
81071 58283 
12167 86449 
23312 89227 
90245 99690 
93493 64922 
96688 26122 
39055 73506 
21567 73757 
66742 70058 
24657 92764 
29375 74533 
54303 8615 
96864 8076 
44285 41437 
36124 24897 
75487 20344 
30859 13390 
72070 57117 
56683 59802 
12892 52280 
89631 90537 
78082 68435 
66827 35025 
17934 20669 
36951 80115 
26742 1905 
35088 19067 
27688 82255 
91669 33479 
26582 95777 
38403 84859 
72028 55432 
5482 34063 
67508 17654 
13796 51431 
16897 51607 
53480 28238 
49095 55016 
5873 50923 
59744 98427 
9773 53584 
28409 72792 
94887 21347 
18123 61479 
5438 77474 
40889 57119 
15138 50461 
77476 96141 
91068 83853 
72793 89429 
98484 21178 
89129 86194 
51178 71109 
88734 20008 
2713 33875 
34488 50857 
42742 48927 
42807 35159 
9556 6009 
96487 26871 
55121 47014 
26841 37122 
2098 74423 
4264 57281 
13649 73581 
34275 80878 
56359 50733 
42120 43556 
74145 86481 
43186 36989 
6798 5188 
38743 42681 
80610 64894 
46972 74610 
70528 79398 
77734 15872 
83389 94441 
86226 83812 
39980 53307 
95445 60543 
40042 3621 
60286 81358 
78803 16821 
57138 82179 
46209 14467 
22011 69076 
80764 21467 
27492 87741 
68728 95307 
84269 38963 
76393 12472 
76460 7256 
78263 28522 
91675 44169 
97169 66671 
86511 75224 
3726 31188 
36081 79988 
31985 86613 
52247 28491 
55741 91496 
19334 44017 
35683 26266 
88438 2219 
91423 8843 
91828 69603 
74395 48716 
87465 30597 
17741 50484 
20356 51734 
17489 41235 
92207 83947 
55723 62621 
63780 9503 
10855 38134 
75377 98834 
12776 98850 
60037 54293 
91320 26758 
41325 82859 
35380 53824 
52992 57826 
26942 37049 
91324 748 
39429 15046 
12660 39204 
92959 40037 
18350 73385 
40474 70668 
27308 15097 
18151 5675 
22388 46435 
31146 36198 
70948 82214 
61385 95387 
62248 10195 
78019 87996 
74755 26186 
3106 89737 
84950 77307 
35170 16459 
55901 76024 
61546 76594 
98646 49984 
96722 36772 
82336 48274 
68406 50204 
80138 33384 
35612 20130 
77034 50015 
63788 96534 
32974 76767 
873 33321 
90204 34846 
95128 65301 
37163 49095 
70671 99540 
92998 30994 
29915 54063 
56502 80688 
83386 18356 
71228 85691 
16947 54773 
94550 27601 
93987 7697 
22593 94956 
55892 38172 
15257 40349 
27970 55755 
85958 12923 
59923 76428 
69255 43626 
30134 95704 
56174 59860 
21191 29402 
91845 58654 
30446 41110 
62973 73012 
13903 44933 
63678 24811 
74266 44939 
17444 69419 
94770 48532 
50153 2167 
89208 70039 
54616 14837 
85584 22883 
60558 61579 
85884 84001 
25643 17913 
47705 2528 
92942 93984 
14815 16271 
18133 93751 
83205 34138 
55770 95518 
26760 40425 
8119 66006 
22451 77758 
82339 10125 
8736 69482 
72190 1659 
82883 49415 
79005 36275 
92996 77154 
13302 97590 
8753 30477 
73210 29441 
61223 82914 
78785 63120 
26593 94160 
52341 56975 
91219 63788 
74055 67635 
76185 24570 
9429 87029 
18335 80745 
554 47455 
1780 28671 
36706 18144 
8927 32589 
71426 91065 
13347 66567 
33036 81175 
68095 75234 
83459 46878 
52620 50498 
16233 70159 
28964 69258 
48784 22640 
23687 87923 
56287 83803 
95792 43627 
14878 70639 
72919 69103 
70505 84202 
38145 88473 
26353 77855 
27972 24557 
46593 4444 
58426 14830 
7078 5181 
30653 2787 
84686 61741 
80015 44199 
66126 44865 
23398 43667 
74348 57719 
28284 15851 
56078 90317 
74143 47882 
47551 72519 
1755 24752 
37181 37410 
49337 67804 
73655 84338 
55667 27996 
25906 61423 
69880 70209 
87401 71061 
45220 82643 
31380 38768 
9733 46210 
65933 75616 
752 2848 
8248 7637 
21986 68804 
95866 41698 
32128 49178 
79458 86715 
2129 23428 
96418 51501 
84597 87998 
7483 96090 
23312 61904 
89609 22102 
93383 83826 
17512 49511 
3340 55173 
33562 42123 
9284 12545 
1110 12134 
88185 45203 
59907 55342 
92536 8354 
53870 42888 
61768 21469 
81309 22854 
97206 82365 
25570 65605 
16788 72377 
60135 20456 
93395 75723 
86355 38064 
46352 87054 
54275 52883 
99492 35144 
37451 13080 
41183 7862 
81134 91530 
21771 23761 
19938 10773 
2162 59048 
65809 67314 
23573 5173 
89 46174 
2977 1912 
64468 75305 
71362 63583 
34789 81300 
62638 91888 
78948 72772 
29891 47914 
45561 95831 
12628 37917 
3579 77288 
3782 52797 
54705 95544 
68459 89528 
70265 96525 
47745 74328 
62064 2640 
40386 1982 
82824 46389 
92732 3462 
65943 97091 
43063 54905 
56605 39128 
60279 44971 
56685 3172 
88884 24776 
4409 48063 
62302 74815 
36430 40299 
74801 36672 
34710 80573 
8614 73853 
43564 82321 
97360 45653 
53212 15978 
69427 764 
85378 94408 
55736 23193 
83740 89966 
65114 92067 
7451 41670 
27528 49023 
49494 32192 
80474 2150 
53277 88657 
27078 33806 
80677 88710 
25798 21175 
92644 33867 
81085 23004 
39505 85848 
91971 33768 
22285 48419 
81267 57355 
78629 17207 
71893 6372 
67324 13018 
98858 90330 
73974 60382 
45482 16162 
37009 72357 
70685 87977 
98015 55079 
50521 59406 
13283 51101 
91597 61529 
24501 99251 
86616 2172 
75673 586 
73021 8171 
80649 44899 
24535 61263 
91037 70383 
52398 60366 
87824 175 
18181 28267 
21678 23857 
63270 69115 
56708 69438 
41488 74629 
30332 41870 
782 71551 
27992 87889 
97476 621 
85558 83760 
42371 18260 
74594 32436 
71753 16104 
96041 99754 
8398 60710 
6420 15424 
27724 65974 
27317 13930 
72492 24189 
43688 92877 
65768 38188 
79450 21892 
56380 16631 
49832 43886 
93651 17246 
29161 72283 
68951 48735 
39991 2786 
80440 71035 
64938 26289 
74339 65759 
6107 50766 
91192 83920 
68629 14260 
98776 16373 
24656 98544 
24671 73966 
22046 33603 
10992 8978 
38001 16759 
1358 57196 
42095 57084 
35912 30869 
25415 95710 
74042 46756 
72932 45665 
86439 30638 
4767 41095 
58223 99902 
88682 85042 
23063 89203 
30892 37369 
4625 50677 
85224 90008 
76079 29861 
81669 35394 
61063 91178 
64554 45775 
90176 42750 
47809 45987 
95941 89313 
40260 80422 
76157 24110 
67379 46032 
80638 55918 
17600 87582 
79566 55735 
71079 28786 
53058 99143 
26719 43521 
970 75017 
29270 55019 
9603 28988 
12511 87750 
27685 10946 
16796 86634 
97831 99881 
9642 61316 
61694 86488 
36594 9401 
7075 4197 
56251 21889 
53525 12712 
68112 76452 
79278 54589 
24845 79820 
76865 25062 
31561 29172 
87322 18047 
73906 24285 
3664 37160 
84001 77132 
53101 89552 
48719 33659 
64497 12544 
88294 43700 
2614 18236 
84941 89275 
3957 79716 
20921 8975 
80347 23921 
93429 36694 
65837 40900 
9691 6676 
70195 66938 
29834 63630 
67865 49894 
17361 56644 
95208 59118 
77492 88673 
50767 59418 
12163 39572 
93408 28837 
97107 79956 
11417 63334 
91281 45632 
91963 78012 
21758 47886 
54839 84136 
48270 53615 
26958 93939 
744 81112 
24828 81110 
444 22243 
81060 3856 
20769 19838 
97958 79532 
17250 281 
36311 85138 
58004 85643 
50743 46314 
15635 87095 
64339 68991 
39519 11944 
34704 62484 
13431 301 
1239 558 
17622 44230 
19132 67886 
56770 32132 
79395 43316 
85600 4232 
86287 78494 
62539 1183 
13505 40652 
88400 37148 
88817 1729 
41904 31154 
63082 72523 
6739 86068 
4153 176 
95898 13251 
18685 70072 
18190 62753 
45649 79078 
99119 33866 
84159 76101 
63725 8889 
15228 98013 
12514 74198 
52134 64301 
73266 66973 
7315 32137 
91309 13436 
95071 55099 
28729 4960 
98797 33376 
79056 92157 
19092 91055 
68092 63819 
84798 66982 
3853 17575 
52883 59660 
59010 22139 
45028 23810 
17724 17284 
68928 76449 
95469 96914 
50464 33735 
45183 73129 
59336 66318 
96020 24666 
45140 30586 
32010 91860 
13531 5923 
7088 92032 
62801 43992 
10233 94188 
70065 15064 
39890 9959 
63202 18522 
20349 28908 
39833 9942 
94460 50656 
97793 85527 
56791 43708 
22937 56172 
49312 91430 
39584 38059 
27659 69323 
66481 84458 
20245 34556 
36933 84260 
44732 98655 
35548 56798 
16812 97319 
76039 79618 
84772 67521 
94642 96137 
49968 91371 
61886 63482 
88144 68655 
21844 17335 
69410 35537 
52432 50208 
85757 55603 
2955 22352 
34127 71219 
5779 50358 
70351 18168 
77897 47543 
44675 74532 
25108 22309 
53137 36029 
36622 75942 
90692 84315 
11142 79689 
71816 42178 
86813 52441 
92168 90163 
56896 5016 
40984 52822 
40632 64738 
37990 49607 
44486 44937 
60941 45387 
92781 77963 
50273 28599 
28761 87453 
25922 91266 
87143 35851 
27990 84428 
17521 46524 
97759 74942 
94269 66378 
48427 35222 
83093 4447 
36006 56143 
46982 54727 
29969 85162 
65018 87388 
513 56660 
6351 71487 
84732 99558 
48635 74471 
67502 78466 
55308 68974 
14573 48928 
29305 65808 
25125 84784 
42182 83567 
28962 66214 
97056 59855 
39549 741 
21397 6941 
88271 86279 
1411 15499 
7559 15245 
63615 14098 
958 61833 
81160 99255 
36718 90736 
32581 61078 
28193 74913 
68847 42964 
19075 12441 
50947 90247 
74418 88071 
4737 62395 
89459 33774 
2320 6050 
67368 4406 
20025 12120 
84366 99536 
41823 9117 
56072 30579 
74057 77074 
42441 53531 
12417 1621 
80340 61954 
55325 26182 
12598 62268 
89262 1765 
90254 34008 
81004 78434 
60774 11360 
99373 30306 
19187 9139 
54797 56819 
91331 56282 
88842 56986 
38856 93030 
67848 30494 
24138 34123 
34887 19784 
49926 99697 
52501 70575 
93332 67966 
25008 54857 
86684 9367 
23656 69958 
58785 20544 
50488 79 
39302 88321 
67498 2547 
46282 78813 
86536 60054 
22192 64849 
62355 22277 
57442 76075 
56314 45508 
41982 80458 
41468 27342 
15373 83298 
1126 24933 
43619 60469 
32418 39986 
37105 26276 
4032 51392 
38124 73140 
32984 77290 
48791 10261 
39145 52366 
40505 71473 
8208 13300 
84715 58715 
43895 95532 
71349 36820 
18411 57926 
36097 97818 
36501 68364 
608 68454 
12948 2979 
40736 43379 
25940 34456 
37095 88227 
49454 10738 
29491 71780 
86665 54443 
92203 54464 
23345 45458 
70615 81606 
95333 84424 
71367 4235 
17352 73178 
77973 77591 
51832 89769 
71778 68139 
5842 80246 
74136 33526 
31843 37205 
89876 26750 
73698 85941 
24392 15775 
43223 53068 
67118 2851 
34520 49582 
82665 74023 
83468 60617 
27567 8614 
57914 97512 
15382 30913 
20521 34295 
85778 91858 
40636 20363 
94283 27210 
44194 33832 
28540 50518 
81356 15969 
74198 4119 
60460 6075 
98950 9485 
43803 78340 
96814 29420 
25900 67447 
36363 78935 
18068 58067 
86432 99041 
44544 4906 
50718 38311 
14811 44573 
28741 70716 
74400 58322 
34767 15072 
52169 45572 
48625 11377 
15910 72130 
42706 52379 
20087 64155 
28010 64908 
79625 29183 
88745 84831 
31888 98871 
29773 71906 
55334 4667 
44113 66414 
97797 17204 
18730 98096 
29950 2989 
36028 19788 
80233 77842 
95714 53031 
26375 65518 
77142 1062 
15590 2113 
85761 5723 
60657 62068 
78966 99192 
12307 19994 
46417 28844 
39659 4029 
27820 14144 
59976 41075 
87190 28141 
46543 42013 
26784 82971 
9256 25870 
16151 38700 
86308 35927 
32204 47924 
7358 57869 
54704 94702 
88663 10351 
38240 85763 
98869 41715 
86552 4314 
90501 33115 
87984 42391 
26686 77909 
31848 86353 
45220 79970 
14670 41955 
92808 89412 
62579 50364 
31188 73236 
41472 64562 
63772 563 
173 26755 
56589 7320 
93425 11741 
30486 93679 
61358 78622 
82933 99004 
99980 3798 
57227 93738 
43282 51916 
14488 25372 
91694 78199 
79578 56540 
63919 45586 
25904 37296 
19597 83132 
36052 60726 
98760 8336 
25287 61344 
50723 85374 
43185 29055 
79824 93643 
75001 28016 
18347 36617 
48861 29321 
47993 29672 
17454 89199 
30423 67386 
23625 30313 
74684 85734 
78129 12718 
64746 2691 
74755 13194 
93887 41918 
43147 66899 
4365 18553 
92871 63700 
10567 93546 
33602 33000 
91740 83551 
65821 95546 
76466 47094 
23948 8435 
5175 54520 
19633 80427 
49297 89207 
76702 88659 
86043 20550 
71287 85013 
76369 35463 
90727 40612 
70306 14418 
3073 40320 
68643 90513 
85362 5616 
2861 35604 
93308 93847 
56237 76252 
67659 94607 
38214 54024 
63167 19883 
41403 9653 
55005 63603 
56007 88619 
24400 88355 
89983 36897 
50376 82290 
44914 79950 
37703 17623 
27368 55464 
92513 33620 
33408 929 
16504 61609 
29964 80796 
28259 7312 
70937 74836 
35924 6642 
28191 39194 
79343 75150 
88000 94754 
31701 78422 
62032 93584 
870 60957 
88664 63569 
98808 84489 
55134 33781 
53778 43151 
54014 98673 
24566 42582 
98488 87919 
38531 52761 
60067 70510 
15990 70287 
59709 36651 
62323 54801 
38660 69108 
6154 36362 
58913 36792 
37036 25892 
34827 17736 
49324 99121 
77220 86027 
30243 66017 
39187 77829 
39638 82288 
88902 85336 
16504 7306 
98848 14309 
13089 63686 
33178 80761 
1233 7739 
35349 15473 
17581 77175 
66681 91173 
14382 42658 
23163 86545 
60829 53212 
62618 53671 
96240 31977 
7252 61078 
70851 48433 
47618 43254 
22576 65983 
63228 99309 
28841 39646 
92308 48405 
41419 17622 
28594 67633 
59172 82627 
96620 9233 
18729 54144 
58610 18324 
86299 61102 
35841 49810 
15227 86028 
85295 13644 
93327 76317 
58431 61344 
41643 16042 
83060 63490 
42017 52578 
51621 17827 
64666 76358 
69522 70711 
38984 59155 
15805 30803 
60835 66595 
94982 3230 
57860 73938 
13742 74892 
40661 30690 
99100 37133 
52183 39245 
85587 40716 
90234 35482 
38287 39838 
18788 85156 
45758 96860 
2577 38899 
12311 87512 
96446 20780 
2670 67514 
96026 60650 
43649 35852 
9543 18834 
67334 57439 
41884 93292 
88094 88388 
91538 43934 
41850 80890 
48632 16589 
80135 31441 
47982 99977 
3802 76145 
74951 3022 
41624 29877 
43864 97021 
27574 12268 
68827 27375 
7241 2803 
25039 63035 
8599 19768 
54996 18256 
45288 23334 
8511 50926 
81568 1770 
18008 14470 
77306 11586 
1339 16219 
48594 7357 
53162 14115 
25052 15026 
32924 65796 
58369 73713 
82589 29301 
38329 95319 
10448 3071 
2313 68716 
58740 84381 
82215 65824 
32230 19998 
18738 90613 
2549 20588 
87167 48860 
18762 11306 
21046 6424 
48536 94962 
90557 46907 
46196 11342 
90965 35712 
94115 86457 
23125 46860 
92040 78921 
2854 11361 
75373 47131 
18876 1488 
27834 80571 
70073 74008 
16585 61297 
51943 57243 
18574 47563 
29458 81755 
25735 527 
28915 22546 
13640 7117 
4897 41819 
33295 87405 
90165 95702 
39004 13173 
16025 95745 
96553 5919 
98679 96582 
25478 27121 
23070 14843 
16722 21376 
19907 71209 
32768 23881 
23840 87457 
41131 97741 
21151 63390 
54104 23717 
43889 4749 
47732 25276 
44008 72540 
11201 75183 
85869 76597 
34212 96390 
28381 41834 
74333 39588 
29075 34278 
58966 92567 
91575 45822 
67265 52372 
95219 1561 
6187 70287 
90987 71658 
41836 61781 
21425 40855 
72368 58807 
23922 13084 
31925 70238 
6481 6056 
96440 7710 
43029 21292 
21595 28789 
21350 58724 
80853 47109 
90892 81835 
87165 60034 
99965 29243 
75837 48385 
82282 11690 
97982 9904 
51311 29595 
24117 98371 
87578 95653 
85647 53709 
58830 49391 
88357 24849 
95900 6172 
16487 6825 
58138 91807 
8583 36270 
61428 75786 
27003 15406 
9100 31049 
61860 63576 
61468 16290 
7090 27544 
3245 98007 
21493 17018 
19743 3778 
40777 70222 
72572 25729 
37999 95866 
73446 73704 
39262 82490 
90732 11346 
89141 13889 
87567 95098 
26001 80236 
82618 76113 
71267 28507 
45001 18077 
58619 52938 
83380 30185 
29238 86506 
65965 13798 
97414 17807 
12870 73771 
47193 24194 
35233 50983 
55208 81688 
56538 91324 
47432 84903 
40698 78174 
88323 86131 
68802 20387 
69672 41719 
51792 5833 
13438 36006 
39893 1745 
27952 38338 
91273 7455 
60101 37066 
92203 42520 
67438 85926 
78883 83814 
93651 92835 
97144 48862 
68408 78888 
50408 59496 
68328 36225 
28537 9857 
69676 17430 
80658 5848 
95330 96265 
93551 39303 
8719 49797 
63862 9495 
35577 25331 
7193 7002 
779 72101 
30013 30560 
51958 37275 
1387 16190 
4195 48594 
675 19722 
80827 31838 
84631 8767 
44242 40318 
12756 88269 
7500 5737 
93275 4948 
92741 54981 
63786 50264 
55535 75822 
413 8987 
25694 55985 
57182 80990 
24545 64687 
73416 37620 
6225 93477 
51053 60786 
36332 24131 
96127 52845 
65079 45312 
39029 98450 
74074 96860 
96710 5708 
75962 80837 
16651 53307 
24371 41809 
47204 22715 
47967 85363 
11828 126 
56877 73495 
25763 91519 
82362 8234 
82872 5993 
1312 90774 
57622 27522 
66016 22372 
12644 13295 
6607 95399 
75790 28032 
98700 8199 
52305 47963 
91944 25773 
67498 45614 
76567 99818 
93207 97095 
24473 56282 
97405 37281 
79036 56342 
70421 25116 
83451 37598 
23582 71156 
31383 46275 
26436 22610 
95582 78355 
47302 97254 
40274 57821 
88531 6965 
51322 93565 
62627 14028 
24529 73019 
38344 18967 
36910 70195 
96831 87303 
88363 68591 
77147 84496 
41894 25263 
57661 3255 
9390 31403 
15349 35448 
26921 56875 
28457 62073 
38635 1411 
39733 9037 
61543 13566 
77144 43936 
34834 80004 
36962 69615 
66826 32359 
70114 3951 
80284 66619 
76841 22141 
22508 20912 
7015 77700 
50507 11526 
83876 11457 
23482 84163 
17452 4020 
34992 97671 
50637 26492 
95365 20847 
85636 96674 
31283 89471 
71435 53550 
3927 40285 
93970 21540 
59686 11447 
99830 47819 
18132 74834 
1617 60966 
70840 44584 
58503 17230 
11566 88391 
99040 71934 
43443 53324 
54974 37829 
12021 6330 
4543 69662 
94383 81054 
81719 44781 
33987 17280 
93828 93300 
48535 77013 
4173 68158 
53831 22124 
78579 35346 
40511 42481 
65146 7648 
12423 30605 
75094 41432 
45606 9159 
59174 65331 
54974 30947 
28975 12123 
62218 87616 
55304 80652 
42854 82861 
86895 63355 
93004 48711 
71846 36745 
97153 9342 
31460 27172 
97038 25861 
31599 32233 
58750 87642 
20172 99385 
10241 51058 
51058 37662 
74668 64803 
94524 65805 
56334 62531 
42144 80697 
45454 48160 
50227 63691 
95602 46924 
29939 29222 
93378 46176 
84592 60043 
83716 3896 
14967 66492 
36202 60032 
62090 53388 
37887 46036 
33531 77467 
76285 51332 
64087 30708 
32615 71969 
94609 90484 
39793 36335 
13787 36131 
72302 75556 
96842 43385 
25777 82098 
92389 33038 
12988 79076 
54116 68265 
49890 4917 
87481 66234 
30485 3274 
83270 13966 
92498 96460 
39676 55803 
57164 12181 
32420 50462 
85965 27985 
78519 79304 
34673 95573 
53441 24278 
864 8027 
63666 23949 
54834 76986 
47109 59075 
15887 93953 
72364 15386 
86011 60155 
34417 20554 
81222 82765 
99239 54754 
7180 51786 
32591 89814 
10150 31554 
59412 20625 
97003 23534 
39308 14297 
58646 82989 
10957 17496 
50142 1098 
53647 30472 
77735 96225 
37712 77449 
18100 93298 
87270 77399 
48373 8634 
58472 46643 
96835 99053 
44372 45297 
33623 78745 
53564 13260 
8433 55128 
73892 28281 
7884 85776 
24827 58554 
49092 12552 
22514 75386 
47943 86156 
30017 37645 
681 54594 
41976 59039 
95620 52430 
57642 21695 
28159 94190 
29192 5096 
26758 44929 
33252 58103 
10086 13707 
2709 53614 
86342 91607 
73195 30374 
74530 34943 
44017 44468 
74496 76417 
26857 24283 
37602 32242 
57221 46977 
93134 61643 
73396 31992 
66913 26626 
25595 77669 
88025 94555 
63996 50746 
17192 23825 
68537 75323 
46041 73787 
25644 57805 
10352 84107 
27426 27443 
32356 75838 
67461 68233 
57259 36783 
33920 67286 
77351 67059 
55583 7206 
43472 77297 
39188 85592 
48003 51559 
47625 53456 
26220 9769 
7604 26171 
63517 30371 
2740 35519 
14881 22902 
3417 59455 
39968 72315 
8277 87400 
32225 12136 
23913 53197 
73719 21915 
89066 95314 
78700 85934 
57576 84415 
98379 94777 
90348 92142 
47007 19097 
70780 61759 
75069 35817 
50351 81231 
59243 40999 
51512 52416 
761 40726 
3537 96191 
23881 71631 
63650 32704 
44453 66058 
80543 28325 
34832 43342 
90308 6499 
45951 78354 
95814 78332 
59883 71172 
69771 60623 
37017 17655 
38957 13924 
90753 59663 
52522 51351 
69654 75834 
10826 39997 
52044 59047 
32888 41159 
61291 15111 
70361 13002 
91353 8692 
33818 29871 
91635 77152 
83183 56144 
97807 30697 
48308 49330 
10955 58137 
87972 57069 
21284 61539 
65987 15750 
44560 50204 
21644 54657 
89592 34647 
38379 58870 
3247 74628 
69330 46580 
45874 51801 
61363 72070 
34468 57163 
30189 74258 
53489 6252 
78339 52578 
74005 20909 
15061 66851 
40654 45439 
32620 25913 
82891 97108 
16978 50935 
82101 86208 
22565 73697 
79363 79254 
20544 57498 
40014 20419 
37969 8993 
610 70918 
41210 82890 
11523 73825 
81218 68291 
54071 2660 
10452 85388 
55003 6123 
1742 14296 
43058 18438 
47864 23993 
92465 65065 
97264 68652 
76468 56891 
86195 71111 
10276 32516 
60368 18744 
97351 77898 
40333 55763 
5513 25352 
73902 67717 
90091 9790 
36252 18957 
50170 39090 
83733 21864 
50977 17615 
40953 87859 
70531 47139 
2367 34498 
31925 17851 
59389 421 
63931 93564 
21943 50482 
92111 89942 
89417 37083 
205 42250 
40138 20530 
17293 60064 
50771 41214 
80073 70358 
27466 79431 
91576 57500 
29083 34907 
47726 18976 
89524 7340 
31389 69020 
964 61795 
79888 38825 
2669 18269 
16447 41659 
31167 13507 
98614 93950 
26654 44922 
77449 9279 
57830 21418 
80087 11252 
22749 14017 
25293 43302 
6838 20323 
56686 88777 
30842 31231 
31563 53017 
1305 15691 
34585 632 
84050 19914 
95058 85838 
57192 11120 
74155 61436 
64355 82701 
54128 2919 
81080 77654 
5426 38188 
27771 80185 
29585 30493 
11121 71582 
75883 22442 
52569 45764 
7945 12355 
67161 32376 
52855 680 
89067 80826 
99783 13858 
1076 17404 
27766 85779 
14509 99396 
32950 52815 
63323 55056 
94518 97459 
21539 16400 
65429 57711 
26715 22918 
99259 4596 
93791 98672 
27591 78602 
33460 82653 
83815 67305 
47115 22857 
28614 1097 
56446 28214 
70045 41670 
39942 9343 
86841 38809 
90820 29026 
57386 35018 
81321 26365 
68828 4677 
16855 74798 
30848 24631 
90122 83424 
46859 86539 
129 53584 
1740 77777 
83944 58155 
9689 77344 
20033 19747 
28374 35958 
1227 25794 
86283 35411 
42615 33462 
89026 51267 
85086 85381 
67311 75101 
78787 78394 
4410 87736 
82393 1825 
34171 13319 
93908 89206 
31943 25574 
36605 8004 
30306 22209 
59744 45519 
79049 31183 
77878 36007 
34575 63460 
64847 13977 
7788 80838 
38950 71682 
21442 4594 
24343 45058 
28060 50936 
50346 51611 
17763 42631 
55164 56263 
1653 12679 
93387 46679 
90922 85530 
7724 58333 
4407 94112 
14538 1347 
28080 66786 
70068 6122 
18753 97382 
29612 22793 
91321 93577 
85500 80789 
53894 84125 
71327 39051 
58441 53860 
49712 34922 
15898 66857 
58759 70291 
84154 32790 
78425 57255 
74960 69276 
92175 82382 
41482 13865 
61559 38611 
2110 43351 
1796 16872 
28088 65192 
44951 45713 
72617 56102 
3972 16538 
47332 36243 
5629 34497 
58376 83943 
43312 90633 
98791 15517 
11672 59587 
56519 77500 
24269 88982 
38040 24486 
82647 61542 
26540 84785 
60696 79060 
90428 48212 
91668 38549 
33178 45606 
96902 45192 
28639 28032 
75072 34174 
17342 95127 
78703 54029 
48791 66706 
40729 97836 
42324 39446 
78005 55417 
4843 21407 
91021 99618 
87590 91095 
99416 12826 
86074 84950 
1474 6086 
87393 77351 
22416 82457 
47398 80654 
21089 48732 
36482 59241 
57593 85182 
27287 21218 
85365 41690 
10174 24140 
20467 40453 
13060 7013 
58048 30372 
71056 39853 
51409 56319 
38310 64172 
42603 77655 
59576 83061 
35177 94696 
22226 47872 
29445 19263 
90794 80039 
98587 56021 
85591 61198 
69922 44990 
4555 22512 
89824 52450 
3197 64983 
93089 87390 
41357 46570 
67920 63712 
77478 79004 
6269 24600 
41168 87507 
55911 94791 
43083 99943 
45428 28902 
87466 48488 
36181 79551 
37199 86483 
66378 17701 
43772 45930 
91526 99461 
95351 86944 
92817 88533 
54920 19487 
20429 11550 
57478 9844 
62233 44751 
10366 19538 
80090 4740 
94016 62780 
35675 43540 
91757 10051 
35700 28696 
86793 10009 
62419 22888 
52071 49736 
19494 64330 
24463 24134 
15534 89157 
98554 39360 
28090 30100 
97275 32272 
39370 71898 
76751 48120 
11630 43255 
921 82111 
74980 77556 
77871 56969 
33236 80151 
84247 78226 
54500 98685 
16774 81779 
2310 4785 
571 64061 
80483 60339 
52830 64240 
10174 59696 
47402 49959 
31232 10264 
50918 43371 
21579 38359 
4295 12640 
58117 84532 
4841 45551 
598 83226 
3628 16505 
65913 5269 
70408 55953 
74412 78542 
94066 32164 
92170 92101 
80461 59263 
63508 32088 
81463 52577 
26620 93974 
39105 62593 
31810 64984 
56985 32206 
36651 72981 
17405 38457 
35246 53699 
47203 99549 
89856 96834 
97828 50729 
72280 93400 
45945 18474 
89676 21627 
39682 51435 
64921 76790 
12639 98714 
65143 71533 
62821 61310 
23711 7567 
46949 80944 
80758 47067 
71887 71984 
75234 92656 
74441 46804 
57496 18561 
68354 32692 
55634 82336 
3063 29270 
20976 86490 
22625 9413 
98680 52426 
35187 23776 
17793 15293 
3474 29304 
71878 47653 
45006 25447 
66042 72328 
87075 48347 
39153 30346 
56018 42866 
31037 28594 
92892 5078 
53618 3607 
78390 63746 
42255 2874 
18701 48295 
8935 3081 
90951 72904 
92504 55931 
72004 51646 
2805 76485 
77591 47921 
85348 66399 
20098 52972 
91074 95026 
52820 82896 
21786 45010 
6068 81303 
35998 65846 
36265 15665 
42223 68797 
2979 59402 
77160 39643 
60861 58879 
64722 41918 
3507 94735 
78576 32608 
24507 60350 
85580 14735 
67307 96773 
30484 6805 
19945 43028 
33221 17792 
73358 83508 
9349 78157 
2646 21 
91434 92331 
49562 65066 
24592 46158 
81438 45039 
32972 23993 
76865 17331 
5556 64463 
41682 43656 
29520 11333 
90154 83444 
7231 96498 
35714 75776 
29053 25803 
23210 66082 
38251 25218 
367 4701 
16598 44828 
69971 98412 
39677 11170 
86299 53181 
99420 64635 
59379 6593 
68084 17987 
8920 11856 
82639 24455 
66071 1739 
61466 49469 
55665 30450 
26297 98758 
4181 64209 
91474 67375 
9392 67142 
99904 39142 
76518 8145 
30506 84074 
72658 96477 
75447 72537 
76393 39110 
87163 49208 
2658 1223 
24918 87351 
64348 42759 
88583 74481 
91566 98561 
13339 64195 
67060 67395 
13174 65738 
52067 75996 
3329 32848 
70688 88334 
2259 56464 
92834 37382 
12207 62078 
5924 66939 
4150 61847 
93717 84450 
87662 13980 
47010 42238 
29160 97542 
15413 84235 
92996 19451 
72001 18006 
19085 32284 
3378 97784 
17961 56470 
56521 33200 
59649 68475 
70752 70542 
56200 37795 
98293 28639 
89450 69908 
70057 9803 
15320 39734 
94701 47829 
83902 80755 
88435 99619 
50591 28631 
20648 34804 
17706 4950 
26198 28561 
38311 66701 
78982 16896 
34359 40136 
43448 30712 
29835 3855 
20752 85308 
76207 85286 
84530 65289 
52295 87162 
57559 11384 
53580 66162 
15099 85297 
47010 44585 
13269 61479 
56498 47734 
31548 70574 
61630 24625 
87351 98298 
37484 27718 
27572 25654 
36997 98531 
27114 81615 
18995 30356 
27638 67812 
54766 56691 
31096 6247 
3977 44595 
22117 55694 
36778 55875 
30878 40190 
93070 75788 
63846 33922 
12229 98941 
23592 50787 
36976 5076 
10893 94059 
93614 53670 
52380 31838 
77508 75574 
25280 77331 
27501 42347 
57076 69532 
55823 49524 
62441 69490 
11119 58752 
42371 10093 
91374 5523 
11163 63217 
90789 94185 
35740 17032 
60083 70002 
68802 88450 
83222 79170 
32371 30899 
25253 2076 
61513 36025 
85678 72481 
49395 69413 
99741 75900 
44276 25028 
66023 54129 
36651 30882 
42896 29697 
40478 89244 
48685 3953 
16272 88782 
20787 75573 
5818 83094 
37534 72451 
48353 90395 
83242 89272 
26300 32451 
41695 75490 
44961 97405 
36188 24008 
85080 80728 
95316 69550 
79756 31320 
12845 17523 
57929 5622 
87295 89124 
65494 11642 
72254 86493 
22088 6913 
42003 52925 
96671 99640 
78681 27447 
88268 90704 
16992 70539 
79570 85653 
40395 68312 
90567 491 
8722 6165 
96991 82778 
11348 39758 
94069 70460 
82323 81080 
79915 14866 
84266 60447 
4895 1392 
66393 21473 
83372 11695 
28663 55357 
92460 84575 
78862 83286 
88787 49216 
52307 51303 
58712 24116 
74933 10703 
80056 97766 
89639 18807 
14119 33025 
33109 9934 
65624 66140 
45669 54445 
45159 3493 
20339 44916 
43838 54405 
48862 22829 
83089 76717 
2275 86602 
33825 53351 
91531 2348 
8758 62702 
89672 72445 
19172 53472 
61251 3815 
53224 85394 
36952 57746 
76676 51364 
91811 56169 
78942 53560 
33921 65486 
87415 66433 
87217 78354 
51292 82800 
56685 66294 
52421 5799 
97267 81533 
35213 19069 
68764 45193 
60215 40294 
48206 70771 
76702 39118 
88421 36753 
78465 79440 
56985 40326 
53952 28235 
63223 35300 
67039 58296 
82632 81689 
7885 60671 
17856 11831 
34721 74069 
93259 48517 
86860 33156 
66198 94248 
86840 35378 
52209 47599 
65304 26884 
3673 92584 
36103 12058 
51869 49988 
21047 98363 
20904 75835 
73867 98402 
48662 41452 
81116 24518 
4670 32062 
24151 27728 
77733 56377 
70759 52441 
17194 68379 
27614 1151 
50839 64261 
25464 29170 
69773 32488 
27802 18478 
65970 2946 
50740 11904 
31765 62396 
56907 24082 
82206 77723 
39418 84028 
40949 95941 
43302 5677 
38335 70454 
81248 27346 
6272 96795 
88140 8857 
18738 27853 
24553 25910 
19004 78557 
83253 55318 
95061 23055 
74699 1845 
13312 33591 
67642 77627 
97198 9636 
39165 8547 
42270 98250 
44808 8445 
92078 12203 
53954 31648 
60317 11123 
8192 87092 
73805 22699 
51134 73151 
28188 45943 
47001 71338 
93629 96580 
52254 19108 
81323 25804 
29667 67321 
83298 67984 
97423 16239 
27778 50320 
87221 15470 
50279 28038 
44789 7892 
66644 92373 
43839 95339 
48386 35455 
217 4718 
43001 46088 
66826 37225 
52309 53549 
61903 90459 
80419 32669 
33308 53479 
89587 32809 
89707 88248 
57010 95757 
35895 27385 
8504 83183 
33957 37796 
16067 42919 
74576 22504 
85465 5203 
83510 58865 
27291 14940 
7124 379 
331 74093 
17811 1423 
39623 89539 
55261 59483 
33252 96005 
72734 7860 
91702 51160 
88862 33302 
61506 80518 
54962 37665 
70964 83462 
35454 10450 
59859 98548 
64677 29944 
37391 66180 
87284 64697 
32957 19801 
11317 4188 
52933 82962 
3213 7812 
33283 48914 
32175 24658 
82614 71846 
27710 3100 
43169 4426 
48605 78800 
58343 75012 
74204 2533 
24403 9719 
19586 45063 
21438 69444 
45064 95358 
63928 90064 
77435 50520 
84884 85150 
85475 81081 
69162 94924 
55412 43686 
81339 42575 
93467 4706 
91448 89642 
41991 32910 
87908 65856 
33373 17137 
81147 85661 
21568 65742 
43688 53545 
24977 48611 
2899 3422 
86364 49672 
1117 13456 
5609 8076 
64554 87066 
29289 39609 
77127 93269 
87472 46384 
38311 15099 
52535 42517 
95129 63530 
57448 46208 
77546 76139 
51671 14579 
33836 34694 
91663 26556 
57885 3913 
59986 51291 
23945 14844 
82059 74789 
96001 90612 
62867 95870 
58694 39735 
97261 44019 
24680 22777 
16962 16372 
9303 31793 
24986 78792 
27650 8833 
33908 26905 
61326 69726 
68271 56933 
62701 92422 
13370 53332 
12919 75363 
92778 60452 
26609 70672 
35179 68854 
1043 49390 
47442 13400 
40373 61552 
45315 49862 
46624 12602 
5743 49567 
58295 89434 
95519 27448 
34673 34320 
99840 97903 
29404 83025 
21281 34967 
70392 54617 
44857 98572 
64743 4793 
67982 77048 
77280 31981 
75576 87509 
89044 56039 
99954 70422 
28250 73078 
42803 12378 
80298 26743 
52220 31991 
25777 26224 
41671 67838 
25732 84340 
9679 14496 
72090 45241 
69156 62970 
47718 20557 
23514 15196 
95427 55312 
33055 58801 
78128 445 
99565 7942 
23365 77486 
59707 38778 
84645 82770 
18455 74034 
19239 93474 
72714 101 
77548 5875 
72225 32253 
22676 57372 
39930 78810 
50489 58174 
27244 93467 
60245 85960 
10979 46497 
33777 77413 
48160 90181 
17251 84205 
92583 41554 
63683 47829 
42656 56451 
86680 87621 
33943 22838 
96281 89370 
11783 58523 
36316 28122 
19459 58639 
19344 58088 
15627 1608 
60043 55003 
91038 88860 
40806 1871 
89083 63175 
4351 67697 
47271 23270 
57313 40639 
67493 28155 
86054 41952 
91734 63753 
31367 65153 
6928 26446 
42246 56051 
27679 63421 
30594 73566 
8861 98109 
78500 48741 
21391 60487 
7632 89881 
84013 36646 
6336 65487 
81459 49798 
24178 33419 
15128 85752 
85967 74709 
26245 79906 
47690 33480 
3445 89930 
15338 60637 
36808 88569 
74264 8303 
8636 24361 
31476 24418 
17541 14590 
56216 52483 
16969 54416 
15171 50127 
11802 48855 
37860 1985 
97469 207 
14992 17319 
44797 12485 
28023 70889 
30836 6561 
31668 66753 
90976 74987 
62788 79012 
20892 43816 
28837 50945 
88218 50285 
37005 14546 
23312 89813 
61183 26177 
46061 33535 
8066 850 
51426 68500 
35986 67610 
20248 66601 
471 61543 
43825 45514 
49080 14137 
50853 45097 
64695 3031 
3571 6148 
61260 74625 
86257 4874 
68872 58616 
43752 66083 
6125 52172 
40226 50850 
26821 63322 
99162 90288 
45405 68037 
54377 16069 
90913 53579 
88856 20459 
12755 91865 
63281 63880 
63304 10910 
39371 36412 
12060 9871 
84474 71130 
4060 93760 
3349 1803 
61246 87597 
80645 55260 
39662 26598 
33348 69567 
97623 8903 
66261 33194 
439 40457 
95605 47478 
85773 97823 
55899 24910 
40416 84019 
33501 49208 
94000 54933 
76550 39585 
18119 49416 
15515 81284 
30353 64859 
91156 7210 
41825 81867 
27419 41327 
54248 56585 
5651 43555 
7796 67308 
93477 27968 
4686 23183 
56774 61387 
85003 17139 
36433 87835 
11109 32617 
2905 65812 
24854 94241 
11026 49989 
77881 86259 
65212 96664 
99440 49401 
70823 23217 
58435 6751 
91357 5792 
96829 62277 
53114 56557 
60079 61869 
39029 82174 
26901 6060 
91657 88454 
45499 56012 
1579 62714 
16258 79960 
92017 34937 
21957 45966 
23015 91642 
95722 78659 
29280 92204 
34206 62589 
74621 16389 
8919 92876 
52897 54011 
2137 45038 
90474 32832 
95498 60183 
8436 69252 
69182 19208 
84113 17804 
27462 10209 
10991 90118 
52469 76991 
93639 11757 
2159 73382 
30034 86231 
10766 38023 
27500 39462 
20429 47330 
70452 25145 
71216 546 
8232 81656 
3433 40112 
59557 44596 
80884 13022 
36424 35496 
26669 34388 
74821 66899 
74128 23154 
22163 26742 
74708 41689 
72106 30879 
71818 85943 
56242 61542 
45140 40924 
99150 41731 
53403 37423 
18370 30707 
55278 20257 
4088 64195 
67863 65719 
44686 4384 
30102 66502 
73755 9437 
74540 36063 
1799 79996 
74983 71177 
61548 91027 
29879 51421 
39666 71359 
61699 47350 
89616 50413 
61087 55347 
20527 51850 
81238 76428 
35131 77264 
92727 8735 
46208 89532 
41938 29019 
35418 75088 
17269 97085 
31021 37111 
16450 29020 
71699 47513 
25600 49938 
92542 64632 
66053 55058 
16228 5613 
38522 79115 
57542 47790 
95835 98433 
52574 21678 
5247 67401 
5316 49757 
19258 21706 
3819 79819 
59903 64314 
95691 59409 
35614 87061 
28436 98793 
52078 70604 
53969 73847 
48897 48597 
68625 27442 
92398 18116 
10086 38103 
81606 27678 
60848 38137 
79174 76664 
14227 79916 
61981 15484 
43351 68614 
97122 44551 
76193 2482 
88212 71916 
20431 87600 
4175 4383 
754 23051 
98113 14972 
68208 84612 
47403 50803 
16286 70274 
97789 19762 
91677 9324 
74061 21808 
18932 78186 
27810 71276 
67799 10887 
28764 90272 
79558 39719 
70408 40068 
34401 52606 
52832 97313 
85790 7629 
26209 74984 
9645 2343 
26791 34166 
16361 55735 
14017 32076 
51837 24065 
22070 4183 
70070 38358 
72170 83848 
94342 20894 
52892 21600 
96596 10848 
64978 77965 
15367 5082 
44390 28731 
1436 99092 
22763 39579 
27375 95277 
57949 38208 
22242 30893 
69010 36402 
95904 66492 
39795 31919 
98816 67113 
13152 50665 
22555 3140 
83858 73282 
84021 95469 
12507 27120 
51903 30557 
24902 14496 
67896 74866 
31865 91200 
87112 25385 
2962 5412 
12209 43172 
54264 56506 
24015 30197 
65078 35656 
17748 26314 
21456 65733 
38416 22788 
95372 66656 
71584 11586 
7578 34205 
86391 15482 
89451 35208 
46597 73069 
54557 90129 
2349 84877 
14181 35216 
50515 62043 
22747 30740 
4615 57400 
18823 9263 
46735 285 
35325 38448 
43309 1075 
88567 6631 
94197 39147 
19962 26151 
50280 98883 
56466 89435 
78569 72307 
76273 5839 
75861 4115 
14789 93488 
32017 15064 
22583 99641 
22213 3102 
91813 75560 
63814 88102 
496 37446 
8026 35715 
85068 3651 
49069 68578 
40812 10246 
24331 49027 
67039 71932 
47824 96447 
19285 73338 
66210 84522 
4366 46995 
51804 48911 
55751 18521 
50141 24251 
56529 77045 
81065 20877 
35135 59446 
51774 46316 
45052 20673 
77826 74314 
53855 99233 
23880 65081 
9241 76867 
69732 44412 
20139 74520 
79247 56490 
89458 22879 
99826 15416 
61772 95075 
48299 93897 
3961 91611 
45495 4039 
19779 23102 
46177 44784 
10324 45141 
73650 13341 
31578 61402 
9083 3771 
67440 26041 
4403 44962 
32100 44512 
84620 62294 
39140 93125 
80523 82598 
26400 51970 
85915 40357 
5431 73273 
64913 84622 
12280 87850 
44280 30738 
72373 85954 
13398 48725 
56427 95698 
20179 31043 
96613 22112 
95067 36478 
52592 3018 
57273 63998 
65586 84041 
57455 70705 
15318 14446 
89300 11371 
99405 17888 
58811 43553 
87746 97752 
34553 11916 
65448 95441 
14737 98150 
66994 31808 
37736 98722 
21669 26818 
31449 71750 
75639 10672 
43954 76368 
29633 10721 
22929 13243 
32824 22915 
14596 63265 
3309 53880 
34243 12931 
3480 50348 
19895 49589 
84616 16335 
18273 7454 
29206 55266 
67911 46175 
61758 64199 
38150 47761 
69310 50381 
54714 24781 
71349 36528 
92630 43014 
5526 70558 
45535 75111 
50350 57959 
86702 18318 
88922 90502 
21640 28970 
28835 53743 
94677 49163 
32522 57548 
52698 26967 
79594 48818 
88026 60472 
78154 33679 
79416 28137 
65596 57558 
25247 3151 
91031 65920 
16191 87883 
51327 95849 
26003 46021 
60593 29250 
8556 54620 
69017 72121 
76814 46024 
11123 11170 
5190 60524 
55767 38987 
40568 84606 
50648 32065 
29239 6766 
2601 12118 
67106 83152 
11638 20510 
58733 68624 
81451 88005 
27155 35376 
62033 87646 
50853 70866 
41095 17244 
16874 19545 
90099 69783 
69823 8794 
88063 14988 
5277 78435 
91632 33360 
3175 15340 
93521 15196 
21793 79916 
13029 61399 
76181 99601 
92158 339 
6248 96038 
28747 65612 
99187 7204 
64089 63181 
68502 63525 
56647 93277 
7637 77904 
15775 82294 
30047 13566 
39756 23049 
79541 784 
1006 17936 
44791 83778 
47961 68817 
40159 92466 
47932 59945 
21325 50260 
78140 35784 
88660 48714 
83173 84268 
93923 42595 
56255 97873 
6529 44822 
69026 99795 
14543 29722 
69919 90631 
32479 85184 
94772 92108 
63100 89545 
84956 38751 
13649 27419 
88112 95813 
98266 183 
24464 62360 
67829 31466 
37743 52078 
96072 15746 
13902 31220 
16504 9018 
43081 33018 
48579 14532 
20711 60966 
73461 73698 
32160 39581 
19874 32530 
41993 70540 
98744 17365 
13718 4563 
81663 20119 
18757 44950 
52707 62936 
54481 57396 
75725 84871 
80241 72500 
9931 69123 
97664 32351 
75496 8314 
46852 50623 
17790 87469 
63707 26798 
44044 49586 
45201 79478 
9403 97074 
99258 41157 
10702 73838 
13782 87420 
5765 67408 
65420 57190 
13626 68294 
2798 57516 
66798 24587 
81276 36267 
80542 33858 
96638 49228 
76108 21529 
63713 44248 
44949 65145 
12546 34406 
69204 37345 
29554 34631 
20040 56848 
53976 91740 
39941 56391 
51015 46586 
77619 99312 
22156 28798 
84962 2345 
80509 99540 
4254 51215 
14377 25809 
70899 27715 
85803 90935 
31966 2250 
62529 20315 
34099 84161 
61549 28809 
65685 63688 
90383 76834 
47640 24028 
8207 55838 
54770 49723 
93152 10694 
15408 8472 
94367 46479 
80831 37480 
67836 60148 
77991 22577 
43500 83857 
59137 18590 
47872 25937 
40167 22854 
11133 48034 
75874 80207 
20600 22429 
54739 67503 
43488 72302 
8505 78366 
31067 9474 
22498 4843 
33575 49138 
1516 91578 
677 99125 
93061 20286 
15783 92471 
94801 67538 
14210 56351 
76368 67259 
64950 87883 
26951 851 
53716 37896 
99592 32453 
90969 87408 
60731 4656 
82815 38422 
69229 10798 
44903 30551 
2977 64048 
9903 38068 
23139 90550 
77661 98174 
16217 84183 
83785 70572 
82299 73884 
17222 30896 
44250 70948 
256 56104 
37032 83381 
55448 68635 
98969 7115 
23139 67937 
27484 29797 
60478 92942 
80681 11830 
48297 27098 
3113 41516 
55735 78768 
29200 96365 
64138 44156 
70943 81058 
31560 87294 
27969 53996 
87122 52267 
67375 99059 
80472 56479 
8482 46913 
75797 628 
13288 1084 
72100 70961 
27277 78049 
51862 2480 
37229 27687 
8769 17939 
12744 60716 
81794 56792 
76429 73102 
27784 60704 
4050 23943 
97532 87786 
90425 92947 
41408 86432 
29406 16397 
59758 71416 
47059 76343 
30561 9894 
95973 96797 
92268 42969 
65601 82830 
33247 39725 
88657 23687 
40961 4906 
26780 69482 
93737 38882 
63 82475 
35962 79106 
84480 58597 
63507 35947 
38874 12634 
60390 72628 
38866 21362 
69962 68895 
88915 22927 
54285 51156 
55709 77884 
93953 67990 
16181 7587 
7217 39250 
41672 38972 
22104 9435 
46077 1303 
18092 91554 
10331 40064 
64969 96418 
58149 35936 
25655 4094 
98680 42693 
57024 49204 
70568 86828 
38232 59820 
18906 3874 
79523 10899 
11632 21620 
16204 27508 
55185 38814 
72226 541 
544 89444 
85739 58193 
40268 27318 
25015 70148 
84752 13404 
87296 48249 
71627 39308 
65412 47371 
6092 74217 
87415 63271 
51922 79819 
83024 70388 
93018 97918 
7317 41889 
63557 78878 
56917 46677 
1177 85510 
46807 23669 
12086 76653 
76945 92323 
49590 47460 
7032 70226 
98246 79264 
75044 33479 
24721 30921 
40570 73699 
3368 85640 
7512 76635 
49677 52574 
82395 71725 
97939 10822 
54281 79337 
40828 74989 
40223 13055 
8087 56099 
26213 77986 
99086 89381 
47748 42957 
99740 1361 
96414 54365 
8144 92663 
9299 2524 
65237 20074 
96601 47540 
36901 71683 
89417 61070 
22149 42253 
44528 42759 
68367 32535 
25879 25704 
59083 15827 
93487 94006 
2308 37834 
69688 97267 
88229 41802 
19902 61845 
3884 39847 
80521 66742 
89411 83585 
90032 73188 
95563 22371 
31187 71298 
55423 75884 
71791 34641 
14563 89250 
99577 54091 
73403 83566 
82720 56056 
83096 62415 
51642 96976 
2006 85852 
90098 65934 
63675 77344 
43905 20272 
29165 86266 
4234 25329 
96754 88835 
99032 68700 
20175 73701 
30941 71872 
42960 24970 
32965 27664 
90891 85009 
74211 50580 
77192 52179 
37142 38996 
65790 44504 
5109 13072 
6840 39276 
44314 10303 
5668 80761 
37896 91847 
11401 33373 
31488 37078 
14744 46114 
79405 81247 
25758 85549 
38483 81693 
61919 89222 
42678 81769 
14372 89179 
5652 78423 
75981 56129 
40884 89343 
8674 18803 
59250 58644 
99492 20166 
2529 36233 
4906 82425 
97993 15351 
11152 66124 
73981 15196 
44689 25146 
59302 51114 
51383 79060 
320 43536 
25568 46999 
68758 78642 
10911 13147 
527 48701 
13819 22903 
1288 68072 
67108 40942 
78036 82061 
56769 37605 
7580 60144 
77856 8482 
32657 92502 
16901 73510 
84265 89379 
67709 46570 
64883 16480 
75004 14291 
91364 86420 
66103 13678 
88611 66190 
74646 52166 
45526 53676 
82399 70827 
93276 22456 
5218 11735 
42568 33391 
27506 13846 
21422 64025 
45831 28263 
87831 12302 
16858 13405 
52729 89870 
17321 43307 
37875 32008 
14518 38211 
10498 16167 
14631 5571 
82019 99208 
3157 61743 
31630 54568 
16838 89883 
17250 14931 
89691 77945 
66091 3427 
97089 72189 
95014 66909 
81331 76236 
96903 8609 
79706 23439 
43396 54232 
91816 51254 
96656 75528 
16735 10274 
93224 38429 
62590 47709 
61569 39046 
81202 15397 
61591 40105 
8702 65737 
89111 22890 
99334 15515 
71325 25284 
24170 77157 
90194 45209 
69023 79749 
9922 50597 
6604 28005 
51970 51925 
36785 76394 
56442 61458 
85826 27749 
92222 84511 
30496 937 
29911 62355 
66279 50570 
71386 13845 
70154 63198 
37715 3417 
17964 99099 
53209 96767 
3939 96507 
27526 52382 
75694 6002 
30065 36994 
41849 76800 
71259 46118 
31415 73803 
53938 57027 
84152 64518 
34585 40821 
29368 78341 
39089 12688 
66942 7210 
10513 5051 
98851 86239 
27432 6932 
72057 65727 
20554 24738 
84356 61790 
32617 84575 
73619 51889 
11984 14285 
57835 63638 
3854 14574 
18473 90536 
4728 52937 
22875 56658 
75481 91507 
62781 43825 
66371 90532 
45524 89412 
93297 12883 
12038 60700 
18814 91783 
71569 12580 
33674 13933 
36785 39381 
5095 13234 
14996 38757 
56466 66521 
61265 15809 
69890 32034 
27418 68998 
57725 73803 
47317 15902 
32203 70654 
83234 36516 
13249 17297 
20740 34529 
53769 86705 
40280 42907 
28968 37986 
12419 29095 
31678 21990 
60740 87308 
39186 58097 
11465 40611 
68744 29931 
2083 13869 
18702 75212 
52641 80168 
127 25507 
12794 27927 
99814 85326 
85337 43667 
79728 26856 
92653 56291 
10235 16521 
96351 42739 
54869 82673 
2351 51999 
72919 79869 
83768 64708 
82782 4536 
32179 68969 
33830 69231 
4168 99509 
67408 48325 
64582 56910 
8664 66567 
40452 96450 
20037 13851 
90326 51899 
64530 34422 
62550 38697 
72297 56843 
63053 63002 
77621 2208 
78261 48388 
95003 32443 
1986 80348 
32880 77937 
96513 60250 
1396 14337 
77547 55025 
56683 42035 
50290 26630 
38271 58663 
39664 26202 
98542 4891 
51499 41809 
93520 6855 
73520 95866 
2871 34766 
75044 98503 
73605 46533 
92515 76565 
36791 87710 
94374 14444 
29472 74607 
3210 62537 
65033 96135 
15759 91916 
34425 31726 
2012 99638 
87914 97669 
83577 98158 
42474 2200 
88373 54429 
83433 10945 
53867 79501 
80677 98564 
4261 7850 
19487 89958 
58407 47153 
53985 74891 
34671 23833 
27225 13636 
6604 97505 
66104 38026 
28951 68270 
51555 92259 
97440 54859 
84908 50857 
27691 78725 
19826 97374 
38753 49461 
5891 46776 
4953 10266 
94692 46838 
96107 68736 
92195 99477 
60611 7822 
2177 1645 
18535 44615 
94718 17205 
22550 80449 
50960 56153 
13394 64837 
80830 55635 
43508 77895 
83890 28379 
67631 21127 
25191 68487 
2314 94865 
27751 81979 
37690 32135 
41216 40035 
44297 53355 
32290 36576 
55355 4028 
56670 68654 
20621 38470 
14525 48049 
21778 16620 
61944 95529 
11322 88099 
49348 65456 
86961 47948 
84487 97686 
41808 61852 
72439 96205 
36963 75158 
67955 89468 
27582 39628 
86505 36124 
36091 14615 
59550 1613 
6970 25236 
86862 46075 
96343 89118 
34095 32061 
46598 55424 
47379 81745 
71367 35107 
8345 87637 
29399 39742 
32785 8256 
97214 87764 
24056 60755 
59917 81596 
28376 56240 
27121 6881 
3323 10268 
46658 55916 
3119 1015 
32628 31410 
4711 40629 
46269 43794 
47180 71499 
68264 75561 
33680 98474 
79304 49522 
49885 20512 
22081 4349 
85838 30801 
52347 50382 
9136 13101 
99301 51493 
26525 73849 
46246 54606 
88293 14527 
11343 67532 
35239 66855 
55244 67883 
61532 84561 
67484 11071 
68444 9797 
86746 93813 
13715 9717 
91437 21032 
19240 9283 
56518 18686 
85760 30083 
10100 32818 
77449 81727 
39057 55988 
81547 42370 
86745 26258 
18593 7936 
57908 51021 
77372 85834 
95911 18244 
75321 58271 
25707 71026 
99956 42699 
62268 37940 
69760 32502 
68682 31198 
64032 9734 
10723 47459 
10341 83512 
95421 31994 
85528 22624 
17 95886 
81591 18987 
94631 8109 
11351 39756 
37105 19562 
80417 226 
71684 14523 
31800 17094 
94551 26491 
77396 82224 
58700 4 
66615 30748 
78241 27787 
6591 64150 
57940 43459 
40682 28910 
17649 4026 
12398 44388 
3265 53524 
90407 19769 
75932 19421 
6951 99251 
49441 56782 
66775 27069 
2131 21682 
16590 29533 
24044 25002 
26114 69937 
72724 90481 
20921 44023 
1731 16789 
24572 48621 
94813 22384 
12968 74138 
85654 34033 
57330 42795 
68195 65164 
33947 38794 
5766 18549 
8558 54045 
28604 39371 
61167 3677 
68804 39305 
3144 49199 
19365 10057 
52578 4045 
19688 45615 
76192 86137 
63746 96542 
76483 25196 
99134 86701 
1325 28708 
35261 33117 
79926 59756 
7221 23007 
43790 82416 
48193 18565 
74279 85915 
7690 79659 
29394 7500 
15611 17410 
41529 35757 
32730 17458 
45285 91048 
47128 753 
89797 47833 
73040 21804 
13584 84803 
83688 39624 
11596 23096 
62898 34929 
3894 40278 
91628 88705 
23343 28364 
95036 81845 
75698 97838 
63291 23342 
89647 16430 
25061 65385 
66659 11384 
96459 17717 
60877 56976 
50208 30735 
67848 15277 
49861 77083 
77543 97422 
72173 24842 
51893 65145 
97024 61950 
19985 97851 
78805 1097 
45095 9220 
25747 67105 
6904 9159 
4417 44672 
59504 71827 
55440 43371 
71243 88560 
53478 18917 
25973 55691 
69610 74980 
66924 71589 
97458 58185 
94222 94678 
85762 50460 
84979 44754 
79593 57504 
90904 13635 
9962 89928 
82567 87962 
87327 34463 
51707 76944 
48349 16674 
53411 80871 
77200 63712 
68503 32451 
72850 85923 
93160 92301 
61958 9472 
17550 82401 
63365 8686 
38192 96855 
94630 6430 
59780 38023 
73685 33559 
81380 87877 
9359 64430 
29170 39401 
93424 74388 
93332 80897 
3739 97334 
50226 47278 
3202 96682 
2622 26706 
72424 1448 
50592 38430 
45378 654 
13522 78186 
26788 33913 
59790 61252 
57568 63795 
64766 80059 
60383 66433 
10125 33191 
41239 30871 
57838 75676 
44973 14753 
80750 86678 
62627 64218 
8328 49991 
66903 69255 
50926 95191 
8249 92245 
98843 52874 
38582 77086 
53474 36087 
42287 19022 
37010 71880 
44817 51183 
44452 71855 
38084 82854 
47078 48639 
8804 6611 
30065 56421 
81049 76722 
48631 57987 
87500 49586 
16812 98146 
65205 68487 
941 93994 
31174 69578 
75911 36166 
30674 83745 
16456 32025 
66885 9897 
37995 11706 
14344 39231 
71962 60964 
90658 17132 
59108 41005 
10992 39650 
70912 4757 
78121 94848 
24006 21512 
67133 75836 
35460 77413 
48379 11931 
77789 27971 
54849 87127 
31695 40590 
40870 40962 
1876 80048 
97876 75841 
56603 57918 
89989 27026 
75333 88136 
47202 86755 
40270 65203 
7239 12323 
87577 8988 
28457 89463 
41843 638 
5668 67005 
93469 67799 
8344 26523 
42758 64178 
26367 1596 
26815 28402 
52391 15258 
65758 210 
51784 61406 
13274 18198 
71278 16126 
73216 22656 
15637 28327 
48723 39473 
78017 5539 
23271 26662 
44171 80392 
34053 23738 
3232 16016 
87306 56001 
88539 84502 
82443 10730 
40830 31571 
57269 20334 
33067 22696 
40116 58726 
21304 51223 
96360 81481 
89170 77370 
86591 17795 
34951 58518 
11606 52818 
9681 25825 
5447 22636 
52261 59948 
51825 80971 
83371 19537 
41622 86651 
13745 80171 
59504 3919 
94403 48540 
86256 3876 
86472 26909 
30108 4666 
56513 16318 
55085 90424 
9571 63426 
57333 4620 
56658 75587 
51430 22078 
75979 51463 
67811 65806 
67918 364 
29760 49673 
22678 52538 
73798 96075 
16399 94712 
871 98903 
26716 487 
97350 76428 
11920 63549 
44693 86206 
29242 83141 
44500 54612 
77236 95922 
21722 7356 
34861 96033 
32969 74121 
35569 36119 
99123 80406 
58538 56024 
1898 32745 
41212 43028 
32489 49627 
17338 87736 
57149 89805 
62974 63117 
69295 82076 
89262 20684 
30660 66218 
55220 67444 
65048 13440 
86445 60000 
57398 6526 
76291 28065 
28161 24793 
14981 18638 
98400 97046 
39052 34255 
34549 56914 
18639 23944 
63439 59258 
3343 73912 
77983 93787 
28739 36500 
11812 62588 
45098 30550 
47203 71953 
67452 44110 
34786 25729 
61890 71256 
45814 97327 
76789 18832 
48191 622 
99682 26022 
95970 76139 
70547 49946 
48710 58262 
10533 83819 
91878 91630 
31474 90745 
12344 20447 
76038 55828 
94123 83146 
921 82044 
38600 6628 
56261 81198 
80836 9277 
33248 40286 
68894 89990 
48927 75728 
96718 1668 
12244 23156 
32705 81913 
68641 48876 
65944 41155 
51835 10571 
99973 88940 
80897 39468 
59946 12865 
28338 63959 
43279 11411 
50644 45504 
36107 21907 
16530 51695 
38306 77887 
90177 48454 
88374 76322 
26799 53604 
56106 34518 
16113 57439 
75808 68899 
65640 82409 
25686 33483 
50222 23671 
20083 14527 
66760 85018 
70423 89654 
23876 560 
87951 24704 
65067 11551 
46839 99617 
70887 49875 
99695 25858 
10792 64974 
39229 42195 
18492 19339 
29572 53103 
46031 69257 
88681 4607 
11254 42059 
89283 76093 
90949 18929 
59986 3418 
27647 33183 
10455 38596 
11933 97928 
74964 94402 
74086 84166 
67185 18434 
68948 80631 
65714 90471 
66177 80041 
4633 39437 
64359 52965 
26312 31809 
31934 90087 
64697 92041 
40498 16479 
66468 77347 
96751 7278 
24780 44176 
98225 63271 
95652 11726 
34878 36913 
90661 49088 
33762 34664 
91217 86882 
97174 59809 
9496 81723 
16060 1517 
29027 42398 
49906 20454 
93947 60334 
51962 29066 
80104 73765 
84345 15505 
73480 34926 
11435 14177 
1812 42684 
81944 83027 
13818 49206 
10129 7919 
77101 48565 
44850 17861 
70594 7659 
71530 61322 
80309 5343 
26517 63508 
68193 4400 
15984 57240 
73057 92773 
22196 55931 
19820 95437 
48837 16185 
58739 76331 
4053 19650 
29796 20997 
44973 89031 
49129 14861 
10688 41531 
44104 9537 
52012 74491 
21620 120 
25829 72662 
40198 20098 
59428 24235 
70611 97351 
5942 33698 
72092 4636 
5860 23554 
81546 81027 
41557 24066 
11746 96967 
21879 60465 
81151 84910 
62042 60430 
52760 59970 
30468 21131 
42341 10561 
18614 94801 
67392 47696 
52503 74501 
47358 63449 
5340 87677 
32928 64003 
89470 34055 
37616 10787 
2902 36612 
68397 24386 
80714 9545 
3800 80248 
54888 85606 
47671 52614 
57461 86623 
94712 43701 
11365 65692 
79944 68839 
40895 97247 
48394 55090 
99522 42131 
73619 50799 
56547 68754 
74035 36626 
6128 68590 
24623 74768 
62266 64494 
38184 32409 
81579 73703 
95142 67889 
12035 53911 
33778 73624 
296 30395 
73823 28525 
2898 74967 
35509 24464 
37252 83375 
33434 96284 
77266 76793 
70038 2912 
45375 35173 
27006 78339 
77865 55464 
54571 95516 
43599 16123 
88482 63702 
77589 20786 
82323 10314 
50347 88676 
28870 82076 
31537 56984 
58376 37030 
22176 61437 
43930 88943 
23474 65184 
14448 8707 
82383 13317 
74408 83510 
4014 579 
56087 83885 
49320 53182 
84828 91171 
42763 42172 
20820 93500 
99188 65410 
51858 67112 
41701 57977 
50746 21609 
23075 16716 
78275 2708 
82069 53584 
8118 14117 
63002 24672 
73534 41352 
2021 16962 
87405 34618 
36750 13278 
66956 35347 
27310 97410 
2364 11505 
86224 5998 
44562 521 
2272 81523 
51636 45484 
9124 31643 
25560 50180 
93382 54087 
91376 71644 
58691 43492 
19496 15065 
62624 56774 
68437 95204 
21290 77041 
30101 80937 
32979 82543 
92622 45092 
6594 96774 
96828 435 
93253 68628 
51524 14498 
10141 7342 
90117 60851 
14550 76009 
96460 82527 
33026 29545 
1386 14455 
75622 68250 
53023 36113 
68491 66503 
93771 3025 
19394 27603 
34767 36315 
90183 10417 
4632 33202 
87896 71263 
63538 98150 
1844 65289 
15835 84328 
7901 55669 
24963 78093 
33198 86020 
32836 55404 
24503 81732 
12624 88398 
91801 59251 
38567 82796 
4930 38894 
39422 82363 
5619 76358 
13154 85354 
59832 50900 
19646 79694 
16103 73974 
35478 18556 
54329 11177 
50275 26106 
6523 42444 
7588 44341 
6074 20705 
45018 6290 
75324 27591 
67994 48260 
92596 66278 
99603 54409 
89279 76193 
84841 60588 
15200 2047 
91851 31238 
76195 559 
44999 63039 
91676 22220 
45023 62110 
41943 62585 
80060 87719 
75087 37833 
7980 54795 
21574 2705 
95281 39971 
20909 95462 
30660 41458 
99296 64092 
92472 1731 
49776 781 
38382 13837 
57057 87537 
2857 97063 
78107 34843 
33513 45783 
36529 77368 
70910 26485 
13874 75993 
77988 22294 
24226 63816 
55197 1752 
39778 65280 
35215 19194 
94557 12210 
37227 37717 
31100 78288 
74883 2596 
70542 54398 
54334 82920 
80491 91241 
69172 42279 
86987 42780 
97605 95553 
26967 54310 
33900 58139 
65872 52343 
40867 96421 
11378 9980 
93108 43830 
38713 81095 
91752 55557 
5608 19392 
70603 36764 
75668 24283 
80853 94130 
87781 84537 
36987 28580 
6162 22783 
29989 8276 
60737 79194 
65658 35251 
40774 11064 
65590 46505 
36034 26508 
76335 70953 
29177 15102 
68228 97315 
30758 86096 
69595 94833 
13879 75647 
74292 68662 
49392 38572 
80948 24838 
64539 97226 
70843 65920 
48013 80372 
7969 37719 
2617 48277 
49651 99971 
3095 66794 
88992 99370 
51133 62799 
11431 82078 
32163 66113 
36898 94637 
69294 18919 
36299 87160 
38578 12687 
56492 50730 
56751 94751 
61459 92135 
77719 71927 
99004 73393 
37267 26956 
32143 20945 
66817 55039 
32215 39961 
56539 22380 
16807 52928 
85713 46402 
29735 18446 
53960 98160 
2613 76163 
40815 31511 
7940 6800 
93080 50704 
12201 92430 
89500 38331 
64086 11490 
60520 78917 
7779 5434 
47238 29995 
94121 9523 
68126 12073 
73532 48918 
24711 11706 
93702 63067 
18111 17728 
92377 36327 
67176 39744 
70940 80809 
15961 90050 
58073 38645 
93346 45478 
24381 45183 
40858 43972 
88710 22051 
56061 12257 
64750 49618 
8409 65554 
32580 2042 
71999 68081 
83959 14942 
85418 93933 
82455 95652 
92712 81943 
99909 79083 
41486 35275 
39287 78421 
14231 76723 
30592 79203 
47203 34094 
91344 77736 
47530 96541 
76007 70421 
53686 52350 
99791 59207 
97085 91440 
11422 50242 
13241 31699 
6750 87700 
19829 7308 
20476 82858 
25911 39304 
6827 69675 
61733 93917 
21645 42438 
21672 22576 
48156 8479 
94309 68975 
66602 19568 
13044 23258 
53936 29209 
98275 1079 
13955 59968 
77890 26227 
80517 54818 
66670 99466 
6918 29631 
57156 43406 
53018 40074 
24667 23440 
8389 25525 
77327 58188 
44512 95043 
88363 49382 
71992 76003 
32362 80749 
89784 54703 
9800 58220 
52560 46 
84872 89649 
49684 76364 
80491 31255 
84607 19506 
71310 60106 
67089 71504 
90713 67234 
82280 43456 
20935 4342 
80479 3685 
66836 58563 
39325 68827 
23316 74380 
86166 9176 
33947 89539 
32570 66430 
4148 2694 
65165 21928 
76042 44512 
57450 46541 
94136 81096 
15742 9546 
91045 38846 
49073 23168 
715 3248 
57647 51882 
62928 10585 
67375 21143 
17381 21203 
99047 18919 
98185 35706 
49840 95191 
30387 91346 
82176 29554 
98945 54856 
60328 55098 
7573 10142 
48718 97945 
69961 24455 
87520 16144 
79097 65078 
90940 99050 
81775 30067 
71492 18907 
44837 51179 
79587 10002 
37297 24921 
61936 87622 
68218 28503 
84554 8962 
14071 81475 
36540 21189 
41242 21000 
29363 38089 
79509 68911 
33052 36010 
30475 82123 
45436 62270 
1331 94461 
73535 4774 
38772 77582 
17208 80245 
504 71444 
84330 60334 
42487 60638 
34073 69771 
18923 1908 
40244 58821 
88949 40319 
90195 73474 
99119 86770 
86479 21135 
63959 67954 
98183 57008 
98242 1341 
16820 96944 
64086 92416 
7664 96191 
83601 99135 
11590 20351 
33508 59462 
44758 74726 
82012 31835 
63896 51351 
50188 55556 
13468 99181 
80230 98329 
47674 22224 
71131 21583 
25013 62839 
98727 60687 
6056 33011 
71493 86820 
46105 15078 
86080 89986 
63572 65211 
37317 98578 
82204 17913 
6236 29857 
90697 7825 
96648 47885 
36744 96349 
15921 90660 
74271 14920 
98797 16622 
12361 14168 
54459 12169 
72291 38815 
76530 96479 
45142 31812 
93262 57659 
56607 8060 
50930 55146 
87891 27989 
17259 27284 
72027 44333 
63711 50107 
83451 91647 
35536 3647 
65352 37400 
46742 15444 
94083 15956 
43440 67434 
62851 22281 
63555 72037 
77916 50941 
83424 46018 
99700 27754 
82591 36544 
28500 96397 
76893 82921 
29892 90351 
66962 29560 
18459 41743 
24318 41020 
70139 52972 
90485 8345 
13266 84440 
95883 77389 
56282 92274 
14754 74504 
46163 83626 
59930 52666 
15716 43954 
87030 32022 
70232 30597 
21472 62850 
84363 20092 
43692 96028 
28638 42782 
68034 6390 
21689 37673 
29030 77697 
9051 12855 
45089 24488 
2290 2442 
64145 95668 
73281 69615 
8357 77482 
87573 17222 
25715 89370 
78122 32284 
25234 45218 
6019 8853 
19396 34655 
28428 64859 
22605 64284 
95578 92868 
57623 87119 
28445 62160 
3327 40017 
86687 20067 
76582 3503 
22396 24212 
78628 96152 
29433 74124 
52108 16571 
40354 608 
88698 50020 
93386 14363 
99285 63851 
90409 11484 
8734 26182 
93601 82844 
65504 95628 
63142 76757 
62712 46379 
21324 19911 
51756 12583 
39428 10257 
92136 58706 
82893 57322 
21916 8467 
17582 60405 
52045 93888 
75380 83129 
84784 18203 
860 4064 
31540 61550 
52459 97415 
58661 96803 
11334 25215 
21087 24378 
59042 3064 
53203 79487 
21160 35089 
73877 13056 
38180 676 
28346 98415 
17244 15410 
33497 69871 
38749 81784 
15041 56388 
40330 91370 
25178 33876 
77448 39510 
7586 82944 
64532 65995 
32895 5505 
33607 40791 
62307 23216 
8301 72529 
9578 53526 
80335 29337 
62362 34950 
92875 26487 
92693 52223 
80513 53438 
33424 94080 
89206 84011 
22476 61705 
1155 37777 
20024 34236 
19378 38168 
85067 89224 
24653 43380 
57300 70595 
3552 9843 
27823 94389 
60413 84849 
97932 83443 
68431 14848 
19071 26187 
85406 99021 
79033 61859 
58272 13906 
49560 4676 
67149 84182 
38734 32903 
14465 77143 
97892 85255 
47625 53991 
17270 26690 
14677 19723 
7187 68407 
91668 75246 
2291 52762 
87597 90276 
45245 42784 
28318 83633 
3196 88128 
44287 18760 
45483 74552 
38668 96600 
64237 2371 
92154 55385 
50904 80863 
68717 67502 
51166 70214 
22566 57252 
8359 50358 
70748 50147 
71186 46934 
88110 4350 
85383 98592 
1736 67891 
10979 7016 
10538 51532 
6855 71262 
32316 6418 
2571 71431 
85387 48138 
33753 33137 
44818 74357 
51796 73939 
74300 81884 
31276 5577 
23884 857 
89135 41800 
1072 28663 
98592 40536 
68183 64278 
27689 91289 
92419 14910 
57472 43932 
76751 71132 
38049 63393 
29504 24154 
22091 86282 
88450 29414 
74838 50106 
1223 4410 
97251 63489 
78082 85460 
14681 86683 
75268 58050 
77288 95669 
37664 18489 
90372 10264 
27988 20783 
42943 76918 
96376 11943 
31005 10253 
99063 61405 
78447 13899 
57709 45791 
42839 20835 
62002 58937 
56097 16144 
57318 78924 
90644 31039 
26480 38808 
60580 25962 
70105 15780 
64326 12718 
13538 74717 
50321 849 
20034 76356 
40558 91847 
69652 87817 
78106 86274 
71209 13719 
74219 13535 
10697 99854 
18263 41754 
3723 48190 
79375 76126 
11807 21917 
72650 8087 
2793 12315 
84598 34794 
84162 85421 
52731 28654 
14695 25775 
72358 16 
4708 46983 
59989 62660 
48022 44381 
37279 81314 
89827 23811 
11958 53225 
23780 52277 
23012 51657 
28979 41266 
86130 38199 
2820 91511 
22491 32917 
19322 99225 
79001 16600 
44150 48107 
51340 27763 
67332 88891 
2533 8563 
72621 38768 
29200 48389 
48435 16686 
65284 71696 
59511 67375 
28730 17465 
40673 16874 
10478 61727 
44522 45393 
77067 41701 
73411 59552 
8285 50329 
52702 95351 
19486 83415 
57107 85648 
24566 38028 
84816 81522 
80051 80498 
85156 25563 
13358 25071 
84672 36945 
79001 90160 
23830 83113 
5363 28155 
11923 80932 
91651 56858 
31322 91388 
89699 55892 
73858 46203 
58569 29781 
71913 72196 
11189 80924 
94704 59785 
81789 80307 
16284 55700 
30450 71555 
25944 46816 
66840 94793 
43974 41929 
19040 70807 
26175 51401 
95335 43111 
89014 10758 
86946 35783 
64019 93649 
37912 48315 
94745 12041 
64656 75229 
22603 7044 
42267 7823 
68836 92506 
87103 48189 
9120 25282 
56066 41510 
54524 41068 
51729 11635 
97998 12719 
69482 67104 
59080 59195 
47945 29975 
61171 57567 
87142 28275 
5526 87974 
80250 84316 
63996 71986 
64235 25803 
98620 48509 
32270 44388 
30304 68201 
66553 27218 
21113 77295 
43996 91004 
5125 4796 
39230 55309 
1309 63216 
99462 1955 
68580 22318 
93943 80881 
17928 17792 
47162 39235 
79474 12336 
49344 70163 
33300 35331 
437 471 
52095 89091 
84483 62243 
70905 24621 
90128 22472 
94740 57888 
89995 76939 
78259 18794 
66736 49761 
63478 99352 
26809 78478 
41184 95022 
74372 6001 
9675 13712 
27151 45390 
40466 60664 
43754 31201 
24782 94230 
97601 21989 
66908 87520 
76517 72583 
10920 23937 
8976 51858 
35816 829 
18110 42013 
30760 14799 
82800 18697 
66910 54643 
41527 77880 
15227 33469 
9123 44952 
20695 50234 
89163 74316 
32537 82750 
55469 23602 
7295 79157 
45036 65644 
47078 32922 
51660 83491 
8766 97621 
34660 78952 
21670 22069 
60294 13610 
80913 63811 
74821 92671 
41689 69549 
67641 96708 
25623 94784 
20530 64068 
64602 71739 
54720 27623 
49717 24607 
81417 13519 
23405 74208 
33321 16731 
51359 70345 
4822 78474 
37498 39451 
56741 3896 
17 37576 
47869 74995 
9491 54326 
40002 33316 
1006 22039 
85771 29756 
11484 46335 
49312 64657 
60622 89079 
28631 70405 
89307 2891 
45530 20855 
92877 37521 
44022 87164 
38266 12707 
91419 97997 
33872 79613 
7594 3574 
28878 73455 
57425 87647 
54792 93682 
28980 19261 
86145 34827 
85779 87025 
89567 31141 
25269 12624 
50852 71149 
97656 97430 
18198 84487 
39308 16334 
76423 2676 
53185 36283 
71774 47936 
25099 3525 
39849 9721 
99055 13191 
50181 27325 
47562 47581 
70195 8749 
63490 45431 
68540 80937 
68918 43406 
23206 84584 
83370 13224 
73364 97874 
18971 3054 
55536 97863 
73233 80204 
94480 45626 
71548 63637 
77101 11883 
70963 29471 
23699 43484 
74356 70370 
85079 7980 
19901 90618 
36272 43416 
4539 22672 
8079 83575 
72147 58116 
96148 25075 
47184 96191 
13979 52044 
22841 26459 
11027 36555 
19047 78660 
59965 88527 
10158 92451 
28256 37549 
84771 82466 
88274 90841 
40805 27 
87558 26550 
37852 21822 
96165 49626 
25776 28006 
71617 58721 
43622 67441 
33629 46862 
36134 46151 
20543 86101 
66520 16591 
7357 26909 
13581 89945 
1221 76760 
28909 41432 
94477 9194 
95591 29463 
47568 94558 
73706 3520 
94581 36707 
39855 32728 
12704 46152 
28095 47367 
73550 79421 
57828 48949 
99069 26881 
90590 10956 
77708 36803 
92117 62032 
57481 22174 
88696 16091 
21797 8538 
97497 89750 
71165 46130 
79465 26478 
79311 27609 
10305 28955 
65770 23889 
90180 86434 
28694 74887 
15994 72246 
11374 49463 
21456 78099 
33915 19353 
49595 46461 
7512 75646 
60013 60055 
62947 53106 
88861 48391 
67227 17649 
73385 75240 
72649 15289 
24864 78114 
41172 77108 
83842 41040 
13584 24087 
19804 95323 
47768 18098 
43774 59463 
33277 60916 
86791 49061 
442 51791 
59820 10270 
81435 75964 
51378 56233 
47953 11412 
37992 14971 
45634 9216 
79599 29293 
68828 24114 
47070 84557 
71009 46102 
82288 78505 
85924 11438 
22535 88878 
42438 51910 
30436 39157 
92124 74969 
58291 10542 
32755 54110 
41352 99121 
3189 48854 
58459 71238 
45500 66722 
20403 27152 
78786 25809 
46503 43361 
5717 75868 
68088 27325 
77688 88257 
53942 84845 
77327 30665 
87216 69974 
38191 1246 
35937 60077 
10580 8569 
49952 74563 
99741 48772 
85991 34798 
48110 49344 
9507 44836 
6788 20168 
47058 57873 
43104 76775 
66212 81680 
60901 78178 
41293 67824 
68104 52268 
22776 24051 
12136 65374 
65738 87016 
17951 29491 
88464 93388 
5688 30546 
26198 91381 
35401 4180 
16975 41880 
24839 81714 
6562 68586 
12904 78258 
87787 29995 
96214 97394 
95855 2513 
49093 82410 
65730 83647 
48367 52762 
20275 46967 
63471 26251 
98544 6405 
39704 42360 
52476 76478 
97825 70230 
37214 47121 
96769 5985 
95377 27108 
57885 38404 
88814 48381 
28901 89388 
62748 65140 
73734 16237 
36654 26158 
10279 96447 
3850 46545 
82493 2544 
87475 56068 
45370 14429 
44386 55124 
61790 9745 
30477 66612 
58805 19010 
41032 32194 
67536 31543 
17921 64795 
75681 90660 
71820 35742 
54516 22194 
2100 44518 
83320 99068 
9625 91904 
83316 56484 
88420 53129 
90494 37218 
51033 26681 
42103 64576 
89364 16527 
25133 11782 
97851 90780 
36761 60847 
89117 48203 
36529 21447 
13528 15456 
27920 10875 
53596 92619 
93057 79839 
1743 62271 
18373 5702 
45672 78305 
91425 64666 
79445 54630 
19408 37522 
30329 81073 
18466 99728 
41581 4020 
49570 95928 
79546 22736 
31495 1446 
39815 68801 
44365 28869 
11648 55712 
48242 46522 
22463 8484 
80422 37441 
24915 8932 
62369 42408 
7951 21350 
42630 98675 
10184 95402 
25611 7187 
89023 78319 
87769 35438 
52241 6852 
62523 90535 
89991 90961 
83144 77609 
54747 45826 
8877 92397 
24284 76527 
23740 83658 
48471 70631 
89708 60999 
24563 7903 
56416 16770 
67600 53518 
78035 76874 
42657 61372 
64653 94661 
3880 77498 
261 54502 
41611 75 
92368 57220 
73371 22169 
79284 18237 
27076 56063 
10313 21118 
55559 13963 
31314 34137 
90348 98824 
53576 15534 
89612 41189 
57430 4363 
60276 3195 
83696 18119 
37536 59267 
95884 55760 
86354 54520 
53906 35365 
48990 36545 
26170 79280 
211 53970 
81027 96494 
87545 16094 
40866 1882 
27815 11903 
52527 55027 
3126 93857 
26281 97552 
49612 42163 
22245 17159 
60432 38560 
17905 69073 
30901 95194 
73329 41093 
58070 3763 
21690 57202 
69687 92877 
51862 76463 
98199 7452 
17167 58883 
34288 52970 
99727 38000 
91419 79549 
83434 61137 
87963 16043 
40209 32562 
6697 2747 
13996 22278 
22816 12805 
94850 83687 
1075 97045 
11518 57090 
50262 34700 
35078 22804 
88948 23387 
78462 7597 
20291 95680 
97126 41233 
35644 6785 
44657 6087 
66826 98031 
13749 22131 
85118 4324 
97801 62011 
1424 40153 
41262 96515 
56474 68435 
7912 29414 
2579 29174 
85412 92496 
69127 80831 
61748 36516 
72917 86300 
54601 71887 
81336 57488 
48213 84115 
61525 57787 
93975 73295 
51896 50076 
60754 44424 
73686 69417 
78886 5869 
59742 94216 
7779 16998 
15297 87390 
71266 62817 
41239 79962 
47100 23385 
44219 73493 
67400 48853 
29911 44899 
85422 47153 
25837 47467 
90630 40705 
8396 15237 
8896 50912 
15086 94440 
7508 24823 
7366 45311 
35744 26996 
12220 80331 
70902 81438 
11203 30860 
6978 63429 
64579 63102 
18581 9097 
55177 96480 
56227 31820 
11623 12763 
80788 8828 
23905 82648 
24688 28833 
95502 78014 
75319 72074 
85846 82702 
12212 27863 
84426 62407 
93627 41526 
23610 5169 
80550 22571 
81093 97938 
6457 39008 
44831 61831 
49765 68898 
13459 28936 
42543 79551 
83383 6919 
53833 57232 
30091 44162 
18863 15790 
25705 77831 
46440 71328 
47392 19987 
25991 81835 
21980 12754 
73006 15658 
20946 62562 
97034 30748 
66966 45594 
49929 17805 
38260 61851 
13697 84774 
60220 3590 
17087 37564 
55163 95430 
27971 42461 
80483 58019 
54601 39364 
23130 44939 
2976 11809 
34009 3368 
79875 9683 
79793 13072 
1456 63595 
61578 65368 
65935 26067 
99913 54009 
75458 24010 
13986 63288 
47079 9416 
29063 55166 
35707 50745 
30753 76872 
2846 16167 
47310 33161 
4186 61680 
81830 93305 
36338 52008 
35140 31889 
78441 10297 
57063 34617 
87892 13788 
38904 35590 
61125 26979 
13188 90891 
50126 91230 
58048 34808 
33307 70313 
13115 9687 
75380 85120 
1390 8119 
75040 57559 
17263 17064 
91552 23585 
84716 7539 
61728 68414 
11725 70579 
67362 83127 
66948 60481 
89785 41212 
83023 69683 
93049 46025 
47168 26168 
10122 5701 
74204 73873 
67518 50774 
69749 69381 
72964 21542 
82069 4008 
7957 17181 
9860 39441 
12516 16669 
80283 27180 
22933 52768 
36617 67313 
24999 44643 
78130 50522 
14990 72119 
76145 18718 
18558 5155 
49693 74349 
3760 85816 
21811 66151 
38578 96803 
93206 80025 
85600 40598 
63894 67692 
96906 96293 
5367 52940 
70781 17394 
35968 65499 
58498 83210 
80349 65991 
64229 18855 
247 41876 
64020 54481 
68299 73963 
80851 3041 
19174 95808 
91896 97691 
53082 94187 
11448 44898 
85507 27851 
88340 17375 
34029 73884 
80238 32158 
8176 46264 
18873 33449 
21467 69565 
59998 27319 
76175 32287 
19850 95889 
80784 88897 
35852 52329 
47743 27436 
53508 84830 
84806 70412 
33706 77623 
37127 30723 
95045 90211 
59244 1456 
54360 22157 
96158 18687 
5263 90096 
30981 99770 
79302 96068 
12933 26115 
67271 71842 
13961 9081 
39203 42613 
74856 50362 
90777 65218 
92446 84121 
61129 61023 
68308 67149 
12475 81645 
86413 65424 
35490 16904 
12204 70729 
46052 78683 
8845 69338 
68731 71846 
47715 76321 
60327 93908 
49697 43601 
12792 88854 
31413 47692 
89029 17319 
46282 63901 
87345 95271 
4102 37784 
749 96425 
24868 71793 
35825 9802 
32605 55272 
82557 93134 
23226 79375 
81277 65313 
46779 94953 
15824 36599 
28916 91107 
73020 84014 
19006 94845 
47746 41167 
93059 18164 
40167 86691 
58442 7889 
87097 83546 
4378 85713 
92987 42614 
17286 1155 
77720 58363 
33260 58516 
38152 91764 
31328 20431 
28273 56229 
80604 35229 
98869 96027 
42045 83087 
1753 33458 
91239 86808 
55911 982 
72519 87111 
93298 67597 
16649 39393 
50583 14939 
54428 49206 
49799 17877 
36801 27085 
15606 36854 
28385 9827 
9832 34751 
75815 64982 
24963 89773 
64891 68067 
67414 87654 
71259 17875 
78712 41434 
78163 34274 
88120 5112 
81830 65008 
63776 18681 
30103 13281 
31062 46364 
43181 86260 
56738 47317 
46680 56157 
55244 48615 
6670 20176 
59644 74050 
93984 43355 
13821 19073 
20784 69216 
84839 52157 
86219 87156 
64768 65914 
40017 52609 
29848 97525 
22898 66295 
51474 87300 
70960 32225 
8317 46693 
77520 30662 
31781 62606 
90365 61833 
28028 73547 
84969 38972 
58987 14995 
94957 35144 
32014 46300 
99928 17281 
43318 39466 
67757 33036 
43770 31407 
23550 51260 
47391 15539 
70681 95340 
82597 76047 
20674 50096 
94185 48700 
98173 67587 
40081 25816 
74827 44929 
91036 9752 
51657 98099 
33728 59276 
53305 9702 
98163 66216 
19551 85824 
78765 45990 
79568 17319 
95252 24919 
72622 4292 
44133 59694 
35248 69006 
24609 29906 
9449 52102 
83677 3247 
39005 59761 
14393 84831 
11753 5309 
58555 26983 
74519 67786 
10451 93947 
94357 72116 
91877 47131 
64867 80782 
70271 40849 
59553 75261 
21599 95923 
15568 97023 
97561 49116 
90634 12480 
42670 60037 
73543 64062 
20981 93970 
44356 70447 
54471 89029 
74270 42997 
45531 59122 
27098 92576 
54537 80362 
74394 11162 
30123 57918 
64489 26080 
44602 72713 
92054 41144 
69839 62951 
99255 98669 
39958 4166 
2202 19019 
86405 13253 
77071 291 
98168 16949 
59170 89686 
55392 93233 
5162 70290 
8127 15353 
43759 42206 
23644 2485 
93443 15389 
5499 8464 
57103 73019 
95479 60613 
12937 8876 
5551 94366 
8597 89951 
91150 16213 
31256 46388 
69375 67436 
70121 44873 
6100 54151 
9907 58686 
44548 55393 
93862 7934 
24514 20277 
73180 6804 
46217 17715 
15967 21233 
65693 7727 
83398 9976 
69634 62097 
93322 94839 
66768 73925 
82273 81712 
50168 60556 
45693 33031 
30248 82468 
83164 74439 
11790 71856 
523 3674 
89954 88993 
23972 58072 
70063 1868 
62630 88595 
73814 15191 
15458 82920 
80638 58520 
56080 77864 
67070 80106 
44741 2321 
49290 82976 
10504 95874 
4392 82852 
18743 55382 
44491 63681 
89112 72097 
44416 55892 
57349 35230 
78545 64908 
80688 94420 
5230 33025 
71044 93151 
48304 26465 
2814 7945 
64321 1211 
82793 54023 
51470 16183 
88598 47141 
51492 30386 
78937 43417 
19509 41836 
54174 14249 
88273 400 
98858 51769 
33189 54130 
69229 41816 
52334 69218 
98189 86008 
11748 97410 
77831 2267 
70426 51534 
45326 84032 
91732 89710 
41827 52380 
68356 1925 
36023 92423 
36488 38798 
4064 25590 
31512 21701 
35813 32792 
42350 25860 
93711 9970 
54459 33574 
85040 7138 
32531 13449 
20937 74822 
83126 93300 
26258 17629 
54720 59354 
33225 33736 
78080 32436 
38768 1170 
23420 43022 
30570 57027 
52424 51340 
90048 4174 
73037 36175 
61840 71428 
62825 6561 
38860 47909 
12723 74265 
49561 9942 
57187 61769 
49781 59823 
99007 10404 
15390 99733 
7489 96350 
3932 71224 
67219 58414 
3544 952 
81297 90814 
15675 6723 
87720 56629 
24451 34389 
30473 33159 
90034 15817 
37968 9105 
65887 60836 
591 15330 
80614 22012 
6417 85861 
43863 61 
89580 13907 
32774 89862 
69279 88805 
90533 2274 
9107 74176 
21835 35339 
6153 14975 
1386 9982 
27215 41707 
21070 29896 
45555 73752 
88981 73121 
95729 10597 
59257 73639 
56339 39660 
15505 5360 
90962 82506 
52553 37981 
26046 47421 
1405 94453 
21209 55629 
20452 3177 
92188 60887 
32370 4554 
79568 87750 
20604 41131 
17479 72496 
11920 33363 
45593 2513 
62248 18858 
25041 14894 
31878 12007 
64298 33052 
83034 23004 
34584 91360 
57979 60540 
56027 22127 
98988 30803 
65591 56682 
52895 36956 
35700 22889 
62405 77864 
98512 5108 
83923 42605 
44963 69439 
87413 98189 
9991 47035 
87622 71899 
25746 11303 
27991 36798 
23139 81061 
88656 19210 
88748 30968 
18197 60357 
38860 93044 
95097 80830 
55371 88626 
9378 16209 
39266 38812 
17477 14909 
76606 63261 
64120 15182 
79172 92159 
83837 47241 
57400 84217 
91710 38575 
6706 64776 
48042 35794 
40012 72394 
34878 94713 
79041 29746 
13631 31888 
24870 35213 
42569 75460 
64263 5259 
20469 889 
32458 84479 
88536 88074 
45396 80168 
66458 90326 
34734 71301 
20497 62809 
67598 88046 
61585 58319 
9604 57191 
49627 61637 
94542 61373 
36558 203 
96964 65500 
15165 38497 
64996 22498 
53312 36242 
59825 82311 
83880 26452 
65621 93010 
89636 48327 
79040 959 
69175 52145 
61009 28172 
95196 78541 
35145 29283 
79597 2950 
46953 8045 
41214 27492 
55832 3780 
31505 97204 
18001 41950 
11075 15290 
32567 79788 
85673 32910 
65273 67906 
4117 93076 
34871 91839 
92595 15306 
45581 53688 
49885 17979 
75784 3331 
56246 88688 
87860 31137 
55099 29400 
7011 89642 
51076 22874 
27922 20378 
30612 89510 
47292 23849 
51997 29713 
87553 25569 
70619 75854 
72483 59180 
62134 10007 
38974 8831 
81383 38952 
20886 27330 
48091 56257 
20662 74006 
81747 62788 
92336 96812 
17522 61620 
95573 16865 
22693 91071 
44549 60447 
98748 10455 
67762 23429 
98215 7172 
15274 46159 
7204 50862 
98428 23020 
44778 80614 
23731 70210 
8468 74602 
87388 27711 
51611 18015 
29880 77008 
12648 54786 
11011 14781 
29127 81370 
55018 34636 
59886 16717 
32611 33853 
7708 61559 
92229 80242 
81752 42296 
26330 45322 
64137 19987 
60196 34428 
48278 33360 
80513 21734 
97940 36227 
78898 28779 
35420 84355 
71598 68758 
4899 24565 
70700 15676 
72694 39731 
24542 47372 
20011 7346 
15359 54528 
55766 36455 
784 3926 
27141 58000 
12455 93570 
33747 57022 
79773 39708 
57655 51636 
29768 91361 
5973 43362 
25069 76664 
25292 86112 
41111 47130 
88029 47039 
51042 900 
69527 61453 
82143 34100 
31779 16116 
31174 90621 
4709 30520 
77665 54949 
9177 44094 
13985 60135 
97235 58813 
18930 63521 
94613 31304 
37597 76572 
18020 56299 
94472 21957 
5575 34153 
58959 30956 
42525 69170 
2968 87369 
86370 2597 
38730 70260 
95630 44391 
1657 47198 
44699 31258 
47859 22108 
63589 4966 
68830 47401 
75822 74548 
86864 68738 
20353 98784 
83901 82616 
34100 1212 
33821 51891 
40524 8945 
53573 42425 
36673 88666 
62096 15242 
96191 38465 
37632 32872 
9031 82530 
93818 16038 
59935 7231 
52860 17373 
7258 71743 
80118 62568 
61252 24124 
58602 46159 
76709 54650 
24149 59105 
68667 22172 
52489 68381 
31876 96454 
87898 64975 
94807 69641 
29849 46045 
67226 3421 
48813 99375 
46687 94953 
85300 13883 
33766 64227 
97252 48594 
68491 88318 
60061 54329 
41095 33846 
90778 57277 
49102 67969 
63481 81725 
69727 60363 
6307 10358 
91645 23898 
22317 54906 
3433 80098 
56138 37327 
67323 76972 
36259 62296 
16375 31442 
58858 95447 
792 16334 
43233 48660 
74797 62793 
81166 13579 
59361 2971 
22987 77665 
38040 34976 
91608 3247 
43261 52332 
92486 49359 
68644 43542 
92249 68589 
99272 33910 
71617 16748 
86306 11342 
19303 71827 
4949 50652 
22737 70575 
25451 26753 
28720 35905 
95738 86107 
92564 86476 
81194 27969 
7763 90930 
32222 32188 
9940 53618 
53453 58712 
78579 96061 
29789 35455 
17966 28991 
23975 45800 
84790 93479 
97960 24794 
44044 86480 
26045 73920 
77105 76092 
61668 8393 
36325 54850 
91641 58018 
38982 75600 
61738 52898 
20086 63805 
85806 38701 
18355 2570 
56835 82644 
52551 42245 
62996 51026 
56426 95162 
74155 61860 
79671 37864 
5174 42076 
29561 58142 
81110 47713 
23383 52242 
26408 37713 
45287 98827 
75291 27115 
52848 10552 
53758 83897 
58412 91597 
14958 75154 
18212 10037 
19186 12967 
98288 27624 
37323 98065 
50372 16397 
22291 10256 
23225 31443 
36917 48604 
55290 2218 
48604 81465 
43077 51030 
1263 26749 
56357 46591 
53225 46148 
76013 52998 
26165 3580 
63326 40057 
44567 7725 
30490 79575 
57847 31271 
71326 64027 
27964 75408 
28441 48997 
34224 27043 
18482 38804 
93917 38420 
10698 5953 
22564 44000 
55642 59359 
60740 17913 
90665 53722 
75810 66726 
6747 63003 
6374 46964 
47250 24658 
54824 94527 
23336 98077 
49129 54047 
73079 70637 
88822 230 
61717 87829 
62126 50362 
19006 80132 
71264 77397 
36323 8593 
31205 46431 
932 53543 
13467 13884 
27749 26427 
91054 48322 
59955 93424 
3201 54600 
49011 61346 
99341 8922 
91853 91252 
40537 41374 
98519 73280 
33600 34633 
86935 17373 
48219 42829 
53299 88924 
20644 72876 
46255 45773 
78811 12128 
80964 13584 
33273 30817 
65228 70301 
65901 35509 
73965 97199 
14033 675 
635 94011 
91612 59480 
34617 48644 
10801 92034 
62063 98223 
67700 9582 
64445 17480 
33960 96521 
93766 22990 
52495 38590 
36329 87281 
69919 35262 
37994 15571 
50952 67066 
53004 49676 
10766 64497 
95772 28582 
70082 4133 
20388 53257 
84795 39740 
26179 74440 
27025 61375 
89297 46482 
97686 63892 
50106 67760 
32032 97751 
44023 58720 
19106 69673 
49546 12339 
93617 58407 
41320 88578 
74485 11791 
78403 14359 
18155 95280 
28299 93653 
26745 69210 
25849 28469 
1184 82394 
92750 841 
57741 82934 
98241 68360 
32670 63724 
24409 81352 
84177 79680 
10615 38507 
63521 96526 
90681 59574 
67770 56835 
3775 68682 
5593 78019 
55346 49910 
4426 29097 
27983 57913 
62471 68327 
93744 40754 
2184 62171 
59278 59499 
13277 47540 
82976 69721 
82711 43934 
39431 63747 
96783 69814 
70622 59291 
66096 68437 
55559 60060 
68085 2386 
50497 6998 
23720 33155 
399 85007 
25109 62401 
98957 49306 
8965 74862 
79281 88040 
27211 89431 
50283 43310 
522 94521 
54794 71476 
53141 16591 
14639 35419 
18078 46596 
45167 86393 
70632 28133 
67133 11129 
95125 93154 
17393 91089 
14885 16414 
61498 45063 
18681 48163 
41090 3727 
98208 76118 
46895 95394 
70668 62372 
94135 5821 
98084 98643 
91375 11802 
30735 24168 
36068 78197 
95922 54520 
40492 51099 
25259 76787 
90302 76075 
63773 76772 
64596 19674 
32331 77289 
1134 74904 
21255 83096 
73329 86883 
77451 47670 
56590 43601 
9979 99757 
820 38541 
79733 93517 
93107 26824 
57711 75097 
90104 64644 
33360 90581 
23074 42926 
29564 95526 
30294 465 
34068 64673 
51249 29237 
88471 41915 
24993 65169 
85422 15263 
71060 91295 
12202 49255 
95491 67088 
44650 58183 
56816 37686 
39201 57488 
47240 69778 
92794 87807 
92831 7130 
40501 66404 
53138 38038 
38954 84125 
5494 19440 
39986 32472 
32129 7980 
93387 15073 
89280 7012 
30265 70528 
26636 50344 
69221 9537 
42734 8479 
56419 48181 
7349 21151 
97556 1390 
55437 31166 
64897 85847 
58871 18870 
65713 69993 
11969 13994 
39818 291 
24752 92221 
13408 27507 
3885 47470 
73944 54577 
15416 67760 
46598 28444 
65725 32402 
46596 2308 
7499 91385 
53776 1822 
76065 83980 
5775 39044 
88121 2908 
34486 31325 
89628 12874 
76756 98807 
22595 87823 
74809 33866 
91476 39965 
44412 58542 
49099 75431 
29598 11924 
89291 26383 
81546 38432 
28820 77435 
96222 80065 
84762 25461 
20489 10970 
5095 86169 
89583 91025 
90100 88266 
90234 56659 
50046 76595 
53177 11755 
80688 79342 
66363 29237 
2253 81195 
65964 24808 
99888 84300 
6044 18333 
23946 31923 
29805 55470 
57015 15906 
65357 22418 
31269 88338 
47239 50018 
84500 50296 
21214 69964 
76094 96065 
24370 55495 
45254 49971 
45146 51691 
82936 44730 
58613 76401 
6247 55205 
1208 51792 
69456 19497 
96079 8681 
19321 50499 
65288 91033 
4082 65361 
68369 76405 
75252 37746 
88062 19613 
79267 8335 
43519 21531 
22074 72720 
48888 22679 
3890 2654 
50891 22143 
63686 46544 
72873 26378 
43312 98171 
64751 39547 
79749 18783 
8411 17351 
60623 47050 
56316 19628 
32897 33784 
87429 13549 
37575 93920 
49031 98845 
54278 76922 
15628 49255 
78726 18619 
36832 90267 
23428 52384 
64975 62229 
27305 25677 
50180 50034 
83508 89130 
65707 95834 
46327 99674 
79613 49628 
57919 6680 
20127 54053 
43451 70604 
91592 4362 
59297 97355 
85444 72294 
43123 58411 
96403 33461 
6917 6630 
97924 91844 
34497 90812 
52883 52130 
93516 18214 
35633 50899 
48663 13559 
19730 21003 
67554 75531 
42013 30034 
43691 37282 
88176 3364 
21926 96211 
57580 15020 
1014 90048 
55767 5527 
5136 61253 
31989 64860 
61656 69783 
26038 762 
95961 85486 
13754 97961 
55827 15690 
43832 62173 
7608 987 
39863 34308 
4399 42813 
1043 54899 
12389 10068 
72579 56545 
95782 8877 
72530 63040 
2921 89510 
55675 77843 
66705 7557 
66989 51701 
30873 52646 
87372 29465 
40433 7299 
2532 89537 
89277 967 
32252 5887 
925 79859 
41746 82188 
29412 21863 
19410 30404 
6444 87670 
45998 92011 
28279 14166 
99099 29073 
71156 24209 
33749 44475 
47686 48114 
55152 25918 
68206 26474 
52642 46632 
50958 91389 
95435 97262 
32808 3743 
134 68042 
68281 57867 
67593 48089 
68853 51725 
52432 59546 
26703 60719 
72371 98325 
87560 46268 
86506 10276 
85808 76502 
71756 91932 
31670 35747 
4934 68296 
45071 51886 
14224 66690 
63716 76289 
98357 75266 
13915 9655 
24335 47584 
21880 78961 
5298 90506 
60492 35621 
28974 51658 
71940 63066 
54121 4874 
80185 53091 
17467 17248 
8841 34697 
96885 69828 
49869 16534 
57866 95478 
86391 34673 
69868 92070 
58930 81080 
16655 66903 
78610 25015 
40526 69165 
33062 29501 
54143 71198 
1239 8085 
25641 66525 
91868 63300 
92821 62783 
46920 97546 
90437 61145 
6262 89571 
80927 30269 
12584 85270 
63430 2482 
46703 60245 
98511 42621 
22532 73344 
26759 65874 
38266 45386 
78240 9926 
75755 65305 
66793 98881 
63579 47159 
38232 71657 
70984 35758 
94750 85945 
79627 86121 
49164 50326 
88003 22502 
72115 81757 
39443 16476 
82934 33412 
28731 10318 
611 88719 
34710 51929 
15139 71459 
46589 552 
61498 78901 
279 8783 
78628 5230 
17674 85636 
13954 85868 
46626 97917 
90407 59817 
32252 72685 
87312 16786 
11254 22294 
99152 68583 
10080 25321 
26917 60183 
45068 61624 
25597 14838 
68082 17844 
78366 89761 
74733 50843 
93072 4140 
93892 20916 
19905 89652 
7026 84024 
70441 5103 
3771 62876 
77732 51507 
66203 389 
74723 21609 
88430 35844 
83990 18801 
80401 34036 
5642 84313 
75259 40740 
62205 78763 
58076 34040 
9396 74335 
60486 90371 
49936 27298 
20509 86559 
93879 17020 
89777 14724 
93406 57314 
81387 95591 
42659 8671 
90802 37589 
73874 45827 
89471 4018 
99946 64129 
86268 18687 
50523 40247 
75381 61578 
23827 98109 
40947 80406 
29615 69227 
68496 71419 
30044 78165 
21209 63312 
94695 28471 
74995 71846 
73562 12185 
70578 79562 
57599 16891 
33057 34936 
40204 58306 
29821 58370 
15033 23501 
86224 88635 
45621 70137 
55097 2653 
20495 90441 
40956 93996 
63851 15181 
12667 1011 
6290 2516 
99382 34183 
32744 29343 
53694 64173 
15430 78657 
83275 96893 
8515 95431 
97642 80057 
28157 65670 
90252 56837 
66683 58512 
77784 6573 
92870 59683 
48227 89908 
71678 16043 
27353 46323 
96218 5677 
59128 75691 
62365 45648 
9831 72332 
32129 50487 
47890 69950 
25761 58440 
21897 98946 
54529 49664 
57747 53730 
56205 90778 
22567 17049 
23530 53598 
57833 90714 
22253 72344 
67014 37730 
79846 23279 
54110 49492 
88554 33444 
48602 13546 
7201 51098 
19636 72349 
64984 39403 
77647 31514 
67497 87074 
85195 97251 
80290 64964 
50415 96989 
18511 95892 
56296 64644 
2529 46578 
86881 52544 
48883 95153 
47563 65709 
53545 75456 
40751 1021 
90153 50226 
50528 13733 
89765 19307 
10281 26868 
90632 26079 
75849 45206 
46580 85625 
3393 34919 
60854 21493 
35955 82314 
68561 64424 
35613 50749 
25385 36052 
59151 13446 
72798 13323 
64339 51755 
40746 45282 
51186 73376 
17608 72848 
87962 23086 
64228 84353 
45301 29737 
73890 24868 
63356 57583 
83354 65711 
6786 7455 
21391 32037 
20238 43856 
40760 81052 
83034 7752 
17136 21134 
75936 11637 
14249 63014 
15141 3396 
8309 98208 
79068 28569 
36806 6981 
52043 16797 
86832 8398 
35638 67542 
66317 78398 
33210 12633 
7920 78325 
96091 88743 
39769 55972 
30928 61602 
19869 3963 
6816 5547 
71693 86167 
68162 56986 
77344 71847 
54629 28389 
81621 49366 
53034 90623 
35445 26542 
57747 5767 
60314 63107 
95917 19971 
46792 22243 
81761 6511 
9535 72777 
178 82864 
8923 21404 
84142 12449 
15126 5144 
42565 41631 
34245 28281 
15776 15632 
38161 85137 
84271 63208 
39825 70293 
33053 39242 
33931 41256 
78681 66874 
79270 65070 
99028 26323 
33540 49991 
66823 96272 
63972 36106 
77165 65493 
47866 94665 
76532 97335 
45977 64876 
46175 47754 
78656 39066 
66349 8772 
59755 92341 
89482 73556 
46530 41282 
80171 96749 
45117 7701 
37807 54259 
70635 58107 
3658 90403 
98562 87309 
68407 77111 
59752 15427 
38427 99840 
25319 71626 
89473 27919 
99579 44971 
35034 23239 
89331 93109 
63206 90508 
45995 12808 
50775 74728 
83472 92925 
46088 67157 
59042 89996 
23308 89645 
67247 89377 
49862 89115 
37404 40767 
76113 88850 
44242 85939 
51738 11353 
38149 28629 
96823 8707 
76591 31788 
7333 10696 
91492 65796 
54412 28394 
58732 72717 
44876 31468 
45354 56320 
46286 51173 
97710 55336 
44179 47793 
99472 8316 
91270 21255 
72287 72426 
28900 36692 
13838 15686 
9515 82918 
68147 62371 
25602 81124 
1221 34715 
55348 13500 
11431 521 
68136 47098 
38546 5938 
94068 86917 
47897 45407 
50858 4008 
56892 96666 
38706 49352 
39949 27684 
59194 82324 
94872 64569 
87775 13736 
78812 94692 
31072 87790 
25166 67695 
30015 4691 
34114 48532 
27732 16257 
88973 71320 
7151 10541 
88144 40544 
17439 38296 
98139 27027 
50679 24067 
27047 10080 
599 47743 
89737 24394 
33702 78617 
86228 80456 
29813 93292 
42857 40689 
3826 11231 
72223 49984 
3370 37307 
92378 38955 
88126 9410 
8308 40964 
35695 10966 
99483 89885 
86211 23181 
76112 94537 
33280 59893 
63683 17875 
92395 49080 
50497 24279 
29600 99421 
86116 96634 
12991 17722 
49970 66437 
57537 23612 
18892 44761 
69741 41568 
49892 89688 
62825 37190 
60239 96668 
5405 4548 
30759 52319 
87033 4516 
80224 49237 
32518 183 
58808 19718 
73601 34758 
86815 9610 
91334 49829 
21219 80056 
75443 47380 
67041 94498 
7968 57703 
63178 21070 
67640 87108 
63024 56401 
68760 84322 
99070 55819 
93720 82502 
67649 37126 
51867 44992 
95067 10312 
99070 67276 
49631 74002 
82109 64999 
45365 10905 
29966 8517 
42748 9174 
70 48130 
89353 34341 
1760 10925 
59010 77365 
61490 40178 
41972 8338 
64716 91233 
10518 72515 
7939 94059 
34525 75612 
21039 41935 
49795 18658 
74818 68188 
88210 59223 
71589 28471 
63340 95457 
27668 14753 
67640 92133 
95803 89005 
78179 93765 
42837 39532 
86615 98876 
93348 30933 
66171 1621 
73495 39888 
63409 42220 
41011 43277 
55850 46050 
67025 52581 
47847 72715 
43341 69079 
86547 41087 
24805 68045 
67427 44024 
80576 6969 
64574 17382 
20392 92769 
64750 81916 
82337 36017 
6232 33808 
17127 66413 
23547 19821 
80645 83029 
77406 96434 
51174 65316 
5534 38836 
20745 76418 
64510 35283 
71015 49019 
45391 75067 
33267 55798 
36557 14237 
49407 31460 
76112 82205 
96237 31435 
83111 74503 
8826 83468 
82001 62220 
40455 12697 
37889 37011 
26404 98206 
1573 2075 
76750 49648 
22783 14156 
9386 76199 
27634 79328 
48637 56923 
72059 6251 
57112 11590 
76795 24544 
38881 14021 
21505 83102 
50547 86260 
25694 53379 
83497 61165 
72298 76086 
35368 3461 
36195 6240 
71680 34867 
64337 31116 
89632 17594 
16809 58420 
35210 12330 
18836 97902 
92036 41776 
92631 88572 
55820 58843 
34911 55884 
31777 39842 
81040 18445 
44062 97292 
49960 2229 
26046 34412 
95431 61747 
68172 43949 
98566 52285 
36155 87668 
24246 45039 
36466 79652 
29722 27892 
98316 36493 
57572 88550 
61762 50548 
67121 33917 
10099 88587 
58570 59796 
61365 17511 
22281 48434 
38565 11233 
1996 37898 
71118 98399 
95287 76907 
41110 69320 
27085 51498 
77031 72269 
22886 45799 
15020 94294 
77067 78147 
93017 39710 
58728 35972 
16760 90658 
22565 18066 
38242 58425 
95503 81281 
17012 11663 
91167 80174 
92607 98200 
63748 82756 
82478 60846 
50405 43264 
33869 84406 
67080 13743 
460 1036 
16438 80223 
84937 24180 
38633 16428 
87237 77481 
85681 58186 
24835 34405 
28454 15096 
46252 86730 
11659 52514 
41864 15655 
56627 96547 
67125 47922 
74348 37491 
32475 41231 
91898 33045 
81509 58100 
14265 41619 
74359 55430 
40548 48190 
16805 38221 
28581 80417 
27286 187 
55306 51107 
13746 1474 
51509 4604 
40196 14241 
99043 89348 
98873 568 
66253 26556 
68062 73950 
23027 95884 
27918 35612 
20761 12937 
27042 69902 
44495 30591 
41100 29250 
44562 56388 
41429 38473 
33327 41611 
96364 666 
88951 64160 
60928 92456 
42554 96988 
71566 95127 
37784 26594 
51758 19907 
42503 61962 
51632 50671 
61150 53328 
90114 45358 
43319 22308 
41688 8623 
9185 90125 
11482 72526 
15633 79128 
72204 99536 
68295 54215 
94348 52662 
44160 65469 
87135 61234 
27056 51036 
81793 47682 
73965 60159 
31105 70567 
24049 60278 
69509 82225 
34181 99269 
76632 95550 
74903 4094 
13737 3766 
48947 10566 
57407 99492 
808 35401 
37648 94936 
70315 21372 
98663 53791 
5767 9139 
39693 7188 
92905 15198 
60620 41007 
74845 24389 
32412 9944 
35072 37564 
36054 54867 
90691 50228 
65250 74371 
96348 76377 
67976 28842 
90593 73238 
9865 35919 
25921 67273 
78456 49939 
11326 29525 
11469 4766 
61927 99302 
24602 39334 
94074 9168 
34697 18315 
26311 21356 
22708 6511 
46674 45971 
57537 54873 
85026 74720 
6587 8521 
85464 30418 
91822 52660 
8338 2150 
11105 71027 
3981 8714 
33811 3288 
90998 8856 
96935 52752 
40800 55812 
73370 13850 
17049 75790 
57542 59990 
43757 35305 
15259 56756 
79038 50620 
74412 42809 
52830 84087 
91068 51467 
86387 66793 
11556 29592 
48950 84661 
65280 47250 
22702 66066 
65281 81549 
40996 12990 
64011 1114 
36777 24904 
10263 73860 
88251 74790 
79922 70054 
77060 10129 
7931 35057 
80570 68136 
31823 61753 
4353 14214 
68173 1324 
23546 35289 
82493 12872 
42496 45618 
80392 67319 
919 91633 
43214 89078 
51825 74538 
54909 40191 
11505 44599 
18558 25947 
35142 59484 
40748 28407 
2915 40479 
69918 54884 
10987 5060 
10807 22044 
49312 2028 
1324 83195 
13961 26342 
30431 46184 
45491 44715 
96031 22465 
6868 20245 
50411 94048 
14536 84548 
57425 84361 
14460 69270 
90412 71517 
51325 75346 
32734 88024 
13517 28018 
3859 9676 
49144 38345 
23087 48179 
39057 67867 
40284 27017 
81679 72038 
8410 38097 
91433 80202 
46159 47954 
37652 55141 
40694 46563 
54073 63579 
70229 9281 
30367 80562 
84147 72990 
56641 45230 
64353 11215 
29422 83282 
5734 29800 
43379 12287 
95881 94665 
86871 50021 
44638 46242 
31396 53118 
12573 51372 
55088 23593 
14143 92764 
68673 34169 
26079 98556 
18596 39834 
14466 70091 
26541 62702 
4994 74706 
87140 59993 
60040 32148 
86407 10817 
93509 38172 
22260 86484 
49783 36964 
5493 1147 
96665 75172 
94630 74878 
33846 44708 
71343 79626 
98235 48878 
94434 80037 
55377 6981 
79881 25712 
2241 46214 
42034 99274 
70800 16524 
96763 75452 
14128 4002 
71215 427 
77134 11469 
86818 57794 
2605 21104 
82246 47751 
99865 53277 
21308 69524 
8176 88191 
87046 63500 
19885 22504 
97813 39222 
89371 91793 
93712 88104 
43018 1540 
32465 55633 
22692 74259 
2669 26827 
40645 38453 
9331 60830 
97292 56274 
11714 95796 
14942 11087 
96691 33581 
70406 53568 
52224 5287 
67250 35545 
64982 13288 
74544 44467 
3780 43175 
73097 88214 
66178 39900 
92459 69913 
59489 46411 
92373 35450 
59362 10199 
40916 72613 
39251 73449 
68191 90083 
92263 75828 
29270 6931 
73259 15488 
92938 38874 
73527 33469 
83873 76193 
2974 9431 
45034 10069 
95471 82559 
54313 79020 
71863 40449 
24922 75178 
92111 50929 
42526 71351 
3144 47044 
43788 4139 
42204 13759 
20769 75777 
86826 66500 
43551 17996 
52085 56239 
29485 94842 
23287 83601 
51607 8230 
78068 55337 
71077 9947 
95673 70536 
98881 16888 
73155 81043 
40598 72490 
68376 30841 
54664 96655 
67847 42498 
59376 18896 
33862 85311 
56777 94996 
19800 29397 
2593 66166 
55099 62736 
40571 31521 
92106 24045 
36831 69592 
75876 83378 
95272 62715 
44953 84466 
8598 49277 
96256 48063 
1193 53157 
50443 23958 
49857 17102 
35440 70791 
26329 97390 
65321 37475 
91561 60775 
29306 17741 
85846 61566 
21384 50235 
1228 66610 
34886 40577 
92984 39018 
18346 88939 
85552 87676 
39048 16933 
54889 38889 
28907 998 
24081 88946 
93655 35971 
91885 51971 
50807 72149 
24966 26104 
24448 91914 
83709 62882 
65620 17865 
18809 39632 
85945 73417 
71219 2734 
89063 48929 
31608 70839 
59600 61706 
67093 61416 
22573 36587 
2841 31445 
17496 75333 
54031 3656 
40934 27653 
39672 83391 
98837 24477 
73988 57981 
75706 84955 
23322 10491 
71511 62647 
36932 72723 
79227 53535 
8608 88582 
75973 48707 
2664 58220 
78951 77963 
82670 85803 
73730 57091 
14201 59337 
56897 21181 
73888 49649 
47690 99116 
86249 27464 
13959 60249 
27037 62443 
26631 43268 
77272 86118 
3855 59403 
85650 71857 
31069 47365 
98674 9296 
46479 45792 
47653 28132 
62780 40479 
39619 56721 
55412 38306 
85243 84634 
85253 17513 
10991 35120 
39374 4876 
45062 43387 
67321 34318 
37024 79668 
62365 48633 
69656 52220 
87261 16248 
48097 74752 
72276 48327 
6249 85178 
19602 18034 
53241 58189 
32724 3384 
93844 62825 
51932 97880 
95837 78025 
17883 59006 
44660 94095 
3947 93656 
21050 96090 
55078 11692 
60937 46312 
46022 14098 
8502 57407 
24898 20574 
53106 75040 
39565 82885 
48697 69631 
53607 74968 
50348 70389 
46424 98498 
66722 61639 
57606 93517 
19566 1426 
79602 97749 
21732 15417 
24724 55319 
33764 65323 
92552 35867 
35741 90385 
42091 88444 
55874 72896 
29330 21032 
30231 84306 
5370 66215 
29030 27160 
82842 66248 
74090 99902 
69101 86647 
89302 76555 
33484 46455 
71411 11340 
22941 35441 
41927 49471 
65411 73752 
42645 49717 
3543 57921 
67027 1722 
82729 28637 
77640 51679 
76860 90299 
45840 33607 
72847 10151 
64080 40332 
50626 25662 
23494 58193 
89278 92810 
19829 32563 
1787 15082 
49310 27472 
51142 3228 
82710 91935 
28642 29217 
60672 48020 
81643 54307 
36222 71277 
62469 30817 
1482 42810 
32773 99898 
74721 14127 
98387 33511 
91190 40810 
68532 97812 
36573 9146 
30236 47268 
85448 1012 
3906 94087 
58796 16672 
99225 35932 
94375 2534 
21882 66378 
31713 11530 
91131 37206 
49470 57431 
15762 89388 
57123 11255 
41792 20488 
35173 27857 
29038 10208 
38511 83852 
35686 82945 
26102 54221 
90106 46470 
56809 54259 
7337 9219 
95968 25978 
64065 45202 
10226 53624 
80334 45146 
89200 51687 
68887 65264 
21666 80559 
3709 60891 
71281 9990 
28209 71274 
42241 68501 
70463 3883 
98821 88147 
58017 51904 
4402 78325 
27981 66939 
75372 39755 
9494 430 
3199 60345 
15117 21975 
84015 18321 
15286 20444 
9193 54850 
85716 94685 
12720 68293 
11460 44609 
41524 25308 
3324 80588 
13507 80224 
32420 79335 
54657 43388 
16873 27822 
61409 41684 
1041 13299 
17331 69928 
52080 37096 
4270 40579 
61285 52664 
87204 1007 
78355 54159 
19384 2497 
25585 70910 
9732 73240 
35960 55213 
17986 68749 
34223 86166 
94786 47460 
33197 50632 
63622 46718 
49017 3918 
49526 14905 
48383 57390 
95402 89178 
28534 88002 
71041 95072 
96390 15587 
72169 84208 
57136 47767 
27286 19356 
44502 49470 
78572 62353 
25095 54291 
79814 19641 
87357 98320 
59089 52668 
82060 23550 
26832 65953 
15751 67623 
70993 44281 
11128 29424 
70086 22352 
39056 75890 
72288 35125 
95804 34440 
34099 15162 
46022 97534 
85631 74476 
77094 51129 
91276 32716 
13733 27190 
4240 30929 
23008 71899 
71387 740 
99482 15860 
30836 42470 
57743 30312 
58949 2513 
75315 54292 
65594 30267 
22796 81648 
7016 37950 
90040 3959 
84151 82834 
67294 15659 
20904 40757 
68435 1053 
71676 42197 
89782 39398 
90355 97774 
82444 83872 
4006 48716 
78760 93003 
73659 39677 
54110 18986 
91886 26191 
24214 86355 
62256 97155 
75026 26586 
29308 13897 
97416 69459 
79323 41714 
52053 30396 
11979 77197 
21261 74486 
90870 55249 
14084 82547 
16921 53357 
78399 92323 
32859 97525 
39620 38789 
59236 14218 
29435 71552 
82856 65695 
89906 84453 
67031 52361 
38457 52736 
29740 65018 
57415 36534 
40534 22402 
28162 75903 
19979 34897 
64432 72300 
86411 94062 
11840 24119 
83992 99388 
71512 59804 
43298 98654 
74488 91046 
71106 36324 
80563 90705 
39568 75617 
319 85365 
46634 84178 
42340 40773 
49346 50757 
68923 9969 
29580 30829 
3101 8485 
37786 2815 
67361 78801 
74497 53350 
50194 7083 
11628 14 
90436 59241 
25998 2976 
41341 10506 
16055 13228 
26434 52921 
99450 54376 
27391 78573 
43852 37402 
50576 52870 
66366 63388 
3294 11802 
47898 77875 
73459 39872 
47999 2341 
47072 11280 
73000 83244 
16751 5928 
45661 67113 
31554 43947 
48080 31399 
13399 17717 
61290 75066 
18631 38701 
4739 394 
54629 57945 
86765 97996 
70807 63709 
13212 80762 
30986 7462 
65498 99240 
39802 60320 
51720 10942 
39696 56064 
54807 69077 
16982 33956 
50249 42452 
55600 54839 
42603 77574 
55373 27401 
74763 66430 
87944 47968 
96882 88999 
98034 26835 
42869 58216 
70272 46869 
51564 6967 
72546 76051 
86945 21585 
55703 34564 
57170 44432 
36381 99211 
5755 39295 
14844 13178 
49877 37690 
82937 57544 
70563 61570 
58617 32439 
17440 48516 
42970 90382 
76755 89182 
33257 62088 
65527 23584 
41220 15911 
57000 32747 
59752 96081 
12948 5314 
92986 92046 
96943 54898 
14986 1468 
69331 13273 
50404 62797 
19476 26959 
76855 49862 
73723 40287 
33212 40544 
28565 56774 
80618 94352 
97668 32394 
3757 99584 
28691 69323 
58748 79792 
41245 46780 
71012 81364 
60877 46764 
61560 99322 
75606 6843 
33368 36777 
21357 59548 
80859 35034 
10515 98522 
94970 55913 
53872 45253 
23900 45660 
90411 77034 
15352 60660 
31624 16754 
9904 89186 
47511 78152 
77160 60549 
69903 6402 
86404 93263 
65456 53180 
81692 97214 
35394 77822 
87697 11330 
32041 71746 
7063 27888 
43190 61994 
82646 27320 
84514 61577 
88723 23299 
57523 99247 
84114 96846 
75983 79371 
7121 80369 
37222 93801 
17293 37764 
16442 31923 
92260 75109 
91923 12516 
69187 7990 
66914 91648 
79930 6089 
40045 84466 
66520 33478 
90260 75628 
79360 3886 
84542 82997 
54340 74237 
87132 82336 
37079 6896 
47449 96901 
72568 41279 
70617 5166 
6732 28898 
29245 22343 
52774 2397 
58069 66927 
59627 68762 
84036 32199 
82443 39656 
83649 44421 
95781 37694 
26583 4415 
8982 46487 
60094 77260 
40217 4407 
12186 16064 
80759 77282 
43225 80059 
34297 83609 
55445 34714 
47412 87373 
77708 2145 
56837 18196 
78907 63757 
66717 26287 
27590 3917 
34785 30546 
7615 23342 
90265 72177 
20123 44011 
28218 43300 
50584 73552 
25223 20300 
56389 96400 
99430 95022 
35205 11461 
94438 63453 
67242 41566 
871 1126 
85609 98715 
42155 27250 
18091 902 
41709 35472 
60988 1280 
57609 48123 
91023 8466 
17770 33003 
94910 47994 
13764 6946 
97800 39237 
14640 38830 
1620 39558 
43455 56179 
2233 38012 
18671 54147 
40367 64626 
213 3405 
55453 18087 
95676 54368 
53750 4611 
76019 39160 
72596 23853 
22072 79880 
21116 33862 
73268 21959 
4414 76465 
78231 24801 
93020 46849 
53210 58381 
82330 46706 
38816 74124 
97750 68999 
8115 41126 
40456 24199 
19856 64661 
35962 32818 
29453 32934 
43078 77100 
67333 70150 
4404 25942 
69330 9237 
71137 21423 
97049 35935 
14778 42764 
17470 97460 
46219 44121 
20524 13603 
98734 96267 
40983 75842 
95558 49087 
16712 70966 
15017 71710 
59208 19677 
86585 20187 
34283 77787 
99789 28809 
50883 7870 
84523 20490 
34242 92626 
26135 84048 
15906 27680 
11556 71827 
7659 1217 
63768 29763 
38966 40565 
11080 83814 
28263 81746 
54955 71646 
27298 97002 
45552 26487 
24668 97437 
47671 91297 
19824 13178 
81459 65687 
82008 41822 
52009 65476 
89967 47446 
39914 5339 
7731 87101 
10843 98689 
89371 39431 
16399 5755 
21329 10974 
779 50752 
4828 99680 
98175 72118 
52764 2326 
4399 65972 
25650 62745 
32862 32271 
59356 71183 
19818 35584 
43762 41594 
26722 47965 
95903 13301 
98556 50094 
33787 46232 
76143 28698 
97792 4789 
27772 23151 
85380 54430 
60851 42290 
61872 27170 
97837 93605 
85079 47454 
52366 41333 
34853 48247 
21289 37387 
69939 48673 
16208 49653 
43992 9180 
94179 45843 
221 27951 
11377 77938 
29844 93163 
15814 52181 
23387 59705 
15623 62653 
65827 76087 
7928 12648 
26683 47524 
30017 47397 
74381 84583 
99283 74100 
561 53233 
41338 50840 
74476 11835 
66722 84589 
60219 93299 
45798 90377 
20246 66554 
48698 28618 
97513 90472 
62617 55641 
15500 55502 
72268 93701 
60518 93542 
90961 51017 
13891 24954 
59603 99866 
82988 3107 
88759 51298 
39496 11502 
5004 48747 
11000 66249 
76926 39621 
87579 77573 
38444 73899 
99033 28003 
97488 21826 
90304 32063 
16662 98987 
72749 52500 
79138 36376 
57159 61479 
7818 35475 
80754 51699 
88742 3983 
24860 21967 
60713 76468 
82585 84572 
72294 86077 
76498 67636 
74619 68348 
45210 14654 
13855 46259 
14693 15550 
10702 66827 
45283 38830 
65972 33879 
98534 72792 
11072 9086 
99447 25267 
30119 33881 
79049 75979 
16479 58610 
69924 23371 
90641 52052 
92987 18633 
98653 4392 
17676 33657 
30749 29824 
99673 66783 
48321 21109 
395 50441 
84065 7758 
70698 88201 
84907 21952 
37588 15212 
229 81856 
67217 45657 
78937 60711 
90024 43616 
28101 21848 
64613 29581 
3153 64789 
25810 13901 
45053 45580 
9299 30531 
53370 5763 
70358 29748 
85883 68663 
17415 76849 
5076 39141 
62508 95356 
49856 73502 
50197 87901 
96792 69959 
64081 65680 
89397 66864 
25779 18289 
56220 25850 
95117 59716 
8939 20113 
52185 93428 
10180 44233 
92072 49717 
27452 11264 
91289 61874 
44359 5262 
11230 64235 
83174 12983 
88508 14802 
3891 67172 
24607 67876 
84033 95689 
27978 48015 
50768 85658 
80607 5662 
32314 39879 
98003 66876 
19125 23948 
26694 24890 
77050 76844 
76517 59570 
34381 85182 
16345 12378 
72683 1887 
71352 89055 
87281 23761 
