56908 87152 
34572 78789 
82227 96391 
69674 98571 
59872 39076 
91581 2340 
34376 235 
49318 19568 
746 12467 
68121 78126 
36106 63931 
57166 75619 
96451 2414 
72837 45967 
93364 67273 
58295 98409 
59432 85038 
50565 49147 
83042 71609 
44830 62023 
43351 94211 
32358 63971 
4440 59674 
83193 3401 
34008 12095 
27714 75259 
96451 42561 
2179 45175 
32737 36397 
62505 66951 
80246 9232 
37877 2562 
4565 12235 
91134 21935 
12215 18957 
76443 80924 
88382 41494 
36436 50259 
56937 62063 
60750 95655 
91399 7569 
35833 89849 
14939 39397 
51925 71025 
15151 78392 
97254 48891 
65012 35885 
61795 99632 
85318 75621 
93353 84011 
5850 88574 
97244 69092 
82622 22889 
47526 33384 
6778 74565 
82517 87611 
97076 11007 
90241 48933 
2334 69199 
50468 65082 
52843 42997 
89212 96735 
90465 49924 
18776 31351 
75964 46870 
81914 19800 
19118 46194 
92144 98279 
2241 69012 
63970 82335 
70971 60819 
56501 97257 
47523 86089 
11915 39663 
81090 13149 
56209 48804 
87662 98353 
43860 2915 
47258 79475 
70308 45893 
20417 92242 
46563 92645 
17761 31048 
28800 57640 
6555 85163 
22436 511 
66380 95100 
34999 85010 
12429 90348 
34986 3159 
89364 89259 
84951 25164 
1294 64679 
56225 97445 
84153 4752 
99955 26097 
45612 27364 
44549 51151 
94599 38784 
13180 38208 
57647 62364 
6607 88318 
32474 1480 
76420 94438 
60570 42453 
21678 53349 
10014 47786 
77969 75622 
47380 37809 
32071 23021 
43269 9723 
87674 42691 
99884 97018 
28060 60535 
11029 29370 
70132 42365 
65003 13395 
80874 30764 
79088 17985 
32099 17983 
10682 14496 
2252 20824 
24603 91639 
95076 82101 
8656 37726 
34087 35115 
20339 58765 
9132 32513 
16344 79925 
96665 58971 
63533 60007 
48948 18318 
55138 33825 
49026 10061 
59167 85759 
58114 87684 
7349 49272 
39948 21681 
92406 21787 
32684 73958 
79074 82096 
53084 27077 
49965 98326 
60022 1736 
1263 18528 
74758 38942 
75180 43037 
53932 19566 
66225 88051 
37942 43220 
66532 63221 
52102 90902 
21871 2570 
20923 51373 
54412 7675 
66879 99954 
70934 84805 
4182 80230 
15870 83588 
5380 54085 
47444 73783 
13996 53584 
12128 28857 
99965 89378 
67722 20332 
6282 44651 
58622 65227 
15077 11037 
78152 10456 
69197 3555 
62327 82628 
21481 25233 
47012 79493 
48006 38967 
86150 30121 
53900 44067 
72610 4937 
20745 48033 
25134 13826 
93072 70263 
5005 90823 
78180 13754 
4256 27230 
38242 93255 
3575 81557 
86588 13935 
32582 64266 
61112 53288 
77690 68090 
36870 10849 
73535 90551 
57252 55189 
82774 74319 
8515 15777 
16050 73176 
35989 38443 
68996 36613 
1933 47528 
56383 94441 
14811 35211 
4880 14349 
17662 29115 
25330 99911 
9264 72937 
23084 94350 
85976 91707 
20633 56212 
34395 3183 
60623 77120 
75408 79999 
29335 18922 
58731 63325 
90787 57755 
33694 78156 
49839 35985 
76823 2768 
69045 39437 
39666 447 
48456 36999 
91363 30296 
40174 42389 
69603 15731 
10194 83812 
20900 64225 
78895 96185 
6555 99929 
68551 82773 
74153 91976 
61275 28309 
46163 35614 
24097 84066 
56955 70723 
89165 86848 
77475 2874 
86579 18489 
2838 25750 
14931 60215 
42294 30577 
354 47091 
43261 28164 
38761 81791 
1559 2187 
37874 24041 
58522 58593 
75790 32368 
62278 35260 
71024 98126 
75347 88529 
15327 78307 
43531 78782 
55056 3274 
2184 35926 
19447 8268 
85055 97459 
84899 13483 
18210 76736 
33198 56435 
26937 37134 
8592 62551 
57080 18978 
3719 25102 
13908 90437 
7633 54003 
51408 71015 
30497 44531 
2784 6843 
78984 11590 
29032 60668 
94064 32954 
76541 16247 
78509 45771 
77042 86796 
35374 44621 
93559 60218 
10613 36554 
14612 10007 
83140 18785 
25543 50068 
73840 58094 
40640 14115 
51388 67506 
62637 95869 
97207 95427 
47213 95006 
54503 65176 
89248 75566 
27021 28753 
14920 58534 
12023 27643 
59092 38324 
48967 85633 
31013 34107 
40450 93837 
22984 61255 
55214 86512 
96451 35582 
54349 47780 
87883 3654 
91317 33940 
12827 26130 
23994 43878 
10707 27894 
42676 20900 
65200 68701 
61825 23371 
55441 81119 
45310 58617 
41852 68728 
34992 34854 
67037 56876 
30731 49251 
56973 40718 
26238 96742 
40646 80824 
39661 53859 
67305 55365 
90401 64570 
89673 89658 
64376 31016 
98745 48828 
78786 91034 
41189 97399 
4430 46486 
23941 811 
28685 91648 
12205 68183 
45532 79339 
56878 13092 
40302 53908 
45329 39685 
96341 74895 
55479 45141 
88356 52870 
7317 66334 
42938 19896 
48239 88454 
40616 61011 
79040 76441 
5747 40288 
25900 86266 
80655 65277 
90376 62398 
8675 47005 
64193 30267 
57059 29212 
78548 48069 
95223 80157 
68649 90965 
6383 63038 
73417 2542 
51346 26992 
57506 63344 
22107 89607 
38258 94347 
19819 14043 
23723 34443 
66859 19085 
19516 5314 
15885 98836 
42118 4517 
50170 70282 
84076 48185 
78936 11557 
12646 18398 
19031 1510 
47552 57146 
20009 22067 
55826 88715 
33513 38848 
22113 45392 
49849 32659 
1344 17605 
24718 14732 
37362 48889 
97314 21938 
35842 48555 
57326 54734 
12787 462 
52877 90221 
901 5021 
44001 75431 
85289 3350 
97009 81858 
57251 97455 
83930 81258 
20316 98372 
98183 84836 
56208 5397 
22746 73235 
60112 43848 
90291 33094 
84358 66253 
56122 7450 
87594 52400 
64220 61904 
72510 27414 
24276 66195 
9378 53795 
33360 91736 
84922 43350 
69671 29650 
86466 77954 
57817 40980 
29831 24325 
55176 60999 
66115 77276 
37077 92927 
57284 68364 
64938 42867 
93391 32418 
5910 67391 
35302 33125 
35246 27977 
5942 10661 
93260 72365 
20384 29303 
87650 91907 
40490 71018 
28902 36112 
63370 42224 
61590 852 
4565 35219 
7621 45061 
16672 13248 
68814 32263 
91996 68698 
45678 37916 
33903 37644 
16844 11270 
45669 40758 
89344 31366 
77904 60558 
73758 50771 
96082 58012 
60246 77780 
78188 77730 
71550 8084 
29192 90277 
47307 80274 
3832 72589 
70334 96038 
62090 33037 
80035 15566 
42807 46375 
30668 11417 
30002 75630 
42939 39972 
3786 22924 
66242 68625 
13146 69294 
15818 78964 
81422 34759 
74225 51477 
56951 14211 
49718 25669 
51142 22125 
65505 21004 
64162 9692 
13285 98696 
84436 1610 
42113 42150 
62332 36649 
69317 34690 
688 85996 
94083 17278 
75239 66481 
66254 15994 
96550 61973 
13019 39346 
51717 15529 
54382 58826 
18871 57364 
44629 2665 
30447 89228 
61521 12336 
72211 54499 
27501 34122 
44190 85113 
87952 43962 
76941 31376 
90379 32753 
92009 48799 
5356 11453 
18952 37253 
5203 30567 
32972 2092 
69528 46963 
56988 34310 
18190 12509 
79867 87366 
81633 3600 
78617 62026 
6208 58446 
96435 97344 
57770 39826 
20860 5901 
30717 95070 
26641 84426 
91604 42091 
96483 77176 
86540 70619 
9502 68710 
19843 11101 
91984 35185 
67728 90286 
57978 88832 
25312 62102 
28270 8978 
97793 75224 
5448 64787 
37403 14574 
65 99859 
96560 33033 
48293 66846 
14650 71735 
35037 71486 
80917 52616 
38083 9736 
19220 15219 
38686 59153 
21720 61296 
1903 16203 
18053 65357 
15981 54921 
4128 7088 
94325 19106 
70446 82413 
85794 50218 
63621 54012 
9542 96191 
86832 9196 
29112 42563 
94974 3342 
7175 56669 
68518 80418 
37075 38039 
56459 78678 
30280 23752 
63157 49202 
49828 6171 
16527 37734 
19065 82281 
95709 6126 
2224 68845 
15240 98730 
48822 85591 
59669 91183 
17378 29902 
37729 94285 
45614 40747 
78313 24075 
14101 77055 
21931 90687 
58202 16303 
70740 3197 
19215 12766 
47871 35454 
89762 41709 
82472 48728 
782 95727 
80768 21051 
17869 92521 
65371 90213 
63242 99580 
65212 77677 
56302 80548 
16650 24013 
70498 20524 
92695 32988 
37157 93072 
11732 91040 
87944 90443 
89744 1674 
16798 50298 
90736 50135 
59465 77199 
98944 92759 
34157 75152 
83341 47517 
60417 78731 
50091 47522 
74899 94584 
81801 7653 
92605 42596 
43763 45933 
19969 16517 
96883 95975 
12279 67602 
94556 44490 
82036 51566 
56481 28815 
7156 69162 
6273 33349 
58347 73691 
31676 30955 
63485 15019 
76301 25640 
53515 38905 
16 66175 
89177 62978 
51477 16854 
50741 6186 
80767 91204 
84014 57287 
82675 77199 
35004 29740 
1916 8453 
72939 65307 
50404 64807 
96721 16739 
83677 17923 
43466 61110 
58674 72692 
69400 69688 
48278 93682 
53206 87653 
19391 47342 
79797 57565 
90785 35296 
98536 54156 
74553 41839 
14096 84851 
70736 69609 
60416 50340 
28512 91401 
28628 52627 
9347 3266 
68384 84146 
87566 24224 
58636 30843 
2057 51359 
48735 74603 
29145 45534 
3621 85922 
81168 92597 
47896 56452 
47858 57721 
92758 32834 
88374 26379 
47024 78200 
50675 4460 
58923 5776 
41900 32184 
8833 215 
98489 51697 
74830 66605 
8062 56631 
22674 24532 
16348 43400 
29800 95162 
11987 78640 
38873 12977 
19603 94965 
50678 30624 
47256 28058 
8351 75286 
28253 12165 
95410 58033 
69258 58146 
68542 33826 
66737 48523 
72801 59134 
82000 97323 
41618 96588 
71455 39025 
66965 71667 
53147 30559 
36039 95064 
53271 73036 
69981 26255 
17054 85795 
67453 68677 
87265 94329 
51283 55028 
50563 25798 
39944 2381 
27016 41103 
17278 91111 
31323 70823 
53661 49088 
65648 63898 
39733 3147 
13399 2490 
29828 93552 
90947 84277 
56421 33958 
79942 24256 
69169 39356 
6774 82184 
72567 37515 
57677 78876 
84741 25646 
18073 24858 
16586 33340 
2987 48242 
75217 5237 
1712 75193 
28647 22490 
94341 85993 
29602 40754 
10447 42447 
85567 34255 
90845 58284 
79438 434 
82258 63171 
90559 97724 
41684 93112 
39471 60227 
52324 25267 
81338 57340 
56204 63570 
2830 43853 
89914 73058 
35119 76604 
69420 55451 
81716 57436 
7448 56253 
74001 99063 
62700 94559 
9616 367 
13996 10714 
99271 60707 
24396 34146 
46072 59040 
10487 83902 
8131 72945 
60196 27841 
49997 15091 
48887 42897 
71371 20271 
87941 38489 
12585 24782 
2611 27890 
75505 41784 
76703 58258 
65794 51185 
20440 39019 
57870 90685 
14860 40437 
7452 55785 
61204 69460 
88230 90903 
16948 68291 
8980 81161 
31502 22658 
75376 34989 
4065 11379 
96751 81375 
73718 76570 
2252 92410 
17569 44715 
23108 81713 
76600 82846 
18119 22396 
50854 31174 
68055 74417 
5674 13804 
41266 10473 
8965 92518 
37622 82056 
75751 95113 
50798 72823 
30817 19451 
49948 45163 
12795 87061 
71003 97616 
33779 96082 
25064 15790 
77421 2304 
76821 17444 
65399 39182 
19423 63620 
47284 72992 
73924 32021 
72023 77641 
71169 26270 
80624 5152 
31937 25253 
19089 22506 
47172 60434 
8243 83221 
74291 45858 
22842 2988 
7849 75498 
26160 12631 
53257 45646 
78259 68836 
30769 56281 
86232 13317 
63636 94619 
92923 84464 
59077 6526 
6991 2059 
73666 17019 
61641 65221 
65743 69789 
51967 26536 
76618 17474 
41542 31200 
49648 9378 
47766 38981 
91629 91378 
12444 78972 
4538 53960 
39161 22337 
67271 38643 
32247 96633 
26839 40491 
3476 6803 
66378 24970 
22111 72564 
53372 11116 
71505 39650 
35643 59778 
41195 73283 
44961 45659 
27260 96208 
88503 84925 
35718 90792 
56975 36362 
83788 44917 
54827 93369 
72110 84797 
62794 36507 
57341 4321 
75922 21913 
89013 70201 
21231 39559 
87157 54902 
48376 87159 
27903 25259 
3921 70474 
73113 93653 
45248 58826 
27097 20778 
23694 95815 
28526 44259 
68122 89574 
88914 95767 
29946 84309 
70361 60802 
8546 45459 
54744 29909 
62016 74494 
94112 87866 
22368 6177 
47808 88270 
76607 31089 
5625 64927 
45478 29225 
68359 38604 
90241 96736 
7123 87936 
4486 97129 
51102 66678 
2779 70747 
59705 65976 
840 91871 
19586 39984 
93014 71499 
69581 35878 
71900 65666 
97344 95234 
2363 64121 
70305 22697 
57493 2218 
60544 50040 
47661 60108 
98284 58934 
25454 87600 
41915 64150 
29075 20511 
83815 396 
34677 34912 
20713 650 
24171 19330 
4919 1578 
39181 31825 
58493 62510 
84115 48763 
76245 38473 
61723 5195 
65458 4868 
73065 72952 
70301 91680 
90454 21846 
7140 48444 
16733 61854 
93283 27721 
77152 69691 
86191 44473 
51156 61890 
62763 41440 
40533 88320 
59039 66555 
87684 85007 
59507 47389 
3166 43198 
72179 29790 
35199 22798 
50684 33081 
15500 62614 
27869 62625 
45577 17311 
6732 12009 
45527 81514 
13986 81769 
73430 45204 
59154 39313 
37585 61379 
57820 45582 
66107 96865 
71496 77993 
68831 80260 
88560 86337 
25004 57158 
20787 28558 
56884 12138 
18250 46725 
4182 19427 
11694 59994 
97169 39730 
75963 71012 
37310 89392 
70667 4949 
33465 69891 
54982 26227 
8947 60591 
92340 7029 
90180 45754 
57733 53781 
11190 68001 
35440 33082 
19867 74737 
48242 76896 
51685 51473 
90488 88374 
44494 16576 
46895 14248 
4037 85638 
66543 97544 
93989 506 
27237 75203 
16618 57909 
69271 39221 
70568 65745 
99610 37044 
20795 1223 
67577 47206 
92369 44413 
91371 29577 
4600 13176 
71101 16099 
94907 31029 
58463 77504 
42841 18169 
65815 74272 
93855 7727 
88110 75963 
99693 54227 
79999 12063 
37685 19334 
77393 99609 
44760 91122 
77861 78105 
3664 17448 
97478 70649 
48640 11437 
3066 81652 
15744 17651 
78263 36196 
49010 11221 
19437 63816 
87835 39012 
73200 30358 
3227 1868 
21098 25601 
20998 20007 
89072 21430 
68485 19867 
9320 25610 
8068 30001 
90480 69600 
75531 76053 
58340 85335 
24213 20438 
13807 45542 
86953 1015 
17415 64910 
6961 84872 
50428 85300 
56068 68287 
21380 97215 
54192 21980 
83932 81840 
27404 1974 
6971 93238 
93630 20706 
91118 38681 
44823 443 
57184 56557 
2336 11666 
41528 35971 
58270 32730 
20934 69867 
79724 53965 
55295 84420 
45177 89297 
80274 41413 
2611 51551 
4058 67465 
87548 93779 
62448 24235 
15828 18271 
64716 97068 
70717 7370 
19041 46117 
36890 35741 
60787 33532 
94813 82476 
19487 13122 
78259 73197 
51135 44731 
14945 47289 
31206 74605 
15700 63446 
50834 5132 
51112 27907 
83635 62604 
56254 54075 
93929 60023 
33871 39660 
38416 43488 
84347 78044 
72870 5307 
76760 4264 
13005 44759 
89541 12819 
14366 58282 
91505 74457 
29980 44898 
4445 22164 
76452 19779 
87020 72749 
89294 39146 
6311 99764 
76505 53052 
18224 75930 
85753 19103 
60819 58781 
84999 29817 
75675 1981 
18985 29051 
11573 36522 
44748 18827 
32052 81020 
68152 86876 
43817 8329 
413 17365 
86493 16930 
28689 82492 
75902 29851 
48029 51066 
72808 71305 
33318 91643 
56997 51829 
39332 92437 
22578 26360 
4620 67995 
74579 76540 
636 73475 
99161 8444 
11414 1386 
212 50033 
51033 92781 
43616 78788 
26222 55137 
27120 9312 
29686 42544 
98566 23147 
6072 20318 
78090 28584 
66968 5802 
1008 96959 
43926 49847 
87197 33741 
59230 99361 
60097 7663 
62969 60322 
83891 79189 
31945 62760 
60901 40839 
51056 14479 
32944 6185 
1008 18687 
60167 61773 
57555 22154 
8771 26810 
66950 55221 
65095 49124 
99872 22653 
7665 2731 
1835 5296 
11138 42308 
51913 36414 
26424 12873 
13604 23786 
79857 9256 
11750 98852 
60923 29166 
97634 87584 
22826 66178 
70763 14280 
3119 44486 
10270 69082 
82618 5970 
31510 92792 
40020 21948 
24110 58436 
26889 16920 
46610 58009 
83129 59677 
49791 35008 
36557 98339 
75881 38559 
81875 90208 
34059 13369 
14116 4759 
84025 81207 
99552 58650 
68874 14267 
3082 75350 
26103 48505 
55283 48759 
71324 35935 
34597 30183 
93075 88858 
60516 51052 
19114 26144 
42200 39986 
14677 91912 
3574 92119 
51389 80384 
10788 1038 
41886 67123 
60780 69255 
69661 16561 
50774 71828 
56251 8430 
37654 59560 
98611 1608 
13468 53137 
78352 32902 
68725 97659 
91518 30395 
88680 18170 
72647 6263 
29444 41159 
90097 82334 
50584 24384 
70982 93168 
38737 68007 
73494 6061 
42838 63652 
62027 95141 
55702 74874 
56221 7594 
18986 32410 
18890 64055 
98972 70714 
19783 42357 
79154 28408 
62205 4041 
42246 84635 
87775 36453 
69057 5734 
80922 99725 
64527 32219 
79198 87585 
32334 44727 
58097 33682 
58557 9445 
99775 21011 
32226 18432 
73926 80991 
25986 8340 
56031 926 
83605 62235 
83306 93787 
12776 73504 
1890 22660 
61384 78320 
90164 13706 
63366 43658 
52567 36086 
76311 31586 
65857 75101 
97099 47341 
25523 75619 
34173 18663 
83861 86927 
35452 46909 
93229 97211 
19412 16676 
68067 6188 
33550 49968 
57532 47722 
69185 43387 
76897 40832 
94519 32391 
80367 17060 
28869 85364 
70556 44983 
70155 42046 
30589 48482 
5036 75815 
33640 94411 
76453 77392 
31692 7447 
56914 28719 
50401 55115 
77500 60069 
20177 34412 
92339 60917 
54917 82922 
16248 45631 
49340 31954 
59226 58772 
3429 16992 
95684 41562 
98234 61622 
48566 71072 
41130 55107 
38912 26711 
70589 50899 
49976 34790 
60648 23655 
81662 91292 
93434 35670 
25799 65353 
74507 80179 
75746 41591 
50207 88580 
94786 68066 
48823 11398 
6973 38504 
8106 8687 
41373 52318 
70500 14576 
56030 64077 
24446 72777 
91557 55221 
45195 75148 
55869 35158 
41801 73763 
21409 6322 
48317 78472 
24085 8323 
6675 96524 
89206 90023 
76328 18618 
73826 45199 
71492 6604 
7239 87351 
70601 92066 
31734 32348 
64650 52145 
94277 3725 
11115 89221 
16445 74825 
38419 4447 
74720 14356 
2243 21623 
56153 7573 
29435 87554 
15458 83913 
97905 47750 
48755 93784 
91574 72245 
16440 42116 
38342 85294 
93110 4369 
85951 34828 
95979 21872 
95789 22824 
44892 97681 
37826 6122 
36810 91613 
51302 68692 
75596 43625 
95174 61032 
83902 38469 
50013 104 
38176 61302 
48686 24083 
10057 83919 
7070 235 
67849 64326 
97969 91327 
90303 38554 
61538 96266 
71582 32950 
73712 94000 
51095 27604 
516 36260 
84763 57151 
50571 54326 
85346 43865 
741 67745 
98593 19802 
10560 8855 
49296 9655 
59951 5900 
86692 14086 
41697 99728 
82244 54465 
15252 4247 
84452 14280 
81670 59257 
15148 39914 
70788 65720 
99643 44054 
41306 38214 
59116 88682 
81938 57020 
57796 11434 
67589 53218 
89802 99029 
68345 14130 
10863 4553 
31001 53608 
68725 51570 
53018 51897 
62691 67347 
46951 33199 
67515 39923 
49782 15556 
89809 99322 
66062 37303 
86121 81886 
46335 37099 
61048 48548 
93074 40416 
80978 92777 
55189 84375 
84517 92009 
19131 94952 
44160 27579 
29748 15809 
35435 22450 
77221 76419 
99534 23529 
67802 78629 
43357 85870 
55530 75430 
6923 99798 
49683 13506 
42280 38793 
28482 11933 
90297 95891 
83373 53482 
12178 19466 
90221 72056 
31021 55417 
53810 30073 
65457 52111 
310 92961 
92147 86874 
98669 24466 
56850 28391 
76410 46081 
64796 58069 
57874 26659 
20278 35212 
93695 94158 
52626 5840 
69120 90476 
61184 23010 
75789 22444 
35405 67702 
6655 97316 
57857 33670 
86971 69473 
77719 67061 
85603 66542 
50259 32205 
60419 7793 
73801 8649 
79076 75399 
19879 11341 
22272 50044 
44532 65796 
20366 76353 
89124 63152 
96251 80771 
27600 66211 
87448 24731 
93754 36883 
98627 39374 
26853 7883 
92098 54565 
6902 27100 
58293 4569 
11845 61761 
20858 65531 
18161 61306 
21695 55765 
83609 42851 
135 8857 
96281 81174 
27413 11740 
47652 56358 
82694 85115 
88981 36523 
60134 72013 
60209 50540 
77806 91764 
38390 36188 
18789 11287 
38753 32879 
72319 83355 
15631 24924 
58626 2381 
52786 31244 
14923 32271 
3076 80477 
91986 68008 
35929 6665 
60871 2907 
77772 49971 
57527 86825 
85318 49365 
99411 77171 
74563 69746 
92692 4112 
39331 14690 
11220 94204 
32422 37795 
69164 22496 
49650 80583 
28075 92197 
52506 32929 
76080 73098 
88691 33233 
92053 65216 
21453 99822 
60777 92497 
58399 12545 
36511 72907 
78434 44069 
61818 55901 
91432 74077 
36109 65976 
29479 6404 
94092 41917 
60757 49067 
98160 15346 
37586 10211 
70717 29306 
38655 9216 
92546 57865 
42137 1475 
71545 51122 
71176 67847 
42495 96468 
86133 25313 
93018 56619 
59028 74085 
23455 17674 
54756 8216 
39138 56316 
60951 81707 
42357 14322 
53793 40167 
38327 50616 
60560 99295 
94512 26419 
81416 75737 
95938 67366 
62692 53335 
20424 38009 
71842 98344 
17179 58746 
10268 20897 
9771 92936 
14402 16777 
60222 32890 
37682 13552 
24828 17403 
76505 88149 
4256 20608 
1734 19148 
40598 62224 
84045 86416 
42257 2620 
56131 33096 
23908 2632 
37744 60590 
33233 47687 
60552 35806 
98746 58572 
68955 51807 
73719 37019 
40318 97911 
70101 23333 
63440 63369 
73273 75365 
37663 19926 
3568 13438 
6643 2919 
43758 14170 
20627 37965 
82985 77667 
28958 40881 
37157 37185 
40590 52186 
93374 28101 
54535 54301 
91701 83929 
54466 59573 
1446 81101 
82106 50240 
71064 11389 
52553 97720 
30929 21074 
51377 87855 
6399 19347 
58086 31242 
55001 24958 
73485 43304 
75978 89725 
89478 37467 
53084 10285 
29031 86628 
82204 15350 
1285 73031 
4254 94729 
62231 64732 
10748 18508 
44900 28040 
14560 80026 
24659 9624 
81600 84695 
15001 99420 
490 98153 
47144 16045 
26779 61954 
72754 40106 
75864 82663 
43298 57623 
54470 1178 
61804 65706 
14418 53060 
73213 35711 
84371 37783 
58055 25285 
85344 25111 
20832 80023 
63995 40126 
19267 67904 
84048 84983 
63522 45239 
697 75080 
25472 61561 
5396 90085 
37343 72691 
69208 66134 
26239 46169 
31711 84535 
26558 11293 
79417 44426 
35791 27214 
32794 42101 
30866 16838 
14181 18085 
41999 41734 
219 74549 
88905 73819 
71936 10291 
20266 53262 
63181 68254 
61521 8900 
73849 41424 
68308 57363 
58165 36986 
3323 90189 
20305 55702 
2867 4422 
49682 3757 
76046 31444 
6481 17705 
84347 71312 
24367 49610 
82228 45362 
31761 29161 
60413 38585 
5671 92251 
22721 15082 
62791 41399 
44548 54825 
61447 82420 
6555 78054 
34902 63845 
70598 94809 
1669 30869 
66668 41404 
1689 93970 
89314 43119 
88559 3863 
60012 72936 
67511 19060 
97907 59825 
6393 50080 
55563 36927 
62666 65217 
18632 9911 
63245 46799 
38733 68833 
46017 93966 
67420 63057 
21934 78286 
85723 8061 
44830 71877 
78571 95439 
82444 84235 
86307 32950 
66595 63567 
76517 50166 
63083 41195 
18588 67085 
42580 23501 
10682 38016 
52637 64831 
4213 51109 
87911 86962 
94456 85098 
30800 45952 
97596 99145 
87913 85590 
14275 59085 
79130 58162 
87632 83999 
45502 37874 
99859 30658 
29813 41 
15446 20261 
49380 90000 
71593 51800 
24481 59752 
36664 39451 
47801 7428 
6080 57590 
80369 14946 
81753 76360 
37680 42608 
85882 23118 
86064 5874 
92918 10714 
3801 29206 
24462 32184 
74118 44587 
41091 33311 
67896 78249 
82341 39407 
42783 48112 
51512 30763 
32361 76565 
15490 32388 
24144 8511 
91433 7989 
28367 12918 
21969 25571 
20910 37688 
98448 92608 
3148 82221 
77832 42440 
59128 49859 
52972 90345 
6205 43231 
78304 67689 
29084 69560 
23384 85629 
59227 30095 
25268 76017 
11663 78091 
37342 6492 
19453 43161 
27046 69171 
12430 36283 
57799 97923 
71285 69427 
1518 77899 
50696 46480 
67223 72818 
5879 8032 
98577 10430 
75836 41630 
88544 34664 
73502 1163 
82949 54146 
8125 14369 
96341 91098 
18416 95787 
43372 62065 
26359 23991 
96785 2482 
31052 86590 
19182 80792 
49525 44200 
79855 34634 
77239 15509 
60291 1567 
84780 39525 
72339 9857 
89259 28256 
61587 41058 
39020 83299 
45138 75406 
28485 13220 
37775 83536 
16290 55084 
53395 33530 
54381 73142 
29664 41074 
48299 80436 
12947 2239 
59612 4942 
57923 13413 
30326 902 
41636 925 
56044 88107 
65322 54125 
59760 87142 
18982 79985 
21397 7016 
13465 74731 
99545 33052 
42738 38589 
41309 57595 
25045 43402 
13811 93802 
85839 99722 
6582 13699 
87621 59880 
47933 55660 
82269 36653 
50383 53608 
59947 13280 
50301 50501 
95351 69967 
35149 72019 
46854 54385 
58062 52895 
46980 79298 
23975 27948 
33719 39103 
94094 22649 
11321 98908 
96247 3897 
96514 24703 
47485 80719 
1477 91248 
92282 76718 
28471 25489 
34782 31358 
2646 17647 
96751 25531 
49368 59537 
64268 68404 
30292 50267 
95629 27099 
88455 43150 
50545 28597 
16828 94462 
66468 14057 
57030 14659 
51672 79812 
55344 15684 
86734 96378 
51690 94224 
26144 57105 
53881 90082 
69980 71462 
54267 11258 
31961 84448 
78784 22922 
64631 73256 
19466 56132 
15059 45071 
90626 3981 
75129 35771 
66214 37793 
59368 88268 
1243 94051 
90220 71413 
13750 53937 
95766 85584 
5376 61686 
28139 89496 
28460 5373 
92187 74261 
65453 14352 
33461 5343 
72473 11231 
72156 50838 
53010 93096 
85386 15355 
70042 6640 
34013 2793 
75277 24899 
2216 38450 
32715 29529 
68092 91119 
40444 51829 
51802 49250 
9320 28181 
94121 21721 
40118 81157 
2718 53415 
51775 46188 
66109 68539 
52488 25567 
75923 80515 
12741 66446 
16986 36263 
94721 27591 
81694 94824 
16134 20828 
40256 75552 
78090 87434 
51576 49432 
66503 97182 
30943 88643 
44367 38298 
123 34066 
88310 283 
33074 88225 
86980 38379 
76206 92005 
11101 48391 
65988 97499 
85460 73647 
88630 6490 
41604 12056 
26718 4279 
6695 90576 
15849 82006 
88764 26795 
90720 7057 
51496 2941 
34530 70837 
32728 36301 
58218 15895 
50003 41845 
26737 20285 
53793 47817 
18421 96064 
34435 43092 
50503 40931 
62340 6307 
28885 67285 
42711 91079 
83549 21346 
95772 19083 
32283 96498 
31450 63309 
74920 39632 
73453 87510 
57850 47027 
1867 44699 
64305 47185 
25688 27440 
79767 72037 
67081 5805 
53801 25069 
37743 85015 
29749 65175 
14353 64112 
41894 38401 
74926 79478 
86108 6291 
40765 72523 
54416 39122 
79749 29631 
86547 65117 
65864 4196 
32246 92563 
57169 45583 
36962 50806 
49771 27866 
60527 28179 
88958 92429 
13506 20217 
70287 92790 
49147 39853 
43175 57497 
80190 82832 
37510 67457 
99275 86158 
69788 77809 
69285 65210 
49460 1209 
15691 65966 
98453 9393 
96783 22850 
17254 2904 
49699 69792 
79452 45086 
10193 12370 
13327 55769 
82372 32278 
33829 12472 
90929 61877 
21227 12583 
82902 36182 
3720 8591 
58568 2438 
90486 40327 
1821 43287 
18900 53066 
49221 48524 
25100 8442 
83856 52611 
20570 66284 
65311 40323 
59120 39842 
10183 11305 
8381 4268 
19003 85827 
97872 68814 
4849 28634 
1730 6892 
16553 65557 
28329 74949 
65126 68431 
31337 41068 
55860 87844 
27140 87250 
565 20418 
2108 45552 
34460 7530 
19842 77544 
90504 75777 
93318 9008 
90248 46011 
69761 87361 
94818 57365 
87115 37974 
22186 75478 
127 57390 
77651 79970 
41369 96358 
63261 55273 
77907 53687 
28916 40986 
47877 23124 
2962 33243 
12887 9741 
93319 66912 
41942 59795 
81542 49973 
50505 28571 
41669 66049 
54342 44414 
3325 8802 
61954 13971 
44256 62807 
21697 53611 
41335 99508 
60077 25053 
31038 13989 
96269 99413 
30493 88550 
94561 73231 
48426 32460 
21186 12431 
71675 13756 
4956 5781 
47421 68586 
62119 68077 
93871 46360 
35018 45117 
62867 24832 
11437 37443 
46724 8261 
36911 77934 
68591 3909 
5825 69484 
20711 57406 
18770 13346 
18193 15868 
23424 36149 
17237 79189 
14146 54164 
6256 94521 
51462 97094 
15897 46745 
76848 50461 
9731 98586 
40431 65629 
11182 38046 
29698 29551 
94278 97952 
85801 82523 
15886 22674 
20713 21541 
95309 70436 
3298 29324 
53490 56168 
65228 24576 
8522 59445 
88757 37827 
86777 44845 
77487 78935 
49671 67919 
78569 77328 
54951 68966 
20195 44107 
68347 88953 
51731 26312 
16528 77154 
25575 98000 
25542 98479 
39525 60205 
20250 89948 
66422 2404 
69741 60414 
33832 11847 
51313 75384 
80682 3870 
71334 19651 
10103 86308 
25142 84496 
78065 64135 
93 83288 
6000 36703 
26015 59624 
82216 39228 
55488 15486 
21718 32632 
12767 53420 
86951 51413 
84609 96354 
33016 77903 
38867 21450 
30080 23097 
47456 20232 
32962 59164 
59112 76267 
13326 66845 
14364 33784 
43404 32089 
20224 15869 
21863 50651 
5329 39283 
62202 76762 
57601 64404 
21983 82595 
6000 13471 
37216 78900 
45488 88036 
40412 84037 
20103 17400 
83069 18544 
72843 73857 
53785 45472 
43062 97631 
81720 72876 
42159 84723 
41802 84213 
66584 4189 
32831 64791 
13503 27927 
82576 48017 
48973 75665 
44971 13866 
41042 573 
93691 33806 
10935 66847 
83662 71371 
74325 99566 
47484 15625 
41651 19289 
17273 45958 
21579 9099 
14070 976 
24865 180 
26801 51673 
97292 3515 
10617 59665 
19772 59934 
70530 34926 
1338 28465 
60400 94308 
56456 83873 
19601 62063 
1928 48214 
90141 46632 
30659 38400 
5498 74187 
19628 72024 
19144 58713 
7631 37045 
45470 40849 
34737 97473 
18762 33297 
69833 76790 
36911 69278 
65263 33623 
45685 62338 
68266 20049 
36696 50763 
87787 91914 
77587 17890 
62181 22698 
66512 50847 
98463 57678 
4636 24509 
56939 33552 
10174 74964 
36432 80172 
55381 57287 
74787 15668 
93968 66161 
16902 44005 
60544 34672 
18319 64876 
66013 16551 
46177 9865 
83214 213 
11383 25919 
15676 99127 
15885 37427 
68980 12360 
27201 31602 
99041 51593 
98680 28333 
94497 86472 
38462 15332 
61461 68832 
92677 52142 
18022 58171 
49173 72446 
73196 85675 
86896 43134 
60412 62176 
93008 70710 
19164 56594 
44965 80857 
70127 45765 
7936 35393 
8810 63962 
29365 92316 
50728 61004 
21890 59291 
97120 11535 
13467 38685 
54398 4875 
9248 13103 
32783 84773 
53637 74443 
70011 1466 
2878 56542 
74528 84663 
18674 91812 
59236 45331 
71526 75579 
41647 66673 
98838 88399 
19226 50193 
97310 96205 
89712 41475 
41742 20929 
75383 72105 
13076 50102 
27521 19088 
87375 32950 
32723 1230 
84397 92618 
16267 3073 
99514 69426 
39362 41365 
45968 98431 
16958 66423 
15790 16071 
40624 21357 
27169 85296 
77105 65793 
63691 26355 
27302 7554 
26556 41268 
72682 75703 
14741 24041 
6586 11419 
20058 55782 
46387 49358 
74142 94160 
49153 11473 
12629 79994 
8212 37729 
28136 308 
90971 33671 
68130 66760 
89341 23534 
96351 91164 
93295 59390 
77211 65659 
65383 51751 
61401 84109 
89398 55141 
47946 73434 
89977 63318 
73006 38837 
71537 43159 
28998 65252 
4752 63651 
48891 58866 
96681 57010 
74 57175 
16693 82624 
19734 83811 
14503 51354 
89437 75224 
58898 7648 
90438 60341 
46167 60003 
3238 31433 
75766 96497 
14968 4678 
67414 21422 
76442 32285 
98612 1513 
7047 94561 
74464 15801 
80104 69912 
2739 61839 
33959 53540 
36258 82852 
44759 71463 
61976 45308 
65726 15505 
61548 14463 
84712 7014 
41696 46649 
76932 82335 
34349 41354 
32961 81429 
96335 73628 
23457 12558 
96277 57869 
21548 60546 
62426 77780 
41377 3920 
79280 54059 
67089 7089 
63158 11371 
40314 57733 
17284 49176 
46250 26694 
65485 17215 
88482 37927 
90264 45736 
70937 49438 
55790 83016 
11711 62654 
79262 48286 
97965 97264 
25136 16848 
53705 91379 
35865 16014 
32971 12687 
80094 25422 
69802 95308 
94648 43340 
13338 49184 
20194 1795 
51498 24076 
82125 87637 
79893 48644 
47986 54135 
4013 6562 
686 88216 
72148 56277 
2751 32209 
24151 48742 
91074 45717 
6844 48373 
33858 33217 
50720 16446 
1887 56048 
24576 73297 
54796 93619 
84796 15942 
19638 18013 
14246 31113 
43891 98593 
2064 10200 
37883 58764 
50126 42230 
82723 65775 
4541 33762 
68931 46226 
1289 80458 
48263 84903 
83909 94086 
26660 82631 
98175 70861 
99737 20021 
93750 72257 
33940 98302 
66057 77811 
26244 5880 
52939 60971 
33196 89825 
60172 33611 
46138 95172 
27457 2660 
3607 71759 
62288 83102 
74182 38241 
62897 15669 
13479 36009 
23468 44629 
97508 1913 
64926 21362 
61288 38023 
62789 12763 
26379 59086 
49964 10053 
83919 53930 
56802 53163 
10781 5713 
13354 8654 
35617 77785 
79475 64981 
38860 86829 
87279 37929 
66154 53035 
77409 11186 
58208 38254 
85705 72239 
51751 57372 
90062 42208 
86033 75624 
58599 39681 
57239 85095 
49783 63292 
99208 87374 
2697 25502 
33009 96130 
21391 20942 
20233 13326 
1098 66676 
75233 25849 
66077 8861 
40113 15526 
88918 50551 
2903 74825 
39401 18766 
44168 72953 
67312 55436 
30174 22666 
58136 86479 
31804 56760 
13090 96028 
37555 35065 
95735 8665 
46243 67673 
56219 61579 
70442 58217 
91183 30638 
55237 42205 
22470 59673 
18513 19728 
80995 30595 
48785 59301 
63463 3523 
54517 80169 
89136 50689 
44858 4084 
21397 5666 
35945 4412 
34625 50325 
19154 70316 
715 65954 
98125 46887 
41572 82067 
99907 8233 
43972 66727 
92237 69900 
61449 15548 
93743 49388 
34180 13063 
46777 39158 
42324 59781 
33623 65139 
70882 80988 
55974 65637 
4843 59248 
64872 40429 
92239 61548 
23692 87930 
9727 64170 
10322 69495 
40369 13622 
16311 14229 
26541 341 
80571 5148 
92236 63377 
3121 68062 
38501 88920 
20385 18267 
3330 13246 
87738 6949 
43095 91575 
7255 49136 
36406 48325 
59053 8094 
33272 81355 
43122 57283 
72568 53084 
15237 40269 
68968 64704 
5288 1451 
26934 76268 
39315 66031 
73740 4986 
47532 6333 
16176 6899 
29822 43398 
16265 22920 
67437 97734 
50173 49249 
15063 21145 
61479 74326 
80955 12780 
45068 9691 
4480 46841 
1111 30551 
70218 16827 
79980 33308 
55663 31786 
98386 11981 
95614 83700 
44640 53156 
60494 41972 
6664 50031 
88137 20917 
50215 40073 
78963 9219 
46767 77990 
63043 46523 
589 65915 
74160 81624 
52777 76129 
20808 49188 
46364 18125 
26954 57465 
21062 21446 
26415 88199 
68851 28507 
33894 71694 
22289 17449 
82981 14995 
66308 4119 
16823 29169 
61211 4371 
40748 22879 
39700 73149 
97735 3761 
93965 75189 
7441 56551 
238 83683 
17397 47473 
37668 47865 
51017 38104 
45974 18258 
1228 78723 
32074 69172 
10816 91123 
79703 12068 
978 43913 
38043 50517 
58139 69521 
65449 87745 
65705 71449 
82609 61139 
72257 22760 
45800 44575 
20567 62327 
85393 29079 
22867 54102 
67347 65067 
56956 86446 
26144 25309 
75026 53516 
86508 26742 
62477 78779 
38155 31412 
57558 11894 
52991 32051 
44291 54542 
37339 16205 
60964 48209 
93163 94300 
24344 87503 
21712 71693 
55844 6267 
40599 42480 
9988 20582 
1072 83745 
47851 2678 
86067 32891 
68518 2856 
41607 37887 
10186 32694 
44217 80446 
59136 72145 
35232 85596 
59659 65566 
59245 47554 
856 27289 
28393 21489 
67323 86034 
96790 53466 
79870 59274 
70129 46799 
19698 63619 
94338 91977 
24893 35339 
64127 19527 
71610 56338 
67383 70371 
3991 55216 
34567 16657 
56644 80493 
93639 7512 
21419 23627 
40500 58834 
46245 3168 
22532 53950 
17981 8190 
98540 72886 
73466 39084 
82270 21959 
3428 76879 
98616 92584 
62390 58434 
81740 38370 
74407 34159 
22578 23035 
29239 37370 
29497 58114 
96478 99961 
398 19092 
46180 7742 
17119 1351 
53719 621 
63736 53174 
83852 87770 
39188 2080 
94424 65928 
81651 72886 
73624 259 
47161 81120 
26429 51423 
88210 73837 
55602 10018 
59408 81351 
40553 30090 
36754 38034 
3396 37103 
74661 28115 
65696 22577 
40611 13247 
41677 27552 
61163 2651 
84101 60091 
84994 33747 
97516 88228 
18771 41469 
60285 99103 
19868 7790 
51542 17421 
36275 99549 
62172 32009 
68546 22245 
79924 87851 
91206 40250 
77930 62883 
11774 39765 
3196 63705 
64400 39833 
57035 42467 
32088 88879 
82941 58368 
66576 19472 
29078 81532 
28177 72399 
32340 64451 
99195 42654 
78821 86761 
34061 44538 
31624 12807 
96874 40865 
81033 88282 
2804 32122 
64417 42127 
23611 55430 
23605 53003 
39566 299 
16010 85788 
20092 8422 
72478 2884 
93732 88113 
99561 7587 
24340 40520 
56881 82283 
44903 64363 
1252 42991 
12984 78700 
78404 43527 
42500 79109 
60418 27558 
35395 21665 
72428 44840 
83754 11241 
25643 19156 
37972 55892 
75413 79768 
39854 37480 
52873 45637 
833 40190 
76567 82254 
64998 73217 
36529 34587 
34183 21665 
57422 76483 
48141 60571 
89659 6808 
6619 70973 
47806 65656 
92176 4067 
14125 40171 
2638 49762 
51758 78828 
30340 79308 
26861 35468 
31627 48183 
21878 19944 
14591 65053 
33203 40922 
35574 55372 
85636 88222 
35735 74070 
63307 16978 
67792 50780 
52166 64022 
60054 83175 
12683 48031 
39909 29260 
53034 79338 
92223 87827 
52849 32720 
59387 97781 
95527 17056 
99259 31692 
3116 9437 
4847 6672 
31956 8120 
55275 86544 
79542 98680 
11453 3292 
73497 20741 
91816 82910 
62046 68910 
63627 20996 
2088 60803 
63523 16848 
45707 57534 
17364 41309 
58892 27584 
63908 83232 
67274 3657 
99406 92192 
12843 93959 
50995 10965 
22883 74262 
55538 70279 
37798 5203 
67598 477 
18011 90431 
45290 99994 
51795 15553 
65996 88921 
15677 85271 
5280 67428 
96953 6649 
71778 93459 
73912 50169 
28499 91866 
63506 57019 
46618 8005 
88498 51031 
31771 22860 
86516 56728 
34750 53845 
82013 21135 
8678 75733 
68744 86345 
2899 9502 
5183 62238 
90200 43413 
8233 4356 
8453 70257 
41555 10588 
60346 47473 
34088 12180 
55617 12690 
31521 49476 
99032 16288 
78986 90915 
24334 64663 
56692 74957 
49484 3176 
41928 28955 
81732 6104 
50652 46410 
32417 82440 
19741 84635 
10855 51016 
27095 78537 
54269 86171 
10857 53018 
16461 86063 
41372 56486 
81743 69735 
19877 30989 
92637 66167 
26452 80698 
79941 18811 
16442 99783 
61999 92465 
69324 73150 
36328 35875 
26914 69095 
21255 23045 
18847 1613 
17820 69033 
62402 51902 
52878 91845 
41072 3580 
33247 71080 
11629 64150 
87666 36093 
63038 16496 
98453 1679 
52166 68443 
27963 57702 
71076 45935 
26312 10553 
58557 5865 
66277 68982 
54621 28362 
88911 64582 
10823 85093 
59100 98091 
11555 70123 
24180 6690 
31895 22923 
40660 54583 
56092 69300 
84221 59418 
7464 55366 
86393 80476 
95234 52077 
47611 11070 
66782 63447 
60898 37203 
64788 80256 
42942 47325 
27917 82840 
10125 3856 
40991 11554 
55860 16205 
35984 91497 
82585 87097 
68729 19343 
16876 39289 
47869 94396 
89325 68149 
72389 3446 
92210 7060 
41956 49561 
37452 37232 
40345 48657 
24929 21290 
56379 4481 
96965 90851 
99100 12605 
98655 72329 
84305 37082 
85646 92326 
18096 49613 
21103 64219 
79780 20385 
81810 20947 
11217 2191 
49711 25489 
52637 54991 
99640 60151 
25982 16797 
6635 68559 
55983 38535 
86901 104 
36465 65524 
55372 85609 
94800 66253 
29788 55097 
80942 80329 
36274 93830 
9150 81797 
74675 21117 
10290 31466 
83215 67933 
10515 22438 
1525 24011 
38148 6749 
68698 22805 
74782 27806 
8739 33623 
8853 73301 
49630 34222 
20394 6297 
94198 44288 
24183 28410 
11074 10481 
25177 78299 
42269 47088 
94899 71150 
30204 52866 
60357 40364 
51544 44243 
8118 51396 
7758 67828 
45294 19476 
63063 81050 
26530 77885 
39239 18761 
51432 11562 
73810 95736 
60470 91949 
23134 30294 
8998 23363 
45223 12634 
78863 38571 
28414 82948 
94949 61837 
41507 29067 
50060 91410 
68591 61085 
5698 40205 
57488 71328 
28577 13413 
54582 42022 
43123 94801 
20810 20144 
28754 59685 
23653 39198 
67379 31861 
78201 31030 
51353 54228 
66717 37304 
95031 48386 
601 99901 
54100 97216 
1233 82233 
46020 96227 
66916 49356 
82205 84427 
61991 13782 
67977 83526 
11142 35998 
99853 45477 
7036 53959 
91405 32664 
42653 4215 
88701 32513 
61000 88813 
94245 38843 
74398 36774 
4389 15976 
43108 6657 
79327 98450 
18785 77651 
7074 69100 
52126 80593 
93250 1352 
36004 27472 
7017 47779 
5513 8217 
40176 6241 
44572 36951 
91224 97436 
55043 46394 
69073 43190 
28855 48732 
22170 43550 
26163 4010 
37922 12552 
3330 63012 
24610 47458 
53358 80563 
83388 74344 
18360 27340 
1498 34104 
8777 63519 
49491 47253 
17246 75984 
45034 23345 
46399 22290 
53781 61411 
79318 69253 
33843 21476 
8992 61744 
94528 34078 
8832 8171 
32316 54603 
70142 23139 
27460 62364 
54442 24884 
33112 50507 
8606 45359 
65548 52153 
69013 74202 
8857 650 
37272 24350 
80356 27338 
44528 76654 
64033 58943 
33967 33650 
8485 88539 
81872 88463 
3095 58933 
46399 93896 
91609 15424 
80252 98809 
55809 56051 
68497 4207 
3627 31785 
56013 79799 
25850 26546 
10397 73319 
43453 77495 
25623 39503 
53655 79757 
9364 13388 
96941 56509 
12587 53479 
9562 65370 
53896 84321 
96485 55028 
63064 75148 
58236 82283 
18289 1548 
31789 48979 
79942 50431 
60416 20733 
29915 45123 
90331 44953 
10143 87027 
2982 94321 
16496 33029 
31039 23724 
44924 53732 
73363 43577 
5624 46596 
19693 80519 
17936 10175 
19307 17704 
73800 20919 
79561 81150 
10810 92379 
60023 66144 
67259 38149 
35799 78170 
1036 4523 
39710 96604 
41840 86580 
57116 56179 
11891 92311 
39490 81183 
94173 73388 
23231 435 
49203 98313 
88767 17242 
81448 3937 
71633 7896 
34689 24707 
42016 74662 
52026 65536 
2155 84843 
70655 53770 
12023 86114 
34164 78530 
42885 221 
95815 1545 
75597 62007 
55118 2627 
5932 88845 
16992 5048 
92760 36730 
87885 11342 
86545 23592 
26471 68426 
5438 77846 
47860 72456 
84127 755 
39770 18437 
6665 14872 
86660 97379 
48636 7657 
13591 44664 
96318 69279 
55392 47299 
80904 66706 
28715 24835 
64392 92369 
34624 9027 
40380 74995 
47620 60648 
67842 42653 
53331 78402 
38816 83622 
81568 74492 
92001 59382 
44070 14171 
23420 85841 
26940 42457 
12582 13863 
6669 50226 
77977 8206 
55583 64011 
99302 45209 
77668 79077 
95455 23835 
68928 93752 
27112 12159 
27809 44471 
636 31942 
50656 85618 
86083 17606 
34815 6038 
26244 72778 
77663 24931 
5931 87479 
3739 63852 
71135 72114 
74102 48702 
36226 10619 
32138 55799 
94016 34414 
18266 79542 
48277 71285 
42349 65651 
21256 28840 
37067 23614 
49722 30936 
28124 4726 
72262 37219 
47890 7975 
27834 40927 
87890 55029 
30966 58125 
32582 57737 
62564 92757 
41904 86763 
16923 86208 
53339 38406 
75326 37516 
55568 88106 
34543 10920 
45262 13815 
4548 31168 
16165 70136 
3965 3761 
45340 95017 
24005 87310 
35287 34803 
2100 88210 
42638 80556 
44946 44046 
74214 18834 
67346 11459 
59443 13477 
68028 76625 
14522 51458 
46499 62106 
98137 5494 
76082 12470 
21172 88853 
87374 2941 
13572 3686 
83721 30254 
70347 13196 
5651 12962 
95696 120 
84797 49648 
39319 9206 
79456 57774 
72212 9793 
63743 43399 
80587 56077 
50208 32498 
66023 67278 
61798 28362 
27572 97691 
33232 46338 
67238 17470 
14133 17132 
4124 78996 
66655 42947 
4495 823 
98906 36930 
35107 61440 
52113 75727 
25380 58459 
64246 47356 
80336 55362 
65774 82212 
20694 7553 
24191 13680 
39119 32218 
43192 26667 
52338 62379 
39589 17290 
97681 4536 
66517 5045 
69591 1399 
24993 9943 
16728 86498 
7562 31449 
23529 5804 
47537 43470 
81420 73030 
5260 50232 
14366 19881 
8844 31558 
61019 297 
81012 42878 
31476 8603 
25947 25263 
50477 75485 
20450 23805 
70864 12835 
52271 8894 
91226 88778 
75123 44234 
39845 27545 
4660 47896 
93446 45398 
62638 48258 
83705 53402 
87494 45392 
7059 80619 
68746 50255 
94110 97173 
29891 89004 
13736 45630 
79914 27789 
84018 21280 
77016 94614 
37165 77148 
99880 49130 
38871 67941 
1518 78689 
93855 88668 
28719 79550 
78830 8250 
26099 15818 
31738 46240 
7932 35512 
91807 91620 
73248 63102 
28836 16661 
60061 80918 
22086 95956 
83134 58037 
49260 984 
76374 84541 
24265 3961 
65691 21529 
78803 91215 
31106 82779 
17315 55961 
77903 22684 
87394 13113 
25787 16890 
98500 54638 
42306 87007 
90680 42959 
92175 38826 
1935 22065 
47725 54667 
8005 11203 
7297 4821 
11547 34439 
98253 20443 
39038 30871 
99124 874 
63197 84885 
1502 12021 
6334 13628 
46399 69257 
95738 49741 
12127 88255 
36081 61377 
1114 30198 
35771 58705 
71649 64055 
74302 46297 
87178 17875 
25858 94234 
10586 93527 
60779 17208 
53772 74869 
30974 70591 
3914 68016 
7962 95141 
86914 74205 
82942 67924 
95867 10683 
57135 46028 
7749 63127 
47637 21773 
35095 74269 
9090 43374 
11080 47755 
24712 93393 
86197 73670 
51596 58826 
22657 62751 
14614 71285 
8641 9987 
30911 43515 
78732 95144 
12658 79326 
19090 67661 
39605 88070 
56408 56456 
14926 91882 
78147 91367 
17974 74184 
8287 22257 
45752 81309 
67537 74275 
91290 55636 
79937 83306 
41557 48214 
48739 14351 
90165 31651 
13695 77407 
50812 9885 
19087 20308 
26297 490 
67317 96129 
34877 47268 
6349 73871 
20854 6162 
997 85521 
79500 35883 
67815 79984 
7767 16148 
11265 84970 
51719 11078 
84882 61603 
59195 93025 
15281 73340 
61962 43003 
69187 80718 
5441 47890 
14041 16536 
16083 21697 
21272 92240 
46554 88460 
88016 35627 
67113 77681 
7812 62397 
77922 99752 
3730 39674 
1495 88440 
48429 8282 
77086 20223 
34794 92404 
19555 46202 
28081 40179 
24066 1272 
25925 6860 
94993 87383 
76078 13338 
52450 62983 
53445 87191 
23140 9097 
77704 20800 
53517 84008 
60793 61694 
92764 23138 
9490 83948 
80663 88477 
72555 76272 
41176 22789 
14133 22402 
26384 17822 
15535 42429 
77416 62889 
56094 9913 
69099 421 
372 58966 
83270 78514 
23873 47881 
12058 56927 
42236 51496 
26894 92692 
69994 13153 
61623 4197 
24097 98926 
48809 88510 
4696 61738 
17166 45699 
31103 41060 
5029 46044 
84367 95067 
69870 61291 
9569 86440 
77090 69461 
60725 20459 
32674 34258 
29099 64584 
83743 54716 
81755 62416 
48662 78511 
51349 91756 
54083 73217 
60432 6401 
50121 53814 
33962 44408 
46875 71852 
52243 81725 
65569 81963 
23176 59427 
25838 14774 
7507 15202 
96999 1774 
13621 5349 
25665 17330 
89536 12192 
14606 25795 
78835 93656 
68532 47522 
74628 46695 
41275 86621 
995 24312 
15868 95398 
74921 67116 
24074 85704 
53397 84674 
65156 35758 
50121 49352 
15047 82554 
14186 45918 
26514 34565 
99119 53846 
8539 87212 
14862 26121 
38845 74462 
47508 68232 
7350 43898 
52068 14146 
10303 99764 
72030 42237 
14957 18708 
16188 73452 
92845 6344 
27946 46449 
76093 29272 
15257 69997 
25647 26778 
70369 11627 
12930 79247 
97711 93348 
7124 86155 
85556 30157 
29144 85535 
2479 65163 
80350 28935 
73188 26330 
79116 11131 
89953 54156 
41619 42255 
45647 27049 
24551 41481 
32325 41723 
6927 26061 
35300 89640 
25765 67238 
66829 7331 
96132 85463 
25825 68371 
39908 61317 
40396 27845 
19566 45709 
48574 26355 
23406 63130 
99232 9904 
76857 15158 
9997 24451 
60856 7895 
1844 99510 
2730 46648 
41144 43817 
67672 63917 
59022 37958 
19554 72653 
85260 23750 
38728 65713 
29298 58250 
81398 14612 
64488 21462 
40264 55894 
23394 41130 
19360 91831 
91691 25418 
67337 73680 
96179 74897 
22947 80330 
18415 78893 
14056 52940 
29644 88112 
17245 97052 
35012 95374 
28899 17654 
35416 49359 
20680 9803 
63925 72463 
52342 87682 
30325 53187 
93102 98319 
12162 35900 
59101 32733 
63540 36395 
8985 16862 
73976 70375 
52222 37426 
98789 93765 
15486 33714 
99751 18745 
81308 65325 
80177 87424 
60145 47984 
72133 56303 
82131 34855 
35125 68943 
97986 9098 
55402 71755 
59910 44972 
92929 58335 
12778 89375 
9107 11518 
63506 13490 
22483 49079 
12240 85076 
81990 69008 
22812 15948 
17645 33319 
81927 46316 
27189 25538 
46595 37916 
83795 66377 
7595 61230 
4769 74474 
3061 78618 
4081 14716 
784 44783 
62569 85294 
30405 68778 
88876 56498 
87401 7617 
11392 89181 
49616 90566 
36958 28880 
44061 5322 
35556 92803 
76795 12540 
61930 41177 
91951 93528 
4814 51904 
57261 77482 
62400 98052 
82992 39198 
78672 61368 
68704 6005 
39431 1855 
38054 63522 
19096 43369 
65653 3828 
89774 28259 
21990 16803 
52655 40284 
62523 85612 
28411 94339 
65263 10714 
48091 43968 
77513 53250 
18909 63221 
66927 58335 
340 18068 
84607 91487 
15120 54460 
38724 97340 
37026 94994 
45961 68777 
42714 54273 
75070 96742 
88432 54196 
21927 56264 
74095 44765 
58686 72579 
86973 13390 
80987 2767 
75184 96310 
36650 62927 
87178 89362 
56864 28675 
27607 92205 
26633 37644 
22210 10012 
25065 26632 
54796 79743 
38072 43222 
37920 84251 
96141 81903 
5507 66858 
18071 8142 
70473 61414 
47906 50322 
73298 8466 
56767 59130 
58542 36825 
43900 56697 
55452 51655 
11949 23692 
6098 85140 
10353 1575 
79883 33851 
37685 19328 
36809 28130 
68914 89256 
53533 53123 
26722 54815 
6056 68534 
47418 14936 
10764 54742 
1429 93939 
61597 46614 
15946 73884 
65288 3151 
13049 57086 
68876 1074 
20456 80536 
94124 33483 
34023 61065 
42010 40961 
11240 10397 
7107 1763 
53146 22557 
46459 60208 
88481 2643 
80474 77944 
8336 75593 
64392 51443 
12165 86312 
58025 50908 
16764 78435 
38784 717 
48627 17976 
48390 39577 
87126 10260 
37226 69785 
50986 43786 
71909 29274 
23813 83038 
1503 97586 
95740 23780 
35643 77479 
57744 18988 
73923 77551 
22785 81335 
40034 58107 
63636 69010 
16430 92398 
51122 65675 
45722 38472 
48466 72480 
63511 13035 
67520 40304 
54050 8049 
20904 83799 
74915 93233 
10404 35266 
79747 3203 
76468 16086 
79198 16680 
96223 26119 
19339 96998 
58173 77409 
24111 78095 
60573 27517 
43769 48254 
77448 99935 
74843 5004 
11340 14287 
68766 28970 
5066 87409 
26138 51847 
16126 7894 
81467 74270 
66881 31327 
19305 23044 
71215 91179 
26813 23994 
4104 71215 
80125 6660 
24373 39273 
82230 50104 
82918 99395 
18688 25318 
48706 79562 
74112 89008 
63170 35630 
57154 35987 
89882 18610 
14630 22977 
60925 22035 
76477 35301 
33950 98913 
62364 79774 
64627 13657 
98089 52039 
68053 73386 
35293 44648 
89663 65095 
41565 33412 
31265 10482 
29649 3819 
81060 38573 
24295 56792 
77851 67804 
23149 63613 
99110 83834 
94163 23528 
193 97136 
66129 14374 
47672 65269 
11254 16495 
83660 68761 
89083 33302 
29919 36647 
19614 28001 
90682 27960 
80138 45345 
41310 88860 
75063 89706 
96293 21588 
10967 86308 
34522 21053 
20087 61195 
22414 57621 
14665 37289 
16144 10552 
21827 58833 
43135 85545 
44095 24619 
59871 81951 
14164 31549 
58267 10506 
64229 4410 
45975 784 
9944 15199 
57427 79089 
56995 75877 
61822 42139 
74321 22134 
21921 99624 
42141 92569 
23189 9631 
75278 47619 
36694 84912 
42643 65640 
1158 5103 
52296 99748 
9607 30263 
48158 78314 
64349 74470 
69225 84490 
20311 64729 
55057 55672 
71253 80066 
42348 2511 
45988 38429 
86529 58917 
72436 74918 
59665 39405 
36209 33852 
21295 98239 
7378 79308 
32410 55986 
34193 14037 
84431 83436 
5716 85032 
44812 10271 
66722 45511 
78829 56427 
27645 37746 
93128 67805 
49980 58878 
60795 74787 
3260 72773 
29947 81953 
83579 34954 
88320 40471 
55592 4786 
54794 50822 
30048 29339 
95521 92831 
17103 96738 
17046 82428 
2031 73305 
71780 10105 
74414 58437 
22168 24773 
4485 13906 
49089 88482 
1033 50160 
57299 42454 
4119 81191 
26125 92921 
62826 91689 
77189 46457 
23358 95415 
82556 98825 
6036 2166 
16516 8763 
81087 52134 
62116 68748 
62573 21158 
19583 18428 
27444 48080 
27942 33251 
32373 86311 
3429 60754 
44931 35706 
18698 70049 
27577 68002 
95354 26208 
13100 19283 
59013 611 
88296 86366 
10880 80720 
59091 30456 
2720 48325 
4729 61093 
63168 54010 
41277 46130 
12449 27384 
5408 69384 
19899 27574 
38286 36595 
4052 56542 
96316 12462 
48633 28981 
40670 56770 
9407 16855 
60666 16020 
16678 64105 
67480 18453 
36093 97575 
54092 15005 
36461 43957 
55013 6485 
27469 99317 
55020 98125 
72433 87735 
90003 26696 
51662 88657 
54991 12462 
50524 8740 
84513 98542 
72985 23284 
98693 53601 
36152 14808 
14801 30313 
84293 91860 
8476 91647 
71808 79881 
71422 39810 
3808 37722 
53105 8526 
90242 68378 
92830 8369 
64908 60572 
45532 46964 
44243 18986 
79752 81145 
52415 15290 
79435 96536 
19058 19528 
12593 51518 
63885 52010 
39303 67168 
18436 29537 
19136 92539 
99419 66607 
43825 25486 
40333 32190 
64816 23287 
8518 55731 
7357 94409 
83290 22224 
62817 23037 
47479 95524 
29220 41363 
49487 61494 
26265 31126 
25870 88171 
45608 5527 
35511 58799 
9788 95413 
45587 45417 
3860 39474 
26833 55624 
12699 57217 
61008 3193 
43869 65626 
37015 24438 
41071 85624 
13763 86496 
96397 72893 
57676 11190 
50974 99059 
20638 68654 
33045 3901 
10211 78629 
20133 37013 
18122 94127 
27666 8183 
15297 32121 
20277 69807 
92123 58982 
13970 61743 
21188 34564 
87445 59294 
46350 68172 
49091 78370 
56830 42072 
12507 8386 
87901 13779 
17885 63097 
788 17055 
99181 62293 
33553 43343 
37727 83195 
82031 338 
61793 49368 
65280 12430 
48555 57097 
53563 48962 
60060 74454 
88511 40572 
97956 86629 
4934 71299 
93155 2610 
71639 14728 
56026 82959 
4637 16137 
324 96120 
70314 9397 
19807 61642 
88405 97364 
40308 92665 
65008 17526 
92024 7145 
34442 60887 
46861 37565 
65394 11365 
43930 32259 
91574 25447 
82598 7953 
60042 77389 
96993 82784 
51361 53946 
38466 91806 
14942 94447 
83205 62861 
80173 36945 
51086 9698 
49389 49269 
68778 81371 
52247 94967 
35243 92174 
42721 8471 
50990 44764 
49749 31239 
53776 50638 
50446 91202 
62943 46724 
20841 91531 
72151 4646 
33264 11572 
46012 30059 
11783 12709 
69969 53487 
27502 85007 
74732 21202 
14080 66668 
6683 4953 
10472 17655 
43902 62718 
92687 31264 
63776 99178 
39280 23012 
52670 94203 
86295 44896 
10693 90447 
66589 34874 
45361 56970 
95700 26386 
66757 74858 
61861 10790 
93810 22912 
1295 66774 
56364 76733 
91582 45128 
30978 72932 
75668 24697 
79707 31660 
37005 35913 
70608 75325 
82351 81972 
46305 29071 
52901 74571 
72681 39517 
76720 41031 
43586 2230 
95859 52718 
39455 45535 
50061 70855 
37808 78539 
75632 5140 
51831 74606 
82832 33030 
29579 28030 
8056 33096 
80834 91283 
98112 44586 
11226 72964 
73048 77096 
33955 52474 
31283 59248 
98308 46397 
6208 33287 
21130 43775 
56930 73740 
32505 12623 
77537 32583 
50124 68497 
39001 90784 
78180 87377 
35784 26698 
86074 39769 
95221 95438 
59851 20697 
21936 50198 
34968 51119 
91797 26412 
12871 30316 
80382 52734 
35825 25918 
9403 48993 
44539 98504 
21241 20584 
71330 71077 
46494 61241 
27959 70221 
12394 31647 
31705 85388 
50928 90073 
75862 15492 
4719 13034 
91567 97903 
95946 58889 
66694 43888 
19055 95392 
84556 36737 
41496 33381 
20220 83998 
48405 83107 
85482 53687 
46942 77162 
44904 65794 
53891 84513 
34759 55062 
26156 73850 
4352 68770 
57990 71270 
64908 14105 
61012 97264 
75051 23750 
63547 61031 
13873 65408 
14305 36351 
92708 81258 
52101 42546 
34926 6709 
8108 6509 
9419 84329 
40019 87354 
37930 58447 
58569 3920 
8959 8672 
95973 17181 
21719 56492 
83190 84559 
52446 58053 
48263 21206 
82362 78417 
21578 74499 
51650 27803 
35505 42327 
7079 28712 
35696 43170 
92202 74344 
79204 76563 
88573 33336 
80635 96194 
53992 53607 
81716 54742 
19543 18982 
61904 69458 
994 16251 
78132 610 
52149 77470 
20273 31046 
37800 72561 
95583 84502 
32179 40627 
10179 22681 
55128 64927 
98491 16716 
42711 16075 
62698 97319 
11562 10779 
23278 49732 
17003 59303 
49122 34530 
23798 3886 
31054 83416 
5405 82404 
86132 40307 
62656 86896 
31787 92350 
6043 24893 
48602 62947 
77125 33018 
58492 19421 
94039 36972 
81039 81648 
93707 99723 
94926 4828 
9045 50651 
23677 49449 
63330 42372 
85335 44628 
85850 39098 
94244 97166 
53082 651 
79745 97971 
37816 89627 
91411 29969 
5052 95701 
93322 87164 
27926 40703 
10944 73216 
9526 844 
83322 59705 
87203 58352 
90578 49218 
64807 73781 
72136 6427 
65255 52381 
24610 91551 
20941 63176 
69951 54888 
22727 57783 
14259 28560 
29583 27484 
75543 82158 
422 31727 
44774 92708 
47303 28949 
58716 16132 
24843 41523 
5329 37395 
64576 90628 
52907 19519 
34947 43943 
92713 67900 
57723 29367 
11460 75642 
39847 81305 
64830 18074 
86078 2585 
6105 20190 
42258 44696 
35024 29435 
81642 31783 
71139 88070 
87424 79732 
23245 14310 
3486 90657 
21831 69483 
22313 35249 
5081 9641 
54174 70703 
575 94387 
74835 80297 
24651 53124 
80469 62217 
29288 89468 
87853 39859 
62396 38308 
5587 13565 
71591 76769 
67747 24656 
73771 30291 
65268 56622 
33269 8118 
32305 55440 
39857 48658 
44924 11276 
54541 54495 
67699 7176 
95910 49309 
40135 6876 
72640 94469 
29317 23483 
28864 61807 
87761 83521 
58234 70868 
46212 76742 
59792 63886 
39919 61078 
54196 9793 
13941 74254 
52360 99769 
78116 88830 
70238 21146 
85544 35835 
13273 73933 
89784 13622 
11924 24788 
95453 93251 
75739 76954 
54487 29420 
47586 71490 
76072 86869 
81957 25085 
12076 96164 
41646 52790 
51812 59927 
5658 20196 
10038 40795 
7867 18929 
20332 75803 
80698 61728 
52327 78366 
61055 48985 
55765 8681 
26734 67289 
96922 16113 
70708 42341 
93684 83007 
87990 83545 
74396 28386 
45150 25656 
82584 62110 
26130 94040 
24747 15322 
99648 94443 
11631 11405 
33254 55580 
74761 83156 
87044 33430 
49457 86534 
56035 19839 
3181 9061 
94399 84808 
53766 21875 
47008 21810 
65937 78405 
34182 58549 
36503 19776 
84033 41748 
78700 7319 
83505 3888 
94371 65921 
23936 72247 
79048 88462 
49935 86154 
39443 21221 
81363 47094 
15472 22875 
67384 38057 
89649 65605 
48839 13535 
35532 25819 
50596 79586 
3898 94128 
99069 54592 
70386 19485 
61763 25667 
71598 90750 
35483 93084 
37991 50460 
67755 25698 
91343 30216 
82043 33976 
12220 94851 
91508 4126 
98531 83401 
28335 26706 
30175 38953 
86073 96190 
26685 26514 
70953 54141 
34949 48345 
84837 97982 
12228 79564 
17192 79769 
76115 63316 
6445 74954 
77495 24469 
42070 9813 
15196 83504 
17928 98030 
51734 78196 
14693 51869 
8392 29639 
84554 1438 
14872 21333 
34976 76727 
63821 95287 
59921 81432 
73799 7473 
46735 15018 
95547 26476 
94810 80021 
5953 3807 
18173 45316 
21651 92103 
68302 22854 
29953 38316 
5766 55345 
78629 33005 
69689 5409 
88060 53950 
42573 82927 
49352 2596 
84684 46614 
50227 95185 
16978 68314 
26891 36947 
64454 54045 
74493 77356 
32885 74543 
61439 17206 
80980 69852 
83512 14139 
67384 57458 
62620 12257 
97275 91532 
41953 3599 
66891 92028 
54433 14488 
5960 86713 
44559 98163 
47793 86627 
5110 6580 
14728 46073 
49619 8940 
92609 41880 
79148 22198 
82201 43543 
17620 19755 
57669 35755 
83776 88468 
32698 97931 
39854 11299 
33353 41506 
7131 63147 
3435 55107 
66728 20787 
22880 10137 
70406 4364 
2664 34896 
70562 87499 
30680 74009 
41231 35821 
82275 11812 
2622 59624 
76349 53230 
80559 95358 
53375 23776 
29175 62765 
75226 71492 
20317 79760 
98345 27960 
56306 55515 
51578 12959 
94095 23700 
57921 47899 
78289 22497 
75437 76880 
68131 75713 
96785 81004 
9255 80242 
39079 11547 
44859 59085 
76193 60631 
82938 96310 
14186 34251 
36290 30551 
87164 91825 
30257 47043 
55684 68860 
29489 74696 
22728 4909 
69504 64330 
43286 57688 
91414 96944 
92769 96025 
68899 46794 
76753 29261 
85379 3025 
9955 48796 
66279 35766 
65887 28649 
96412 77816 
295 56235 
55692 81462 
81269 41988 
87773 1445 
16821 87041 
75653 49739 
56768 71843 
35894 65548 
59917 65436 
58835 44819 
59823 45042 
16007 77561 
32816 58663 
27954 48385 
70522 59631 
35734 65960 
85763 91304 
47623 424 
35494 2591 
38886 24315 
27385 30547 
66926 72217 
87625 94941 
26765 57057 
6763 11555 
12495 6869 
47615 45895 
69202 14865 
94728 97057 
16842 27756 
48398 22691 
2624 32532 
17905 90325 
91718 40295 
48429 67739 
37398 7229 
23999 45663 
81264 77424 
24865 19739 
21728 80043 
81870 45550 
54718 64168 
62644 20388 
34366 8686 
44882 38585 
23445 1709 
80493 13342 
3399 44257 
31062 57368 
92051 96323 
59865 67052 
73390 49957 
98574 60455 
78361 83591 
67830 78128 
68122 24647 
20029 67540 
62005 23274 
89932 36870 
21227 19134 
84145 81987 
46398 65232 
14029 61594 
71951 58074 
78272 19876 
43860 11791 
31134 33414 
48332 5394 
30297 89672 
18667 26937 
44264 88105 
85050 36115 
13447 91691 
47770 67738 
1325 46695 
48218 2463 
42507 31481 
83970 38375 
93037 91423 
64377 7172 
14958 66264 
31300 92181 
81923 18703 
75963 21853 
75568 28588 
67395 32072 
53375 25743 
70510 13336 
7937 96317 
72596 84762 
4806 12445 
55853 65861 
81517 3108 
50567 49162 
13920 5245 
78608 12022 
7621 8514 
50195 44334 
52093 34512 
8169 10341 
82948 71851 
23522 7412 
33905 22168 
33522 32373 
24113 98971 
79486 16866 
18817 61153 
45111 47230 
21728 56087 
18238 41504 
6024 93389 
99038 16416 
67534 69779 
55795 40610 
88492 17870 
85863 36851 
33094 57333 
73794 65589 
57194 85530 
51262 95002 
3576 56549 
54123 38539 
71568 62524 
40807 19975 
95140 49154 
83178 8106 
37202 68568 
66151 48497 
9430 96971 
35525 8045 
56775 21964 
14862 39647 
3704 34976 
71730 68860 
45250 47973 
51182 2245 
80113 90385 
10118 57907 
25360 32160 
79980 22786 
22635 21918 
57231 48377 
44382 25353 
71156 6799 
35192 98369 
6745 42519 
78217 31865 
66768 71543 
59458 60639 
41625 99514 
13811 37614 
18149 52908 
75882 36348 
99266 43389 
25900 59780 
25265 14426 
16425 1200 
84394 51343 
89129 24644 
75606 71280 
42551 6209 
39500 47905 
91534 5247 
4846 67195 
66960 14946 
7557 55290 
40414 75507 
26565 67109 
22605 19942 
46799 75358 
76614 62445 
3276 53516 
7490 32390 
82324 3554 
38219 3148 
56035 39359 
58770 64285 
4273 239 
39693 38114 
34901 35384 
34675 47135 
47384 69779 
57462 97624 
97503 34824 
7761 56400 
11643 22800 
37966 62781 
67982 3316 
98018 35787 
8837 21997 
69198 7843 
73586 86947 
99341 40546 
44745 36876 
81735 55517 
81162 76300 
77876 43905 
71758 57838 
70288 1822 
80829 89411 
45775 75786 
71669 44979 
51776 92197 
89088 61517 
38852 87950 
53416 12003 
952 55459 
68635 54486 
51672 64694 
75541 70650 
29586 27282 
87156 23826 
8585 23262 
28120 86002 
222 19819 
62340 6153 
74215 73090 
33945 18089 
90532 19114 
65413 15019 
31926 28045 
53713 50161 
49274 16943 
80426 57984 
83783 90781 
4987 29035 
9878 8729 
41587 12829 
50509 53369 
29707 67890 
52661 14164 
95882 25791 
74973 83326 
69996 86922 
31711 2184 
63268 19721 
57709 89193 
37053 92224 
7429 26940 
91695 25047 
77993 84807 
82869 18303 
50760 6398 
29220 71437 
78988 96393 
9558 84618 
10130 211 
60488 3058 
20467 81629 
76054 41525 
57094 68512 
79839 5307 
27644 54818 
86938 6021 
51720 18258 
98301 55917 
89614 37318 
73177 12688 
93721 68766 
6753 38331 
85932 77352 
99515 30207 
50351 93092 
42503 80214 
44827 8354 
58309 18857 
77078 16883 
31559 5024 
61593 39995 
34552 29371 
72054 81346 
3856 9509 
30641 1004 
51868 68544 
30401 1978 
3702 5026 
69763 77961 
34229 81996 
89311 79691 
42712 85582 
40088 19175 
43170 29456 
79999 45978 
67494 10476 
90276 97793 
75263 52984 
27513 48763 
39352 14439 
78446 53293 
29615 63505 
64410 10561 
48275 83158 
50359 55486 
80162 96049 
49324 15611 
8471 57085 
77379 60179 
12514 9092 
6447 7604 
7716 51405 
82713 50632 
10127 28381 
26915 4653 
7792 5067 
9465 83956 
99561 60645 
98143 63153 
18256 96771 
8993 86583 
89590 27569 
52104 47155 
90835 90778 
53117 67964 
63939 95433 
48577 84909 
6687 473 
98666 46621 
12395 798 
34381 19218 
53815 82529 
57893 7696 
10075 97639 
44598 83223 
16877 99595 
53274 36152 
79614 76304 
36823 58290 
26687 14385 
60199 94742 
96024 29701 
74433 95612 
41634 3055 
66078 40911 
19013 67098 
99904 8186 
58329 770 
99376 1754 
62506 922 
64192 64793 
73706 17341 
7092 51182 
36153 56959 
3186 42627 
45867 85832 
84190 58429 
18575 83336 
77259 20221 
25930 32016 
83517 2041 
47128 58682 
14915 17292 
58139 77582 
59699 68499 
33934 24851 
26575 13162 
70515 14979 
25554 79601 
42956 94607 
79492 390 
3301 16786 
24519 17748 
87885 9652 
49816 55257 
47471 67502 
47617 43287 
35593 49398 
92847 31742 
90574 30639 
48479 23032 
24926 15865 
97452 10628 
92170 89025 
34930 14119 
35604 45098 
15699 60387 
36130 21187 
40665 72327 
66984 20499 
83704 91477 
32059 1722 
5519 79009 
11466 88449 
74704 10692 
63118 38531 
17857 5780 
32291 1641 
50391 7213 
2502 84828 
97592 61081 
80512 40471 
1498 26988 
45837 88784 
23354 87791 
10897 87924 
93669 17095 
31775 68734 
32312 5998 
81520 58310 
59627 46717 
48038 26801 
46190 20093 
46830 5259 
3649 36382 
45189 38852 
1957 34311 
78936 59359 
9371 52093 
5380 83671 
90745 45865 
76893 70832 
66927 46007 
38363 99232 
33475 9822 
48744 57631 
60457 50284 
2013 78976 
46739 94846 
76096 84363 
81981 55765 
69634 45964 
77426 73961 
95973 22407 
62662 32105 
91316 67819 
9626 19472 
59742 66641 
37477 71013 
21607 328 
72318 96180 
53846 9150 
84307 59228 
10763 72608 
1366 72032 
92140 95315 
3458 12887 
81846 51719 
34328 90360 
14569 12676 
28643 29907 
40935 49617 
41603 72827 
51969 87950 
85420 42038 
92708 60337 
22423 47240 
41759 92603 
38124 73220 
58676 40304 
19219 19361 
4273 82360 
91287 35881 
20316 69642 
28860 32857 
14519 21054 
36578 21827 
34384 57401 
14292 86535 
29107 64192 
61271 69357 
92667 78568 
45088 2998 
53143 2635 
59259 13242 
23442 55764 
20430 67861 
56815 91786 
10624 49217 
56896 23516 
53029 83675 
76474 16670 
20795 69620 
1798 37993 
17510 7693 
59952 68297 
35281 51816 
5661 20100 
91763 67615 
40891 31709 
71028 6061 
95676 44816 
44799 74470 
51849 11082 
30391 14424 
22683 14667 
49592 76755 
10944 42299 
88743 17431 
55432 80236 
24466 24981 
41813 68355 
71747 30055 
97421 95577 
31499 40771 
11630 78017 
63285 93698 
23551 21450 
85492 9638 
96976 33101 
10092 95809 
58889 14250 
52000 41603 
12302 34775 
14070 13777 
46784 63526 
37956 68768 
60772 4269 
28334 64732 
78614 65984 
3383 74011 
92229 78388 
97984 67904 
82425 48854 
47730 69923 
78070 45216 
11632 51185 
92729 80529 
49337 72139 
37787 70404 
54679 58512 
48728 31352 
61548 36201 
76934 89425 
80389 39742 
93220 72438 
93980 52094 
21299 66203 
39747 29632 
69469 25448 
32479 15588 
57031 43485 
36128 47588 
38295 1170 
76263 20545 
11508 35366 
95800 74804 
62642 89825 
95779 41309 
34681 37342 
70258 90445 
31911 90973 
39779 99336 
65697 54299 
11428 73508 
23300 95923 
45143 33200 
94538 71807 
85733 2005 
22433 60520 
27954 16112 
53448 21132 
18056 6106 
50536 31220 
59343 90096 
97926 13339 
81602 56885 
70432 12322 
54630 10965 
62036 42882 
74684 97305 
68605 87269 
29257 23229 
97803 86085 
50446 47093 
35628 31895 
44 9089 
33471 44875 
90528 38130 
92183 82506 
35286 80644 
10370 11193 
38712 62012 
32974 46703 
82188 9461 
83179 52441 
35538 36416 
85773 69818 
25172 12639 
93326 43384 
19930 21902 
7878 94863 
53568 39527 
50320 94873 
88822 45816 
67245 78884 
42193 28206 
80752 54798 
30828 14909 
80562 53608 
73351 25909 
29751 81651 
74947 23324 
5522 43274 
53756 92496 
24649 16094 
20332 87600 
9574 77532 
4900 31130 
35626 927 
38137 65311 
62404 62320 
30381 15304 
93104 24828 
61456 39008 
24425 96583 
88705 6346 
46640 90287 
4365 72080 
28531 47748 
25076 80557 
75108 31088 
76092 68194 
77381 23834 
40698 10104 
82911 29765 
81327 90936 
3490 5081 
3094 66830 
42005 10395 
22680 25320 
64381 23015 
25964 43106 
64501 7134 
46315 87770 
70064 99800 
72096 8871 
15590 33880 
96770 16251 
65113 85809 
57843 48999 
1587 5457 
71973 97161 
12612 58274 
62689 50141 
92837 85709 
94482 10653 
52213 68918 
72413 31169 
66259 62899 
39951 991 
29603 53462 
9366 36376 
77283 77791 
88850 3624 
19617 40891 
28381 35562 
95968 54821 
92444 85578 
90282 25372 
81830 157 
67035 11739 
69057 80833 
80048 88719 
82345 49511 
78613 48117 
71626 27322 
85477 86287 
16713 86499 
49434 38105 
92566 37174 
81646 34195 
89465 66583 
69267 77837 
96969 56871 
22550 60760 
99680 69459 
52345 62874 
132 98935 
93738 10040 
79508 67446 
88544 96063 
30458 51797 
14487 10373 
47932 9751 
2099 51229 
43716 99489 
11744 45797 
58296 66742 
52605 43056 
79697 7793 
13128 93261 
43091 3387 
38073 78580 
77279 58495 
31235 13486 
84541 75982 
84812 90664 
88899 38380 
36538 8403 
64481 71324 
33902 78855 
60475 14612 
41119 83027 
72065 32456 
59011 8006 
67771 53136 
40521 74677 
72796 40135 
75344 40063 
25231 61740 
85976 37428 
67420 44159 
24466 99406 
8295 64434 
84270 94681 
94166 63691 
44781 97119 
55216 38760 
47527 97745 
52891 729 
62428 64608 
39388 72702 
40158 53322 
54601 35855 
62355 71931 
28203 22808 
95254 7791 
24896 405 
24344 31246 
69460 80194 
97680 1166 
14839 44203 
33751 10762 
71323 76048 
56147 28633 
97769 42998 
1715 9585 
66866 83280 
11517 72557 
55575 14747 
54623 68849 
79205 95971 
53605 92836 
82941 38879 
77580 19524 
28237 93245 
43758 88504 
63086 97686 
21651 92290 
45010 19210 
65464 68480 
93506 83981 
9654 39868 
84715 35615 
50254 94327 
65243 44161 
248 47201 
54356 28859 
51180 82946 
24183 50819 
95103 29867 
96068 77987 
61113 82071 
67917 24039 
98902 46132 
92134 15324 
98142 56461 
56663 45524 
66953 73012 
82700 36382 
5336 47691 
41775 34696 
161 21753 
12208 40679 
37129 95414 
40352 80893 
72148 93107 
45556 10113 
29600 32998 
9462 50832 
98258 97803 
20016 56536 
76910 95430 
98499 15451 
81245 92600 
23907 95160 
61167 2366 
83181 65291 
93378 7310 
18054 25441 
7978 4223 
9720 8541 
79753 63185 
41037 26078 
64952 4215 
2658 70902 
92563 8065 
64254 95776 
25434 94200 
14909 41409 
91101 18661 
87811 96401 
44716 67253 
23500 33332 
67257 45377 
93251 80180 
21005 94838 
99543 54327 
81267 65 
94142 7577 
38409 81482 
5943 4955 
17500 12082 
50540 87488 
94203 34828 
1370 49716 
95027 3070 
38341 96407 
57649 13977 
53991 29742 
92749 55822 
89530 58179 
32626 43983 
93501 11288 
73855 77642 
44364 91011 
21344 9423 
54946 89158 
19352 83586 
81478 53349 
11401 64905 
92877 89210 
5467 49969 
16947 45298 
33454 25422 
69326 39082 
84654 13528 
88320 47190 
61765 24432 
44141 1275 
54996 16652 
64628 1964 
54893 52565 
21179 87739 
27750 24034 
48397 72992 
58790 14836 
28889 96 
27814 61167 
60668 33991 
19573 69266 
38781 64648 
86873 50065 
25058 72657 
78241 34794 
50318 56307 
13993 42585 
91853 14676 
44587 81370 
95729 30586 
53428 76767 
68171 99729 
72588 40126 
43266 7793 
64407 6560 
45196 66165 
84532 96515 
2425 78569 
82663 80339 
38509 25941 
16142 54295 
59636 24917 
48474 68590 
82521 36511 
79976 83271 
97947 75845 
10980 66174 
45035 1275 
69348 88670 
79216 41783 
43539 19533 
52943 55240 
50063 65038 
92316 96906 
29891 54259 
45079 17540 
12205 22564 
95888 3498 
5897 3392 
93240 17437 
79261 98708 
9144 97514 
66610 61849 
57398 25466 
96837 93029 
29230 79459 
73458 17373 
66109 46346 
48243 88103 
78688 79745 
21288 33396 
38136 55311 
69197 44421 
11502 92652 
50052 84196 
86317 84490 
58923 82163 
31277 98043 
10888 67754 
69665 90988 
9915 87727 
31 14969 
21374 46682 
84745 63298 
3615 7914 
41145 56299 
69702 92641 
12324 47698 
44288 19660 
64978 78537 
52568 34600 
60317 1256 
28349 88193 
70644 45934 
56505 36374 
69046 3095 
71411 51523 
2506 53067 
17459 53783 
69823 80567 
40319 94143 
64853 75006 
18353 46865 
12877 31949 
62440 97833 
23328 39216 
9414 47506 
5634 52334 
9467 82468 
46576 38333 
61023 7884 
27380 94335 
78008 74709 
66655 27962 
83856 80132 
11302 20252 
14222 67465 
61728 78623 
76086 2585 
9940 27339 
54774 58036 
89525 76002 
82405 93026 
85058 52817 
81366 77805 
25122 88633 
74632 74304 
87948 90269 
11116 51384 
81532 47161 
88677 82727 
21192 74055 
70047 48097 
16631 4327 
77625 34615 
97884 13396 
21959 13697 
54937 69811 
65705 51397 
39336 82760 
49933 95203 
77751 39068 
12905 68660 
77287 197 
12754 96748 
60180 60320 
25013 79523 
51622 50253 
23502 29329 
58556 8811 
68828 87735 
19618 33122 
22586 42357 
76771 62502 
77329 70891 
17744 46654 
42478 49878 
65034 98315 
54548 79148 
42011 32877 
86429 89380 
29580 53091 
14933 19832 
37905 45669 
68406 76063 
56825 18381 
16940 3343 
15913 21215 
86545 40457 
80514 63230 
75651 50720 
33652 57897 
27364 62298 
45341 4086 
64158 88287 
10624 37253 
23013 38530 
45587 65971 
38489 79746 
66608 42646 
8821 48343 
42278 4056 
45845 71123 
99713 57293 
53410 3124 
87377 79794 
905 48952 
45089 48271 
58634 94220 
8528 10730 
39973 37088 
80338 68172 
51623 76398 
32875 38145 
87723 82536 
68615 31021 
16181 49895 
53463 81663 
96325 5699 
55451 44114 
35812 28954 
66731 74981 
41690 15417 
60310 2409 
45643 9723 
34632 1828 
86628 14205 
28891 77110 
15501 75422 
49877 76339 
45668 44069 
37194 55093 
11418 1661 
7829 36939 
11310 48299 
63371 10802 
7822 49800 
13555 47916 
26473 49620 
68363 17272 
47685 61245 
77563 27793 
12911 70103 
51358 27895 
72891 90565 
78725 48665 
90351 43215 
71064 85601 
72095 40332 
97916 75622 
46130 93412 
48837 41069 
18328 85553 
50872 40410 
40094 83649 
94655 86619 
93621 614 
73791 68466 
54513 56212 
21972 37426 
22918 26596 
40194 3470 
23799 17259 
42461 16694 
64531 41885 
12549 98555 
3776 40452 
56655 26435 
29413 23933 
57192 68307 
65268 90087 
81518 10483 
26512 15089 
76042 20714 
21783 89093 
80942 41401 
56470 30379 
33641 13182 
26044 82309 
90205 87905 
932 70119 
83027 1779 
95146 70415 
50388 44452 
79736 25267 
18956 77831 
49092 14922 
93776 29638 
73242 88392 
11985 11028 
72483 39593 
46263 85035 
32071 8154 
1948 43158 
34122 78708 
37767 31121 
21519 50187 
54315 1633 
24304 47539 
36670 61930 
72910 52282 
7973 26935 
94547 35454 
49312 85078 
39152 86744 
67929 33120 
9543 47008 
50539 38784 
76767 67826 
21464 45532 
46084 41443 
36333 42557 
1660 67135 
81235 84853 
98732 45967 
14526 63155 
90881 24884 
83865 91647 
77001 43209 
74632 2485 
27665 69898 
97509 10523 
3812 58241 
2794 39071 
12000 86250 
16944 78064 
49993 95557 
32871 79732 
83993 89434 
49660 83666 
64585 1406 
49686 3113 
32307 99945 
21506 97419 
85714 51850 
85436 1704 
84920 27176 
55381 84184 
41811 91966 
75292 54002 
4487 1513 
1492 47986 
77932 76558 
63201 83436 
35560 17517 
22700 75890 
66942 87784 
73902 85713 
75935 76089 
63467 75475 
90343 30081 
92178 31215 
69393 38507 
55911 25065 
98494 27784 
15353 74095 
42102 30223 
41503 80849 
85007 75826 
70056 24707 
29934 57314 
11901 10032 
35066 18915 
9264 67012 
68984 23477 
97451 44156 
32444 59563 
30637 27606 
46536 60455 
56868 71742 
34993 20385 
82167 27999 
34752 9789 
46603 14374 
53351 11030 
46154 76800 
54347 18786 
73428 55384 
92649 75156 
17520 83433 
40520 38592 
58742 15273 
41977 17823 
17485 45 
8396 37261 
68114 93000 
21377 38709 
8615 23219 
40257 65712 
84590 17295 
21126 21532 
2258 12163 
41822 39460 
29264 77123 
93075 55070 
74384 4992 
39837 24023 
57640 25447 
78810 86162 
30846 39752 
18250 36876 
85299 75429 
84406 30104 
88080 11836 
15230 3868 
21379 33210 
36531 88801 
60249 24410 
28299 32968 
13395 36405 
79667 52080 
68862 13516 
99836 93251 
31906 92464 
99221 82568 
15871 54475 
80234 11992 
48546 36028 
80282 9489 
86266 81231 
90954 27790 
85938 49428 
36802 81819 
71187 75288 
34762 62577 
43008 15467 
70946 56139 
27563 5872 
25401 435 
24204 96618 
47405 19622 
15298 27958 
33967 86085 
26148 59795 
92406 73511 
78016 69809 
74261 80958 
60234 90816 
52217 27496 
58381 66657 
74376 39727 
14675 67720 
70882 80381 
64017 22183 
6782 95198 
84538 87061 
71976 87415 
25023 4417 
74185 64445 
23259 62331 
54130 39707 
9125 7719 
73413 14082 
94171 38648 
35101 6079 
85454 37458 
84606 47564 
25550 92853 
4147 12784 
52988 99054 
57973 2407 
97698 13150 
67471 61451 
74662 98012 
95369 70209 
15581 77433 
96511 10663 
83159 82579 
48978 77386 
45536 74450 
13830 71558 
49408 85686 
84353 89480 
19560 36924 
76371 92834 
29798 47797 
80087 26964 
35700 80793 
40853 35560 
33122 27319 
61371 5403 
8060 69696 
21067 63177 
73271 30198 
89711 37894 
44934 48850 
71833 97082 
98695 15367 
56079 62642 
58593 17460 
59397 13180 
14636 57649 
49741 83588 
35228 33800 
3019 79811 
39163 74801 
45 36973 
18576 72106 
97526 62417 
59017 50298 
13434 21718 
85734 75425 
51596 45364 
76277 8522 
52939 56530 
18691 73557 
1531 46297 
61876 23996 
32429 51602 
71 60227 
85298 23416 
56968 71286 
22878 7817 
86632 48641 
86587 1078 
88170 47235 
92910 81338 
39011 49550 
83669 64096 
87698 22151 
30905 76475 
11244 40975 
62800 96144 
34398 1598 
20906 54717 
28571 23728 
80959 62647 
56707 5434 
69613 72829 
7051 81869 
87669 63549 
63542 95727 
6729 87891 
93483 92242 
40667 6355 
94147 10194 
5902 92188 
29178 52237 
75202 74827 
2899 82809 
98562 65817 
66061 19898 
11715 93740 
20106 58213 
77886 59924 
88660 85541 
11663 15069 
54796 31571 
15179 48455 
20457 19012 
16274 76015 
30526 70512 
35931 11301 
18147 61726 
27964 4258 
70210 800 
27807 36744 
82307 57623 
19222 70810 
71009 62369 
77846 56082 
37990 42194 
78694 15886 
35263 67369 
61132 48333 
63767 33709 
29248 98159 
48515 16858 
28200 77897 
72727 95781 
77793 42814 
20618 57784 
63443 53084 
73946 65428 
81592 88759 
30950 86902 
11791 18377 
67957 65748 
40865 60420 
43760 33249 
95918 18339 
54718 47370 
52427 14485 
84642 75845 
71252 96050 
57604 27799 
84130 36997 
94173 78237 
91048 13953 
91935 22824 
54886 91184 
99714 46535 
78794 10014 
31565 89100 
30019 41423 
71403 42589 
30207 27087 
52026 22066 
66725 3719 
53343 8926 
92097 78358 
53766 78328 
69406 98097 
86013 87118 
90354 36779 
93986 16656 
39627 3292 
60909 36191 
4332 61366 
80588 76725 
30487 39137 
73430 82738 
9886 98268 
6759 39753 
40147 27025 
65035 59360 
38336 19477 
29698 40169 
4293 3849 
70677 13097 
23623 87091 
22008 22450 
72299 89808 
12525 90462 
34915 56008 
49266 62271 
76848 35456 
6009 30740 
16939 52942 
52280 96115 
31784 98414 
69179 24190 
85296 94656 
37569 28470 
17962 25096 
51420 16774 
49030 33301 
4553 10761 
41853 37881 
22510 68081 
57715 41750 
62994 11160 
76675 53085 
88061 94058 
95325 76821 
19187 19415 
20820 80154 
22346 51210 
68151 83277 
34424 55824 
33332 77446 
34532 43902 
59038 26491 
84251 78520 
31209 65001 
9327 61399 
45195 66675 
72018 8184 
58298 19701 
88074 76291 
1858 12554 
75254 14341 
60539 3184 
81286 60944 
39060 17384 
28379 32370 
27326 97934 
28652 3611 
43781 5197 
70256 5386 
83761 51907 
47527 30854 
24737 40172 
10119 70102 
43550 57113 
35919 67904 
82084 77010 
90376 30853 
57322 12519 
20990 93613 
49287 55220 
49808 90887 
16128 46682 
69086 71630 
79439 25197 
15687 35084 
94882 493 
98311 64446 
73274 18975 
78314 83237 
45524 95421 
59666 61947 
71163 3568 
26505 58035 
74658 37661 
77763 81112 
56338 79766 
47537 36894 
65431 33561 
67124 18508 
41619 14290 
20066 81765 
28426 16723 
65100 62207 
36913 18193 
53536 66077 
91330 12179 
47403 94775 
19745 9399 
52595 42938 
62144 88014 
17283 43980 
56082 22271 
10035 23744 
25696 69846 
84355 62841 
43734 52089 
56764 61342 
58233 18541 
74100 45675 
75571 47348 
22335 56869 
69843 96551 
34049 11777 
44850 87752 
84543 34427 
9488 73287 
27674 13374 
39888 10788 
11605 52729 
92404 44882 
31983 49489 
382 74799 
25440 47847 
34633 68776 
79866 92368 
32600 71411 
39566 26218 
4461 38477 
13173 58093 
5747 25235 
50130 52034 
25517 48909 
37566 78039 
76748 43713 
83574 98168 
91308 27740 
95146 52803 
15723 5007 
29480 54773 
75949 33060 
95874 95255 
29413 96835 
12079 14687 
50858 42825 
73810 94340 
4833 44110 
78961 79801 
42176 86440 
59170 56285 
20407 88315 
10489 57513 
88690 93880 
82228 4847 
96860 6467 
78445 41422 
85001 62731 
50081 47229 
85120 82590 
7412 95389 
19737 68560 
62274 37332 
13512 69568 
17408 85129 
43538 68977 
56333 92958 
41495 4276 
51302 26443 
26613 76808 
99181 48617 
92218 63881 
15506 44256 
90612 2748 
65495 50579 
61152 76202 
87482 61592 
24585 92897 
68982 25806 
23073 22020 
68554 62628 
19800 11566 
37615 81409 
84651 92222 
85567 98960 
83178 44740 
48838 16269 
54920 87688 
69888 33242 
14109 24598 
65743 51465 
30891 74783 
67276 39310 
54427 466 
40261 11142 
20570 34379 
57127 2958 
46295 6613 
74350 10473 
50656 67262 
84629 92491 
57771 2260 
55227 32339 
31170 43848 
34312 93201 
60828 84208 
5633 99388 
74298 11069 
98543 24904 
71579 97469 
15172 73086 
89701 94347 
19450 86685 
87489 94294 
43713 36435 
3561 57518 
7814 97981 
81326 16978 
12893 41965 
73629 8627 
67436 30153 
36618 4854 
26724 31663 
97544 64456 
78487 47680 
34402 50843 
87323 60475 
36685 11701 
18375 3124 
25991 57963 
96787 80011 
2813 27666 
23624 54995 
51570 71196 
61212 64110 
79794 48382 
21293 2668 
89347 85074 
37889 82894 
77639 97032 
83455 57485 
45056 52415 
91686 56954 
41142 10577 
83231 94187 
16552 44567 
51630 48310 
60389 27468 
55925 51813 
93284 38561 
83705 69786 
55380 24349 
93740 78213 
75401 31573 
20885 19445 
32056 14616 
27629 37306 
22254 8071 
16411 71707 
31975 46752 
74760 23230 
65070 10050 
11339 81816 
22921 65306 
55139 50527 
43554 85732 
32359 85276 
2695 22421 
5892 14497 
51193 17137 
60919 98910 
13367 52789 
46721 40865 
99018 51907 
39648 55171 
88243 49936 
75061 68903 
32597 89767 
7119 26355 
78825 6721 
94440 37141 
62024 99035 
76939 20356 
34020 7942 
4567 65822 
89664 63545 
2211 54592 
28867 87933 
6661 55223 
45429 85394 
91359 39767 
65044 91050 
2531 43997 
64340 93895 
66349 30073 
90432 97944 
90936 96668 
66150 36126 
79306 21517 
9990 5486 
89727 14429 
21786 49472 
28563 4970 
85204 73263 
37287 88369 
16383 41537 
40135 5613 
44393 74519 
51807 39289 
43665 27838 
5647 65401 
51117 14435 
51871 13226 
91458 2650 
92736 50190 
2971 3645 
66918 26844 
3071 43406 
68928 88173 
58011 99866 
91044 81825 
24344 74036 
5012 71258 
11101 55547 
58706 92394 
71102 37644 
48938 76035 
67425 34413 
45809 95138 
76790 53901 
86233 85969 
85437 84811 
24713 35231 
5068 61555 
27969 21455 
86529 82732 
26664 48238 
37102 71446 
92291 9395 
53655 82412 
90167 81610 
68347 80411 
70519 48905 
66201 37398 
98827 25028 
74568 21484 
93845 54827 
43354 79967 
37155 43734 
31872 50760 
41633 85665 
93240 71791 
17867 33984 
519 96334 
57350 87587 
90092 63747 
59195 44763 
7269 19697 
63128 11146 
26722 27741 
15710 34919 
86037 64972 
88984 82350 
14556 48465 
91193 59827 
61626 96399 
57714 34721 
28496 87948 
87049 6758 
86292 49446 
91463 33993 
18884 60822 
64796 23062 
63912 45931 
31005 52077 
37822 83161 
26137 6331 
21529 48568 
83741 71949 
52121 82818 
39129 50662 
13026 55306 
41418 30082 
40147 84120 
63972 68179 
64698 58859 
33613 28084 
94815 4834 
56926 29940 
97498 21824 
7965 70166 
80023 28278 
55875 95378 
85710 42767 
53198 8088 
12757 38479 
76055 24415 
36822 13671 
5934 221 
68167 31268 
69457 91382 
2355 94147 
7315 16373 
29858 39193 
26427 44903 
54433 52779 
460 45009 
32662 33152 
22974 82868 
87837 51012 
84753 84506 
70173 88631 
42300 36636 
32325 69960 
67994 25097 
64291 29432 
24076 83619 
84972 5540 
82426 53132 
19055 86800 
19971 32382 
97309 82300 
55647 34298 
6023 36817 
58950 49397 
77010 61358 
52427 57439 
53463 3969 
50864 21596 
88911 42819 
28445 45630 
36633 43771 
81842 73856 
65106 88081 
61964 66117 
91398 42340 
80000 85574 
58910 12402 
54455 95795 
98463 95813 
54985 75449 
2429 23129 
16189 23844 
10486 57488 
39866 48632 
52522 3985 
77814 98170 
19325 65593 
88901 25369 
34912 70792 
93924 47289 
85703 89564 
9669 95294 
21214 49022 
29648 34309 
78543 57725 
33112 66493 
98644 48581 
46266 24621 
96238 54265 
49982 3499 
17172 36199 
26872 73972 
67138 98392 
67223 73346 
23899 30827 
8095 68541 
51495 43571 
62785 43823 
19398 72430 
8896 73660 
92154 59715 
42411 3081 
95811 39560 
72462 72831 
86239 86245 
26888 94715 
41452 16111 
62204 3669 
75117 68885 
23294 87476 
21684 32639 
77876 22414 
74883 18100 
58751 23752 
70840 32638 
82839 53660 
94649 52061 
80197 15945 
54948 39164 
58475 6930 
14908 12029 
48697 84907 
90031 22196 
26771 66744 
23207 63042 
81807 59559 
25747 92136 
7093 87827 
29437 17809 
22506 81834 
29127 69810 
98155 52082 
7973 46689 
38215 86095 
28183 8400 
1212 68978 
38939 61656 
78409 47164 
162 67662 
25482 26001 
45880 87128 
44354 16091 
14183 65841 
41813 20793 
52075 55563 
49467 87827 
63054 59673 
75622 31630 
2785 90708 
73826 69919 
44016 27850 
55107 7871 
25688 66388 
41344 46379 
73185 58356 
55755 87040 
26769 53732 
73117 55872 
43454 65055 
7164 70146 
43932 94720 
95469 28348 
60632 83925 
53191 11917 
5595 64948 
6205 49274 
17565 24323 
81434 7563 
66542 13499 
27589 45600 
91031 75680 
63086 82730 
18292 92807 
99559 12596 
71150 95015 
69150 18262 
96245 16413 
91709 25714 
58088 25649 
54046 66435 
30888 7492 
37527 6593 
85824 22523 
22629 40283 
15307 26054 
19434 37376 
57727 84501 
21617 82679 
86283 87702 
58116 42455 
3734 19055 
21464 46782 
41231 11839 
84685 81792 
93875 89721 
79676 44527 
38256 62213 
99162 24974 
67917 21704 
1601 44764 
51581 67700 
43820 107 
65898 66055 
39699 27707 
79621 36198 
44888 36729 
69303 47766 
97311 27334 
27964 99540 
1138 46851 
87667 48217 
27936 18362 
14522 52310 
22862 13283 
50352 97334 
46051 29460 
69135 72448 
49775 79389 
88273 75863 
90461 89324 
24861 36542 
1331 59394 
15338 53154 
6218 37257 
23256 67692 
37994 13401 
44372 10830 
36120 54904 
80876 78840 
36960 56250 
97272 27749 
37790 775 
89291 99460 
10859 94362 
94186 26641 
67373 54194 
45857 98487 
22948 9709 
31460 7805 
95856 321 
37536 41387 
77306 35049 
83129 20275 
49020 12888 
24998 44256 
87551 89566 
85712 45823 
87049 16279 
99302 12831 
52602 69059 
91084 96206 
64818 33615 
8397 79320 
92980 9822 
97182 49041 
38852 52455 
75726 74922 
26193 70342 
91317 72700 
11997 64791 
58189 940 
84695 99982 
65853 15617 
31806 62937 
15732 86378 
4948 88754 
91028 60389 
83654 97987 
89828 44904 
41097 17360 
54664 68080 
44607 32464 
13124 69080 
81784 51617 
3554 63098 
89048 43806 
97501 24742 
73598 50405 
46273 34047 
62090 60324 
72831 33422 
79695 81306 
2196 50947 
61780 36287 
73688 55706 
27092 63036 
6467 24201 
96112 97753 
96279 13417 
21158 78844 
5705 55715 
5869 15813 
72862 13510 
30811 29999 
4204 57543 
69309 88858 
35917 61576 
72940 23513 
45391 38469 
29707 40542 
69331 77840 
49571 13238 
38306 83899 
11766 65053 
68873 53548 
16287 38482 
63885 79461 
17923 76352 
59212 10628 
85415 29278 
20784 53705 
20558 43012 
39755 52527 
92513 72453 
95539 40288 
91119 15300 
56560 19095 
79641 57630 
66806 85045 
32192 76138 
22597 83429 
73972 47318 
78461 48321 
3509 72597 
33624 53553 
65220 40207 
41311 77967 
57938 9544 
51935 66825 
10426 21835 
48199 53393 
28443 12102 
55253 89977 
19608 21753 
12254 26052 
32050 88554 
73034 62649 
794 21320 
63059 6764 
81824 50327 
57438 47344 
67948 81297 
60499 75259 
22876 70716 
61250 73665 
40309 83349 
11064 12337 
33414 88960 
19995 89736 
86662 4615 
96352 80028 
56859 91336 
60534 58706 
93047 69483 
48563 153 
56032 25901 
83389 63206 
57432 47707 
32730 6659 
5434 32519 
91076 5672 
39857 93006 
20464 72145 
62641 94821 
59702 17410 
21573 41296 
64974 33942 
84809 45735 
76094 14299 
51682 12677 
12125 70157 
81329 83226 
87734 62015 
84801 86337 
7306 1063 
18635 77893 
37753 38688 
38265 42496 
82872 16230 
18175 79047 
82254 7854 
22381 90543 
35918 52778 
13578 50937 
12238 39610 
22250 27494 
31165 75158 
58012 95736 
27383 42863 
34676 95928 
88709 31840 
97769 44952 
33958 96559 
88673 35527 
41405 89300 
53075 25885 
64123 92776 
3084 47365 
71659 68703 
72152 34789 
38894 29590 
59841 15096 
62376 35665 
49543 73359 
22026 16586 
96361 52160 
21847 18490 
24718 30206 
37090 80913 
45608 69175 
67332 55265 
1972 13940 
45002 86775 
77337 80636 
77105 95220 
57636 69520 
4277 6247 
19029 95063 
45727 4722 
25615 34493 
61266 4303 
60030 57747 
2316 53309 
77267 16782 
42647 25953 
67423 40237 
76575 80153 
36638 645 
47432 98373 
67136 95689 
22350 66332 
97074 12462 
60761 85924 
68808 24240 
33468 63316 
30220 2977 
36741 60949 
37924 17539 
11646 53048 
3422 27650 
22603 78239 
43740 76569 
71213 40017 
46552 31738 
21434 66052 
36512 21911 
90427 701 
34266 71776 
15765 71591 
32538 40586 
44133 40791 
74717 30066 
99261 23812 
10539 38616 
77561 35571 
20730 3842 
88788 1471 
47893 93443 
5988 53844 
44467 75733 
14135 19290 
50225 25349 
50063 90808 
41581 97173 
7628 70127 
52884 32021 
41547 60258 
55892 41400 
40928 86066 
97820 55387 
59231 21516 
40589 7678 
81270 6279 
14365 74888 
79804 41469 
96974 83390 
64400 64592 
57450 46300 
53434 17115 
56776 95636 
6487 34607 
81759 30271 
38825 9003 
99033 8979 
2274 95308 
55348 79687 
57525 60957 
17567 50986 
81728 5003 
41233 80041 
52239 6481 
80070 72194 
22456 96530 
475 61912 
58915 87222 
44813 72144 
40160 31585 
95265 29719 
27378 33895 
25990 48136 
4384 77093 
95536 75875 
50266 85062 
23722 48326 
51836 91482 
17608 74494 
85041 44137 
59725 35818 
94528 33775 
48386 73781 
78839 29 
84671 95394 
45020 33380 
33633 31254 
30918 61804 
48243 39510 
6026 83469 
33819 60934 
52482 82753 
47913 95212 
96639 45837 
76076 86641 
8636 74267 
97448 78607 
12461 80135 
55762 20547 
52247 34897 
81169 88523 
41880 35361 
66165 11114 
84462 45002 
84971 76015 
85780 66510 
59845 29564 
1665 2369 
20119 71336 
52933 64257 
70143 89028 
13632 99191 
80852 75041 
28353 10586 
46368 15497 
42644 65806 
1777 44833 
36865 98234 
81178 14735 
38333 31581 
6113 34816 
49169 76855 
33664 4283 
68021 78322 
60757 68789 
2644 13785 
76669 4696 
67319 86622 
79221 54214 
34182 82312 
21841 9155 
60750 518 
38435 68510 
47296 15325 
940 75603 
87168 60857 
441 74303 
60785 87239 
6925 10525 
89727 82762 
54995 45283 
11207 12100 
23319 38533 
55180 77583 
24080 9302 
6437 70736 
95386 76887 
12260 44733 
94369 40349 
52566 4863 
21618 59096 
23918 83783 
68623 56058 
1419 41033 
69062 76735 
33180 2231 
52069 2378 
90944 32308 
40996 33620 
47388 19312 
14756 32039 
75744 30558 
50466 31493 
70591 91253 
95906 8477 
70021 27273 
78214 31334 
18856 8360 
41286 91836 
50191 25775 
18490 59467 
78257 39331 
89602 88699 
89444 32719 
41285 52579 
90313 23174 
48946 72189 
21498 81787 
24493 60807 
74639 34141 
29293 4075 
55837 27453 
34509 53027 
23575 70046 
22090 15528 
91677 71706 
58791 93487 
28563 39376 
42920 28162 
2940 11640 
18899 83921 
23026 47571 
78285 22019 
91489 20782 
17521 90297 
51534 7880 
2512 82102 
30900 2062 
98004 98323 
0 27165 
55788 80141 
48039 75307 
19911 66861 
46689 42058 
99363 73198 
14692 87155 
79113 73390 
18803 5853 
88913 25767 
46533 56279 
25933 70657 
64392 51536 
32095 87012 
31687 91806 
59861 98654 
74383 81320 
21296 79768 
36155 47832 
4348 21063 
14466 58104 
57610 82969 
58361 1914 
90211 80319 
51627 99227 
7039 14124 
30100 70433 
1140 90411 
85071 97913 
54942 43485 
86140 98723 
59844 11583 
16314 22799 
49757 96561 
49743 88845 
58344 76064 
18216 70940 
51989 26601 
6390 52914 
60924 58967 
87695 74668 
29507 63697 
62944 4852 
33264 13505 
91920 87719 
65140 72144 
14547 28468 
76264 14658 
42723 991 
67610 72703 
66499 84754 
68077 80437 
59007 63344 
1795 11396 
83385 46288 
42874 64876 
1919 7828 
79365 81487 
62729 71627 
59836 41908 
92541 8724 
75773 30280 
55425 57596 
40913 24250 
46880 19790 
64653 7382 
80215 32346 
80853 86447 
87909 69115 
85609 36063 
4490 77086 
58014 86213 
19430 10948 
86430 14361 
88662 89374 
99483 3210 
71535 59916 
5744 77573 
16392 25851 
79013 39408 
52406 58010 
87114 78761 
57918 87322 
51293 50155 
66245 49726 
40609 68934 
38768 34066 
51067 119 
82087 65765 
92856 83525 
11119 44266 
10623 63218 
63261 40669 
91589 66816 
50051 53449 
74155 10704 
92269 14791 
55712 90955 
21990 37835 
12533 56515 
50847 95987 
86892 51194 
97582 29473 
66975 54058 
39972 81426 
83696 43993 
6274 76066 
75153 63554 
49587 64896 
24294 59636 
54867 83361 
58237 34080 
12795 80013 
8728 45999 
57305 3020 
72407 69466 
4308 54708 
76787 25096 
47969 53829 
53332 72164 
67903 77397 
42474 69065 
75729 89167 
7142 84251 
82645 215 
11110 67222 
1045 48605 
26409 69698 
2666 29704 
70070 40824 
43353 56534 
34641 7037 
30239 80352 
69174 87188 
51022 55713 
87828 86587 
6930 91371 
31747 59796 
91144 88623 
86525 31356 
32587 32104 
62373 16037 
81412 64521 
77014 85784 
46930 46451 
42338 89228 
11367 75089 
45049 41440 
33520 11702 
28797 66537 
25269 46553 
30694 93842 
30847 12180 
98676 79470 
63862 41187 
17788 49523 
60334 53065 
3317 38554 
87291 46067 
76530 27480 
6000 64809 
24890 68849 
26459 11986 
62716 24169 
5553 73519 
50582 27946 
35053 30405 
2139 36160 
37686 37705 
5585 13073 
39542 61344 
13667 59609 
15335 76780 
10890 88966 
9387 50096 
49508 10688 
19657 41712 
56913 93138 
94743 95653 
56197 36098 
34520 3200 
8957 183 
3906 58741 
84794 7827 
66232 57786 
85537 51764 
17786 22348 
3832 21279 
58317 77278 
75574 83919 
63658 42645 
93518 40921 
36061 51884 
85484 8332 
95465 53179 
24705 62578 
40633 2441 
32161 29200 
52933 10234 
51151 86541 
37519 62132 
22891 2349 
96768 92255 
68585 20597 
9042 53087 
88199 68227 
42199 91219 
19086 57146 
65747 8247 
58639 15424 
38134 58846 
44300 93535 
36392 13895 
1566 56356 
64189 95542 
16007 89754 
21334 73232 
58877 21755 
42863 94960 
97547 82624 
19059 16400 
51757 5600 
89120 82076 
14639 636 
60634 7333 
43440 17140 
44649 7671 
39088 48569 
11834 22834 
75993 21641 
69058 87096 
13903 56021 
27727 4264 
22155 76499 
85275 96231 
73350 9020 
69458 7234 
18226 94363 
1423 62514 
36445 8818 
18025 99694 
69039 89909 
56429 13933 
77403 27047 
44791 83809 
41027 91897 
61632 73881 
1569 51350 
23509 42005 
84387 27163 
35670 14747 
80332 40638 
93625 32587 
50376 8181 
54885 8153 
23553 34115 
9616 85311 
94747 80835 
66539 34716 
93005 83208 
36140 72308 
83332 14041 
37090 41224 
85360 545 
73759 54743 
40798 37867 
32798 58128 
38224 45124 
24994 30603 
8596 61781 
54931 15224 
37737 87800 
35494 34005 
3100 29671 
76824 18438 
31270 26252 
70061 61419 
89970 93290 
55075 75580 
73704 43558 
8325 25185 
15749 10742 
12129 83974 
60842 29512 
69804 59728 
62701 1672 
12518 17850 
28437 8840 
3146 30846 
17921 15792 
80034 78390 
20379 45448 
99290 23487 
72718 96380 
28077 94313 
54537 16834 
13332 8369 
93298 45399 
475 85899 
39781 77823 
4849 12873 
28756 21874 
45013 30334 
22697 57746 
31460 46568 
47394 30167 
66953 91267 
67513 60220 
55370 56777 
17380 79792 
34807 485 
97748 59660 
47682 14572 
72768 23407 
35625 4568 
53105 13664 
236 56572 
30888 4634 
2068 14443 
40110 35418 
79729 32970 
52125 72331 
58532 20711 
80040 95255 
83906 37135 
58110 42970 
58582 62641 
82621 45512 
84561 17221 
49315 17761 
10972 63729 
99037 87823 
67134 95145 
88101 86152 
16506 71696 
32761 26994 
1657 43334 
38211 72358 
63012 65836 
11713 80593 
4824 94643 
76721 6551 
50697 19592 
50273 38402 
77942 85807 
19491 27359 
45139 31249 
54653 90869 
30534 59854 
26100 47304 
80191 60642 
50162 70699 
24360 77835 
75302 37836 
58056 34771 
33854 76731 
97616 15283 
27008 15581 
18809 10201 
81098 74230 
54085 43788 
11815 36469 
76612 5151 
59572 90749 
26997 23068 
14099 29362 
44916 39155 
29199 51691 
52372 53945 
39674 25834 
97880 43192 
31550 24715 
11601 67600 
84059 67739 
40313 28169 
97211 67123 
28048 51504 
42335 99208 
83367 24647 
24646 95384 
27413 37417 
26640 74720 
48274 31709 
9073 20908 
96648 1848 
82292 39883 
45376 37857 
24843 21240 
1177 54354 
18577 66563 
723 1819 
89881 40793 
45186 14086 
95198 49009 
27498 6175 
65656 40269 
84749 99961 
30412 92614 
64544 21673 
71236 38918 
28569 84851 
21874 51940 
29248 45142 
14923 18751 
86073 89189 
96191 99669 
57049 98883 
71982 84875 
47655 14368 
28212 33100 
24847 4434 
61996 1070 
6811 41340 
96066 49846 
80565 68587 
4340 44764 
58945 44790 
62963 49366 
26135 44575 
55314 50534 
36605 98285 
1776 41976 
26178 56285 
55429 36282 
65919 70792 
3419 71969 
39634 98415 
40372 31220 
53989 39942 
35029 86506 
96614 50454 
94175 49814 
42017 72443 
38987 6899 
67744 67373 
48075 80820 
83929 47026 
88767 83926 
98252 34926 
53619 85549 
35251 20325 
42653 43842 
4084 2445 
83490 24519 
62018 61060 
61324 56697 
52291 31023 
38607 56607 
4466 2940 
80332 83621 
72975 19977 
64982 79876 
55296 91655 
53477 84710 
75046 99472 
8875 8182 
37238 26363 
8115 94155 
63057 2211 
63746 2730 
89726 21052 
78384 94252 
77392 52072 
87525 2702 
99412 36173 
7403 44938 
5054 32584 
93724 24111 
34302 55934 
34415 50489 
33346 23137 
44888 21005 
66284 11644 
7932 70026 
43676 15805 
1920 28178 
91796 76500 
90870 3464 
67790 50696 
7781 29525 
85419 82205 
48693 9548 
53661 32687 
9095 21166 
46150 32807 
36596 37615 
13332 17467 
44155 63506 
21115 16160 
26730 79726 
49957 79753 
50865 41347 
16510 38375 
41485 74803 
86314 1590 
73128 76215 
30502 31681 
83849 21415 
42054 43605 
69182 60016 
67894 11060 
80866 80857 
31954 87129 
50421 4188 
21284 80063 
81195 77155 
82438 60054 
4203 23478 
28509 11192 
72793 25640 
88630 84337 
79166 98476 
41126 51240 
11739 46741 
59205 8023 
36560 86066 
63701 26978 
78213 46621 
21309 9692 
96123 71916 
48672 51578 
642 71311 
82805 88211 
30009 84163 
56549 57172 
14035 65972 
74114 75690 
83279 12419 
16214 3922 
43518 95940 
16926 36523 
24481 1249 
45100 41008 
29084 11174 
92026 40414 
54832 12263 
13994 19914 
32581 60765 
3525 22270 
29510 73951 
66247 85403 
92944 89142 
61738 66859 
69580 63414 
26149 94579 
20691 70610 
31995 81124 
68067 89124 
56238 39419 
47701 63866 
21638 42029 
18688 68857 
48301 73170 
73283 93136 
2473 32853 
20770 21937 
57841 65998 
72563 87563 
90944 5797 
38852 19938 
16778 40285 
58188 35504 
33290 33811 
20500 64975 
84134 60959 
11381 35353 
67966 39529 
850 89732 
19487 81248 
23348 49556 
62561 14195 
47388 98364 
88945 69258 
13058 93440 
47524 64480 
23487 92417 
38417 65751 
12419 15506 
93915 50075 
74214 50903 
93932 48521 
34848 50820 
7494 99949 
62929 58672 
73790 3766 
68268 54152 
36367 20177 
12182 2220 
22298 29831 
58542 44493 
14501 31201 
27429 77081 
99852 23725 
74352 17601 
88329 97446 
7089 75932 
89154 25797 
69552 8202 
98751 37157 
67439 51562 
2298 22961 
83998 8511 
15763 25363 
35887 73836 
98519 35870 
48881 74679 
48004 27847 
91117 24806 
47347 40414 
87569 77848 
74474 29031 
53635 1100 
96957 98942 
27984 81410 
70689 41633 
55227 17734 
32451 1606 
67519 51157 
26545 11032 
40841 32483 
33864 43197 
56519 29917 
78153 52189 
81422 34966 
68646 85883 
91340 33353 
908 82042 
1193 69560 
78385 83234 
32993 48550 
36061 35257 
47924 86313 
44546 65916 
92404 42023 
48062 76218 
59683 38970 
42980 14459 
48292 8806 
34930 45163 
6593 74276 
21975 69475 
88687 19245 
38928 1342 
11120 81676 
63623 54732 
92105 45147 
29802 51096 
75383 97567 
13241 13461 
89389 71923 
57845 73742 
69036 83240 
86652 83292 
72241 28353 
99064 83160 
56196 20644 
90050 60213 
39447 90640 
39705 87970 
64980 95121 
12249 26937 
96832 42369 
72404 38186 
28119 59256 
74059 46072 
51933 97023 
1233 71248 
48205 96972 
44566 43479 
69432 14692 
77907 95309 
66057 32016 
59075 32216 
78345 69624 
16407 72681 
35742 49976 
98491 52454 
46998 50248 
58298 91317 
34752 27975 
14890 27757 
66790 98317 
86009 37236 
62867 91174 
13056 63111 
10772 18808 
6316 5760 
8200 40225 
22754 35106 
58055 17217 
51332 14482 
83962 18826 
21482 49651 
48 45902 
69235 5823 
64448 15506 
92498 67606 
69571 66099 
2019 52101 
73760 18781 
27864 23746 
58826 57260 
72527 973 
5792 69838 
11287 89420 
17267 30352 
28038 24164 
78984 81860 
40507 54315 
45367 26761 
12659 57361 
54360 20162 
74022 27703 
25313 9433 
65809 44166 
70377 62258 
11888 84570 
54630 77903 
69038 21999 
73085 82003 
45379 7019 
73757 63845 
88465 12839 
45123 26964 
35267 96322 
3599 88786 
85090 6699 
62071 83140 
3484 56038 
34047 90628 
90252 50718 
29656 46190 
47938 71559 
29510 50611 
68487 81771 
80351 43299 
15241 36496 
42450 77366 
15073 65478 
32862 74824 
91122 1286 
50957 29694 
60503 29502 
43033 69862 
93287 44414 
61359 84710 
79173 4040 
99672 74887 
76493 91634 
41899 82998 
24528 7383 
43833 19582 
84597 33592 
78488 7415 
37963 39438 
15042 29020 
9354 17228 
68548 77179 
3705 71115 
53010 76327 
40724 11359 
93962 63894 
46983 42451 
8329 94974 
18449 71827 
39153 61144 
97717 7377 
40678 94830 
19684 56600 
45295 64291 
67011 88006 
8051 51125 
42416 66229 
16679 42135 
8714 26352 
75520 60459 
69478 10037 
20259 7060 
63306 46339 
97048 82997 
22880 23438 
44366 15315 
6381 64031 
48883 14997 
43259 86781 
7644 54070 
48996 8930 
18020 60804 
54188 21097 
34185 96881 
62141 44274 
74274 98450 
96131 61154 
35910 34219 
22606 99195 
79465 58013 
39785 31194 
68187 10686 
2505 50641 
12235 56856 
13601 73767 
49725 25571 
49726 17953 
12009 60909 
5229 7022 
62736 78381 
31563 57983 
70620 66116 
21662 10873 
74400 65994 
38819 73649 
25116 19192 
17846 67414 
45637 63065 
72609 73808 
30253 21845 
28518 5979 
18209 42333 
61170 47351 
14203 87578 
63032 28239 
96157 16465 
78911 39401 
45983 45234 
47955 13724 
62604 8085 
64980 42506 
68131 8416 
27182 31164 
97926 79615 
63623 40721 
73128 54922 
54346 6030 
90316 79589 
33588 69466 
27101 85332 
37278 19685 
54745 87059 
98837 79055 
69307 54898 
19301 40509 
1353 60745 
37852 14780 
40926 97872 
7100 12418 
19268 24574 
33772 51445 
21667 88405 
79956 51141 
66881 46233 
32654 45244 
77708 7175 
40091 23663 
84585 90398 
82105 90869 
49495 7865 
88903 11218 
71002 53256 
47557 96730 
32894 2652 
38853 81223 
88696 9983 
28449 16203 
32230 10823 
95760 18548 
90419 31798 
21592 97767 
88727 39688 
71289 91501 
81867 54256 
3961 41938 
12853 91900 
10380 52934 
61994 3396 
32200 77895 
74094 18352 
43388 1852 
6884 11404 
81099 97665 
26677 60765 
97708 55912 
88195 78426 
68300 10787 
74749 53129 
28641 10210 
42199 62165 
37516 7326 
5528 76124 
54269 82750 
30431 1912 
97506 42129 
43947 83667 
4108 71970 
57958 8645 
39094 78230 
7306 45724 
16301 76730 
40286 77841 
77481 52269 
63446 76532 
43119 54147 
34928 6640 
92123 49838 
20953 42366 
49531 15672 
78634 21999 
61438 3635 
4923 67991 
14618 86791 
96312 51482 
14614 52311 
96795 85947 
70587 80746 
72650 93322 
47772 22915 
41761 97800 
39151 61673 
2453 67398 
76759 24818 
52286 41504 
50053 97533 
60714 53765 
23838 68002 
61237 84014 
51485 28237 
58431 50382 
60526 43622 
3141 83284 
47168 99360 
75194 6677 
53871 29709 
27099 88807 
19878 36814 
84545 14585 
88401 9923 
69853 74819 
26156 62901 
13136 63707 
61045 18241 
42534 25317 
71986 79104 
99698 92224 
71262 47464 
9608 15032 
4207 66038 
44834 90212 
53669 84445 
63523 55495 
77407 75923 
67659 36997 
25405 59915 
23587 339 
81092 17993 
10290 79187 
45531 25815 
12588 28976 
36869 62216 
56220 81025 
8698 98007 
89661 52786 
425 11723 
53570 3708 
20376 27268 
42937 12968 
28062 19336 
59252 95300 
25887 86445 
70473 64187 
92555 48581 
45050 97896 
90528 86681 
2987 63152 
58101 4587 
31637 3659 
53033 60577 
46912 6285 
49112 85244 
41547 16389 
99651 75203 
51286 85596 
72640 28035 
87103 258 
31099 62836 
26984 56928 
79181 52905 
34346 22336 
19655 82321 
71826 39693 
71623 26582 
8943 20581 
78668 48942 
80060 92259 
97126 98729 
35120 53901 
91733 95698 
39742 32107 
81668 85309 
23624 15950 
73811 53871 
46530 94921 
92050 99580 
49729 19288 
61551 65777 
87403 51733 
35107 56079 
87297 81553 
55086 67593 
72833 28279 
28899 98010 
89926 70278 
58566 5149 
20898 95686 
5651 23412 
35180 87996 
91687 70574 
21891 26660 
31198 10510 
72937 4283 
69498 72688 
36905 36286 
50707 67623 
43847 66360 
72728 79036 
8926 51602 
95440 58037 
58945 44917 
55929 92446 
89957 79076 
10329 75224 
56403 96780 
65668 50000 
12667 64127 
87110 68796 
76460 51079 
66056 57324 
60099 61845 
12813 46593 
20542 50538 
93876 96072 
11950 63022 
68342 3290 
85572 4554 
90569 67499 
70927 44671 
36931 50911 
89510 35671 
83344 60018 
97710 39139 
7232 51645 
29110 26130 
12688 53623 
8028 40979 
80806 78359 
35946 96096 
28528 99083 
10364 95713 
18779 53184 
21678 70231 
2323 34781 
87808 39616 
87430 39585 
28619 14247 
27341 29095 
52575 84691 
87473 88283 
26586 48062 
4390 61222 
26701 67936 
76814 62440 
22059 67234 
35279 78318 
27424 9080 
21519 92482 
70677 29274 
71254 91854 
60786 45906 
34793 35966 
9067 86514 
88693 1084 
51954 41309 
88707 42864 
47036 72143 
89321 56498 
65780 81230 
8458 51669 
86132 71074 
47199 1178 
96121 7607 
83919 66705 
55597 32262 
49773 52915 
27427 55480 
58239 92039 
81723 4135 
5227 15005 
97121 88397 
78277 22379 
31632 99755 
13430 28597 
12278 51250 
16617 16350 
97483 23373 
22714 4502 
99122 84703 
99935 2542 
12142 15000 
19773 97322 
88862 70322 
3491 93716 
12307 94648 
24937 9834 
68372 580 
96503 9567 
90128 12871 
90087 40475 
49245 92850 
48172 33419 
99313 39255 
21482 11848 
33713 91550 
29124 53260 
6759 45494 
74758 43134 
80983 27558 
68030 62497 
5705 64690 
94364 54288 
2469 29059 
48180 20826 
31430 33522 
94708 14927 
39462 2951 
53768 603 
45522 48927 
5273 75785 
1740 30950 
648 69115 
79707 95922 
26967 45644 
70633 49550 
11349 82128 
55286 28219 
71977 1607 
95076 7951 
19087 89122 
19166 8275 
84389 45628 
34134 23133 
10560 75583 
62528 38404 
63849 45174 
24549 76176 
42277 92760 
13121 39604 
39508 20916 
76800 18999 
90208 50262 
17219 59737 
66550 69341 
28207 85644 
17488 71899 
52245 17701 
42533 33164 
6576 27242 
69973 40151 
36080 15231 
65841 57450 
82929 14814 
34395 79659 
24078 72982 
83485 94320 
16804 79042 
18886 55121 
9790 72515 
542 44137 
22662 81137 
40636 83990 
70429 10851 
48476 46072 
10911 33977 
30455 89371 
23078 99208 
34630 55916 
82054 17617 
89001 43493 
82665 62584 
20126 74063 
77490 58344 
54435 77152 
37715 21811 
98475 11521 
15473 65395 
66277 55527 
84896 64726 
72121 6867 
65757 44497 
35228 45741 
88385 38109 
49223 32019 
41422 32347 
53716 26571 
55045 17004 
7914 49731 
11421 21202 
6936 15693 
41459 33095 
313 10685 
62341 67692 
69157 14852 
33811 68754 
93562 3086 
62919 5011 
95044 98351 
66648 48407 
70137 92641 
9799 2626 
40783 95244 
71524 83869 
34713 15819 
58068 42641 
74752 40628 
71555 55275 
99842 14270 
65080 6960 
62521 96425 
62888 34257 
47717 23317 
1082 94382 
35939 67045 
49112 80997 
90272 52383 
5157 11783 
81077 60309 
19615 71816 
74899 20268 
90002 8510 
4780 69047 
87913 38914 
8047 33157 
24058 48136 
64620 73735 
30955 28927 
93954 18238 
44501 36721 
71987 91577 
95434 11917 
10792 50846 
79620 51702 
3101 22425 
62107 97460 
71491 38001 
84086 40580 
77707 66913 
84144 39455 
41493 46244 
15638 83512 
90215 17210 
40528 36298 
10720 86649 
6692 38984 
3052 45778 
70507 58071 
42007 94923 
9401 16668 
36999 42519 
80130 57373 
43274 69456 
17664 46642 
18265 75713 
36873 45444 
35702 55236 
94620 39079 
67078 77131 
93369 40220 
15173 86511 
59127 53572 
37543 76711 
6267 17954 
29247 26080 
9746 22216 
43550 37198 
41223 25050 
16933 64121 
89754 95607 
30481 64125 
80055 31754 
83534 64431 
21682 5878 
77501 91534 
71059 34330 
7809 70976 
64919 65928 
40171 68832 
88516 37371 
3745 12641 
74877 48979 
68180 99160 
92397 72887 
84181 69074 
67241 17601 
57934 4674 
4292 37805 
98563 85502 
15821 96346 
24794 19128 
40559 56523 
42087 49427 
37520 7135 
4698 33152 
68736 161 
58513 67075 
42927 11535 
19962 42601 
78207 19149 
83886 2512 
56065 29061 
69009 75395 
81149 70786 
3459 67285 
31796 25662 
24794 97202 
84779 48429 
19067 73510 
24408 91512 
51692 21393 
906 43923 
49223 88280 
85888 52253 
75621 73629 
83811 99947 
9200 52289 
97415 82837 
67148 86492 
12473 33883 
43365 50560 
62567 18101 
22364 24534 
58146 39882 
7028 48171 
15780 79214 
51285 65155 
3317 733 
20084 28867 
24551 60146 
8538 85671 
3044 66207 
39692 99451 
88919 43288 
26107 31996 
4705 79496 
24277 47842 
66739 38372 
32903 69304 
67168 58395 
86107 67691 
78245 63826 
70922 40070 
45392 62870 
54723 87449 
68443 14712 
42752 79886 
31479 5646 
98471 66772 
30838 86378 
50209 66431 
68201 87463 
76421 48162 
21000 47974 
8844 2000 
76001 63631 
17920 76720 
13510 84965 
48115 54964 
59496 73539 
52061 25921 
80777 54785 
31968 10571 
84495 89743 
34319 92287 
97253 24775 
59597 6468 
41543 68285 
42635 46852 
97567 86541 
31161 53334 
37014 6876 
40197 56312 
42080 65876 
88202 66018 
77761 42591 
27195 11751 
68382 72384 
63555 55577 
40347 45709 
28819 27830 
32260 57948 
490 57587 
40863 91346 
91745 334 
66624 78186 
25873 97146 
46359 15513 
86405 34962 
11940 76028 
87097 15929 
93894 87249 
37277 85258 
96656 31557 
87557 11713 
8224 53466 
28482 62565 
71159 47267 
80435 65739 
34150 38138 
56946 5900 
23763 62856 
5547 58318 
24535 2492 
30383 24641 
32253 18713 
79041 98067 
49998 97829 
32388 51905 
29498 12233 
70691 15163 
21324 67612 
1880 71525 
86648 16098 
28559 94005 
40576 80480 
99178 6502 
42428 52673 
35801 45684 
21954 807 
55966 81828 
32050 43646 
9364 45637 
48390 28461 
31424 99579 
94257 79065 
75352 86887 
54916 64401 
21771 89148 
60014 74900 
80829 24255 
54803 83746 
95509 20532 
51355 13283 
26812 9940 
49507 22963 
51618 93549 
43919 84557 
32231 45841 
88411 12816 
22968 40876 
71667 75282 
63621 3041 
69407 13711 
72228 7806 
77320 71326 
90300 83811 
96309 35082 
52511 96614 
37015 70208 
49812 26550 
34135 45452 
30055 88410 
12700 21795 
33401 79034 
28250 4823 
91176 80388 
10792 41532 
26264 90380 
78409 76018 
80771 1347 
50603 65319 
62371 97103 
83696 96634 
44639 93382 
71050 40188 
78602 3663 
99389 18228 
72882 72634 
29172 69921 
77979 82887 
71755 44397 
66648 6991 
68968 59736 
36738 46672 
41807 24368 
75494 73626 
64061 29208 
15040 62334 
34012 83765 
77611 84268 
62722 87533 
56048 15018 
70999 99174 
214 91092 
88750 90306 
83167 41549 
80251 48158 
2315 11123 
76741 21929 
30195 86106 
83819 91350 
67193 32043 
45246 72807 
64158 53135 
87064 68282 
76789 87291 
36350 5467 
85589 57858 
7443 13579 
65310 13344 
75172 28733 
16026 99801 
9357 25156 
74310 27074 
27811 24111 
7486 9705 
36071 41070 
56497 86075 
61254 93515 
33678 45230 
54737 6659 
550 19836 
33751 22478 
47737 35837 
55511 38608 
74202 44669 
69190 77990 
16221 2222 
70802 17592 
7855 272 
93975 85096 
64163 730 
5658 66123 
65996 70812 
39918 51409 
90918 68094 
95308 93255 
78675 78441 
41683 33666 
41586 66929 
30868 12777 
30319 62105 
82267 65468 
43780 57348 
19241 66541 
28132 79564 
65063 90355 
44487 45099 
68212 9563 
97368 95497 
16001 69346 
6804 81611 
12765 38542 
75722 43586 
44286 57089 
51313 16344 
23629 70424 
4122 75479 
15260 65763 
51846 26829 
64073 2675 
36168 34506 
13885 60871 
20426 76790 
85968 11880 
13511 17052 
2382 58057 
41135 77739 
81121 72323 
79406 9473 
525 15111 
37682 54433 
28917 1182 
27728 13446 
42120 38269 
84432 39593 
6256 61987 
9712 97644 
86169 46977 
95665 48255 
50829 82969 
45671 38621 
86252 66248 
52827 7165 
93732 71959 
13976 38813 
46627 40751 
54548 39600 
2434 34453 
14542 34522 
18577 89775 
99175 31004 
122 26510 
29110 31801 
15504 47213 
34606 25826 
52438 99106 
25570 33104 
50305 55695 
35175 30969 
37612 15589 
78599 42613 
23528 9029 
90362 26211 
41025 48877 
3885 63121 
15835 62069 
15089 7021 
40196 90043 
28192 22363 
63280 52167 
16374 10132 
71236 24916 
42533 91686 
18927 1343 
76101 97283 
92751 60352 
10734 84959 
29309 93315 
34672 97507 
88247 6811 
30623 50588 
79261 44529 
85318 33364 
73012 48874 
70142 94561 
83633 13327 
13819 81503 
96535 60351 
25624 97381 
29390 16404 
43410 42951 
56431 45613 
74514 12801 
96641 46676 
69630 23510 
64933 13794 
19796 61237 
12079 11723 
94892 49666 
33929 17498 
48385 55762 
13379 36926 
97521 70382 
69582 12659 
50766 23561 
28042 2452 
95045 20187 
92541 21182 
74123 10739 
95226 8223 
86497 43937 
24761 3025 
6244 83382 
84060 86009 
83481 8639 
8946 69346 
12460 62748 
86964 2791 
64793 52735 
51625 93358 
72876 57493 
91498 24526 
14341 48241 
5894 538 
92174 80810 
59238 34459 
27141 76108 
34817 44836 
79242 65376 
65211 25127 
93147 40232 
21520 2504 
18901 14003 
76402 8189 
93688 70465 
16981 40208 
82992 48875 
72834 11221 
70277 90051 
41546 39053 
53093 47269 
39763 55628 
50548 47857 
81164 81158 
52124 76645 
84472 34804 
41098 40791 
44382 30433 
7117 67000 
56211 36676 
21998 76814 
71102 64186 
90402 83368 
72774 79791 
2729 53911 
9109 37214 
11491 86377 
82242 57063 
24319 55440 
99407 85004 
56913 93724 
13402 6346 
17445 87221 
36355 97699 
268 80485 
93365 51947 
51263 6781 
93637 21454 
29771 81138 
35886 86244 
32728 20127 
32068 68843 
65548 81186 
28913 85529 
41181 46450 
30261 44932 
63950 11288 
74874 79237 
7952 76144 
4168 20689 
31147 81763 
62227 16678 
75771 72528 
6508 10337 
93273 20381 
71771 441 
97712 92676 
22100 34323 
95390 1324 
46250 80577 
60484 27722 
116 74524 
26525 78193 
76765 28737 
41793 88059 
89271 53338 
93058 58979 
84493 36379 
36562 83793 
66965 93290 
87720 85870 
1252 6191 
11778 75870 
78385 38820 
26468 7778 
77407 30886 
74712 98246 
26603 46856 
50502 58506 
70645 78482 
64301 76504 
79658 77847 
15694 78411 
94134 28237 
435 93295 
85662 43877 
16687 42478 
27573 26354 
50937 76013 
11931 95504 
17936 82683 
19658 55615 
981 7077 
49163 53969 
88951 17545 
35475 38078 
34730 82215 
46675 20412 
66017 26747 
27338 14969 
63951 67150 
69717 18739 
87646 33723 
32582 72932 
63370 28064 
94881 53774 
76032 84105 
26838 10750 
97544 36243 
84611 91346 
61775 32911 
86291 65698 
49002 72288 
6843 91940 
74134 78375 
37448 43665 
82434 80279 
90784 54567 
44090 5298 
97927 22171 
4681 47294 
34835 52480 
92457 25825 
36787 20447 
5298 8659 
7701 67383 
341 30523 
7900 55686 
87463 4335 
8672 53777 
84182 87667 
34907 29637 
23978 36817 
78112 90077 
22664 53608 
51247 14659 
98146 5947 
74166 98141 
7749 82126 
23786 33387 
14285 21033 
56698 37858 
17107 45655 
13570 51148 
87638 15648 
44475 8428 
30201 6264 
52200 25270 
48449 15523 
36618 12982 
35297 99304 
37361 80421 
19976 34903 
14334 68178 
99670 17579 
76005 4117 
55198 1779 
63938 65409 
252 8968 
28720 81551 
41983 37358 
87188 15278 
37014 25362 
33791 13862 
11490 40192 
89952 31962 
76327 85819 
14463 89016 
9563 50335 
65205 39125 
96578 41825 
97940 99404 
15881 93927 
11398 4005 
33304 57551 
99616 25324 
20640 33595 
52187 31319 
46109 42994 
51067 28482 
93526 75067 
48561 73640 
54628 2902 
75310 24641 
4738 5369 
19367 39861 
15808 89363 
37856 29575 
82838 63030 
11263 8415 
39770 70949 
27057 97452 
19193 65648 
84100 76871 
66516 56320 
42281 95806 
53766 45241 
2757 4553 
50745 35156 
93418 86221 
2022 66747 
51444 29825 
27052 24333 
40227 4872 
7733 30078 
11490 68687 
52763 32204 
25068 62076 
31417 81125 
68627 26302 
50684 78908 
77492 4976 
9205 82078 
40783 78124 
99020 35570 
94246 12509 
41886 16483 
42414 2247 
40739 70304 
23182 16795 
98898 29409 
26376 69615 
9634 13887 
4594 70089 
47036 28114 
69355 23753 
95363 83022 
48504 1440 
38634 93614 
91881 6639 
94719 24056 
51395 32189 
18995 78529 
28928 12361 
21410 65055 
80938 44452 
37831 91613 
92122 75214 
71599 89133 
82190 21735 
74474 94343 
89575 23862 
67481 66906 
83811 5802 
11637 59973 
94357 58212 
26163 10981 
7796 38964 
17472 70429 
77622 30636 
26099 40366 
11250 85906 
20705 51448 
47404 38194 
68365 67680 
13709 54204 
88614 71339 
59098 57484 
55025 47068 
88537 57669 
42602 53775 
88646 78764 
31857 45709 
21900 91662 
71144 79984 
84435 20995 
67713 26796 
67847 14522 
24870 80747 
38934 34431 
67766 56897 
52999 54235 
3545 43589 
46071 22414 
42915 75568 
9378 84501 
69718 85545 
35380 38995 
82617 90129 
38873 39330 
48803 66907 
98928 44037 
3410 83475 
37875 60315 
357 46332 
52033 22439 
70386 47827 
35590 95708 
70320 2701 
93796 99112 
13890 82299 
24541 95456 
58982 74125 
58456 6351 
88703 17193 
86783 71332 
64453 89490 
73596 85262 
47977 52884 
44340 16298 
86383 92919 
66189 27845 
29190 26216 
87389 2244 
99709 86562 
82541 91422 
74382 42278 
58690 238 
33205 42085 
13101 42007 
31943 34452 
97796 92446 
12569 56257 
38186 8290 
12210 40642 
73547 69830 
52850 51031 
35632 52858 
94152 8554 
58368 34803 
9956 43502 
16364 92298 
5396 67924 
22882 52948 
26012 36130 
78934 22827 
22864 32590 
54365 22963 
28348 2629 
99018 33089 
66292 20294 
27542 58962 
66858 69909 
94893 10746 
81885 3104 
81256 4283 
99525 21448 
34922 74525 
38387 26350 
79512 20927 
60849 72511 
78042 88349 
82822 58960 
60420 23785 
72964 92584 
63292 39193 
28173 63090 
1555 53787 
84201 75419 
89375 85305 
70270 95941 
55235 9113 
44864 82090 
50291 6442 
56145 81644 
32254 78604 
54985 7440 
18038 12748 
51131 16118 
37564 46520 
43822 45314 
88415 93926 
76950 92776 
86438 62786 
65872 52966 
30920 15335 
18084 61985 
54625 97856 
23149 40039 
8783 92665 
18667 62154 
41001 26348 
48515 32492 
60130 1814 
17187 85359 
46258 8583 
9814 86887 
56307 5625 
91241 65377 
96111 64175 
19572 55402 
78370 4110 
9628 1040 
62577 56802 
60046 26986 
77760 39809 
14040 52777 
61808 34312 
58369 95022 
12189 14924 
77606 75251 
32018 93292 
71566 26907 
72728 1865 
12570 73981 
19999 62256 
66207 35936 
43139 53851 
24360 98825 
29769 22571 
2461 80864 
57455 47210 
34317 12239 
11833 11281 
57309 43570 
46814 12012 
18342 95174 
96604 74965 
46700 60177 
91584 32675 
33741 78524 
477 68761 
31399 6043 
19779 25199 
31519 13011 
58092 19704 
16293 60007 
17781 22651 
76400 15385 
59277 98521 
77937 98277 
44397 25544 
21827 53848 
94211 69019 
80085 93353 
64252 98768 
12221 60579 
35309 9201 
61983 18379 
41541 21690 
9757 84254 
9343 23267 
9192 82311 
60154 23079 
67914 20460 
38326 88627 
41701 46289 
61194 57491 
99090 82877 
52662 7066 
79087 96609 
13892 4760 
8517 3136 
5089 54213 
67514 74686 
60948 99222 
91765 72235 
38918 46445 
78309 89394 
4307 20333 
18090 61396 
89095 69366 
12891 62171 
22385 1302 
46893 85275 
19599 37012 
73830 80296 
34762 37393 
49552 95392 
25687 75911 
86775 58705 
55357 535 
33906 16690 
54501 53139 
83050 35754 
106 91864 
93643 65099 
22565 92531 
77653 53317 
40147 88871 
29856 9009 
33672 48157 
2443 96602 
16540 68759 
17049 62532 
25683 29228 
79272 94083 
57529 14676 
10842 23448 
99758 95569 
42833 2932 
64367 36460 
19648 93731 
10530 67786 
47984 30358 
56715 62520 
87588 45530 
20733 21285 
21320 66212 
93635 84518 
60908 20515 
48814 58269 
41746 27287 
11192 61479 
35160 75466 
63026 76864 
59839 38673 
42672 14963 
5422 11997 
530 81513 
90743 2573 
12451 71960 
66815 53309 
15028 3772 
40368 29967 
19506 37129 
37584 55864 
81416 27655 
49672 35514 
51607 1032 
2006 68863 
11005 38665 
66768 21082 
96185 15999 
95403 79429 
55803 40659 
81648 98302 
38910 96275 
78509 6371 
5386 9675 
83267 25528 
65978 24065 
73465 30442 
4860 78872 
23765 59597 
11141 68151 
58710 73956 
47451 73722 
99590 47787 
13472 46696 
45027 67672 
20218 41586 
84287 10352 
76907 90884 
80016 67834 
6410 44834 
72720 89030 
47558 91038 
53255 11247 
72997 11621 
21486 61919 
49823 31856 
99417 21293 
96866 63489 
95304 50099 
47310 48408 
21607 2769 
8218 63918 
54118 66408 
19583 59523 
82186 88438 
54674 56968 
40705 81750 
70751 60224 
33348 25189 
14602 90159 
53540 9322 
10921 79840 
84716 12694 
13189 40725 
14685 32171 
76512 37437 
30215 32448 
19767 89387 
67470 24447 
80469 51210 
81503 30087 
29907 10774 
63734 41759 
8379 83483 
80211 38882 
60809 74654 
25384 81018 
1500 27942 
86266 57280 
13489 77090 
90043 35161 
92736 70756 
64556 18401 
80282 45682 
75555 93143 
86559 82224 
17211 14379 
1188 88025 
23106 60588 
98893 20583 
33760 63423 
97558 77531 
3732 1496 
97993 54620 
56430 32509 
36654 95742 
97977 26387 
12308 36732 
82852 53578 
5584 75297 
83464 77279 
96367 83073 
53446 96144 
98139 12664 
90156 84886 
70695 42421 
95740 84182 
43033 44814 
8056 98438 
76767 60427 
22898 70215 
27085 8936 
57125 13494 
13031 70851 
8716 4465 
91833 29377 
54176 48159 
43002 70468 
86362 61976 
7112 907 
36515 43080 
91448 59248 
43104 15583 
50105 62481 
27092 85621 
69688 52476 
8320 67639 
43386 80621 
50922 83606 
96010 96433 
57037 78373 
30471 86569 
37558 39016 
2229 44297 
76262 53773 
92386 36335 
69360 97035 
42397 73890 
66392 80894 
33773 87807 
60340 70836 
44687 53923 
74935 23468 
92056 14038 
75352 67495 
72461 90365 
84850 15720 
48165 96865 
24374 65424 
85539 9597 
4728 17268 
42353 69998 
91669 18716 
17685 59971 
33109 17007 
23607 5716 
84575 88792 
11329 38429 
94198 98865 
86179 64317 
11701 28733 
75530 73815 
67225 7320 
71745 50454 
25283 70705 
58211 23526 
56744 75565 
40712 45506 
87476 91847 
48668 65135 
76107 4227 
41185 10123 
45345 59028 
51378 89640 
41408 3510 
29118 76075 
24313 77859 
97112 27959 
98139 36665 
18151 71566 
74846 96343 
82384 67334 
27832 27677 
62661 49133 
32123 38568 
53232 39272 
6958 21057 
2540 10285 
73475 68824 
74361 85658 
15341 6631 
23203 46014 
83343 11533 
49663 34704 
16357 47212 
9367 37322 
60532 77390 
85119 43342 
56178 72056 
96088 84908 
27517 71101 
10108 87734 
54339 23979 
45597 62149 
26576 81110 
98140 8511 
82875 73040 
3426 10518 
12511 76702 
53020 42407 
56310 34668 
12369 21582 
76717 62882 
51466 96907 
79761 55133 
87761 74720 
62378 68407 
58191 49566 
27408 52244 
82616 24700 
55543 67376 
54473 78630 
48619 24169 
96131 58252 
61854 59756 
46216 56603 
23977 64274 
4065 63791 
3691 61243 
42534 63398 
18479 44852 
14520 83410 
97500 77846 
20856 722 
4182 57655 
77636 41305 
96061 65584 
19581 14317 
49547 24107 
2702 67759 
5483 689 
24294 55721 
97760 13091 
61231 62827 
11663 10697 
38551 40170 
81284 29201 
79471 68869 
76000 41836 
55272 82290 
44918 59352 
48910 46064 
85113 63076 
69721 16221 
74620 90628 
8262 70055 
64337 32261 
128 31815 
54365 37284 
75460 95850 
89762 74683 
6938 83535 
98306 39755 
33172 57140 
58575 49517 
26719 53715 
30491 23598 
96354 95159 
2475 4485 
61741 76810 
9418 31237 
15356 36231 
53933 44155 
91237 56278 
19681 64410 
93099 62147 
42 62256 
95368 30734 
77984 202 
19830 42511 
83752 13408 
7909 71023 
25774 68563 
53982 23196 
37230 24645 
38658 14843 
5771 4195 
2649 90048 
57122 72141 
31601 70571 
44658 10700 
80192 51983 
56485 73507 
49839 46912 
89194 99887 
48490 12616 
53147 71068 
3296 90039 
68014 94112 
67351 24559 
79264 6503 
60215 34843 
76384 4560 
8613 45536 
21847 12233 
8478 1942 
6187 23347 
12420 40446 
29010 69965 
57735 97088 
68379 92341 
89224 98529 
41713 11757 
98395 94615 
80213 36586 
96003 59753 
35773 64025 
58456 11569 
14469 75220 
40221 69589 
83889 59851 
24220 4151 
32976 47786 
90043 6297 
72468 70011 
15896 43129 
51676 18818 
94329 49866 
33002 28094 
34100 49850 
9508 48589 
40904 86755 
72770 50110 
18282 99489 
38372 42929 
6637 69568 
14628 73979 
83091 23191 
56433 19988 
77843 75815 
80654 69291 
23682 65724 
32046 56830 
44511 34880 
79408 92720 
5997 80312 
90548 3774 
96884 17358 
81581 89499 
83030 67255 
61202 79344 
77909 5893 
93792 66329 
3082 88011 
86544 83735 
70063 91646 
65308 86118 
1042 11354 
41405 93684 
20080 65557 
87432 59955 
88686 73262 
33873 26628 
30084 98524 
70357 36685 
85027 57171 
85463 87054 
68658 29642 
7214 15495 
52726 26241 
12750 32914 
80350 6650 
60115 31890 
31578 64267 
57750 25015 
97142 47719 
27929 92461 
85090 6877 
39295 47257 
80393 18726 
80574 58823 
1165 69670 
22676 10622 
46772 45153 
69585 6121 
12917 4910 
29824 78795 
56695 2752 
49717 6498 
30612 43446 
37287 78321 
68789 56116 
71362 12901 
776 3472 
34272 81169 
88891 39298 
28538 43639 
33466 72784 
38016 72616 
67095 97614 
72206 93055 
63726 96174 
88758 42322 
21375 34784 
23709 18732 
38255 24591 
71565 61499 
91291 34528 
48061 80599 
43273 7721 
37294 34063 
50288 50783 
71886 32343 
14642 36617 
19937 34647 
30120 85669 
55746 90512 
96217 68032 
72633 71394 
35898 99337 
55649 31698 
37467 87081 
69599 36383 
55287 20858 
33471 93200 
46384 89882 
46255 31610 
90371 54283 
1094 77537 
38673 92820 
74798 83402 
65681 99009 
7992 86231 
49260 57 
97502 83153 
90936 28606 
7057 33223 
97132 85953 
65003 17271 
81978 97235 
58410 13330 
19504 74021 
51838 74242 
68438 67800 
55980 26126 
16360 19060 
46499 41680 
41642 80972 
86605 80641 
71356 24111 
38269 31266 
21276 9241 
56423 31267 
40117 48875 
48116 94470 
44314 65109 
44320 20258 
21938 91230 
75889 16936 
4745 57590 
67206 27228 
55903 48496 
61103 4425 
97591 16144 
66873 51017 
7443 90073 
79569 98213 
45754 26192 
53207 74332 
36343 98113 
23134 82824 
13193 45347 
63523 86554 
62216 57853 
34797 73996 
32946 94508 
22783 65084 
68461 4248 
96469 99766 
3528 42949 
14465 40638 
10721 56558 
91643 12572 
32201 31554 
96847 96876 
20849 97512 
90237 95253 
28643 3334 
24475 79750 
22409 78708 
27876 48843 
77533 35357 
59575 16967 
98720 58875 
76879 75048 
43562 91255 
83186 72952 
79463 6642 
31219 91303 
87381 38423 
40761 89717 
36859 24460 
52717 41287 
96022 99067 
82017 89000 
7447 75309 
50741 88797 
56280 29232 
79804 36095 
80459 18841 
92669 7868 
24595 44966 
37730 90736 
18834 88584 
67393 7032 
71936 39735 
21348 95448 
3850 66867 
49109 50599 
7204 62257 
72634 76740 
19433 39091 
33686 64863 
7680 48874 
92550 59539 
17118 33994 
44856 42112 
10022 29622 
1433 20251 
27705 81549 
32504 80340 
40324 52118 
11997 28846 
10615 45136 
10318 21545 
86773 92423 
74704 55349 
56963 9629 
5066 76518 
43393 47011 
80260 41134 
87361 32034 
14766 48988 
78413 24997 
29028 60408 
10473 86329 
98018 97043 
5763 84739 
2089 22282 
33333 59134 
41752 94695 
63212 83991 
93752 88808 
39439 77863 
79675 81491 
25679 37711 
90249 9387 
75647 77988 
58667 13061 
7214 2693 
4399 96923 
13876 41067 
75399 50483 
30170 33152 
999 96128 
78633 60165 
30443 51369 
65098 76393 
72710 19362 
56386 14320 
72122 50555 
69849 2724 
51205 50393 
27793 58682 
27392 43291 
81429 88745 
63336 41483 
88807 61980 
41998 8808 
39107 98144 
67102 54175 
51661 47945 
77184 37172 
42291 29161 
27164 19176 
41770 22337 
35214 47307 
71698 22836 
14690 15736 
31542 92214 
10973 9065 
27320 51209 
41286 95901 
77133 9081 
91923 7260 
61714 29585 
61776 4033 
49148 92572 
53655 10534 
12123 22029 
5610 67001 
73314 16285 
23332 32954 
59950 34214 
21650 55409 
22127 62425 
8270 1232 
71091 12769 
46109 41277 
23510 76903 
11923 65459 
95659 95273 
28408 2551 
77474 81501 
84549 16235 
30596 80028 
74711 49830 
96812 24787 
80813 96100 
73701 9750 
93912 75716 
12842 78377 
21594 18143 
22587 88328 
55831 52163 
12202 10218 
82264 29690 
97077 74785 
96393 26219 
95735 91514 
54705 83951 
88568 23584 
29545 89559 
75450 18947 
55324 7531 
64858 65415 
50691 22188 
50603 58816 
76343 76681 
83976 47609 
41399 35715 
28894 44763 
2612 40185 
95507 78321 
10143 66584 
83811 85695 
41235 51782 
32944 43616 
28865 94648 
64117 65567 
36246 99999 
25581 91602 
50098 87489 
96518 41656 
65625 48296 
83451 2752 
14433 95861 
47510 72964 
42908 23410 
33838 90555 
83089 50656 
35431 35400 
70654 14789 
12873 1634 
55348 36780 
8727 5374 
18050 73006 
40724 9476 
55635 44329 
31455 18441 
19893 20045 
33913 20911 
99983 22455 
42030 34653 
19246 9352 
33252 39479 
76684 86322 
76238 67234 
1007 98531 
50932 54835 
854 52524 
70528 56238 
88676 22591 
65277 52321 
27706 3373 
86601 93827 
1568 80623 
16665 61852 
34280 5443 
23304 32797 
94757 73800 
83157 90255 
4410 32753 
6859 35019 
29000 57598 
39325 6204 
76675 69989 
75429 41402 
42913 96117 
26807 71887 
40119 96151 
99037 70046 
24672 31398 
90106 40551 
87490 74017 
873 74216 
5485 5634 
56140 64059 
60775 95816 
70970 16770 
22127 99148 
61068 79608 
48790 60492 
88304 42696 
20779 72052 
52901 69739 
21589 82969 
92300 56388 
99454 22450 
23419 14792 
11470 60781 
69779 35308 
11263 99106 
47897 81931 
75327 48482 
48360 36664 
75800 31439 
36183 19895 
98121 15212 
12320 78765 
70895 64755 
23606 53602 
22243 85817 
81949 3665 
2021 13602 
55263 97762 
12522 90905 
22389 52771 
71598 71132 
42185 33621 
91648 76239 
73000 12019 
95478 37368 
92891 17993 
5786 46854 
13246 8290 
38871 54266 
48868 18713 
5123 46283 
6133 63688 
68967 60457 
77468 95653 
49142 96291 
85204 39325 
46545 3568 
753 71437 
71366 47501 
76108 25258 
3797 73003 
63801 61006 
63352 16305 
68770 58213 
80677 41084 
70979 54165 
62690 8459 
81158 73739 
17001 25434 
43721 70256 
54780 54731 
80680 24437 
22587 10504 
78294 29094 
23152 9016 
54219 20890 
72695 91122 
7101 7312 
8090 84300 
42820 76955 
1030 25956 
92014 74256 
58329 26854 
82050 66045 
87574 13800 
3259 26561 
85592 54064 
14043 20041 
63517 30543 
62375 65560 
56730 6281 
62244 27476 
80546 89742 
52753 86662 
83228 88076 
84874 12643 
16767 14664 
26273 74836 
92852 99302 
48126 2248 
16513 34709 
59564 25352 
93193 81343 
85106 11261 
86312 44088 
38390 33905 
61876 28948 
31545 4608 
94285 85660 
73680 25274 
23205 43038 
54284 16332 
45227 47805 
77724 14656 
96002 24875 
13557 32879 
28644 87234 
54051 20809 
22409 36987 
25085 72136 
62015 15629 
79493 75147 
12425 81233 
12995 14875 
76538 12988 
81960 95935 
63926 69413 
69584 70223 
17626 55581 
42444 21714 
42956 86791 
62935 81829 
57425 71407 
74759 23099 
34037 73948 
58414 6340 
41614 61026 
61542 37102 
95274 77333 
45047 20840 
17752 46681 
50018 93098 
78015 43915 
82813 40893 
17442 37582 
36059 24604 
95831 60324 
11842 55828 
89575 24246 
90045 85983 
52591 61868 
89564 12906 
6920 39794 
3042 18228 
64385 61829 
46802 7013 
93323 51083 
56814 32976 
35068 76405 
78828 57512 
43789 67570 
46186 8864 
70187 45715 
12411 78907 
34699 80797 
7272 19403 
39064 76240 
14859 76948 
46444 72389 
30084 36478 
19792 55099 
36070 26820 
45724 53452 
59039 78642 
86909 11547 
99622 15069 
99797 23267 
9877 98320 
26529 26082 
83900 51882 
19921 60169 
56504 27088 
88674 12565 
59289 85383 
56281 82495 
66288 23143 
11598 23729 
72443 74580 
91638 42502 
87303 90129 
77843 55471 
93639 2593 
5993 41139 
16055 61440 
86814 50330 
68250 36817 
9512 76565 
99196 69148 
53626 25518 
38333 67658 
65983 64306 
47744 41700 
68989 75920 
25357 82474 
54079 91935 
67328 99525 
79910 27436 
90093 56374 
38677 96178 
32962 42675 
75954 41063 
10658 66502 
49516 75318 
61884 49672 
90857 93105 
44766 61464 
89444 74811 
62953 31664 
54228 81904 
67161 42519 
19530 8978 
66136 11069 
53136 36485 
98280 38190 
93303 6693 
60593 18812 
88318 27490 
65141 78927 
37384 93932 
94877 29326 
34799 5821 
60486 3470 
773 51082 
17768 77430 
41667 19348 
91180 53543 
20066 7915 
63248 26253 
30794 83106 
31899 38526 
72857 64092 
8145 80319 
79238 3339 
25101 76748 
16597 48107 
55952 62951 
95125 80813 
93322 45035 
35176 52558 
25337 2123 
21744 43767 
54786 93152 
40483 8626 
46867 93916 
29649 85895 
58365 4799 
1234 87664 
96453 37691 
81512 9764 
78893 11768 
96301 42785 
19039 62159 
79509 1042 
38854 92936 
14835 28330 
21044 86449 
29993 83934 
47459 14710 
