63187 78063 
19789 59991 
68367 46440 
76158 85289 
15052 75389 
68598 49243 
26938 86230 
38697 90671 
48652 45508 
75251 75336 
94927 79407 
48933 71936 
73455 54061 
51518 38282 
74033 15647 
81907 50680 
97953 75690 
79132 40105 
61051 21580 
88562 82410 
41459 30117 
61656 26685 
58787 62723 
31944 35768 
65341 25016 
80273 56020 
1933 80517 
947 29626 
20964 18569 
6995 12054 
7642 89874 
67627 59679 
36601 39601 
53827 8210 
85591 87617 
79080 71200 
90582 28169 
61375 49764 
67281 47203 
99923 59570 
42947 84522 
55443 49203 
39356 126 
46379 5251 
22857 39292 
25113 13713 
90687 29384 
77981 74822 
94057 82834 
833 48924 
8009 25406 
37921 44725 
45617 16586 
36024 48076 
79851 79821 
58052 29369 
80252 14351 
20731 60714 
93552 17474 
69557 20223 
97469 6386 
80819 60088 
35109 92062 
85309 67540 
93806 24194 
41242 53368 
26626 95800 
44926 61358 
27440 68898 
56900 3835 
61136 58486 
38549 93416 
19411 91106 
39584 59181 
19559 36377 
50350 6618 
88752 95141 
34550 5057 
79559 16252 
87788 63705 
43768 5533 
25216 88015 
51068 85056 
87631 91749 
76742 58665 
69507 76977 
98236 40519 
14752 84135 
34330 7463 
96364 57382 
32591 43139 
94729 66653 
60916 52020 
15931 77138 
87151 34920 
46249 59353 
37178 34042 
21930 88537 
6268 75249 
4337 90798 
61154 58009 
89758 55255 
10968 69317 
50438 46352 
44044 26947 
98795 18594 
24552 89458 
90341 57153 
18047 5689 
32457 42091 
68216 14810 
45990 61404 
78467 49530 
34513 78652 
61472 39681 
52175 94627 
7378 61151 
25160 29336 
87117 26014 
74133 90515 
51097 63723 
5397 87940 
5530 340 
87066 99031 
48743 3057 
3195 90515 
28055 20608 
83596 53389 
34136 16713 
39990 13974 
84240 63289 
170 42554 
58314 32946 
21007 92900 
42689 6139 
78435 70916 
4921 87379 
77934 48734 
70309 7008 
2592 11755 
95740 70307 
17466 50446 
39697 4100 
78755 86168 
8642 42498 
54223 50856 
19454 88059 
47311 24067 
55192 82415 
31571 67737 
7171 21274 
44324 88916 
90213 52713 
58852 3834 
89869 4811 
52977 72824 
50543 98934 
18541 24952 
41647 18334 
11072 93657 
45270 18268 
21852 40244 
93319 83431 
65616 50793 
44697 61285 
16296 53844 
33778 25721 
90486 21165 
40317 54513 
73720 81983 
27889 36136 
8214 2236 
73051 56779 
12333 54734 
60645 56777 
81889 33548 
52015 87167 
31237 46519 
42365 41716 
68198 53473 
11100 87520 
60987 4524 
34710 68154 
47621 72827 
75602 7351 
58676 69162 
82256 98318 
72802 71968 
36188 24065 
1086 5722 
59415 17478 
1098 53031 
52463 36386 
54401 91348 
67458 98499 
2332 3934 
33389 93860 
24000 26485 
41407 68287 
57767 55802 
66837 50357 
12860 64937 
51561 76547 
91310 40442 
95536 54431 
42069 81674 
9423 92228 
98958 79520 
61665 14445 
11966 22530 
12795 78056 
67520 62062 
67392 1352 
7437 4932 
89800 18527 
98611 91946 
23577 77016 
75865 63801 
26611 1782 
78940 12001 
83955 60968 
31264 61769 
88632 80718 
62914 36372 
87021 73485 
63102 7844 
69914 63756 
58561 47775 
52912 17889 
53336 53671 
30568 10640 
32809 41298 
7535 89943 
30171 61531 
6927 33661 
77102 21381 
31222 27252 
12061 63213 
4249 29701 
99410 83613 
54155 36546 
20462 53897 
6698 93480 
33613 37995 
45853 61742 
64861 90203 
64388 87406 
82298 55300 
70965 80674 
28591 86528 
42251 68408 
33971 43181 
8650 43384 
8948 28829 
40487 97152 
20710 83656 
57794 89855 
90127 49974 
21374 80026 
7262 88620 
75349 10097 
52495 35824 
2195 19284 
27619 55021 
20041 34451 
46708 56169 
99048 71745 
10060 26343 
98726 67019 
86199 39657 
31312 41427 
56707 92030 
37652 113 
36545 36878 
21521 56518 
68588 81498 
25894 72591 
5230 40721 
50428 6070 
32226 34377 
3233 60002 
60321 58150 
52013 36805 
8781 53615 
89734 9408 
31573 52554 
58204 35426 
91748 73096 
79303 56776 
72476 789 
28074 46821 
24230 96400 
44470 89843 
86762 34068 
21292 3554 
91809 88357 
24688 44335 
47885 56841 
571 67035 
32019 26032 
95385 46426 
64999 62790 
72903 5749 
26444 40776 
40060 39344 
73929 92100 
4325 60947 
66455 7990 
72675 56995 
56675 99128 
68005 75188 
8606 66244 
82610 32513 
17951 24625 
10383 84115 
60689 72383 
99447 54612 
72269 91644 
45170 96859 
64488 24270 
99861 9645 
20106 69274 
9931 15467 
66223 7801 
3855 72243 
16643 73347 
45056 68737 
90721 49837 
32635 32448 
61606 98253 
79850 60860 
60311 83686 
25375 72204 
63730 99003 
35536 60242 
24475 58782 
37139 29118 
58344 67686 
79913 78920 
91253 51206 
65228 10373 
81610 73455 
93459 17947 
76440 56677 
76214 44680 
29921 60189 
31617 79136 
11571 72661 
30935 85170 
57976 20963 
93059 68566 
76712 1242 
29706 1102 
94054 93473 
28664 42226 
49088 29390 
25018 21297 
75991 45559 
51003 69199 
83549 68264 
73990 17167 
36384 44954 
29075 12768 
65888 58202 
27839 38248 
90538 32418 
78076 54843 
5040 71030 
80630 38118 
5665 42381 
78951 14092 
55167 66323 
24582 53587 
54857 40244 
87512 33173 
83647 83284 
84178 25065 
84349 70480 
17868 35448 
25983 74850 
26371 70981 
47576 34669 
9958 76585 
93649 15693 
69117 54155 
84562 43614 
15920 41425 
25886 40734 
35537 3012 
50130 12673 
65092 61507 
1467 95831 
25942 75517 
19470 94455 
92395 53650 
51444 7266 
5015 78746 
24571 68013 
39864 4972 
38891 1677 
26385 81957 
32 28678 
66098 54742 
96663 33084 
41891 86070 
41772 47676 
23392 48458 
39187 98630 
67775 37437 
7150 95666 
87312 64536 
89291 49700 
5085 98797 
10015 49341 
48492 39001 
86101 30041 
36546 15305 
89202 25233 
1399 38577 
65013 97534 
47172 38529 
53979 9858 
89851 57560 
25751 11256 
40878 96297 
34976 80357 
94041 38869 
29544 90470 
50354 21295 
94105 34744 
68838 44659 
91411 77183 
62485 76304 
71981 75938 
68127 26898 
58604 58924 
6557 38953 
76369 18691 
14958 73287 
91185 33363 
77539 33906 
40164 13565 
2270 28919 
85789 21430 
91684 25347 
2430 7099 
33946 19071 
8568 60566 
96738 7668 
91002 82300 
40979 23509 
28331 34741 
83999 57246 
10177 48611 
32502 77709 
65908 22899 
74512 33204 
62000 75477 
66457 1379 
746 72445 
76653 40036 
54667 88675 
49664 79669 
747 29433 
37371 90006 
76564 73521 
2051 47465 
66379 82095 
34356 28184 
39445 54118 
44826 52157 
5058 99337 
81395 8040 
19280 42773 
97336 95270 
76832 70861 
44183 30462 
48270 78729 
92395 78348 
77372 80538 
88860 84104 
36571 345 
44841 3483 
49289 69688 
10524 49946 
27213 19873 
33084 3881 
37798 71890 
14010 57960 
12752 94974 
78418 4855 
31730 25980 
44173 8772 
67162 16102 
31855 40627 
55928 98863 
87967 98216 
71475 53907 
3251 77348 
6028 74790 
95561 7658 
36708 35796 
92492 17710 
41640 92740 
92781 47993 
52560 45790 
7499 87545 
78954 38533 
82124 70199 
15426 66815 
78824 29809 
48782 23341 
54623 80342 
14220 9580 
5593 56327 
11051 5211 
59818 21919 
77542 97164 
92582 32711 
41758 35255 
6114 13434 
10680 99469 
63160 96814 
33417 35151 
88769 54095 
75997 36673 
57900 36141 
74995 37584 
67803 35518 
95179 95823 
53595 74577 
2369 46270 
43069 22342 
76896 29704 
62458 43851 
35306 97215 
98775 89632 
98367 32142 
96273 40106 
41997 27838 
14704 29967 
94353 8857 
5257 90976 
97141 85597 
66408 68100 
32096 88028 
26399 83556 
24616 32774 
61636 46087 
75718 39700 
1047 28657 
40732 29037 
85268 66772 
68592 98174 
46503 61745 
39101 98444 
50013 8512 
87206 6521 
91390 5930 
83123 12510 
75142 49048 
45030 27367 
9570 47432 
97116 45985 
40524 61396 
49908 89081 
12357 98877 
72097 86990 
88217 69660 
43487 61508 
83815 50846 
27234 8138 
68899 77652 
76195 80396 
68879 37046 
92988 30292 
55392 8215 
96295 64644 
49097 63495 
6948 35597 
70544 16131 
56515 95525 
65726 77136 
38389 11426 
1741 62513 
66782 52017 
74975 74228 
82567 31880 
99316 63570 
46576 21381 
45137 73948 
90746 8480 
81106 51626 
55402 29134 
30400 7568 
27012 66705 
90445 11303 
4924 57553 
81080 98600 
67844 29998 
79838 78740 
81254 46846 
75056 34316 
85497 17893 
17592 16742 
30912 98144 
80164 54010 
81185 89898 
39673 3768 
88998 22442 
82331 4412 
59098 91779 
94044 99615 
53053 4629 
39184 37638 
57256 85883 
49756 75726 
31158 76765 
43939 52062 
76221 72139 
68060 22979 
17770 19720 
9305 1507 
71686 31383 
57799 74873 
75811 37340 
6178 23141 
1950 47639 
62350 8991 
28536 72258 
16897 59475 
46297 91006 
50381 14621 
89677 57514 
87823 74847 
35297 67788 
7692 39452 
85404 23107 
90998 91783 
59042 69504 
52391 53205 
46590 1621 
29671 97632 
44333 77422 
20698 91112 
74923 2079 
47427 96860 
16835 4261 
95610 65124 
11361 46151 
25719 9394 
89214 79691 
75718 55738 
60454 85863 
79533 40405 
41272 11287 
6432 22343 
49043 46945 
85984 71932 
83099 77563 
20877 94956 
22866 66970 
5585 51721 
17245 34736 
62731 35265 
9566 22400 
80965 79677 
40954 43854 
88265 79848 
1633 63706 
22803 17327 
54441 49936 
69860 3466 
37784 2688 
17741 70672 
66254 69759 
48256 65326 
86312 21140 
18034 21827 
11733 69933 
5802 26195 
58898 94998 
97720 9834 
25565 41910 
57978 49263 
8420 53111 
85060 86048 
34470 5557 
85449 22642 
89273 14785 
6017 94473 
61026 97946 
53916 66392 
83696 75229 
98551 52448 
54645 28994 
94032 11968 
22652 33043 
82477 32075 
90720 10595 
38655 66973 
54753 78907 
94665 67775 
3961 90882 
39686 3108 
41753 89584 
24343 40359 
46929 50274 
11776 30221 
84128 96403 
8274 13015 
89787 40920 
75158 44328 
5258 22343 
70559 19592 
2289 76212 
94873 62507 
47715 6875 
16847 30580 
84005 1988 
38652 82559 
60197 62689 
17713 47169 
33828 6074 
726 30314 
78591 33456 
40960 98781 
74743 47794 
63822 82490 
29717 46760 
17628 44468 
74902 14113 
96614 77972 
11233 81345 
51455 3560 
31005 34022 
8898 55430 
26246 92809 
6583 65961 
5011 7834 
11753 80143 
76126 66906 
33237 57481 
30187 33008 
54955 47932 
40045 94564 
16185 60592 
27518 33168 
38900 79087 
94761 87794 
55710 16000 
98487 21924 
23325 40185 
53152 80608 
15876 55427 
85249 58171 
80070 56682 
25025 84089 
99857 40989 
14203 74481 
62150 4174 
28715 89772 
37080 11563 
63990 85235 
86418 91217 
6980 40446 
91960 61532 
23922 6147 
52067 71599 
25719 12547 
28991 2304 
33868 41807 
42244 48946 
59028 79263 
93954 81984 
21601 22882 
81046 61566 
89098 48504 
96008 63605 
78631 99637 
43150 60410 
74482 94865 
435 87295 
40537 23384 
38361 18043 
65244 29739 
66800 66780 
62810 72533 
18329 31525 
68506 78701 
92294 95604 
8230 4857 
77704 7075 
92902 60325 
45020 63474 
86781 42632 
47002 39432 
25466 85557 
97001 8094 
14135 22287 
99436 23774 
19459 21790 
91656 52906 
79706 65191 
18990 63118 
96657 90789 
5528 6112 
40301 51245 
1987 59065 
92618 94596 
89022 21370 
80374 1888 
89431 98799 
98429 88564 
95911 45561 
4909 4191 
52385 76211 
77471 45651 
36394 4008 
55933 32643 
77635 10069 
60699 81126 
13451 98550 
68695 50306 
25937 47087 
48957 31820 
27281 18846 
8504 95952 
60078 62816 
75855 9066 
57563 92316 
54262 88835 
65044 98231 
9707 69464 
58339 23096 
19693 7740 
7543 94903 
98055 72620 
25253 95406 
28288 25943 
7158 16660 
83293 19989 
19928 41720 
82990 8726 
16393 70613 
42908 93973 
61250 1127 
96619 5090 
31878 65446 
32850 41409 
18306 18271 
74065 90303 
83993 69861 
37552 70586 
64769 58267 
62260 40922 
77190 59061 
55105 55933 
79465 37982 
8945 48938 
78265 62173 
71123 69529 
2917 99069 
96247 6674 
74849 48491 
99785 83555 
84608 73140 
40086 19086 
51392 15431 
95608 12844 
80741 14485 
71417 25095 
54893 66106 
64421 91669 
87265 708 
40339 34615 
47652 89377 
27098 3905 
17915 26684 
9068 12881 
69306 80309 
14539 10701 
62054 42224 
24804 68756 
55405 63892 
97424 44815 
82066 8834 
88504 28628 
84819 9937 
79251 65746 
35076 75965 
60571 2557 
53209 52032 
6186 94798 
28749 2144 
69479 74300 
94854 48438 
72221 74231 
45957 71369 
14355 71863 
85 47839 
23175 19622 
98051 80172 
77523 214 
600 47808 
88038 59592 
91528 95729 
88027 42806 
19917 58907 
91184 82029 
17842 10406 
2165 63538 
11241 12293 
23965 30958 
1140 43152 
92023 65812 
29999 73725 
79205 23185 
63668 63099 
58047 90305 
13318 51866 
77093 78865 
93634 35785 
6656 58123 
63712 13773 
36026 85141 
25280 17379 
58920 90946 
59232 45453 
66872 36972 
65935 47299 
81309 64837 
37358 20394 
94212 24317 
29808 14619 
54541 79331 
24891 63942 
33041 59799 
63297 98648 
21529 48458 
11114 26431 
74475 65994 
71571 9077 
80457 45336 
86490 2946 
58949 66486 
81188 76088 
13997 56972 
94148 62618 
40444 49827 
98532 65799 
70675 30919 
66445 75333 
70258 552 
48810 21464 
39407 20425 
43856 48753 
53814 16368 
5394 55786 
83230 59710 
98453 13532 
59051 55687 
44266 44761 
23219 26027 
9256 19626 
79892 84613 
83331 98430 
88639 70123 
61701 31587 
83315 17550 
91363 8925 
74312 21769 
68511 35716 
93536 70556 
76361 1216 
71247 1977 
34215 96993 
91826 71583 
88058 36939 
61525 98555 
10600 28649 
35476 96762 
94371 46687 
93464 86640 
15347 62287 
24419 26843 
16545 91178 
78087 847 
11125 31433 
69036 42961 
32763 76671 
72890 90679 
67405 6413 
37651 5849 
84980 75023 
43944 15831 
52260 43445 
87239 87646 
48757 23788 
22336 63036 
26420 35841 
5854 50443 
50850 6737 
95967 91094 
36842 80194 
20305 90699 
44327 40201 
2728 35713 
32063 95466 
47578 93673 
75978 15614 
16057 30820 
46602 57843 
93540 67022 
5779 73656 
38910 27971 
26685 39262 
27424 47680 
63177 10389 
47142 20499 
94535 62499 
85617 1191 
49970 40766 
48332 4052 
73521 10702 
83271 57610 
24533 69915 
47057 30152 
21413 54270 
37244 53126 
27168 47578 
32630 34414 
44013 82954 
28891 71542 
31339 6107 
30326 46075 
86435 56089 
60224 4765 
30553 7395 
82098 10472 
24285 8829 
81952 76424 
95664 49147 
47820 81094 
2024 77294 
96912 97774 
62355 5867 
43046 62873 
90760 30502 
67420 50030 
33564 4961 
54322 13336 
62757 21988 
80047 12251 
6636 63347 
98057 33269 
4907 98999 
46340 78936 
59934 34956 
13968 3522 
18442 32153 
42995 36460 
58715 44517 
9125 49615 
77145 53449 
20018 92500 
65000 8026 
93590 40765 
41333 15534 
30364 77578 
61228 65271 
73693 54984 
49870 10097 
59590 62874 
22451 74823 
93940 66894 
37482 8292 
59024 63451 
96831 46870 
43574 39889 
49634 11089 
10978 21014 
79215 14293 
68812 29289 
52239 22416 
79507 85374 
87545 67364 
56764 28129 
58462 83019 
25241 38721 
76872 2476 
82052 12226 
19887 27902 
87802 31884 
50740 60272 
32151 66147 
54310 55246 
64317 26687 
54707 53579 
52458 96750 
7422 19706 
37546 63564 
61762 10535 
77110 65905 
70660 87966 
32150 98560 
84410 83300 
36569 99056 
2468 19449 
2594 78868 
73194 97733 
57986 51270 
25260 60065 
81219 51031 
86406 44437 
99353 37383 
95334 61899 
39990 20964 
40767 36563 
83476 57925 
68004 66722 
44440 9924 
77836 84745 
22770 77428 
5222 16212 
3320 75579 
5906 64589 
50893 36786 
97951 76791 
42478 92310 
2173 77069 
2244 6280 
556 91944 
56468 9882 
84917 27255 
5327 10940 
99482 99940 
16435 34640 
90481 71739 
81011 84856 
63471 79820 
37747 2357 
14812 10162 
61691 36097 
47606 13559 
35936 36881 
4312 21231 
72367 28869 
48428 77281 
24430 13715 
5786 68612 
39663 14559 
32400 99432 
32606 72682 
10245 27095 
19797 68299 
84982 48784 
47676 48804 
50319 4418 
61515 12701 
52588 40176 
8929 15545 
36067 59146 
45010 35386 
74679 70876 
7832 59546 
38928 39982 
62836 31973 
28269 25448 
72512 31016 
58594 96923 
33844 31137 
32103 12033 
40140 38884 
32561 39631 
66139 83411 
82776 17910 
45724 84892 
73130 43415 
10083 20346 
20057 97257 
80828 55743 
41623 28226 
67367 15675 
43682 28968 
739 17445 
94571 61043 
47147 5137 
28889 7450 
83591 81015 
61653 57038 
85285 46583 
12945 54270 
69962 33654 
40144 79925 
67684 27014 
49954 63546 
36465 54553 
15634 66877 
23762 48186 
56190 18979 
81845 59463 
43793 28389 
81047 47433 
93227 45409 
29091 43176 
52945 98503 
96946 35335 
61141 82796 
72099 14046 
52204 35762 
8664 56883 
99040 95499 
20371 39704 
54960 295 
67328 7777 
15183 54766 
20295 48096 
52463 57423 
47296 62493 
93973 57304 
56508 52994 
97276 83179 
46698 95768 
52068 67839 
61851 98118 
81366 72119 
20192 4142 
40885 98537 
89448 39001 
18593 72835 
9990 59190 
17768 63197 
25413 6753 
66364 1546 
66125 49095 
33075 69092 
45701 22850 
46227 9160 
72019 90196 
5459 34352 
45629 59101 
48148 2204 
16327 15150 
82597 43781 
95563 61924 
28267 43002 
77107 69362 
9651 81005 
1310 85075 
34873 79505 
9309 72299 
52704 99821 
72717 99972 
22375 80152 
51604 25360 
49458 22671 
28985 77756 
38032 74156 
93577 72910 
84443 79094 
94238 62224 
91217 22612 
69290 48146 
11010 22075 
61839 77778 
39958 70805 
68234 60418 
67381 85171 
30978 41533 
54548 57122 
79682 5657 
59001 68302 
44053 73719 
42973 78951 
11472 6539 
4481 65105 
78346 25522 
47928 40954 
49216 14036 
67382 69729 
70525 68507 
50183 36120 
46963 26992 
21110 25984 
77477 14753 
38079 34969 
65332 11359 
19191 6706 
1988 61851 
27899 83312 
98127 25742 
68191 36254 
36796 81908 
44892 33948 
53444 84888 
25532 94013 
5514 98678 
99715 62702 
80304 17760 
69500 61804 
3965 21990 
20059 44176 
56800 1837 
13680 3082 
70412 33587 
22215 87621 
80807 80288 
63098 86821 
38229 43535 
32361 58306 
29236 93646 
34341 93978 
49511 61327 
92325 34790 
76874 82634 
86904 69409 
33145 50842 
9589 77474 
90815 43784 
38045 7155 
75847 63279 
36307 8828 
41499 44475 
58409 81967 
39707 67220 
87102 30692 
96367 29057 
70680 64968 
4722 19961 
30392 29023 
87167 72672 
98537 86346 
39862 49246 
13038 41500 
66905 64437 
38170 32960 
31168 39548 
3051 88363 
97471 26610 
49634 93761 
20408 42042 
60150 91883 
33946 1402 
90290 90906 
32796 52402 
68910 34847 
96620 62047 
37612 59470 
97296 25570 
94295 33460 
46714 29799 
73623 63629 
88034 21629 
44308 25043 
6844 3479 
28220 62223 
40312 1936 
49559 95928 
92233 33214 
3660 61577 
19764 19636 
94488 99929 
43681 95023 
27468 18473 
48153 73715 
60022 42786 
78318 47865 
6036 81170 
14336 20720 
62435 32984 
99158 79816 
76179 81354 
23897 63293 
98163 24310 
29450 75003 
76909 14912 
65985 59660 
29354 562 
62870 57927 
88695 74425 
855 23214 
69910 77801 
45544 96839 
12481 21262 
96634 6330 
56786 24512 
30935 72784 
85714 10175 
68827 87558 
16323 25101 
73604 45976 
57660 4279 
1083 6330 
60364 37081 
52853 76122 
71269 43305 
50732 14323 
71929 17371 
42279 78362 
23855 53030 
67601 37625 
65215 18071 
66248 21439 
3852 8759 
79646 68828 
29684 77130 
9298 99761 
25923 90761 
23892 33209 
92999 54269 
69503 35977 
11675 94539 
26215 98127 
62587 87573 
71798 95732 
88251 83837 
58466 19777 
30584 71135 
82286 21209 
2071 99268 
26469 46447 
51928 79138 
89550 15131 
69974 60446 
67393 22416 
30373 86767 
43968 31845 
15039 24533 
60024 61632 
72181 63352 
71068 57126 
59344 89068 
76450 85312 
92262 38118 
99924 83361 
70928 51986 
28672 42607 
82531 63938 
72610 11726 
87230 66711 
88659 58470 
77239 29488 
25737 38029 
62258 55211 
85364 77863 
75050 95182 
60074 3827 
9765 66912 
7213 455 
2631 53282 
39283 19479 
39690 96358 
63585 24944 
29510 37577 
83776 90773 
10132 97505 
83797 47141 
68985 33024 
50709 5760 
42126 57545 
57114 80965 
24833 60723 
16130 63438 
69484 18151 
42293 96482 
68592 38649 
303 50934 
20961 57021 
182 94135 
57186 43497 
2208 813 
57020 67637 
27885 59296 
25648 24055 
34254 85168 
8464 97 
98015 66298 
14716 41487 
73198 28116 
89185 50941 
31546 26064 
18064 36914 
68304 43357 
80311 14843 
57773 96495 
58928 51692 
72748 28419 
8018 36060 
39918 99747 
30909 50763 
89286 72252 
62250 22548 
69869 15535 
62695 24490 
46203 57785 
28645 10604 
60589 44616 
91494 69348 
44558 66111 
30908 92953 
89696 61581 
54918 72870 
42734 13924 
5905 48157 
72747 1099 
36102 53240 
69324 80858 
58746 34237 
69724 46759 
21821 28923 
80351 8364 
70119 34404 
53242 16644 
58355 18715 
1849 76766 
53143 67782 
92007 64778 
14893 97613 
23817 92138 
82002 3023 
28022 42597 
89218 58898 
36561 39647 
39630 37695 
51067 89564 
15459 57801 
25442 84987 
56711 31341 
98970 47094 
58654 37177 
65044 30567 
39259 5096 
37175 14910 
5908 60539 
78777 58076 
7042 45756 
96131 93974 
88906 2878 
54929 14069 
90120 77179 
70018 85147 
97543 74632 
35191 20228 
55757 86928 
5321 37699 
69434 79209 
16660 14914 
62984 21028 
32766 66825 
65087 29459 
33342 57675 
67059 84735 
21142 84299 
63479 73465 
8168 53337 
21107 12209 
56518 11412 
37824 5070 
91541 77321 
47204 92985 
75370 68326 
96279 59506 
27425 8825 
74156 68118 
5144 59004 
97376 19537 
13000 3522 
64257 33911 
90748 95826 
74917 82492 
42890 62399 
76285 16103 
10521 33062 
32130 63581 
53980 78385 
36987 2416 
10161 3325 
89817 35893 
11850 67419 
18352 46345 
8153 76150 
98296 32455 
4820 15575 
42898 80090 
51204 82837 
47872 60754 
36645 98908 
64273 99510 
23188 76701 
37616 5101 
33861 57646 
95410 8997 
36145 22875 
87223 17236 
8793 31380 
81519 39163 
56818 36791 
1702 20567 
44263 86883 
40173 75218 
47270 15494 
23670 78417 
90991 95199 
15753 58948 
23077 30930 
33023 1694 
93711 39658 
20524 52166 
57626 79333 
78727 96355 
87025 61436 
59604 74536 
86026 5873 
52530 76063 
27005 74311 
62086 53665 
87152 48686 
39318 90427 
49555 5259 
65591 50337 
47331 71441 
3923 44215 
71555 42529 
26505 46799 
34199 78580 
99113 7926 
75799 97827 
53177 10976 
34227 32363 
4555 45128 
45749 14263 
84331 74514 
32445 15875 
31504 6924 
41105 76701 
59971 87536 
37876 11124 
52982 68969 
30227 6140 
57035 38002 
83194 86372 
44224 11402 
20412 44779 
87067 48571 
52118 11842 
43146 67103 
52040 63405 
78172 88841 
13072 47945 
65603 88648 
47610 47735 
88523 65876 
62607 75153 
35208 9373 
31691 45369 
23679 80897 
7113 59683 
12469 98915 
62777 79980 
54985 65029 
36340 74107 
33016 38643 
43086 64384 
61319 32004 
67228 17049 
89683 67351 
97315 69141 
41448 10697 
61580 1093 
18210 72611 
36354 28317 
69264 45399 
46077 3057 
71324 28188 
46982 89048 
89158 76706 
88165 95765 
90979 2880 
73573 36556 
73812 40927 
6320 5459 
13505 91205 
82800 51244 
91654 50882 
18208 63994 
67446 41302 
27381 79523 
56259 46010 
55265 49954 
48837 80448 
49865 25005 
54954 24647 
97191 37831 
83703 63582 
92478 91704 
78895 96384 
4906 99408 
12529 95219 
4047 35883 
1878 17393 
55447 26487 
56480 152 
60017 8195 
80154 96600 
7352 69095 
50130 43333 
36574 92752 
70512 85615 
50031 8327 
50462 24311 
4890 74764 
88896 90288 
15642 7945 
56916 96638 
36513 93387 
56818 66806 
56988 13884 
2238 87621 
35900 61428 
7837 90193 
19957 95815 
98907 18803 
41136 58539 
51373 8131 
64005 49881 
50896 52586 
58825 29546 
16110 17971 
9218 6775 
65536 15365 
24187 44545 
20264 29846 
13453 14277 
25258 72578 
2375 2427 
40976 3752 
8079 88406 
3953 56051 
72023 84439 
80106 73507 
45831 52321 
37755 69043 
57038 89456 
48672 95472 
39304 7114 
84969 19361 
97664 7582 
17222 84922 
93582 3631 
34945 55964 
76816 13731 
4395 27963 
61541 9466 
50642 9414 
42718 87818 
939 81883 
75319 90276 
54663 61593 
93848 93220 
51439 1821 
32486 49532 
93507 95063 
17208 70127 
41047 56660 
40425 95886 
39826 97451 
95936 25433 
59454 22023 
47431 32250 
17439 21278 
27282 25812 
39384 63259 
14058 85770 
58866 24586 
16947 25607 
91868 46326 
3213 22802 
30163 42788 
40819 86189 
85570 39445 
92534 18052 
82806 67105 
90112 68409 
42428 93422 
37543 72011 
17402 29995 
40921 4798 
46874 13534 
39111 95824 
68985 22966 
14219 83151 
90898 60858 
93735 7747 
48669 97149 
17299 98129 
2228 45947 
30156 10310 
1415 22040 
82691 52531 
27886 2730 
60819 42353 
64691 2790 
45550 14865 
70382 55536 
1706 25052 
37777 81434 
25557 64873 
98823 17133 
39046 46088 
96485 72459 
4320 83633 
82192 80664 
46421 51105 
13068 8085 
14314 69898 
17070 93383 
80788 36579 
66067 93669 
80362 89287 
47058 25064 
10925 63255 
49880 98611 
79679 88002 
96176 69000 
56823 34294 
18802 33147 
11486 27684 
63495 38453 
43538 7247 
25319 86439 
92230 23054 
51272 46464 
98013 34032 
37399 26335 
17394 88998 
23852 81917 
42398 48026 
44572 86191 
55943 28705 
19606 19726 
62371 42424 
87542 89164 
68407 19533 
63164 28063 
53980 9006 
71110 85336 
64613 78215 
50217 60495 
77525 31452 
45166 2090 
42091 12062 
2148 45932 
71993 52341 
63526 33109 
71168 87800 
12756 14281 
8562 57982 
55367 16395 
17759 74676 
34345 20679 
86682 50215 
69029 76699 
19876 43485 
75439 56215 
1271 99317 
72961 32753 
58876 28149 
7390 58020 
34509 97158 
23560 94695 
91443 81485 
2145 56622 
50775 54758 
34678 2068 
33350 81822 
48435 23446 
98229 13361 
8563 77805 
10992 72086 
18658 6370 
45551 63192 
12997 98566 
21713 38002 
83709 66199 
7363 89019 
14392 6837 
68949 57058 
98042 51978 
36843 86680 
1624 15166 
63193 74870 
2211 78013 
89047 19686 
60353 77945 
4805 90574 
15164 90495 
83462 10078 
82609 31105 
89677 57915 
13557 36629 
19288 82643 
21397 25142 
3775 33643 
20351 74139 
21987 6659 
25103 1836 
97565 29877 
49956 84062 
24597 4286 
11445 90080 
56349 52067 
82192 74704 
12339 19760 
65757 21190 
7516 29204 
62332 89650 
84021 68525 
73357 89094 
30732 67907 
49483 57735 
8764 10439 
20764 5799 
62080 87034 
60589 47849 
81562 16205 
25545 27508 
8168 14465 
82303 16468 
6193 21153 
79534 51794 
11223 52680 
48008 60814 
58991 85534 
15217 11216 
31171 44787 
2241 15528 
12004 5443 
30017 13760 
35747 97639 
99796 55732 
19045 43535 
28274 5517 
14626 43673 
11760 94406 
93159 73649 
65665 55958 
58595 48118 
35764 86924 
29018 58509 
5838 91227 
69799 93212 
32697 80690 
48753 4621 
24031 25819 
94047 96067 
37157 72714 
74752 63514 
17424 68048 
91226 41824 
13911 63067 
57932 73467 
7013 99694 
84809 38736 
57614 17064 
14998 60861 
40752 55207 
56496 26825 
58067 74093 
53215 45297 
32739 50880 
76990 96744 
78276 65972 
86192 17623 
98205 39359 
88928 501 
17564 32719 
69208 85000 
69084 89901 
82977 60663 
57032 48638 
7597 2165 
99915 19754 
33131 9704 
9598 96595 
16694 33019 
98844 27063 
82188 16120 
21907 53394 
36861 11683 
43505 678 
93463 78960 
370 74129 
32131 97161 
66530 7271 
9724 97413 
58587 88403 
25943 40762 
20460 81144 
85376 47090 
8437 46320 
52530 10404 
56823 67112 
82915 19642 
42088 77117 
27441 40953 
79144 91868 
49652 7354 
77198 48351 
65728 4734 
54652 64203 
15745 39358 
62567 38508 
1314 21356 
94454 29492 
79529 1103 
66520 60948 
86049 50987 
36928 28807 
71180 93725 
95266 2058 
71983 40229 
94122 38086 
10720 14953 
13515 61510 
5356 14717 
45905 87711 
1377 68200 
64609 7522 
85834 37608 
91648 87912 
24322 31469 
12442 84998 
69498 78069 
94193 10373 
25791 42726 
52426 39451 
19105 58940 
75880 1445 
12614 83369 
63766 44591 
30139 77675 
51402 27333 
97164 66444 
329 46478 
86163 19738 
7234 76677 
57744 61241 
42343 62113 
21988 8563 
62435 70890 
5418 10917 
56221 95381 
98180 61245 
70551 57669 
73316 24777 
34754 58218 
15411 44082 
47416 88044 
69422 51871 
14951 9900 
22186 47121 
34598 2381 
58854 67523 
95781 52347 
94438 21843 
33261 75705 
66665 29455 
3102 44324 
90528 51135 
68211 97759 
17167 85140 
74016 22444 
10158 45674 
66888 88164 
50807 37010 
57933 41845 
10706 85884 
63072 72095 
84599 97189 
56616 74447 
59511 53592 
60069 66838 
7132 88360 
50446 27674 
25610 22523 
13137 54648 
24174 72427 
83201 71533 
39459 1792 
15925 42269 
95881 13612 
2602 86931 
74137 51506 
692 32532 
31629 7613 
78885 73141 
26560 14648 
87055 58399 
33484 33480 
48681 77286 
2214 34351 
39060 54867 
4334 9841 
56455 33748 
31926 50733 
15312 69102 
61678 62119 
90775 26380 
74193 96413 
21947 34203 
23113 32382 
37684 11422 
81570 34854 
3214 56990 
54517 88472 
98424 64005 
34652 10679 
29419 95199 
96945 14040 
43793 36134 
72149 6098 
67005 24479 
13271 86142 
2394 39047 
70580 22576 
40536 20580 
20560 72028 
5044 87834 
52095 31903 
21345 7122 
99221 1768 
32599 71205 
23949 65789 
2613 44344 
94927 98357 
39482 34303 
78134 38135 
45647 59207 
54338 71929 
50153 87459 
4688 19109 
7124 42254 
60630 9743 
50812 78756 
97202 5187 
82055 61622 
59854 18552 
23575 93323 
54034 54279 
22255 69577 
94135 1026 
95418 67223 
3745 80092 
15062 1986 
82728 72842 
99126 28847 
8283 24870 
32089 96099 
16950 52107 
68528 5687 
22414 54647 
82764 77043 
59999 77729 
15290 59394 
12930 46162 
32431 88406 
67676 38402 
59508 36996 
66147 59562 
69764 67323 
71029 18825 
11396 51183 
37196 16052 
33282 89426 
86938 94808 
26309 27533 
19647 24616 
31707 34074 
47639 33902 
80381 81588 
38950 26964 
17946 45238 
65226 83187 
39044 13652 
98245 54831 
1461 88445 
72133 50880 
15687 34215 
30018 18786 
8780 29149 
3610 13366 
42719 57889 
32156 72668 
26938 82952 
13217 4339 
2312 28740 
91885 22819 
89585 13034 
37349 67650 
89086 64925 
26127 76226 
90555 75201 
49802 80537 
1988 35504 
91787 46737 
34637 35942 
72401 78854 
87655 7328 
44474 63470 
60335 13872 
32706 40951 
82507 24891 
49194 50572 
94362 19970 
84808 11848 
25837 11046 
71508 72463 
22651 96981 
34236 74330 
41185 1455 
2683 63702 
87642 83399 
32984 98621 
8226 50683 
97354 87623 
46605 52395 
35674 27264 
72472 72821 
27200 92871 
50776 1099 
32885 76855 
65028 4523 
79164 61991 
30057 90621 
2639 63268 
29691 3354 
51718 71206 
93068 62197 
46079 82018 
79627 19335 
27710 5515 
77285 79858 
98351 387 
30930 2583 
27279 98268 
9065 75011 
30696 42976 
85291 34929 
69381 89348 
58291 93314 
84782 77306 
59070 98405 
95429 21102 
97430 69252 
5278 31115 
81021 18494 
33559 16166 
99748 78788 
61695 97989 
5948 45040 
7048 6316 
36460 45490 
75510 12978 
16540 58686 
15393 6498 
57582 521 
93577 4820 
10672 15763 
41565 53167 
66239 21883 
73854 56428 
96419 69490 
63961 51075 
21205 3308 
74460 30272 
42065 30397 
76564 97666 
27438 28178 
62062 40308 
53351 53849 
45823 79189 
99375 48880 
80635 77080 
75258 67570 
57783 57700 
6752 96971 
46583 17640 
40557 77052 
33963 93072 
37711 74550 
61257 76940 
12420 11741 
19507 69165 
38976 2235 
56869 82316 
93339 99894 
72126 18291 
17837 24120 
16837 77718 
97629 84990 
5339 63120 
15729 95116 
36557 89324 
9773 21597 
64538 20159 
88170 1063 
15629 9175 
75884 13573 
39379 33954 
50807 86994 
97553 78478 
538 82501 
41028 36153 
76355 93963 
97902 77209 
46257 79244 
97777 48565 
52187 29804 
87001 51666 
57892 76515 
47528 74363 
33333 24224 
18110 36609 
59187 5343 
30690 46565 
50669 43629 
17147 53619 
93781 23340 
11972 27942 
59049 66044 
74948 92334 
7912 27646 
84620 81487 
35153 41558 
8090 6187 
97098 50452 
35584 55582 
59809 88651 
79296 79295 
64047 99986 
75151 53019 
44565 1807 
93422 46137 
60075 34855 
59554 77997 
87267 70813 
10062 70661 
7293 84635 
60066 80249 
66417 37107 
38766 16465 
23819 54597 
57108 40432 
9064 37605 
7907 64681 
99299 77457 
62867 65925 
92012 11357 
23196 61222 
92986 52 
966 91175 
61095 69450 
56867 13 
51654 17817 
96675 1729 
78288 53542 
33553 73859 
69601 94967 
56194 26095 
31428 33412 
3859 49582 
38025 33267 
38527 64574 
66300 18921 
21652 49082 
56012 77280 
48442 49194 
25857 86774 
66086 42941 
434 68991 
4061 53908 
6347 47474 
74375 88231 
76990 89692 
57573 99168 
65097 2862 
76326 67155 
99680 52017 
72594 20041 
39738 69621 
46658 8165 
70965 30020 
86691 91991 
63622 69151 
16111 96198 
59889 40193 
12586 33478 
87200 9199 
7369 3670 
409 11300 
56548 29509 
40138 7626 
86806 98868 
57223 5932 
57499 45280 
93918 33716 
48077 13381 
31350 81668 
75347 24057 
9705 67410 
68567 75212 
2715 4723 
82048 88430 
81233 1856 
4707 39213 
32037 54000 
33939 89083 
7491 39664 
17193 71475 
69249 78401 
28833 70221 
54960 58263 
42092 69323 
40741 95320 
76404 45794 
94173 44744 
48878 23556 
12683 43189 
35375 5658 
20365 25584 
51408 54568 
52691 25972 
96026 95815 
92976 41634 
62838 78988 
37110 12505 
11533 41872 
53770 43777 
10512 88494 
76164 78559 
6660 9861 
8349 9630 
51839 47424 
54262 4533 
17315 23556 
80805 6688 
57155 40835 
7701 66648 
39487 82433 
76293 52305 
50615 29649 
87051 84558 
91081 49411 
11295 45891 
25098 94526 
76475 13239 
15161 2518 
96315 73730 
72173 75100 
67254 92073 
78129 69612 
80799 11795 
93113 36233 
7791 89000 
41343 90316 
95032 76964 
81992 17905 
77337 2641 
9688 74287 
48774 2017 
96874 50403 
55735 10269 
85635 49976 
71415 34809 
60108 41436 
86419 74535 
82280 23011 
3393 87017 
53744 66820 
54956 46822 
73894 88346 
73669 82830 
1094 21378 
30379 30134 
87492 65318 
22994 83004 
50444 11687 
41593 89401 
63942 49746 
57760 84641 
1933 97318 
86103 22089 
42126 2227 
44179 22106 
43624 12214 
93344 27017 
44666 16749 
77576 19459 
87771 22839 
89868 34255 
68745 38785 
86543 69802 
23310 4735 
38666 84011 
10510 26984 
56733 41920 
25573 44143 
49871 67384 
76610 77624 
84053 39622 
89259 96320 
85132 66883 
61351 55948 
92022 64160 
75662 57180 
2899 59593 
93005 3534 
73062 55117 
90187 29926 
16912 70889 
77777 15840 
38491 10168 
31151 93293 
65133 91584 
94955 9054 
86968 9086 
75903 3047 
11407 96398 
21746 20408 
26178 92399 
95265 83387 
27103 26644 
91330 11074 
7506 70077 
12321 89884 
25015 25021 
12636 65807 
58471 60651 
46555 50602 
42773 35400 
5350 8455 
22689 86145 
9371 17036 
98043 5502 
28695 77484 
42122 73215 
42000 81513 
62774 55346 
7467 30668 
41387 35886 
11801 42697 
28759 99375 
83870 73065 
98891 40282 
8003 25834 
61777 35130 
48648 27443 
14544 76728 
2861 89379 
66582 36386 
30034 91270 
8839 89625 
69276 74650 
10001 13614 
44043 49438 
13038 40490 
70884 80142 
74413 29685 
34600 36834 
35255 4537 
65615 67153 
38867 83691 
57049 69919 
12181 26209 
88762 28345 
10111 776 
83529 91447 
81229 84040 
6562 75903 
50793 90875 
33758 97460 
32861 40232 
56302 30909 
77103 64239 
59723 40714 
27860 75360 
13971 20596 
23123 16653 
37800 29658 
89321 33569 
55480 15099 
94142 22217 
46817 67125 
4110 28668 
2447 60359 
56209 96603 
35576 97861 
93583 86517 
68584 88820 
34196 18662 
8352 59042 
38296 24079 
47686 14548 
15617 23278 
81880 52913 
66509 90549 
9247 44427 
82490 3359 
92349 85700 
41221 20931 
92708 62067 
18490 83856 
55916 41917 
5508 77468 
16371 66055 
63676 55701 
11262 88231 
70950 79312 
41970 69208 
14039 82554 
97697 26009 
58874 45820 
60941 90458 
88153 18243 
47333 36693 
29223 3870 
93380 96000 
8183 97808 
94844 89151 
56776 34588 
15732 71372 
67524 90011 
33327 3124 
39512 59876 
58197 31072 
82327 24225 
69772 87940 
48878 94134 
37901 97386 
49191 29585 
58670 604 
56712 11559 
18819 5039 
56275 49287 
17264 92430 
98609 4421 
14480 13333 
20097 17940 
50964 38339 
58480 32703 
74471 32397 
45296 14835 
42438 67971 
84069 90491 
20746 95195 
29603 31060 
82902 42755 
68211 39512 
24769 31937 
61316 13309 
49108 48064 
55573 85211 
41492 28523 
81508 72313 
54572 94614 
59658 95743 
41193 75675 
8266 68757 
28528 48232 
99841 89293 
5187 40378 
45209 14591 
1149 32140 
93185 40096 
76430 16295 
21555 52612 
98532 70903 
60825 78562 
81020 34776 
36003 2220 
75977 70162 
33668 85880 
61626 43110 
1695 84229 
43064 51315 
67181 8510 
88846 81663 
14526 62630 
59050 85274 
36 42938 
41520 16537 
92062 66193 
2100 94433 
16373 66098 
72010 9394 
55338 77798 
40871 17010 
96447 11839 
97465 31087 
50800 4390 
61955 52877 
65428 18837 
83074 50734 
34647 65446 
31710 35036 
75112 338 
8348 56877 
66861 62843 
95984 95876 
78324 11125 
32420 92373 
87165 20018 
46252 22353 
80755 12098 
99396 9646 
70192 3316 
5679 19230 
80023 57855 
49763 77954 
82122 63408 
13633 24522 
26711 57678 
28875 99298 
86058 59681 
12148 46288 
67143 85289 
8534 14623 
68404 55470 
62869 14900 
52676 37794 
62673 6953 
83506 97053 
47985 69945 
25267 69191 
63168 33088 
38838 14273 
33671 25891 
14082 48832 
86784 40519 
67971 5690 
99543 85653 
2904 20236 
49278 51194 
63623 96147 
62660 96218 
53125 60640 
7673 18775 
68024 79655 
49577 65447 
92072 66677 
96718 91023 
42892 85468 
94961 84208 
1430 16576 
90542 33972 
66256 30251 
70299 22985 
65544 84276 
5539 99496 
28420 44231 
71197 97087 
64351 5830 
85472 42950 
24308 84216 
16806 19611 
20714 23511 
34835 22497 
64475 71376 
39868 86300 
36921 58000 
91472 36771 
52038 16682 
70914 61423 
80119 84038 
54480 82520 
97801 21880 
45124 58840 
1438 9949 
8406 38864 
70830 68907 
85366 37365 
98590 86420 
9753 9815 
6751 35623 
39926 54596 
56687 94914 
26816 81689 
21041 767 
78448 48329 
27055 91132 
48856 77065 
99556 26010 
74600 39715 
28813 3888 
5637 11918 
63595 28012 
28980 77281 
82971 14815 
63327 87573 
31734 78362 
10779 65980 
13825 69264 
87800 74126 
25713 94295 
21712 50388 
77405 93811 
91332 66959 
92641 8079 
10740 46203 
1748 20748 
3724 23004 
40779 27960 
93096 39177 
48754 44954 
33858 8385 
11165 28557 
52124 95635 
32407 63536 
12704 14085 
32359 33597 
27461 53700 
53101 73631 
33795 21281 
30556 78879 
18057 89392 
32862 28755 
32185 22980 
92348 68364 
53573 76715 
61217 79104 
67904 33600 
2397 61269 
12650 85894 
86478 46172 
4928 43142 
3268 53075 
91584 88886 
12205 7106 
1678 97582 
49722 38314 
51903 66320 
83630 89167 
54066 12135 
54696 68053 
378 34996 
73776 99696 
57097 49030 
49266 39944 
79983 40084 
4065 41974 
76054 16423 
3843 83744 
75299 81177 
59172 92376 
43269 70111 
82864 30188 
60909 66318 
80882 39186 
21505 24671 
30266 76108 
46276 13157 
50731 8489 
99962 5666 
7979 83691 
95621 41377 
96178 27521 
13918 99570 
34726 76763 
26338 25518 
80092 862 
4031 83037 
97386 21992 
14431 2358 
58310 99866 
56301 38168 
32184 7901 
60517 51974 
15031 90731 
88730 85409 
97984 59576 
94883 96635 
10815 51573 
75674 90721 
88935 51970 
25144 86663 
2953 53926 
25918 28669 
58753 9685 
54986 67405 
22967 9028 
55478 8061 
53888 6122 
27534 46454 
21016 4316 
21156 91784 
77854 99900 
71847 5259 
11967 80485 
5859 67477 
33983 71421 
56062 24272 
82893 24533 
71692 50683 
18866 47483 
75695 15759 
46780 79164 
21854 27112 
63752 26823 
30629 83435 
52182 93946 
37339 65669 
46166 44488 
69289 53038 
83616 68616 
79462 58877 
19015 37919 
3525 43010 
12450 63913 
74239 72339 
29446 2641 
22726 69408 
83044 80351 
19606 9881 
24721 50446 
60669 4184 
43925 30291 
81529 26017 
67377 7974 
93629 30993 
58749 53737 
69989 42372 
6932 18556 
73254 67647 
56820 53217 
10883 49709 
80408 35240 
22735 49370 
7933 48159 
54836 2200 
38937 17863 
49773 91994 
31304 74148 
88954 35573 
22707 72083 
54868 79228 
73353 77446 
42529 65793 
31522 93243 
38441 43148 
14110 80178 
2706 49898 
63243 2974 
35306 32045 
87000 16565 
81136 15646 
17366 91409 
30006 84782 
21786 65604 
97630 91605 
86012 2920 
31534 55777 
45422 30575 
71822 94330 
79589 28247 
10947 59779 
589 40774 
38862 54264 
59396 90931 
30393 30563 
66682 75857 
30159 87012 
74431 40918 
17069 12686 
93009 38191 
85179 41620 
24670 93254 
60618 30449 
78963 23599 
85324 82499 
98081 74727 
37487 3201 
60948 65886 
25896 86644 
53645 66379 
90763 1126 
90806 55551 
67182 62783 
47639 54757 
18994 60663 
15528 58053 
30646 24090 
25455 29802 
52522 3681 
92997 82048 
31273 71118 
26221 92268 
20829 29567 
3547 72958 
62057 66576 
72480 58556 
39435 74364 
42088 32295 
71672 8602 
42207 75862 
69830 56087 
572 88102 
1314 34173 
45416 85514 
30993 50378 
75563 66918 
71757 9279 
52630 97415 
65980 65622 
60674 42658 
36617 87519 
47480 63448 
92123 11675 
8642 62784 
42854 43752 
698 62772 
88339 81347 
72801 77175 
64523 14438 
87759 36861 
98071 88770 
62725 20080 
781 1320 
97465 37211 
51376 33797 
73797 20538 
54186 20082 
3697 73580 
34675 86577 
75481 41666 
30278 621 
97641 75668 
61683 11444 
68056 74203 
24482 70585 
2724 6118 
24026 74251 
42573 34689 
87330 78798 
19539 87732 
25080 2311 
3818 43693 
84029 40237 
73027 32797 
25520 91055 
41023 84458 
89382 9177 
59168 87403 
54119 76587 
56111 67362 
84091 12168 
13462 28646 
62302 18233 
84226 50595 
43439 97462 
48458 77618 
25968 60265 
66325 92423 
34383 82551 
32598 16052 
23102 66908 
58591 35447 
62063 6442 
7638 19540 
40692 49794 
88433 48240 
31753 18320 
66917 45186 
89457 31989 
91839 74756 
17256 59224 
41742 36613 
29922 17743 
91850 66892 
51771 18403 
68141 34190 
38328 62096 
2923 610 
82239 70964 
31267 3386 
65919 59488 
70933 994 
53192 28473 
9706 19134 
70105 95503 
83605 26643 
11113 59135 
66961 69098 
21021 30906 
11120 88789 
45323 59209 
62375 63733 
12004 12091 
61668 5517 
6419 82289 
78759 66030 
27488 27094 
61717 16507 
68270 58082 
88992 78834 
46855 51319 
95761 8655 
24586 57354 
8858 52626 
87734 52094 
65312 27986 
36086 84645 
8380 1665 
17280 46218 
51899 78247 
69267 5432 
78930 41374 
84947 29639 
93845 31557 
92802 39348 
78369 84857 
55259 23386 
11589 1524 
22569 76123 
1482 61457 
44109 4917 
41306 54202 
31348 95866 
47981 45219 
87092 19011 
61608 57291 
64171 355 
85344 6170 
93393 87346 
23081 92968 
25373 86940 
28738 22292 
63746 60906 
15419 84731 
28334 21739 
85315 15095 
75966 84362 
31938 13658 
23946 93734 
35125 96660 
66598 66555 
16219 24470 
48805 56433 
45934 41056 
62167 76233 
649 46776 
59156 88716 
44186 18027 
38566 7182 
71639 81912 
41602 31526 
89402 51822 
12089 81881 
21258 30744 
16591 82037 
24260 93069 
90627 87834 
70081 62838 
75700 51933 
97637 16591 
38542 65716 
70987 52385 
18725 21448 
82865 83036 
33733 93469 
28693 31269 
81604 45810 
38479 27231 
20414 35496 
94781 34671 
71177 95713 
83713 61134 
86114 51081 
22984 39598 
47808 38481 
86022 4288 
16417 81196 
94498 21732 
21875 91547 
82873 79663 
5966 57816 
48086 80983 
55154 4887 
85101 37764 
29226 4892 
74738 11138 
83102 54070 
34070 96927 
99544 25124 
61652 14009 
99070 50539 
9913 12653 
70009 91666 
95308 83443 
66437 777 
13129 13907 
54628 88915 
58391 9617 
49710 71001 
66775 69248 
73345 71519 
80336 78990 
80583 39016 
11554 70697 
49395 35735 
26254 70296 
99978 39876 
91029 48215 
12540 22305 
34018 71993 
42091 36989 
49255 52710 
86671 94955 
34250 71536 
51444 75314 
88084 70427 
65320 63683 
13009 91874 
48971 98271 
56406 56648 
3577 46977 
1907 75561 
88150 35038 
68601 1567 
79933 92076 
5456 41871 
67191 89835 
74454 66238 
6572 97459 
377 67310 
88307 89877 
27816 51498 
91622 6653 
66669 64908 
80071 73600 
26261 87732 
81874 67549 
35176 62695 
23886 25825 
19008 58395 
39503 76323 
61435 6735 
50570 91493 
5389 95171 
31282 50140 
60566 39124 
98093 24607 
71100 7648 
33829 97749 
62967 26332 
46455 54028 
34529 35425 
83385 82138 
75582 38284 
70742 72764 
407 35520 
23644 94370 
58504 3574 
78367 82393 
43062 42982 
30160 82747 
51691 91194 
21511 49255 
66525 67587 
14827 6446 
11540 94173 
779 54066 
13772 14520 
38966 7766 
42103 15523 
1095 41575 
22355 41927 
88528 22116 
30702 81870 
25838 1934 
48691 93228 
89921 69909 
22711 35171 
20246 40383 
8275 67085 
69993 99470 
95266 77906 
102 16934 
4087 12909 
88674 75133 
14680 72123 
26706 62653 
40445 64802 
97787 29637 
87313 17753 
94170 4211 
44593 51832 
4570 24986 
38675 60556 
20028 53333 
43259 47506 
43392 90894 
80524 5110 
55198 42784 
66479 46367 
84201 34971 
50722 33225 
54291 15531 
75931 80571 
31213 43781 
35619 53168 
72305 98736 
40058 14368 
90350 18918 
9725 30105 
78699 19202 
3233 79344 
8963 17239 
52439 73133 
4876 41918 
21244 38339 
16325 89387 
26606 79305 
66082 38361 
60358 90930 
18444 35763 
28656 60029 
23749 16163 
82233 58349 
25682 24069 
45100 244 
79277 66812 
61937 10755 
16716 37568 
75143 25749 
15296 13019 
11347 24726 
67343 48214 
4183 79090 
25401 62383 
5190 83881 
97658 33770 
37964 29384 
98393 99004 
31996 60509 
16102 83074 
32140 66476 
48024 69687 
17219 41098 
63920 58587 
77024 54817 
4283 46365 
90801 83667 
88519 10356 
22282 47464 
7218 71395 
96442 19771 
99264 60550 
51344 85573 
69327 17360 
64839 39088 
84209 2693 
40291 33793 
97513 18022 
98165 19465 
91296 84738 
60985 26946 
90646 52057 
38045 90326 
2520 70136 
13216 28378 
53724 86232 
14303 42322 
54591 96017 
95612 25385 
94657 9640 
96743 21121 
84600 72652 
50105 12085 
94692 15656 
97229 68218 
4206 93304 
39694 35150 
68494 13240 
94324 96678 
30860 48645 
44280 2764 
54894 74232 
77772 14671 
29584 64844 
84350 82225 
4324 48280 
35061 34718 
43818 9493 
7249 36552 
53955 2048 
27358 31525 
18849 34500 
95836 75511 
6551 64327 
27068 36292 
46344 50091 
84262 21441 
54053 83714 
14282 80400 
83492 49062 
90664 15270 
11915 30473 
54395 26356 
25287 25423 
1507 13111 
55203 99243 
4129 48895 
33447 56572 
67373 48841 
72474 94219 
18268 54119 
50502 43141 
94942 63028 
78445 3447 
54331 49576 
52559 25659 
44934 23626 
51484 93885 
97472 3155 
19257 22161 
70780 88809 
86913 83853 
52868 53710 
24440 55897 
57795 87335 
82166 74529 
77861 61275 
76040 67275 
47598 16851 
94798 47126 
51109 9783 
58717 29174 
57571 85497 
39366 57383 
1029 172 
57747 9782 
30098 47230 
14204 84022 
40787 96765 
67675 52079 
71371 6240 
74100 12807 
82102 14826 
14272 64129 
64508 90858 
89890 62841 
25128 62159 
43279 39301 
66768 22336 
60996 86754 
46687 72679 
54480 50572 
25617 28911 
71906 1405 
34108 94800 
84601 88048 
73408 80510 
8626 30758 
36948 22573 
67569 33848 
85457 44523 
76117 67552 
33854 82431 
25627 93480 
11258 88012 
82723 85428 
36832 13454 
69832 27868 
13624 76745 
82621 58136 
80192 4036 
13457 55155 
75501 46464 
92294 67468 
66433 72841 
26797 16425 
59238 46763 
22055 6560 
66329 6947 
86903 24497 
28063 82964 
88625 10203 
95494 95063 
769 39912 
64545 6396 
99794 68803 
14674 18710 
5464 43272 
45789 28455 
27168 7627 
26051 89259 
73756 98060 
60158 58842 
8034 37982 
62807 43717 
78706 23084 
75252 93367 
42330 11964 
94223 37145 
95788 18693 
91943 1707 
75777 37418 
93583 94609 
46019 15889 
44208 90520 
85143 34748 
41132 10547 
8626 42496 
29540 42285 
6696 42222 
59378 8441 
56777 25515 
79691 55289 
73830 1411 
2974 98698 
94862 73799 
6528 35113 
54898 79395 
50476 97610 
881 10211 
82746 13045 
7260 9395 
70222 95303 
2408 47377 
42229 91787 
88569 56445 
57599 85553 
39694 26201 
9802 43851 
91295 39775 
65978 95366 
94379 61264 
95155 13046 
91523 68518 
78569 77208 
87368 62257 
10694 94428 
28025 72400 
93460 51786 
74361 25587 
98094 93122 
52628 34047 
19123 14246 
92562 15292 
73312 87389 
17894 54547 
2629 41718 
37080 77412 
24833 46350 
93128 8914 
37859 65057 
70547 56957 
24904 77734 
24722 73091 
25961 92700 
94448 11604 
38532 6055 
81862 29130 
85328 99516 
35706 41271 
40009 6612 
53609 80195 
33357 18542 
27010 77710 
71726 45689 
88361 32028 
87261 98502 
84423 3249 
5040 2355 
91734 22510 
56191 14985 
10775 92845 
87975 72251 
23845 5974 
21944 48192 
78360 98557 
89497 78764 
62049 23893 
30508 65124 
69447 20611 
75156 41958 
20109 18593 
41728 69115 
78131 34178 
73833 80675 
39854 71639 
9348 4595 
2033 66013 
20389 48187 
96297 73510 
88684 29973 
77360 40095 
83948 26782 
82271 56235 
94225 96532 
35855 36405 
16610 31690 
63567 45606 
54391 96229 
87133 31991 
82335 99728 
20606 14621 
35738 66286 
54940 18446 
50782 63060 
17652 44792 
33873 63462 
20837 14960 
65857 33460 
65596 26968 
53326 45908 
53817 21067 
23743 47473 
69302 58297 
23675 25478 
29398 78238 
20172 47855 
75558 16982 
24161 78403 
66683 34463 
51705 1695 
62626 21470 
14075 27203 
36902 30951 
80794 80604 
37420 5707 
91183 31746 
21981 55098 
99380 53352 
31319 67103 
25440 52325 
26607 28869 
50798 66368 
10642 68856 
40279 72663 
72354 26716 
94759 12463 
42782 3262 
38723 95715 
27348 42191 
25162 13196 
84036 47658 
96598 50181 
49999 47383 
75522 65246 
80131 69642 
70101 70602 
50333 14329 
71752 26209 
95467 63208 
90006 38940 
97402 92532 
17095 40183 
12097 22429 
39750 526 
26329 61724 
18947 28553 
64450 84346 
39687 92274 
23472 4030 
92347 96354 
820 97685 
84763 46045 
93238 64659 
99906 29611 
87637 99050 
7879 55053 
35063 95262 
12922 84036 
97528 3244 
66212 16212 
84063 99110 
3472 90488 
47193 39334 
72755 86297 
93886 22223 
2220 27567 
76109 89126 
20345 14825 
65266 59591 
81724 36755 
82066 9674 
70441 41547 
48809 70634 
50009 80475 
54577 46467 
3925 71427 
75515 23029 
64156 68467 
72143 68943 
56177 65014 
93556 9066 
98688 2876 
54423 84960 
83712 7089 
14827 3648 
28513 17434 
85299 15866 
34618 41481 
99786 58091 
11186 11133 
47861 38818 
20086 84942 
34093 48871 
78259 1773 
37337 27982 
9276 57975 
75571 25434 
70494 49785 
42961 51250 
94804 95491 
74999 26238 
76681 27712 
14820 4133 
1100 25211 
99258 57150 
60853 35738 
56676 87450 
32908 26679 
10337 51339 
87645 88666 
10790 60462 
86201 8792 
78728 54817 
80571 24721 
25758 26104 
68763 68729 
34709 6758 
72985 11581 
23379 29926 
2716 20179 
86043 8739 
36483 50016 
5564 79417 
6246 3745 
55612 2044 
96531 538 
67311 15327 
76808 17429 
17481 97171 
70055 83441 
6753 91644 
23064 30079 
34930 24685 
84787 27626 
48298 45859 
17817 65694 
28963 1552 
65122 68608 
19877 66153 
69225 71469 
30799 32105 
94240 21080 
50318 87169 
32539 7487 
96876 87764 
87279 76445 
77855 70983 
9641 20932 
89875 34676 
35313 684 
85794 54934 
8654 92718 
54278 3394 
4897 32977 
6347 72941 
60873 69436 
39985 19744 
2959 10439 
58655 81956 
17296 18489 
52498 41023 
41789 69385 
12011 50193 
72019 69326 
33179 66668 
63898 98500 
90295 88767 
84755 28656 
98128 17527 
11517 44317 
58652 33387 
99744 82524 
89157 2885 
50490 94376 
58412 7754 
83328 23162 
15406 19385 
83336 88476 
81269 25281 
27442 63486 
89102 50974 
11248 33393 
98752 10802 
91305 27131 
83981 64020 
29780 21466 
87980 48892 
78552 26935 
69891 16752 
68002 78430 
19734 90447 
72102 69728 
2082 27140 
5888 90906 
99850 74160 
74001 50352 
68710 68377 
29689 88913 
79962 44544 
22526 22781 
25066 86099 
10074 83814 
78598 73125 
83798 61235 
68045 56467 
12792 87077 
78643 14461 
40188 49182 
29366 29281 
76631 60246 
92207 53623 
22763 59123 
91074 25236 
18422 71500 
8879 26774 
60054 11036 
51820 81488 
49882 59214 
68415 21494 
40399 22386 
97448 64646 
16031 27889 
23856 88488 
10135 87585 
54401 95352 
89971 26858 
86098 21313 
54902 49784 
29458 53574 
83778 87147 
65930 85773 
36320 52904 
64328 58761 
60287 16892 
54552 5623 
81315 86783 
58597 43997 
55523 80694 
8594 36208 
46349 63343 
39573 68296 
46542 13309 
30650 82699 
3823 86647 
82511 36184 
24471 43059 
61338 44549 
22926 4760 
9761 18691 
57475 25358 
23907 92819 
42182 56288 
22341 94918 
53454 11738 
87406 12010 
55974 49495 
42452 58301 
57208 4779 
39424 63048 
62298 36883 
70456 56721 
41852 74313 
84432 49055 
44027 73129 
84824 60594 
79238 35314 
8723 90548 
80938 69264 
38577 78098 
99154 12844 
77980 41715 
14770 80996 
30736 61649 
72066 44471 
58482 4394 
14589 94058 
56287 74801 
75164 95519 
77964 21412 
14709 94470 
63192 13679 
26478 87567 
67149 55910 
22451 36613 
69941 2107 
96842 65574 
47963 88303 
17993 47006 
22188 4562 
34451 54023 
59455 87517 
93579 26668 
91956 26103 
61792 77477 
37429 38136 
4366 39962 
47954 93395 
29713 45936 
88813 30104 
28152 2810 
50499 36001 
38385 30383 
26777 42628 
56270 8171 
49582 12053 
59938 78914 
57609 78908 
62901 51675 
89565 47458 
22524 48842 
35378 33353 
25081 45291 
49052 82778 
40580 55167 
25385 97910 
90660 31937 
69438 46917 
1052 60788 
42432 39148 
16485 38912 
50641 1769 
40350 58879 
54910 2749 
24068 33041 
17557 26956 
71798 22781 
70737 27031 
45004 65433 
85727 38800 
48337 23835 
46144 72154 
53411 18720 
79756 62668 
70265 42523 
83346 96643 
7650 94705 
82981 2843 
72759 23317 
8091 37882 
48599 5264 
21910 79037 
52958 48633 
43120 78195 
26732 54437 
13954 23715 
21369 32264 
18545 3184 
55290 24563 
31958 59346 
87355 57697 
85162 83940 
11791 4371 
64050 99738 
13488 11701 
21720 39780 
35150 21912 
72327 44592 
98511 88571 
52150 63153 
90686 70218 
78890 61411 
73691 65429 
13783 13345 
258 38583 
32742 73916 
22316 73961 
42560 10634 
59819 87361 
36071 1100 
57120 18988 
66263 87524 
91644 29160 
33427 16058 
15377 19261 
21772 78718 
3493 4332 
92310 18749 
56452 70872 
37363 56447 
51980 63645 
28695 41813 
71558 58662 
46077 42811 
32419 96038 
55983 33597 
40497 66029 
21154 55772 
42397 64324 
60934 87518 
95145 58522 
49568 70431 
91360 36769 
35052 11919 
74441 41608 
84665 2238 
53456 27400 
14979 59543 
80662 18006 
43923 43773 
85918 82962 
10383 60776 
71728 94982 
42859 11734 
60248 79395 
22874 29800 
49324 16987 
81079 85784 
78458 15734 
84456 37786 
27587 24037 
21507 45883 
71647 18315 
69029 72277 
92132 61218 
28797 39757 
3174 93180 
55464 26905 
84190 89718 
57944 37143 
23690 89578 
45762 90570 
69603 74762 
9117 52441 
50298 62436 
66806 30232 
77464 50853 
89719 42427 
67108 46713 
9239 86451 
18151 89700 
49703 10661 
69447 81507 
81964 25821 
15531 21233 
81140 75229 
98995 46821 
85796 19434 
13098 83088 
98081 81463 
42110 866 
34775 41513 
38798 98958 
37702 66276 
88613 30805 
78657 7365 
38333 11195 
48766 5764 
73281 54812 
5098 94781 
11680 18058 
58411 2690 
47345 38357 
25045 18032 
12610 90998 
33278 95528 
52224 12592 
69860 48597 
95969 72367 
75997 95666 
92785 7727 
53675 1777 
22480 78944 
23050 84449 
32386 39302 
79506 33306 
55842 61671 
35018 26667 
56965 10235 
92645 15138 
11878 96980 
95232 82156 
80446 16535 
9828 84520 
44512 10120 
57853 22135 
88728 69574 
77717 85501 
78332 55847 
11374 81928 
44511 72811 
39193 47029 
22510 6903 
48588 6714 
242 15856 
10986 66760 
25832 25638 
59010 71931 
91440 73760 
1156 94726 
57625 19194 
84791 84996 
7651 24437 
19938 36008 
24324 3625 
6127 99963 
63326 22082 
62468 16546 
56464 27354 
47179 1773 
15865 89506 
66906 81231 
25850 29348 
18528 41723 
3102 17259 
76472 18422 
77672 32411 
37173 30812 
97499 82435 
58909 30022 
87336 96975 
90085 22588 
99302 25051 
61890 91259 
76776 85796 
32346 42144 
15944 44897 
7884 69312 
50007 14922 
35877 42911 
99947 6736 
56998 94920 
32685 91349 
29765 97867 
42584 66753 
91310 6116 
25453 62738 
98228 56832 
45588 58136 
99202 8229 
5816 29589 
27211 26463 
18148 98697 
63225 19290 
38332 95265 
15631 54605 
71478 8393 
79990 94989 
77871 54252 
92306 25637 
8211 49675 
65624 52312 
75714 44052 
4558 98443 
28890 28521 
25283 36018 
23252 11090 
69521 43666 
2826 19066 
90259 97072 
93063 66040 
4170 61871 
75574 99715 
51178 77198 
62113 28941 
75075 89265 
10307 13623 
40823 18678 
26866 89515 
33911 22609 
85352 91436 
45078 43540 
45057 33060 
29726 19970 
95141 99192 
45527 71283 
63897 7322 
13994 58951 
26862 99253 
22212 69268 
19474 30722 
79455 59034 
10053 37186 
70066 54923 
17122 67346 
98778 99681 
61431 92452 
7548 93909 
27513 19079 
54036 90841 
72198 55827 
80977 63369 
58248 10263 
73037 77487 
10100 21414 
93098 74416 
85704 65297 
13500 84837 
33509 6160 
9386 73000 
56910 4545 
61117 35899 
39781 34757 
20608 63285 
96212 8950 
32490 97970 
95170 52821 
65150 22687 
76499 28749 
98987 39742 
18556 56241 
39644 2707 
39741 36678 
72503 5652 
16245 49583 
51383 34698 
76630 51051 
19174 39107 
90126 71445 
91067 84722 
64 79116 
92026 11239 
66432 49657 
29376 26610 
72254 56063 
98600 36827 
17384 74201 
65897 27397 
70215 80089 
44561 84015 
72970 766 
83912 64245 
99407 68904 
19297 9483 
45144 22802 
89572 17015 
90297 88066 
14542 75703 
11684 74985 
38963 5618 
37598 26543 
92020 31917 
32003 55970 
81590 66284 
66954 19886 
41141 65488 
92161 83335 
73782 85900 
38844 46405 
92751 55259 
1344 18591 
40549 38552 
24463 46745 
79966 83555 
87084 25161 
89389 93400 
13342 42243 
62090 88479 
61481 47217 
4576 88053 
37485 52457 
52648 63140 
55690 22259 
75440 86557 
21779 37276 
17537 33443 
44944 65333 
37143 66154 
95442 13967 
34321 71103 
11378 87779 
27493 1952 
24286 24592 
28671 23494 
16908 38390 
88278 43627 
48542 54142 
28990 67011 
83455 79889 
64664 3335 
36034 24819 
5209 15543 
2752 38599 
81162 98931 
85445 16822 
82792 40740 
23023 90206 
97669 21669 
39466 91057 
47962 85678 
84777 69501 
74123 22512 
92565 14136 
85146 78590 
3007 16993 
97260 36184 
3173 11079 
12685 78288 
18043 289 
48014 87122 
45019 96088 
7793 7919 
62323 73120 
13053 46452 
57411 56799 
36809 58704 
15364 59911 
68986 34145 
79208 92401 
31730 70288 
44183 78791 
92744 85477 
76255 31001 
79070 19352 
51437 40921 
76652 25948 
97048 76639 
12031 73124 
78552 89040 
51717 23797 
16397 61338 
22028 89427 
36107 63115 
47635 14242 
51838 2579 
30560 69904 
58730 5989 
43041 14608 
62586 91593 
87470 98076 
6782 46915 
84516 74459 
65763 62861 
86575 18843 
62087 25869 
77861 29896 
29701 20209 
14717 41105 
89981 46529 
80166 56147 
29047 19898 
75223 70108 
64935 70816 
46174 37592 
71475 36083 
51807 1191 
82029 92877 
7471 99378 
30739 59053 
3921 31542 
1536 55421 
88003 69736 
45853 1624 
9577 71623 
98883 96273 
84449 67176 
71147 14084 
96639 62905 
17257 38056 
64955 31663 
86989 33081 
28635 33542 
45112 58885 
64752 43953 
5904 14846 
36059 48634 
65863 6960 
82171 2196 
33891 28132 
9222 36714 
52006 46954 
3568 49969 
71680 7272 
93635 99111 
952 51089 
10674 74867 
65701 90741 
53961 33807 
34829 72777 
48902 21802 
43538 95607 
97539 30456 
11524 65737 
60095 90141 
93617 3279 
73502 18185 
19219 36458 
8261 8835 
73919 56916 
88502 72826 
51704 42918 
51798 8665 
59453 95916 
5056 15223 
86718 77430 
40717 35762 
63282 77853 
13538 57240 
14590 96520 
42396 75526 
90847 63269 
93816 77133 
89449 85729 
24366 81101 
12373 63698 
7567 30907 
255 72213 
47652 25529 
63102 78324 
87274 31307 
83935 23050 
49183 21736 
6140 69658 
12925 51084 
27879 92136 
16780 79489 
17669 53622 
92427 32175 
34055 3556 
85256 93459 
79290 4437 
86760 7437 
42030 84339 
7121 81538 
87276 99705 
45869 66580 
33139 84458 
76422 17541 
13482 56067 
46329 22927 
63082 46999 
9229 27449 
77692 30837 
46782 62666 
95211 16360 
9285 43312 
16163 90004 
2176 83204 
31771 97394 
72332 33976 
56132 67981 
2810 52288 
65364 3369 
7630 56756 
31047 69500 
29206 44522 
97896 55649 
80191 99206 
96305 89049 
38826 36926 
99282 22974 
2228 5125 
30231 48227 
25646 70168 
3160 13245 
27351 3933 
30103 76416 
18596 7126 
61900 55684 
26022 87568 
37952 85171 
9902 45405 
8150 36289 
45774 4038 
55928 11694 
29320 65455 
95205 74437 
84722 61771 
35985 31802 
5300 20935 
13455 53561 
31874 63898 
53659 67779 
79078 2961 
5176 43772 
52769 16620 
688 41490 
62723 34872 
24934 79316 
23934 80796 
56266 48162 
57155 79164 
17867 78769 
44708 60877 
21672 51207 
71136 63233 
13112 20853 
79918 50359 
28055 23500 
7268 55552 
54632 13754 
11941 77863 
52131 85478 
6001 48948 
16729 20857 
5669 23004 
99564 15463 
63671 32594 
76484 30764 
14874 96175 
40796 32608 
65585 59379 
40418 84500 
83508 1402 
9089 77835 
162 40275 
47604 97790 
20452 26397 
95542 43173 
45157 22362 
96535 41307 
51210 28958 
860 24887 
41972 32138 
67981 66771 
75091 13847 
28626 772 
99077 90757 
41119 91794 
81378 19305 
29853 57020 
90551 32846 
25199 81365 
2995 57323 
33573 15046 
40771 85521 
54001 88862 
11210 76819 
23241 33660 
11242 89263 
15366 44480 
79862 43874 
43698 86972 
30608 67289 
13049 3969 
72651 58140 
48489 43436 
33843 75043 
83176 95572 
31988 49588 
22270 96406 
1649 86478 
12554 28054 
72939 24718 
38092 21608 
16064 98738 
31118 47708 
10757 56384 
34318 61906 
73307 61903 
75759 57238 
75540 36367 
20943 64769 
19873 65426 
47823 34397 
92516 34836 
50075 22813 
2884 37908 
11525 13285 
31474 35844 
10355 92815 
50732 41848 
5556 16184 
53856 42997 
30066 93599 
25003 70014 
65143 48830 
11033 74433 
98715 8168 
9724 75065 
76838 97009 
72268 91252 
41834 40485 
28930 89081 
13281 87368 
85889 28551 
8781 2284 
8572 14626 
20225 333 
2195 23176 
58304 30317 
23788 93990 
53074 48020 
11590 57369 
51620 59406 
97544 88258 
85208 55036 
76482 62414 
87796 1713 
41661 22834 
35354 5054 
60450 51449 
41184 7598 
56255 81067 
86272 41063 
83201 75574 
85672 8475 
28587 52628 
92024 32172 
54828 22392 
15534 67039 
97357 68257 
96085 44859 
67885 1136 
97623 85267 
73443 77540 
7567 81572 
50800 83507 
14694 45579 
33116 51359 
7826 74548 
11136 94378 
84601 85552 
24723 15626 
84700 47765 
22217 71494 
65154 31569 
54885 47986 
16666 84894 
31635 38316 
79388 41808 
45199 94089 
54167 66164 
95157 59144 
21012 33948 
75467 85096 
70375 62015 
64539 70662 
24809 97995 
54482 63053 
78670 96435 
82770 9049 
11750 19602 
84363 45771 
39077 17874 
65264 76790 
43582 64298 
9471 87851 
948 40619 
70504 18334 
46663 97986 
65919 19512 
54146 44527 
88667 98731 
89810 44131 
72685 69827 
85990 46009 
1735 4403 
25917 3009 
30354 6054 
66243 78140 
93614 10171 
32117 83409 
18495 45657 
7389 42808 
13777 81698 
8253 22192 
7691 22692 
72486 22772 
22937 7472 
18416 92082 
27245 15183 
27839 66537 
74286 79478 
85331 23085 
54565 65124 
62773 83922 
8786 66703 
72331 87936 
17258 47765 
23772 15221 
68058 50606 
12716 26949 
23933 71806 
35236 61844 
53366 16696 
71242 12666 
64742 17147 
4139 91331 
84213 21364 
47502 79710 
47666 41832 
30839 54625 
35074 78105 
55990 70204 
61573 14837 
73321 78500 
53770 32270 
42577 70175 
82039 56321 
37116 21030 
90013 18492 
22206 37317 
60985 92009 
88193 2997 
87616 19921 
47531 45510 
66106 53321 
11052 53114 
18911 73420 
43294 96478 
61138 79911 
59322 29974 
64863 89846 
66199 73992 
42965 6232 
71099 8596 
69420 83570 
75040 40989 
76581 38797 
46307 44473 
21595 30375 
20856 5016 
93924 55742 
8341 53002 
43811 97864 
91879 2378 
47607 85370 
97260 67198 
90009 17529 
73038 76380 
35543 45280 
66792 61570 
82056 92613 
4787 50065 
37498 48746 
82424 55060 
37942 60915 
51016 18824 
29575 9982 
42836 30929 
70306 56671 
10823 13283 
67656 4922 
71941 36482 
58791 40651 
33901 7842 
55799 69176 
53814 50529 
24753 92618 
24309 75274 
40634 39775 
7749 31465 
61829 85291 
42397 12757 
97739 72381 
25741 83854 
891 83943 
39648 89745 
1047 90565 
19627 6431 
12898 40780 
86194 93060 
91272 48823 
50176 9384 
78155 78252 
75789 69594 
84383 15957 
35380 13825 
75507 80413 
17991 92020 
86138 10462 
60219 71336 
69966 36494 
52324 97897 
3697 44563 
35160 66480 
2311 5817 
44180 77556 
70325 58542 
75660 90163 
9152 98194 
47236 11166 
24201 51992 
99935 96752 
26988 88947 
42146 80369 
7356 43648 
67265 82821 
58773 12705 
86275 4866 
75743 16420 
4093 50424 
6500 5093 
34232 79354 
36464 29288 
90197 42800 
98325 86482 
13988 11204 
53173 2679 
2185 65365 
63746 6913 
68323 84263 
85654 8984 
36589 29924 
35343 96362 
96380 99180 
54608 24851 
59819 84962 
80611 89467 
55087 65641 
47658 26880 
57246 19916 
92388 18865 
5218 46904 
7578 37390 
78679 56321 
91400 96283 
11847 82027 
68783 51866 
2495 63721 
19433 25512 
33979 36180 
33070 4753 
65699 63223 
26661 16423 
63099 54422 
648 55219 
32173 6607 
81628 94150 
95434 19354 
97458 99544 
96372 43857 
57409 22579 
47665 38015 
64807 41757 
44756 17025 
72469 86305 
50876 8429 
2325 79181 
22194 43308 
89727 170 
82493 41185 
80270 84511 
75629 75229 
2346 40543 
20987 36445 
62180 91074 
72259 50819 
59767 17470 
33095 41764 
3912 12912 
14497 71678 
12489 31846 
28344 41124 
20056 56320 
98988 71819 
79137 86737 
40621 50560 
33768 4492 
91933 65182 
64301 47007 
21571 20781 
51008 81908 
17999 84704 
80686 66370 
55583 72160 
25228 30102 
85073 50834 
54082 26039 
31127 12503 
3498 51454 
92122 32401 
14665 54072 
28212 12979 
70111 2648 
92445 87695 
3147 19600 
6732 42590 
28666 44434 
9548 98686 
45295 21036 
5458 86595 
88643 79336 
27945 36245 
73329 12436 
86445 99261 
47503 33946 
6123 19272 
97716 37140 
84630 66334 
84311 67441 
83948 55611 
57879 62831 
47367 77631 
5903 12977 
81783 77660 
5329 37164 
73681 35129 
11620 83583 
13564 10544 
97748 8086 
87999 46951 
67611 99201 
61127 35761 
7526 78018 
8126 82641 
6735 16527 
82029 38176 
73271 86002 
92230 90109 
95063 68271 
48134 49273 
47818 36988 
74606 99648 
31013 43492 
37245 24532 
21232 22382 
24973 65404 
68113 65647 
25016 17840 
22345 997 
91091 19698 
77428 49982 
49452 40818 
27322 34555 
9436 40581 
90651 46928 
45216 19959 
28782 96879 
93725 58027 
89884 3122 
70048 89463 
43991 906 
36038 49133 
35116 96704 
70542 82664 
65634 12676 
80311 97744 
45423 28525 
59544 9936 
83689 46426 
52964 18868 
74896 75918 
2449 35973 
31921 59940 
60432 73285 
49319 40658 
34659 94327 
37495 94281 
88358 22744 
54615 47756 
57455 2100 
77254 27061 
62222 1123 
93063 76738 
84567 62686 
69139 33387 
54163 1964 
48320 32036 
36698 69432 
52304 73605 
45768 7753 
25244 84135 
6266 48139 
34414 52014 
81592 11347 
55552 38126 
39636 1270 
9658 15665 
73162 4939 
85313 11292 
9103 41762 
75981 87394 
38252 36949 
85305 26374 
71891 29342 
5065 52236 
85181 62227 
50242 52163 
38436 47222 
43559 41349 
76897 35967 
77888 48047 
97223 82077 
49081 82599 
34625 26721 
44077 94165 
68430 95186 
89513 11938 
65829 48895 
14659 13798 
83657 97640 
59092 64722 
26276 40131 
60370 19647 
14001 67492 
89825 91111 
50936 33953 
65668 40636 
93740 71747 
61737 64678 
13516 3080 
47518 10871 
11898 81089 
40463 78389 
99372 73780 
25179 27418 
68949 90226 
95717 47076 
1571 36679 
6975 8513 
20929 81742 
79132 60552 
74877 4389 
85086 8862 
58228 96362 
65000 56512 
7406 91370 
54370 73676 
91316 97500 
82427 7347 
94740 16395 
96222 38062 
40676 42996 
92409 40031 
26251 53030 
93507 3425 
53208 1931 
88364 33205 
18399 78502 
67554 47528 
92370 79395 
23607 60607 
54781 96348 
53257 49826 
74321 37126 
94313 74986 
17684 33257 
53272 38744 
47330 22884 
31467 51640 
20921 35456 
37342 92514 
36724 46465 
80314 35725 
78699 15074 
77766 50233 
2625 65246 
70840 62463 
70303 21837 
37009 14766 
82764 67145 
7785 44405 
85346 40516 
48499 54145 
17617 63889 
33708 44873 
59359 39493 
56594 33097 
80137 32484 
43624 81740 
34489 20852 
6764 31354 
57352 67774 
54725 30670 
5057 47381 
1978 30366 
56088 33981 
59698 21974 
32761 46870 
66335 75078 
30084 28115 
17160 50215 
41274 19109 
81932 42400 
50765 93148 
57725 40699 
25007 95961 
90007 73010 
68944 43838 
9217 42005 
31811 29908 
72354 48138 
39704 93100 
69544 38682 
4369 11469 
54033 17965 
7748 91808 
80754 3261 
90053 40859 
93396 13281 
75459 19921 
82780 31718 
54015 4305 
50437 97042 
950 91826 
50394 31533 
55264 30391 
49482 37466 
98371 63786 
41893 56485 
70508 26829 
77237 9307 
37727 56384 
13016 7318 
75523 23047 
82215 54953 
66481 29855 
74625 42428 
18808 68990 
66543 61983 
212 75194 
97651 67700 
47305 65508 
86179 38825 
54577 8931 
93833 99650 
68928 26742 
550 95161 
15865 84472 
25756 20998 
61698 99888 
37623 58708 
72388 57879 
24711 72823 
64215 92722 
65428 85028 
53986 71000 
19887 52436 
7263 84298 
86048 42002 
51915 39820 
7412 11111 
71288 19187 
93094 75606 
16366 60943 
12760 70821 
79536 10665 
58674 88634 
53905 74080 
25045 4110 
61603 3226 
40879 89010 
72079 43439 
6700 46248 
47165 69827 
27799 89321 
43464 45914 
7079 33808 
74664 44235 
59084 64221 
86419 78950 
33484 88808 
24695 13890 
91059 97347 
84810 25989 
58129 92552 
12880 23652 
96428 74373 
93971 42379 
64574 18320 
1986 65846 
14561 3865 
5168 49637 
62129 17039 
18051 56966 
93388 72557 
65828 50959 
21742 75079 
80282 26465 
88924 66704 
77806 5869 
11906 88318 
79503 67986 
13424 16141 
20946 26895 
38077 21611 
64905 28448 
48199 42698 
74211 86161 
14136 47807 
23865 35375 
62099 19606 
31641 44787 
19399 85454 
64610 87844 
1685 73531 
35405 42998 
19697 79331 
36478 61458 
44093 85894 
73223 13805 
56046 92950 
47558 2734 
28632 75091 
12403 8190 
29405 7168 
64453 13283 
8098 66278 
67779 44638 
35064 44049 
3952 49187 
85843 80348 
25807 20952 
25148 60117 
51365 85958 
29611 98741 
72084 51205 
2781 78137 
65293 24469 
78151 85740 
94551 15746 
76405 51578 
53591 38248 
81619 74873 
59665 37133 
27777 80872 
30294 87528 
41804 51083 
83775 19895 
72163 25649 
88282 50440 
43166 85288 
46999 17002 
14238 82040 
47423 46742 
90729 2989 
21846 10955 
28215 19239 
62988 54473 
95820 93550 
13853 22352 
15706 94423 
4090 44929 
75691 91804 
36517 83860 
19854 90196 
36909 86335 
58025 88618 
67763 42455 
99218 43689 
72479 91628 
6344 52059 
60233 77829 
89962 61451 
63796 10720 
7346 65805 
2657 49862 
9834 39289 
62013 92642 
86167 16437 
54565 13037 
82477 31175 
66491 67960 
40603 86256 
1616 60703 
85559 36378 
28467 26849 
10295 33261 
3798 87056 
51266 98957 
93107 93216 
21896 64937 
33777 79759 
72652 38746 
89713 20273 
76242 37488 
27651 81057 
94375 57991 
4845 57932 
68525 37146 
95378 80304 
91328 92763 
98118 67430 
57512 25226 
63143 25781 
63680 3288 
45459 83565 
24791 53530 
44935 68700 
1850 22350 
19568 49934 
90098 81767 
65591 77276 
99920 5891 
42358 77570 
73698 53625 
82575 83771 
21012 54954 
69145 2365 
21879 13127 
78763 52393 
43130 3116 
89344 41659 
36538 67914 
23495 80936 
39010 88543 
53439 75411 
74901 31112 
24158 74061 
68454 54807 
60998 2315 
10372 98392 
15570 51105 
86708 49619 
69497 46270 
70550 41896 
59431 76310 
97359 15600 
8705 13586 
93398 27650 
51099 24350 
3294 92243 
10423 26321 
67618 88110 
55965 19076 
34230 73209 
88314 82133 
48210 6481 
22690 8331 
54320 88079 
27608 16052 
63259 94453 
45571 62763 
78365 2729 
69445 64544 
52951 69992 
73291 11494 
50141 57447 
99609 57270 
6835 66818 
86342 52568 
61353 86947 
76437 86927 
90352 32237 
90356 1033 
14742 91404 
57659 32560 
76647 94928 
97638 62583 
59847 52676 
10930 36747 
24665 9366 
94151 45619 
54952 14826 
17829 62019 
69570 8491 
14217 49649 
33723 73102 
6092 76949 
16484 21285 
70210 92890 
80055 40515 
69824 47253 
53567 36878 
9501 66985 
39640 86144 
62489 32334 
25460 21840 
95919 31713 
21785 64321 
72416 12638 
33095 22299 
37992 87582 
69976 78834 
15593 98208 
50902 7506 
11248 89208 
4718 51277 
5528 93852 
77409 36515 
46818 87355 
67164 87710 
84926 21288 
60274 54600 
83625 12537 
17047 62747 
28951 23668 
61746 51051 
6425 38070 
63422 65227 
54854 2882 
55579 35005 
16945 85461 
31757 74599 
97702 65011 
71411 10930 
10413 60031 
95861 62178 
37014 74334 
27633 60416 
54722 29659 
28183 36384 
84026 41284 
18744 61921 
94505 84535 
46993 76139 
64388 94727 
48233 5090 
27385 40820 
63960 21533 
56035 13964 
22981 81308 
24662 76092 
60633 15922 
67008 20859 
50213 57123 
93708 9489 
47368 18576 
62990 57452 
3009 62167 
4335 64409 
83179 32048 
79314 99485 
45392 48237 
26390 76692 
60064 13368 
77225 81199 
33006 1161 
50864 36143 
80294 63236 
29142 31817 
30410 12086 
91762 74314 
80202 12334 
42707 49091 
10978 39854 
91009 36415 
78972 48902 
58360 60299 
30459 21071 
73650 254 
55950 56730 
80239 46105 
90176 9540 
25626 30097 
84999 57683 
25138 27641 
30902 51679 
91367 78335 
79395 77924 
99308 42229 
23420 29580 
13489 72854 
25803 81965 
37866 58121 
46782 28331 
61851 52988 
10834 43681 
66564 3643 
70295 9266 
24240 41963 
68694 48439 
70706 11152 
80223 95752 
55943 68699 
3463 45475 
80949 1172 
17253 3193 
10489 76889 
64492 94663 
10788 57119 
15719 69849 
98804 84218 
78454 76813 
5460 66000 
60599 70148 
49058 79631 
66554 61644 
87049 25471 
3319 17109 
64474 71538 
420 52570 
5558 42654 
2362 85519 
1350 24833 
75182 52436 
30705 75092 
79700 12517 
14572 49640 
3270 19349 
44214 89249 
9073 57210 
42877 29657 
57426 6748 
17370 36927 
77125 25977 
31135 2999 
16464 6845 
83595 75003 
83412 95083 
11917 33429 
92282 41580 
40817 78878 
70301 87264 
93602 34863 
41646 70238 
43395 25014 
98768 83907 
27314 37045 
91268 7859 
68371 42968 
11122 79479 
49928 5286 
29676 73588 
65802 62302 
46668 9829 
25423 52142 
44409 13101 
27954 4764 
1305 11027 
31853 3942 
8048 64255 
37109 97124 
47115 90354 
66188 10039 
41593 60089 
76760 5072 
52912 16108 
64302 7689 
8705 88334 
15960 13544 
71806 57847 
58367 80438 
19332 51559 
1579 3895 
86771 33723 
18925 72912 
46233 97098 
18249 3279 
30245 46545 
53895 49899 
82908 10907 
755 6656 
18778 15199 
61787 12621 
96461 94467 
8641 96798 
68739 33091 
61388 10072 
53909 68913 
97790 12688 
84098 10224 
45186 8324 
25439 75485 
48753 41704 
32300 80577 
28789 5696 
93158 66478 
36586 35987 
49252 81403 
93622 6657 
18811 5814 
51962 78365 
39423 36107 
45150 92372 
49030 23376 
8326 48238 
62094 97327 
33902 50783 
61581 92250 
94857 62817 
19757 31873 
11561 54090 
81164 23020 
60000 94093 
89683 54157 
19384 96561 
18264 94243 
35338 86938 
64678 39751 
31216 30528 
9560 63255 
34568 28730 
94041 75726 
98368 63476 
63435 26445 
87346 45880 
40737 29404 
68619 4117 
39070 23146 
92765 27668 
95803 42157 
76617 70331 
12664 2263 
2240 2767 
16007 79913 
27932 96870 
9279 95804 
66547 18850 
75761 96990 
24033 5715 
3838 68435 
6811 667 
49324 94911 
464 26975 
19778 37211 
94176 86991 
64293 82834 
75460 83225 
78885 80618 
47943 71815 
92408 71242 
31300 75159 
80823 81070 
86945 193 
68685 55529 
75635 31467 
15874 69995 
93903 94119 
54885 71129 
55071 10811 
39393 69664 
77552 8827 
88347 26823 
18277 68804 
61518 50889 
42285 44917 
82192 47865 
50863 27872 
30627 50738 
99 66675 
67915 85570 
29321 12891 
14064 19408 
84585 2007 
96380 75009 
66269 40499 
4663 90392 
51749 24345 
38243 47437 
44284 74960 
6566 93088 
77419 41943 
49800 29112 
60579 88483 
78863 51985 
86007 44943 
95294 83131 
29783 88876 
40563 41565 
70386 85592 
41685 75941 
17115 2436 
65423 91068 
87657 92022 
66907 75141 
99182 24958 
20133 58257 
40565 40960 
47619 10238 
74701 78751 
24386 16320 
79328 39783 
17471 52991 
72386 38568 
36348 23060 
83656 93283 
11902 98976 
28279 14317 
92033 66503 
9708 55556 
40478 57020 
29780 3464 
52115 6066 
11766 92386 
52798 78146 
48659 51007 
34674 53437 
73392 4533 
88970 80664 
10295 79915 
37409 62289 
7822 87300 
30681 53050 
71419 79927 
77822 20986 
12377 26778 
93877 41260 
3629 67588 
4894 67411 
86643 58156 
29065 52110 
4935 55434 
60766 70061 
49196 36492 
20250 29369 
86602 93195 
95941 44545 
12636 95332 
98532 84203 
7562 68920 
66526 99638 
1688 93557 
11373 86611 
53650 82912 
67027 32010 
24146 75877 
13543 49496 
83945 32358 
77207 13795 
29416 97330 
70778 62009 
91462 69555 
26536 42121 
14435 87196 
92145 53808 
50481 21613 
4735 44757 
61718 52716 
32146 96866 
47760 84530 
71939 61002 
19310 47995 
28567 76484 
19914 29528 
46990 41969 
57405 58498 
67093 88137 
44214 84543 
77375 39403 
61390 76503 
88704 41787 
55075 78761 
19329 77168 
46097 67937 
80859 80332 
83503 63080 
81614 24544 
1009 55949 
18499 43797 
41759 44404 
11494 15487 
1199 71637 
45872 35930 
513 96648 
26417 82968 
43765 47311 
15204 74839 
30748 36351 
19921 2565 
94519 52675 
23220 34304 
7680 75783 
95284 64411 
54708 99332 
11546 7415 
98967 91444 
5428 17674 
82523 63993 
21997 49167 
84463 70829 
2592 56686 
29166 5790 
22768 79659 
79788 25379 
26301 42866 
74238 78066 
46551 54533 
60975 82474 
83125 81588 
70217 60054 
6576 34303 
12471 94382 
96770 98126 
30789 58822 
81619 9194 
45739 27056 
31994 81811 
22797 56881 
85963 61161 
60745 16644 
20874 92555 
46579 5838 
65352 69705 
47588 6637 
44945 48875 
14450 91501 
84934 93132 
50533 3524 
51714 41554 
62108 20800 
229 81901 
41718 13840 
9067 42083 
52716 5953 
27116 5705 
76811 50524 
26103 33 
58436 46222 
51869 909 
29860 21447 
93877 48478 
29170 32693 
47259 70002 
29619 38021 
24603 61633 
83286 26438 
85722 89695 
44612 6772 
92805 33827 
80085 85468 
65630 9313 
89198 91769 
6950 73964 
58781 40859 
91662 46112 
47902 60795 
65068 34612 
53752 47449 
75298 9166 
40282 53164 
72877 19854 
20834 59488 
46462 8471 
73592 32058 
27934 41046 
34426 6639 
92304 30897 
55518 9281 
98319 14623 
40164 70713 
64167 89629 
64228 55332 
49374 21095 
72929 88540 
18728 78749 
98037 32665 
97013 69364 
74968 31353 
84350 89585 
51920 15050 
91110 35522 
73876 36089 
68644 70478 
93159 80902 
57493 70244 
5218 88981 
48266 36600 
33378 93499 
52049 93946 
89553 86856 
6965 61475 
19242 5942 
5464 23820 
98615 26502 
12891 6827 
89075 53786 
62108 1912 
70436 97514 
51182 72410 
67670 23198 
41581 18368 
58165 79004 
52854 72459 
96554 7563 
76436 48985 
22344 65564 
85988 70386 
21979 90405 
4604 51232 
1416 72873 
259 28392 
87884 17523 
20015 87849 
20234 98339 
40795 53606 
6132 46244 
9956 72188 
21317 37172 
72400 47407 
1243 84656 
32661 54430 
28644 79265 
80147 89567 
51926 58739 
13664 92816 
78731 37288 
37363 13858 
76652 70273 
64416 79033 
78768 81384 
57016 56755 
35543 33409 
51696 11900 
76581 80842 
67521 85887 
45846 2802 
71322 38491 
52175 78157 
78989 39868 
33244 31194 
4682 6835 
65640 45864 
30917 36150 
66287 19337 
61595 99335 
21169 1518 
37354 28547 
46196 46143 
38030 41051 
31963 81240 
70542 21055 
49312 91962 
42182 1974 
95789 97198 
49066 69626 
44450 92866 
67435 37453 
15952 29418 
21501 28522 
32432 88839 
15716 35894 
27449 27322 
61610 22897 
80054 53759 
99772 67882 
13073 21379 
16067 54252 
45762 20061 
77857 55873 
19222 70259 
70755 70390 
19301 35983 
99386 8580 
6203 93882 
26632 56521 
22596 18266 
65023 89209 
92759 67750 
1194 29167 
44133 88220 
29768 11681 
79626 78963 
96542 39478 
4121 4028 
2514 83969 
61852 69291 
77 17638 
72668 27190 
20625 42716 
64664 15711 
8828 14968 
88275 85999 
3026 48245 
62639 23789 
93439 25386 
48880 23927 
10337 34127 
66950 34301 
42823 92864 
72743 45829 
65555 30432 
90447 68481 
55508 36508 
51416 99836 
13808 4806 
25344 62295 
68675 49922 
42090 57847 
24693 90523 
93275 65118 
40918 56477 
71551 82498 
65709 95640 
52486 3214 
29743 27144 
49045 93503 
313 12412 
71923 33414 
29799 92514 
10287 71256 
89103 71082 
6993 37366 
62892 5661 
39911 60586 
97645 7222 
36752 31766 
35765 37478 
44591 62557 
39471 36727 
47294 94948 
6675 11130 
74132 27198 
7743 57640 
71097 35232 
26791 7271 
12773 85061 
74123 22914 
17106 51410 
47403 96649 
87985 80495 
58343 53276 
51307 60778 
8983 81761 
69010 94520 
97003 84331 
12556 95083 
53106 54182 
52427 70202 
65112 67028 
73440 89795 
23233 99216 
57000 78417 
28879 65653 
80930 17078 
45394 4509 
75070 86884 
33283 22472 
36585 37871 
4769 54260 
52767 20376 
52927 83177 
1081 73443 
59193 15682 
96303 24985 
59690 2262 
32833 21841 
55596 49336 
26602 74334 
85709 72486 
95462 69595 
40388 0 
29557 80637 
85184 47546 
93889 74094 
79824 49693 
74145 98479 
23539 52121 
23809 17006 
31339 39506 
95704 34228 
47445 98402 
44318 54147 
31891 91883 
66606 98953 
14231 53275 
8458 12169 
94307 89986 
1604 67743 
84183 25282 
11439 7489 
27672 95780 
70130 33325 
4257 65497 
41312 87815 
22753 13498 
12784 66861 
36729 1479 
41854 21687 
68485 30103 
84303 23824 
11276 48414 
22435 86406 
90540 89407 
70265 57831 
4022 66608 
74622 29754 
27979 81470 
49793 30342 
72063 59467 
80301 5887 
89019 53940 
1527 29099 
96975 31096 
21070 10794 
51919 76955 
75136 33200 
15832 47667 
23674 67712 
2008 18256 
75615 87709 
43245 71697 
1248 37898 
20863 10164 
32664 75677 
12939 63363 
75131 57125 
68662 15029 
52383 473 
92383 68018 
87021 23319 
25721 20833 
73571 16315 
48987 34024 
36227 85713 
84232 23551 
75883 69895 
71384 30061 
1803 10904 
6216 77934 
12117 40976 
74313 56041 
34300 26225 
88715 23346 
61891 94871 
40616 66779 
26936 65793 
2225 16295 
28981 84674 
78869 52543 
917 69655 
93398 26303 
29578 66152 
154 45651 
64702 11389 
68019 76748 
43744 13172 
42497 47226 
31958 54589 
95285 37327 
27313 46569 
96489 93272 
7980 63585 
99388 99777 
6521 14336 
10588 4201 
79344 18822 
29425 93495 
2619 86027 
79642 86954 
66545 12265 
23657 22694 
58734 49269 
45134 83857 
24406 23235 
9119 31742 
66258 21266 
60660 87351 
3 63 
2601 30322 
13012 13197 
1175 64739 
82890 97943 
4029 35050 
464 10383 
19502 62091 
7371 48396 
98237 9200 
2255 56130 
78632 81441 
91606 60706 
6170 7162 
61315 52124 
13323 50428 
23294 80754 
51515 55299 
47815 13281 
99528 28513 
26719 57603 
33793 25806 
25240 39936 
35142 18912 
70908 93262 
23902 85257 
96833 95259 
60610 80392 
3678 75980 
23164 24435 
29680 795 
72900 58069 
21336 22504 
51849 1127 
78711 88019 
11349 77338 
8786 79652 
58229 52488 
57871 68788 
18917 70099 
9831 60616 
64152 58643 
30726 12587 
7340 27389 
12411 16381 
88168 64156 
17785 43465 
79728 97592 
58559 67641 
12208 89000 
42782 94539 
89089 74338 
13838 47615 
82848 85679 
65203 82963 
36322 43257 
56016 31149 
63155 24147 
71308 93257 
36187 81714 
67760 50489 
76154 11142 
20928 81883 
4757 30667 
43096 23129 
5905 75604 
72289 40946 
46884 82792 
42416 42103 
47225 76798 
32141 83944 
47182 56019 
55791 4141 
20067 16786 
3446 41412 
93047 46606 
59356 76051 
89566 63902 
27900 79397 
83235 80912 
74535 24735 
57768 18847 
45549 78614 
505 9986 
64864 61226 
18065 80065 
18772 37206 
51843 16137 
30191 74133 
88348 90035 
92878 84975 
4795 25606 
83006 52887 
63888 69114 
90615 21993 
73405 46489 
16673 26183 
55966 68573 
62817 19464 
32290 76053 
329 65996 
7272 99479 
42494 45752 
62366 46584 
60214 32576 
77 19043 
74595 5438 
56722 3904 
32197 60808 
98207 81091 
18739 4325 
40190 37704 
95270 13321 
88818 82294 
47162 78254 
81093 7827 
20766 50744 
15009 60791 
85148 48647 
98713 35649 
97071 94499 
15269 28861 
66214 92646 
94979 54690 
14602 82517 
10783 46262 
99320 40754 
63893 39606 
20804 43273 
6614 65904 
70348 39863 
57221 57690 
79941 38528 
97773 8472 
25144 44557 
9946 12037 
97445 50167 
96191 47660 
6365 24582 
54013 70498 
93584 11527 
19613 12637 
41414 1382 
73879 99580 
36224 8607 
8430 39409 
3712 51575 
82375 47416 
67438 1541 
61456 27692 
94593 40277 
20410 44965 
83739 41737 
6681 84958 
18063 72152 
9017 19555 
54696 85066 
48001 64285 
45716 73085 
7274 39948 
89702 26489 
53942 27644 
94043 40364 
54596 37023 
87658 6524 
79410 91285 
61431 24275 
931 69259 
29335 64926 
36461 34841 
97090 28972 
53364 27130 
97190 41989 
55117 80802 
99188 45551 
92652 95566 
32393 52848 
247 75998 
64461 55183 
38202 18615 
63828 85175 
35520 31729 
36555 65219 
65005 35455 
68845 95664 
50455 4183 
25373 66151 
1051 81879 
50518 5690 
91573 21790 
94690 22316 
58728 76423 
41180 21532 
63676 91139 
40295 34243 
78730 35239 
67001 29558 
92263 38114 
5943 35518 
89990 84892 
33366 41758 
63105 65872 
9365 12075 
14143 67195 
15836 92007 
79981 36321 
75605 56796 
68049 55234 
66437 8470 
6611 6733 
99964 97304 
42881 24721 
70062 12516 
83780 78119 
87792 59853 
63296 49814 
10734 19550 
37688 37033 
43419 57196 
55210 17555 
32508 42139 
20526 97420 
5473 13321 
75687 80046 
4776 20834 
49303 74165 
50854 62955 
83455 88523 
26732 33080 
33939 44977 
14640 88717 
53576 78466 
30777 55580 
10632 82247 
98174 83815 
64770 99866 
69612 80549 
21526 61527 
62615 53177 
12926 11825 
96803 11197 
6686 78270 
30199 90904 
29299 85588 
75570 86875 
99402 29457 
40499 96945 
6921 85189 
75569 13244 
40831 41777 
33928 20867 
63732 19816 
42441 97882 
55004 52979 
59764 45634 
95960 87062 
49875 16693 
50195 78046 
30956 49260 
245 51184 
68979 61538 
37693 16830 
72981 7251 
68048 25522 
14686 44454 
83966 84791 
39018 23706 
80836 53219 
54007 58866 
37252 73476 
88695 3985 
59577 5369 
85850 23176 
94583 72383 
52687 6819 
47050 40756 
27208 57122 
264 8844 
30430 38766 
26493 96298 
65458 66299 
91815 87580 
93202 78892 
5094 2362 
61549 35232 
34397 36557 
89851 46581 
15857 42074 
13842 54385 
9735 90782 
77440 50349 
16342 98773 
17358 31508 
50560 70696 
24049 80567 
87801 60739 
78220 62705 
36575 36787 
56033 33972 
63232 77355 
68032 63615 
92968 27071 
46977 82862 
37861 85820 
27975 86099 
57486 9081 
70621 26876 
40556 52573 
57386 70816 
7085 3007 
65028 90221 
69718 98559 
46574 11095 
60174 57625 
80245 52270 
22133 2479 
38652 28472 
95463 85652 
6743 24400 
68319 1163 
30137 85299 
53438 90175 
6881 10967 
52881 31215 
45105 84815 
11472 38792 
96674 17310 
23386 81058 
42635 34049 
48591 67101 
50122 92671 
16275 47531 
42342 69985 
40915 18189 
23375 20927 
53327 16170 
77736 74331 
53776 49739 
20988 97019 
27196 9321 
12192 27330 
21545 65431 
51542 51974 
79527 71217 
77288 75966 
31171 52240 
44887 14403 
174 84172 
18275 16977 
50457 30299 
28287 21372 
1035 35016 
56449 20060 
67083 46952 
83711 16540 
43015 75930 
3192 41659 
29388 71648 
33560 98443 
19640 48805 
85444 4720 
4939 73306 
27075 6825 
25827 67279 
67366 44819 
97891 86803 
24705 59898 
65339 75582 
77979 48035 
91158 220 
2696 80436 
75428 28340 
79518 30974 
4411 19477 
25161 73572 
72192 60465 
36287 38325 
83921 92024 
55912 44212 
45151 41285 
68780 58342 
65251 96194 
7300 66937 
54573 32053 
2812 81649 
74831 27894 
48344 46297 
10040 90960 
48459 53741 
61418 41239 
19409 30377 
33807 94820 
68539 96591 
73458 24805 
25696 65541 
37428 71535 
21430 99746 
23373 20112 
6813 5224 
65200 62512 
87964 6296 
4782 13999 
4696 10680 
82916 59155 
17181 44121 
53667 61512 
77133 6569 
15459 82568 
50703 77787 
69521 20968 
29176 79271 
61739 626 
10487 81508 
37461 7818 
59689 30830 
40503 1546 
59740 58534 
17354 98953 
45302 26398 
45519 68095 
71735 57386 
90946 44104 
9048 98091 
13664 21579 
66322 60301 
83030 65961 
45930 93137 
34414 29762 
98881 44297 
97650 55661 
2701 79203 
54278 97834 
11486 40245 
35372 95291 
34111 44799 
54655 86600 
81055 40330 
82632 64030 
82892 57652 
6669 26994 
24234 29297 
89169 9586 
55741 68926 
31470 25094 
43802 39881 
74575 91560 
92580 76196 
19523 76752 
26343 57793 
29959 28387 
51340 83058 
87409 35992 
25966 26672 
5760 4477 
55549 18262 
75647 6321 
93823 28380 
1703 19218 
76982 2268 
16049 49075 
38211 39037 
99938 84468 
50648 74110 
22131 27965 
25003 86186 
7351 2175 
44360 16457 
81093 33941 
53188 57474 
98089 78782 
30182 41767 
50885 59534 
65274 36252 
72294 58034 
29992 27420 
90865 16803 
77337 64463 
72073 78848 
32440 12722 
79581 18030 
38459 58236 
20714 89877 
3570 95673 
98184 63309 
54337 26548 
76170 77405 
38360 92386 
82977 4171 
34829 68375 
14817 88229 
25451 47050 
75642 77369 
50186 48687 
86512 54148 
22339 5324 
24631 27989 
5761 78719 
6961 49718 
63280 89061 
16262 66004 
69933 50866 
78409 39897 
47185 35244 
39015 25429 
15036 3628 
54677 99241 
77766 87022 
9556 20207 
56042 16977 
91555 9269 
53202 49757 
14006 15972 
96772 63535 
48570 65655 
27587 49942 
42960 61823 
18400 65968 
33138 51878 
91426 59906 
23781 51266 
70008 35972 
3125 60976 
43445 76184 
78677 6440 
45969 95250 
68830 72041 
50990 64448 
62091 4786 
59918 3868 
60395 13099 
21255 8885 
55897 92300 
50072 46377 
51676 67007 
30642 28917 
25937 52494 
75675 51105 
56578 2028 
84478 51149 
68412 25226 
89322 42986 
38866 33695 
4394 49442 
99625 94524 
94945 55346 
1489 49632 
65594 90995 
67623 89557 
26197 51007 
46402 53954 
31315 51334 
89220 67880 
5035 28124 
20926 12902 
56715 86084 
40940 75110 
65244 11134 
91655 8334 
59468 72439 
57388 152 
50670 52202 
11916 30737 
79338 58196 
15562 70147 
22938 93570 
73814 68375 
73979 81258 
8628 54243 
38414 66189 
60861 74237 
23244 47491 
37662 70367 
79171 25025 
42220 17408 
39257 79829 
74895 14115 
47738 46434 
74569 50516 
4526 76517 
76951 53906 
60384 37992 
2600 49881 
85346 41377 
51615 61550 
98715 36176 
74182 10029 
92772 73998 
6637 72355 
4340 92280 
11182 99186 
88423 32729 
34087 93928 
26373 71964 
1986 7414 
57378 8378 
8780 7798 
56543 18819 
6706 44016 
95436 71494 
4282 33016 
11673 57343 
91119 65853 
83004 81138 
55025 45857 
48289 35722 
30326 43227 
42878 68013 
18024 74778 
19136 33800 
48166 94943 
4176 29872 
12738 14762 
6359 86627 
83397 49224 
19707 2066 
42568 30198 
91110 98986 
98647 12088 
9020 91137 
26526 40430 
44361 51285 
73165 49855 
24408 84353 
94571 7120 
48674 22194 
45388 17402 
62143 73056 
25150 67563 
85702 78434 
96328 88826 
66185 52736 
28442 83100 
49187 7104 
89799 72135 
96653 87701 
3827 96758 
68210 90924 
10510 14630 
60308 53250 
25097 19276 
50476 51803 
66024 30602 
25320 93231 
31923 87637 
80385 13112 
43608 7990 
67589 55874 
31093 65260 
31661 56055 
37991 75643 
20873 95798 
36038 77991 
79304 70527 
91036 37821 
28005 55072 
98160 5031 
20628 25852 
9355 7585 
15447 61226 
8481 68939 
40158 11792 
50866 95705 
38462 5104 
73121 93858 
78136 25217 
96327 36731 
69160 86444 
91134 26101 
87429 2822 
46846 58880 
24692 40088 
88202 36231 
88567 25288 
13392 29354 
57841 80691 
84712 46791 
57716 43278 
89321 31752 
57301 28846 
1733 54807 
7319 650 
21926 57213 
29887 6489 
33402 43222 
44192 55291 
24038 15913 
61952 14501 
39239 380 
14833 22947 
91690 586 
82274 30374 
34908 91729 
72705 94454 
18845 58681 
73686 88848 
84928 52854 
27270 1753 
25231 54814 
5697 33401 
25873 98004 
59525 33076 
38274 30153 
85391 51487 
73554 63241 
13821 22709 
95160 90363 
48855 31409 
92704 28353 
721 65700 
56029 78776 
40405 3722 
32692 86674 
70662 32927 
44330 16401 
51881 55053 
57773 56959 
43191 86893 
55344 15432 
19265 27228 
25385 56430 
1543 23660 
98894 97891 
98904 39602 
91023 79171 
87318 91295 
67252 76037 
70589 97479 
43191 48973 
55029 60235 
44269 76199 
39760 74506 
96957 40804 
71285 45940 
96732 12657 
36109 81947 
99620 90014 
68372 9253 
13974 43220 
30836 62718 
27016 33450 
87010 84833 
86747 63143 
19834 73064 
73959 51582 
68026 13059 
41372 19017 
45061 39795 
67354 5815 
77740 75807 
70183 49278 
51365 5946 
55487 90112 
76804 61468 
24292 82974 
1036 2759 
52000 41062 
67274 9629 
59665 53435 
93338 10890 
38088 75553 
77676 10766 
52553 8471 
61299 98716 
51410 50173 
70831 61386 
25273 23763 
43015 50634 
15245 61487 
84206 99971 
48366 51066 
49740 23257 
86407 31331 
37557 74130 
10144 57877 
78020 92377 
25427 46263 
67629 14361 
69637 40203 
38150 78608 
17523 45309 
74676 14786 
33968 15072 
96204 64573 
97875 75150 
90573 46273 
26155 24425 
51914 41556 
59717 56882 
3277 52330 
34373 7041 
99660 48483 
48765 33504 
97414 3153 
58673 20110 
44839 91139 
72493 92253 
95744 8233 
96197 17126 
72873 54502 
77774 80952 
11281 12893 
30878 13718 
93131 46096 
75405 62489 
44828 29171 
18661 98068 
5018 33240 
15027 76587 
87693 76413 
84253 67559 
58508 62093 
38955 2983 
14356 31991 
70417 98284 
6387 71380 
68443 45186 
74843 17519 
5828 79071 
70453 38701 
881 78922 
21585 70961 
82502 66651 
68969 22292 
21464 34436 
30517 80031 
58824 43616 
77606 86153 
57829 6773 
1190 77266 
29175 85812 
21162 21418 
31181 13182 
45659 22164 
26188 70794 
18306 1860 
82430 41791 
904 20783 
46642 83998 
26630 36425 
76845 60686 
24574 58184 
17012 4266 
60260 6689 
15752 81536 
58785 44116 
39681 75358 
77298 2114 
8775 96906 
71772 97328 
85851 95101 
59363 91016 
85155 35403 
12133 18900 
26145 78813 
30489 90108 
47649 3784 
35450 29987 
14929 78634 
87655 20538 
97528 10177 
88044 74365 
69369 65422 
40203 63290 
84192 87557 
57622 11159 
9232 4837 
80419 51851 
57919 61599 
25607 48171 
48457 84264 
32534 65024 
29254 32080 
80880 91161 
54498 72213 
52418 7796 
63563 61940 
79738 9508 
16467 16834 
75227 93125 
64271 93164 
61802 43614 
88089 15196 
33274 62568 
23285 33608 
56660 4459 
96479 9957 
91381 8607 
42130 83931 
41000 40688 
32763 95079 
71990 86596 
52310 98752 
31013 73628 
65561 37219 
67286 29191 
88411 1186 
19807 25616 
43333 44445 
60608 1179 
92455 94895 
94623 92040 
76625 38908 
4404 57577 
53031 42798 
93604 32473 
16212 15121 
27010 92899 
7711 6574 
86889 81299 
68165 90476 
65493 94488 
62268 66107 
91791 3217 
11853 79647 
46861 37790 
5218 63004 
56832 44015 
11896 49515 
64865 86474 
21186 37338 
74396 52003 
40084 36259 
24691 85278 
31633 51747 
6767 70500 
48280 31248 
52790 58481 
16442 22035 
35322 26756 
58323 67386 
94116 51884 
94885 98409 
67630 67720 
59941 62535 
44039 81193 
69490 66508 
62243 18011 
32695 1669 
87202 74698 
61319 62342 
55932 60524 
32970 64395 
40570 23131 
90171 20300 
3132 65022 
12027 29486 
22970 74608 
78234 98364 
62369 15133 
56127 13049 
98348 37523 
80695 49661 
89434 9131 
64749 22003 
65042 79308 
71817 34503 
22058 34891 
7922 29468 
88313 33936 
40018 92050 
65876 44410 
28670 3734 
98421 56059 
70451 15744 
16420 78290 
81602 47444 
1486 84677 
18602 1641 
76926 15561 
23656 28617 
75424 4224 
3433 63800 
56709 49253 
98013 10177 
48211 15959 
73571 35851 
59881 13086 
77194 9607 
80741 57565 
25069 2898 
99170 9689 
56364 45376 
1548 33830 
74254 32884 
94605 15723 
12847 51786 
65650 46310 
14166 1574 
41847 64308 
72877 68871 
34796 34870 
8124 30283 
59903 30143 
51599 38988 
1358 68977 
98913 80495 
53028 67705 
57328 66750 
3162 51654 
37123 74513 
46537 77922 
76093 23934 
1494 23972 
57150 36284 
81332 3710 
77476 6003 
19572 82978 
54377 71538 
76881 79765 
7756 71893 
63735 50947 
42037 31372 
97433 86998 
61389 23689 
74617 58852 
91306 28437 
81220 87008 
46820 7851 
80577 31932 
83098 99857 
17429 36976 
87657 44610 
50644 90264 
25121 36017 
80688 10381 
25224 17195 
69246 2218 
12671 19382 
57852 73922 
13493 77509 
79988 53695 
36714 42451 
26842 96035 
22423 49919 
70747 21023 
67740 99031 
72311 87401 
90728 39779 
97342 60420 
68935 67930 
47888 98834 
94067 78342 
68058 51907 
17159 33239 
19787 26938 
19697 60689 
36270 60555 
35265 10329 
51532 2920 
63587 58336 
73459 2968 
64267 71711 
14561 64964 
91016 13125 
19857 31884 
28873 91891 
34488 39534 
26668 44082 
35008 76791 
74898 55369 
7781 82021 
65243 23846 
95504 3442 
82073 96923 
48614 52107 
18602 6332 
12153 80169 
80771 68307 
50678 24239 
40441 12259 
63862 63872 
26158 50516 
73694 58619 
94549 4187 
70485 43591 
8285 55758 
89415 83074 
57620 7705 
51907 4538 
1641 88264 
46862 61221 
72675 60399 
45634 489 
82688 58088 
41580 47309 
94078 95264 
80150 47415 
68872 67022 
98663 53120 
90186 90175 
26304 76258 
57654 10794 
4320 77333 
94629 40074 
73999 7732 
69054 66656 
45754 72735 
22252 33510 
6448 37038 
20237 60527 
44110 51670 
90723 40167 
69254 41394 
85648 32825 
90256 55115 
13824 41029 
56588 48260 
21221 47123 
18175 35783 
57453 57818 
61737 27157 
56167 10774 
75726 30625 
74334 63343 
64266 92962 
80863 1652 
77536 23144 
58461 79411 
51081 33577 
84361 20136 
49795 20894 
85296 93926 
93648 99864 
20022 10489 
1714 98564 
28723 53826 
28638 20723 
2797 20763 
83424 82033 
70789 15502 
14258 31220 
66679 95388 
15059 73792 
45234 59328 
59542 26651 
35821 19559 
96815 45116 
80837 99954 
48859 80422 
87854 59587 
34730 45382 
35581 48990 
8909 88652 
12918 68337 
41958 3926 
37673 11741 
90473 29378 
96906 49911 
312 24820 
74404 24612 
62176 49258 
82461 2689 
91818 99970 
94901 64838 
38540 15657 
86223 84907 
35075 90920 
17751 89174 
89580 97017 
75848 71873 
86161 54755 
59543 83187 
4220 59390 
35314 98988 
88870 14489 
25321 27790 
4782 92032 
72032 9710 
84027 99336 
26979 14663 
34833 99948 
44276 52586 
12669 5249 
20601 67188 
67629 26271 
12443 96509 
72836 51120 
78776 48560 
7445 92380 
42666 58334 
14749 31031 
38889 63697 
81050 68633 
16294 61992 
84140 87945 
93413 86592 
41584 13615 
23750 73250 
48503 59234 
13213 69759 
32111 44788 
46287 79247 
66014 69422 
19885 17401 
81111 28434 
54157 6951 
81912 70550 
48134 28947 
27185 1781 
74704 99689 
62085 55539 
64214 44595 
95218 65204 
8909 95867 
98638 94950 
31447 49506 
71289 7395 
99886 79043 
47206 72532 
38834 18288 
48577 51380 
81855 93482 
80772 19941 
33768 6406 
41539 34292 
63111 44336 
69770 76028 
24878 20167 
90621 58772 
21487 26589 
23215 21087 
46010 21912 
4762 78907 
15854 51911 
50659 61445 
97354 52064 
13974 8576 
42147 67555 
29700 64795 
4756 74666 
29240 65115 
87446 86449 
88842 71658 
63204 78053 
32016 86173 
60630 72607 
40456 33364 
55518 87294 
40594 82663 
3112 51017 
23608 51941 
62263 70056 
25589 15692 
8173 36132 
41519 22309 
3886 42516 
71818 10364 
2413 98120 
3439 2162 
81106 6970 
8845 44341 
67835 10993 
5669 59937 
4568 77781 
57441 74062 
8071 51778 
11530 76250 
29779 77301 
64238 86499 
87273 44857 
15020 99200 
38328 8414 
21839 89356 
95183 70614 
97942 78926 
31433 35328 
96648 77579 
16896 82547 
15249 31808 
26801 29280 
11684 39096 
10831 1959 
68400 9704 
74837 60766 
56652 87652 
23427 84400 
51458 74611 
35209 44962 
22530 35643 
94081 76971 
79730 4148 
79786 71958 
82937 44840 
28840 10650 
35687 78240 
12966 78456 
69552 17889 
46368 96772 
91941 22405 
25405 42572 
13848 18475 
24697 21813 
96058 8024 
22172 8378 
52408 33051 
2280 59599 
26938 34996 
91333 71826 
18081 12016 
11871 45106 
57568 47162 
3994 84697 
64258 53226 
50726 78972 
83884 55880 
61804 58215 
94515 15745 
15665 56867 
4518 72168 
32947 72968 
94911 76712 
56495 42874 
61202 72773 
42623 26765 
91183 69218 
26313 30996 
74581 50580 
9056 77093 
78122 64094 
32210 63955 
35214 24744 
41020 59792 
93387 83483 
14880 3410 
34517 10931 
37916 90596 
33024 59100 
10668 70738 
45422 77070 
58408 81190 
30954 73068 
74548 2517 
87519 34991 
48636 26406 
49703 44215 
67574 89856 
36431 43358 
46021 44219 
54627 47731 
37295 95705 
62212 22270 
99679 75164 
68912 81067 
44665 69294 
6511 4933 
73453 72825 
31601 13977 
15960 1839 
33282 76790 
22592 42042 
5927 85579 
23218 92649 
12800 77492 
60076 6459 
10202 36342 
21709 19785 
23750 66119 
53621 12077 
68544 87879 
97964 34407 
83150 75020 
19359 98426 
3698 8437 
6876 22944 
38885 2677 
3227 94023 
19216 26984 
1375 6238 
84606 20981 
66070 17739 
43264 83766 
83211 69799 
81763 97301 
13479 92719 
31327 30246 
28351 44301 
98540 56760 
36374 4499 
50070 16301 
65505 80481 
458 35077 
53352 59965 
89616 27566 
11301 87564 
52408 97389 
70818 28779 
76528 60831 
90618 29355 
16880 23439 
1906 73927 
84731 50366 
95604 97153 
58161 84517 
10211 3030 
66667 83069 
61883 3610 
87252 62538 
69356 97044 
51929 65337 
65472 66694 
7292 86667 
54387 98006 
85653 29532 
68919 77876 
44227 87864 
6039 62461 
3919 92950 
70192 73695 
72520 96745 
33867 12199 
68448 7177 
32813 54849 
70643 35150 
49267 38971 
7838 60722 
771 21924 
66126 76816 
44407 44788 
37616 22814 
26715 21938 
54929 77526 
58069 24477 
56376 41265 
66961 24812 
4910 152 
94436 22111 
40258 32276 
21805 73923 
78135 84952 
85825 17967 
83037 25088 
24681 79874 
31814 40541 
15389 27646 
54097 49359 
8662 51627 
82619 55906 
40798 20003 
71540 78167 
3828 84136 
44160 58861 
84926 85512 
12704 64523 
44019 46612 
72363 71343 
84543 11731 
9362 34285 
86477 40587 
78549 36920 
13044 47483 
99854 23368 
72909 21880 
94938 20921 
18217 62405 
35426 72134 
85473 5643 
2389 8566 
41077 33516 
63039 14863 
76205 98599 
55101 51490 
6775 15420 
31918 27181 
73414 27626 
62067 38056 
3595 75803 
96103 19350 
93544 58835 
10040 87842 
91062 2868 
10260 88303 
12027 26258 
37764 95695 
3177 16327 
41036 66313 
71648 14314 
96259 75740 
37785 38612 
41209 29191 
31925 63174 
54904 80740 
48097 7939 
58896 51905 
88031 91180 
38096 97196 
77388 39862 
79106 24506 
12768 53445 
2250 41569 
2877 68957 
19873 66251 
104 80787 
87894 8030 
79809 27286 
30263 819 
13804 68126 
6642 43115 
1752 41269 
62501 80508 
69656 6497 
47799 47683 
18131 53618 
15492 72302 
4808 77807 
14366 31565 
75009 1958 
72004 43698 
12745 56492 
23210 71299 
70125 10793 
76769 11191 
47405 87193 
29173 46330 
38226 78443 
27782 39298 
24963 32613 
57865 54080 
7678 65597 
78046 3016 
76789 10686 
56935 29271 
94400 17134 
70044 51605 
32101 65197 
563 17893 
24118 73827 
50198 36590 
33829 38996 
6944 81203 
98963 55603 
35575 91859 
16201 43948 
53539 30156 
49428 22970 
30116 78771 
97569 46757 
99846 15651 
37692 48271 
12646 34137 
66998 14808 
52465 24981 
3346 53399 
43935 83988 
68116 91164 
32219 59883 
67506 95609 
65068 11008 
8759 92858 
28100 96582 
36363 8082 
84406 88526 
49919 51627 
47798 53202 
70157 26858 
75380 18958 
52503 41222 
99585 14960 
8607 60808 
32409 39587 
85438 60434 
65326 92507 
68809 86259 
57183 83578 
23616 65990 
49363 13837 
56615 72930 
72602 9108 
89209 74436 
13061 75117 
57511 72808 
86612 34517 
14862 77168 
29759 869 
98005 28618 
53219 42350 
32289 37745 
19913 88862 
93555 83513 
2949 40204 
14774 65623 
51183 40120 
24028 98635 
40001 91250 
27104 85449 
13227 99441 
2733 10182 
28380 52333 
61445 46062 
1988 56799 
30018 82624 
14268 82539 
62677 38338 
73205 85043 
47474 39713 
56887 10112 
71704 16017 
49958 14265 
33729 79913 
65139 70625 
40253 38656 
93967 68235 
7881 7911 
62281 54281 
95685 80849 
75445 13299 
31562 38832 
25885 25245 
59315 76854 
1255 95117 
25656 56810 
75383 895 
46785 94765 
86137 63642 
42689 34550 
4424 3879 
3982 59372 
76778 11736 
60909 45520 
80339 24873 
57019 67853 
63479 77792 
91058 25425 
57960 58930 
79812 67430 
39196 87779 
11870 64584 
80073 3308 
7750 89135 
90720 37077 
75297 37871 
61759 29671 
50982 56832 
31745 37514 
47481 3850 
80892 68550 
85831 15626 
12616 79981 
76501 29740 
22068 68958 
27866 48797 
66501 88015 
2882 23865 
46217 21048 
15121 77421 
76762 62753 
53918 82217 
83174 54705 
55004 61789 
75290 44636 
87790 80778 
69468 51962 
13395 48790 
6568 42260 
78521 70238 
78603 36130 
49455 34380 
17231 3762 
57766 54760 
16081 25539 
24654 35290 
55879 31127 
54467 61415 
76457 64764 
39549 89113 
92926 62822 
98373 31944 
84666 71253 
76812 26893 
95231 75126 
78456 93480 
68901 60222 
54026 87392 
15290 77566 
72225 89872 
37313 35718 
14781 67130 
79751 2838 
86970 80250 
55779 60748 
11561 25384 
87015 16609 
78928 36471 
49029 44351 
58952 88251 
48694 97585 
41413 96096 
72376 8516 
60690 20935 
34684 63243 
77907 52526 
26325 22822 
39051 62396 
6625 41615 
1132 88940 
11325 19707 
20115 41499 
49517 14510 
24129 87688 
44932 28248 
53401 18794 
36239 82568 
34338 71759 
88643 89339 
69410 23094 
84766 27542 
66717 59986 
56670 40170 
3568 76960 
92821 72191 
16906 42609 
3921 80878 
40110 30259 
59745 63172 
60446 8855 
15451 61285 
54396 45921 
30347 27336 
69080 83160 
44647 50597 
57195 7039 
20499 76801 
40141 51685 
72422 77950 
69437 39455 
9232 63209 
80055 85755 
84668 56718 
80962 68975 
7121 6540 
7957 93880 
90250 30445 
71769 57341 
35703 48893 
70458 58976 
26797 3308 
99291 86119 
77703 8610 
83556 42441 
26553 43006 
80204 82628 
82833 35136 
42720 61729 
39563 68943 
20295 7060 
38930 90014 
67167 73050 
36457 63626 
70890 44923 
43197 4397 
69330 15846 
38091 70141 
15371 73962 
33314 88469 
65548 685 
44314 63617 
14297 99684 
63182 93170 
68990 47202 
59135 9557 
62630 78629 
33071 49609 
30824 3743 
34541 46937 
37603 73543 
8930 36564 
20654 5344 
80244 58948 
40727 9572 
90634 51450 
62231 51680 
11614 19289 
62465 25633 
13924 85153 
65462 11641 
33070 26894 
23078 40100 
95812 26119 
20736 86163 
79193 66977 
68176 74935 
58216 44087 
46560 85949 
60820 61299 
22464 7425 
89586 28856 
6559 5745 
88396 95536 
30224 43641 
29293 84478 
36814 1783 
69842 36646 
36032 32783 
84545 4273 
49583 4051 
5205 78122 
84233 66532 
14588 77041 
4413 20020 
25359 76022 
40685 32568 
41969 99883 
62648 11478 
47020 63668 
65296 16374 
75623 98004 
66365 51102 
41340 57906 
88858 70486 
55541 76896 
7742 90415 
38349 94810 
72702 95321 
53802 57291 
79880 95767 
14508 57730 
54690 719 
91713 68277 
25086 33977 
35639 85573 
10051 42348 
57842 98960 
21647 14287 
52497 74197 
80586 52109 
36701 34072 
75096 18252 
71252 8826 
50756 6685 
82839 23910 
4998 74226 
46144 90365 
74163 3360 
128 63998 
43254 58067 
66578 43504 
78946 37276 
10984 84859 
84967 26713 
35922 19508 
5600 99244 
25309 77300 
57853 16267 
64283 31589 
55749 38253 
43910 3580 
1237 61229 
22513 85727 
55364 57838 
56164 69875 
70642 16515 
29714 94864 
60970 40418 
16689 60408 
8977 88913 
71525 89335 
62334 18766 
10791 58657 
50361 9599 
71424 61432 
60163 38749 
43460 6009 
47572 4378 
62347 7009 
22320 82462 
11661 73272 
39162 43262 
30856 51993 
47084 45921 
44707 45417 
97239 76050 
31147 76706 
86959 90441 
22466 44957 
21928 85542 
91153 75894 
11548 11837 
6171 44337 
73542 15017 
58005 17338 
13018 96600 
41602 42744 
58471 51636 
55121 86947 
82662 59178 
19404 7711 
9790 72394 
48192 33226 
12074 79515 
2297 6912 
28634 84268 
42321 49001 
97462 84971 
53966 80550 
77325 15206 
57590 53304 
50595 45776 
29372 29700 
40278 37584 
55314 61292 
44931 78166 
11263 21036 
93709 30787 
12250 55105 
50403 74316 
2651 33292 
50152 14551 
65033 93551 
35414 3239 
10017 95884 
68795 9692 
72089 23498 
39532 51771 
77007 95060 
47669 7887 
65308 80881 
45417 99798 
53391 47974 
38687 57125 
88732 94199 
3479 48849 
9048 70083 
51559 94488 
46525 28400 
87804 48215 
27741 86244 
37597 82884 
7493 32047 
86840 87716 
40449 60918 
69421 33387 
38423 75646 
57381 51270 
83020 47852 
57588 19821 
63495 94040 
95342 50397 
87917 84650 
70158 17220 
72043 70750 
1866 81806 
44811 82606 
46208 20821 
21932 27148 
48258 78193 
89802 87200 
19314 27209 
10803 4376 
68263 46409 
8013 9650 
92017 84286 
12472 50875 
31224 12116 
59349 54898 
27289 41661 
725 53427 
74609 15095 
62157 96430 
48004 58150 
7799 74604 
99438 24332 
94584 73326 
60453 47983 
89796 84509 
57126 67020 
98368 9912 
42890 72396 
96301 99697 
81248 90633 
94851 83426 
65149 8213 
66475 67174 
42756 2196 
47969 90073 
30330 50096 
98885 56361 
32142 53907 
33981 84869 
54583 28066 
67333 46914 
97090 69234 
2719 95658 
25996 46967 
79953 25285 
89113 28644 
40103 36695 
8609 79494 
3845 27932 
97688 59095 
66702 72196 
82562 69436 
2501 94039 
75429 96437 
32101 5216 
36403 26766 
58308 15674 
82783 14857 
89844 92291 
52566 21229 
77365 98237 
5786 42514 
62706 9184 
52028 6058 
98913 69125 
25386 7501 
33082 18172 
89176 28468 
56612 97471 
41851 83279 
18230 12227 
12886 8563 
63953 12875 
82774 27713 
15165 36511 
34837 93294 
21063 36004 
48199 34869 
24941 12550 
71069 17118 
65164 58947 
71371 43695 
91105 15503 
47813 25990 
11963 38235 
98639 72730 
12081 79897 
87591 46336 
60222 88391 
17019 74998 
12256 34221 
16620 5635 
56792 88925 
82933 32201 
81520 89788 
59518 36269 
44365 42646 
30644 32372 
18046 34225 
12347 19265 
39211 48192 
63900 122 
34054 5012 
9984 49577 
11167 74666 
59302 73623 
9342 43442 
28868 29553 
63151 51267 
34915 47457 
2342 54393 
91100 22213 
32447 9809 
62630 25495 
53460 22317 
60949 21001 
61049 43020 
27802 52922 
40485 58816 
49752 17625 
7318 66500 
64674 21563 
70809 82218 
70240 74653 
96214 97252 
21107 67645 
20244 54521 
6293 34477 
30381 86648 
31119 6141 
53186 26116 
89157 21318 
9341 70748 
98772 70827 
83901 63665 
96119 17879 
29059 25839 
21898 54207 
63701 61529 
12666 23315 
59163 42100 
9196 66428 
3759 62144 
24146 24139 
20062 53285 
69206 57345 
68351 35725 
27939 34725 
7245 85294 
74684 70863 
98279 94689 
82164 89026 
35011 11551 
30888 25701 
49230 43201 
31919 90168 
96917 28060 
1289 41719 
54866 87216 
79095 49550 
65183 86035 
69233 55952 
49377 55420 
86761 72089 
76347 44996 
39049 97482 
9290 6454 
34135 69260 
75410 34221 
5149 15299 
99276 22816 
63175 6562 
15759 35446 
42603 78284 
31746 16829 
82783 17055 
37115 24696 
97731 91463 
74980 99065 
21652 37610 
68786 36152 
82210 97662 
69562 84620 
45769 49510 
30484 35930 
99222 58710 
37892 37622 
81584 30040 
27968 18670 
55153 35336 
96537 79376 
10868 46719 
65787 64827 
35362 9882 
6176 10521 
28273 50794 
24386 21550 
47532 21001 
18929 22602 
77605 51656 
73832 95040 
61125 4447 
7810 99444 
7834 78812 
21443 67282 
96449 59133 
88083 33710 
14849 63046 
15565 75042 
41857 82565 
65286 9053 
59982 93421 
52781 14009 
2590 44816 
69688 23231 
81302 31757 
60806 55983 
9791 95171 
61941 52591 
38717 91226 
54338 92002 
43185 20578 
19694 83303 
58875 10704 
86130 39288 
45962 67 
39939 59744 
70898 81526 
40549 74908 
35368 24245 
16850 25412 
48956 8272 
41886 84043 
37512 74040 
79882 56771 
2700 10242 
74685 35754 
99927 77814 
1897 15408 
81567 95248 
38357 24132 
60377 90988 
12075 68902 
83973 62363 
83336 37726 
75441 67336 
73394 55785 
87415 15280 
1061 45144 
37380 16061 
9419 94997 
40485 92905 
65028 9705 
32810 63821 
90189 65220 
82829 48839 
45194 71047 
21697 65825 
11952 4474 
84054 36384 
42989 56575 
40175 35152 
30524 5387 
17595 80707 
19208 10630 
55729 84432 
33030 6500 
10578 44815 
12048 54295 
28228 99019 
57792 5031 
35670 20973 
67541 13700 
55353 85815 
97145 41452 
35948 4209 
29681 79735 
5913 66867 
42921 31309 
98798 29547 
62472 87057 
69575 11891 
59389 44637 
19857 79604 
1193 25278 
76521 28859 
93408 58396 
23014 94196 
55130 20229 
65558 56785 
56554 32286 
27495 38598 
9043 48190 
4169 29859 
38994 83359 
78030 12084 
95639 70972 
89058 7066 
39873 59803 
79138 3405 
36309 4753 
80673 86425 
23972 39292 
99524 24834 
72402 60538 
50240 48000 
39407 2293 
37627 81424 
34293 19163 
42816 94817 
56141 55722 
64312 57112 
20525 28704 
84885 85820 
10062 7340 
83738 24325 
84267 37199 
89998 80029 
62403 16275 
78412 8711 
49386 98574 
40992 36010 
9262 70066 
29440 65648 
3362 14650 
52284 35827 
995 63616 
28000 50165 
39344 1141 
40768 27601 
56244 80446 
19046 86920 
44592 90514 
58835 5811 
80364 1643 
43258 71872 
57581 9617 
68009 73495 
23013 92889 
68257 62288 
41025 94958 
56742 55481 
34683 44959 
25104 36732 
43096 33525 
30870 56787 
6920 68089 
91088 31665 
44091 42046 
30237 85335 
6010 65596 
84827 86307 
10830 22564 
50029 83119 
34894 37140 
64696 52395 
6030 57235 
70301 34967 
83080 87022 
46598 50486 
24939 30230 
22240 49037 
49307 37913 
82090 79430 
56484 89630 
44664 28189 
46746 75394 
62884 10675 
91203 87213 
9276 76372 
25482 73706 
42736 24024 
23226 59012 
18193 9168 
72058 78095 
92742 66500 
18574 34550 
2261 62633 
70842 44151 
31050 40947 
47032 87625 
73672 19577 
36979 59521 
93011 56023 
99873 66550 
11400 97418 
55700 98393 
32783 94206 
40693 66733 
82972 66762 
87747 84144 
72394 79476 
61618 33483 
31089 94836 
25686 60533 
39299 51289 
42166 7943 
78610 32925 
10872 96839 
58425 76511 
32999 54032 
30423 91948 
45822 77334 
89737 55922 
11869 29290 
75702 75320 
61782 50472 
27332 6963 
83988 87517 
19092 63226 
26229 38198 
1072 29339 
24114 26092 
94305 67471 
98 30757 
46790 85134 
82599 15875 
38671 1021 
79479 17402 
36059 50074 
2681 76564 
32147 31399 
81562 28380 
81563 17584 
21276 85415 
29294 12054 
59590 88603 
59072 62263 
50534 32206 
37755 10867 
56594 8383 
12038 94446 
62434 58335 
21726 79915 
32658 61615 
29834 62462 
23675 42952 
33963 35644 
25501 26823 
15647 84253 
53131 24001 
4817 43587 
29127 91435 
85036 14984 
99140 67082 
41823 26776 
315 44687 
61184 82280 
58885 19999 
18359 41975 
27710 9553 
57844 45749 
87139 15908 
54893 92885 
23284 89078 
66008 62404 
66634 12943 
21320 74459 
20936 27516 
85303 64652 
37330 83214 
13927 67469 
91989 11664 
66141 82474 
6831 89063 
85478 27459 
12352 62763 
53627 66442 
89239 9476 
31952 37233 
41119 94396 
49253 93208 
44683 4540 
64442 17015 
95357 36722 
31380 60121 
16817 30831 
19732 11422 
30868 52488 
539 590 
90530 45624 
88065 97386 
63674 95173 
40549 76858 
17143 62826 
61626 82179 
91991 84667 
11487 31799 
79365 48506 
32244 85661 
3476 883 
15506 6417 
93258 68927 
91838 25914 
77485 20680 
1537 54640 
69495 28961 
14117 52386 
17137 48496 
99866 12101 
81153 63789 
21055 95691 
70920 16079 
2630 498 
10340 71756 
62646 28211 
28633 51701 
31224 74213 
70883 1301 
63475 54628 
1406 44260 
56646 40806 
29376 29821 
14592 76545 
20581 52649 
63795 12032 
71832 97389 
14231 314 
15207 35778 
75735 67029 
88217 83191 
85877 82234 
52921 3656 
78939 34303 
72119 37590 
27196 30243 
53985 14915 
15538 24164 
57837 7706 
68346 6252 
13231 71155 
33576 68245 
42134 19386 
43188 98262 
89695 83528 
11300 47751 
62935 3483 
1907 56403 
48693 11920 
96494 17072 
32228 79306 
18562 12035 
66115 2151 
26870 54407 
45436 33153 
72076 24050 
29694 71558 
22543 96034 
14532 54801 
4191 21522 
97020 18371 
66591 35872 
97141 19860 
82895 36843 
95066 55262 
14728 96969 
18927 30868 
24840 48475 
70989 92461 
92 6567 
11504 55027 
55261 77480 
28971 20831 
24185 31372 
13146 21459 
8929 6948 
12865 70288 
49953 54677 
4567 65891 
628 18474 
19422 43961 
38049 1981 
77023 35639 
18690 64825 
51845 53480 
92273 46738 
55021 92799 
20106 22934 
48453 5788 
5216 52878 
20877 78521 
30708 96360 
46215 16859 
20126 35749 
13413 26272 
78960 61366 
63916 52716 
49995 48105 
98040 36961 
16860 75737 
14726 23146 
19907 22797 
30498 53835 
6479 94494 
82932 78492 
23643 28795 
61528 20 
75639 61641 
24609 84922 
10567 22193 
54723 66611 
71258 72082 
76976 78558 
43804 98821 
14845 64192 
63873 22849 
86231 23863 
95739 80130 
48857 75681 
81855 97788 
88601 26666 
71827 88959 
6939 73395 
78832 54835 
4395 77234 
78760 96855 
75763 88212 
62842 10025 
29810 23757 
77981 49565 
21283 43736 
40723 37386 
36271 1657 
90575 2352 
3305 93347 
56256 28835 
12058 69105 
44555 21772 
9114 23028 
25585 83243 
5984 24132 
80538 35548 
78403 7862 
98425 18789 
57907 3731 
56858 37198 
16799 35084 
98564 27752 
25822 90339 
20101 77030 
20219 31590 
22196 17890 
44310 76081 
32101 96175 
57349 58776 
97581 9526 
74105 60191 
69395 85276 
82494 62612 
34553 82503 
27545 79963 
36170 74485 
76072 91847 
17399 92134 
79678 664 
56699 86407 
35019 22206 
19618 98293 
99780 14761 
38297 8623 
60364 49509 
44071 76795 
63056 25886 
20804 67451 
14247 39571 
17051 7183 
27290 17904 
53614 9564 
43643 47789 
89779 56095 
84205 34493 
66264 23122 
93051 46308 
25837 321 
20305 19610 
23599 55054 
53427 21647 
78072 58714 
46961 94252 
81535 6120 
19613 30679 
83462 27075 
84504 69886 
84418 10416 
53542 27864 
29485 35174 
10096 23950 
70017 30937 
75465 1615 
70483 70030 
4146 87804 
73150 27864 
30486 82689 
97556 34597 
55021 22544 
43969 81189 
2660 12503 
90487 36007 
6846 83033 
21909 74343 
73918 84253 
5226 22484 
60126 95584 
31328 70455 
50092 94734 
75439 13102 
59987 99642 
89850 37878 
1299 69753 
31641 89504 
31771 28895 
45415 6639 
88953 51016 
66427 43732 
48778 32169 
83074 62439 
76668 57396 
99329 1306 
41903 59529 
67526 9844 
47327 58452 
19787 63700 
85944 63953 
12418 61325 
73561 23111 
11784 39340 
22331 93980 
92427 33758 
13933 31385 
88628 57280 
3067 77731 
39135 59060 
32067 62028 
91428 82693 
65623 23666 
86720 40564 
61002 94011 
29745 78309 
73562 88506 
58466 11808 
60031 84720 
67970 80950 
82662 87674 
10120 79356 
36296 12753 
85918 87303 
17292 48675 
71106 56299 
28393 98215 
67157 68060 
66825 32778 
49610 18081 
74270 38403 
93610 54584 
36828 75424 
92556 37278 
10667 21765 
49908 67222 
14819 20712 
16488 78989 
76372 8028 
66048 79423 
35344 50390 
50367 63460 
16563 87390 
51845 36788 
54143 32716 
56310 27599 
10484 56648 
1700 75202 
66164 41590 
19275 42008 
69748 75184 
73214 7180 
27204 21349 
21718 65185 
79504 88667 
68139 70583 
63933 97609 
44227 41526 
79753 33384 
69199 58820 
82063 59556 
58160 74776 
9071 59083 
11297 76705 
7442 64061 
1295 33563 
58008 33211 
90613 91083 
19824 37020 
52506 70666 
4425 14457 
40116 70387 
64089 72313 
46488 62638 
28034 8468 
25003 32256 
48672 53760 
94544 1449 
26414 43647 
36584 43351 
65979 50474 
2443 94774 
79761 29910 
88122 40522 
94538 61004 
1377 56565 
36638 88308 
41157 67457 
67668 6648 
33018 94560 
17998 64381 
15808 45953 
18417 99334 
54705 26358 
61733 63163 
63589 25960 
35546 34459 
55767 80711 
55034 68707 
6245 83521 
90317 84079 
999 65657 
26798 36031 
69128 60774 
18858 90831 
42311 10160 
97387 68369 
62620 67124 
69856 87992 
64564 10867 
7961 17627 
90127 85760 
52370 96047 
56599 40654 
76691 70926 
86164 54629 
43496 71182 
23497 576 
54087 11126 
13027 16026 
40677 6062 
81057 21875 
74723 64220 
69593 53931 
68414 8314 
98533 49684 
27623 71492 
90742 63240 
74140 7085 
80628 65068 
92568 49328 
40931 20024 
73025 63075 
4776 27039 
14592 24570 
30427 46962 
26482 82433 
54707 41191 
13935 58299 
7724 93089 
64132 59906 
16334 86592 
53716 95951 
6645 71992 
84006 1639 
26960 57575 
12597 6640 
51657 27603 
90728 3000 
93830 2069 
34689 99595 
49914 21731 
56471 81838 
23039 63108 
53989 30582 
23540 62457 
14429 92561 
24815 55161 
15587 36225 
60657 17560 
19590 71410 
86187 31925 
40935 59096 
88706 82089 
36554 88339 
27064 27219 
9418 51481 
98532 94235 
39187 5887 
80728 75619 
53518 70693 
72788 18641 
31847 70418 
64766 44478 
89814 3847 
97154 41291 
26982 86140 
33455 33969 
33096 84969 
57887 45120 
38831 47279 
27607 26790 
65862 92336 
54220 60475 
78022 28811 
62905 94179 
60449 38937 
79134 9588 
56813 61124 
22735 89870 
76080 93947 
47003 89180 
39751 39027 
46527 88636 
78078 98105 
71641 60353 
99520 40467 
29630 51061 
51527 60883 
23258 39901 
62722 55372 
75733 21180 
6633 52337 
17845 12187 
55385 49991 
67846 88619 
98059 27537 
17505 5715 
82946 17129 
48852 71897 
5493 46462 
45238 3556 
4468 87671 
27662 4505 
47722 77245 
42707 81756 
85887 3780 
51965 30420 
27474 95668 
24490 94864 
42015 79161 
13611 40695 
29289 18798 
7339 52730 
2096 96781 
77632 7748 
17692 35643 
17964 57712 
58666 19444 
50907 99014 
7935 22730 
7848 96425 
84481 13595 
31514 76582 
6556 57494 
28621 5179 
27294 11759 
4755 14471 
44053 67361 
46501 53250 
17223 63998 
76884 90175 
46902 77428 
99315 13111 
46496 53779 
62559 32123 
21213 44616 
24626 11783 
6331 78643 
67022 29699 
45275 91199 
12474 82429 
90712 21063 
29021 37447 
93258 75598 
61245 60339 
1837 59892 
15511 30127 
37345 63317 
40186 92452 
16993 97773 
84121 90231 
544 85937 
87091 54545 
1632 4921 
54419 34632 
57466 1028 
94655 95237 
78409 4655 
53997 11977 
5316 90900 
64026 50945 
86944 51077 
30368 27495 
52374 63058 
29067 936 
94092 74285 
44716 76825 
96231 40267 
79839 56608 
39453 93513 
88499 95541 
89031 53118 
38832 4159 
25928 23585 
88927 55987 
12017 72970 
68441 44755 
90051 25081 
94326 68077 
6601 48183 
13227 1368 
11884 73597 
55412 65700 
34273 31506 
5452 86404 
49238 48495 
43478 85358 
62572 11532 
87426 49273 
5975 66531 
71526 68697 
99413 86103 
29171 48032 
69166 10757 
9339 45557 
23022 40549 
44915 14253 
74873 30074 
8529 79186 
79746 18665 
36943 5246 
87312 9849 
78566 80260 
47015 99300 
20307 62785 
1163 38962 
79802 21350 
83699 16471 
6918 22474 
1806 23692 
24512 8472 
15150 85866 
52542 42894 
43227 23824 
1962 91365 
25179 25650 
95194 48673 
28384 11370 
68528 19139 
52240 84449 
38478 6618 
1777 77290 
68866 72927 
12082 14412 
58355 79051 
88998 36618 
79166 32188 
94141 52236 
36877 23488 
43030 7359 
88497 56300 
3933 96050 
51399 32802 
82051 63578 
59258 88079 
48713 91038 
72773 35018 
28518 88041 
32753 10875 
88672 61709 
51058 96862 
84285 74821 
70905 15874 
928 53686 
92240 225 
1540 57255 
50122 61252 
28582 72918 
54504 85674 
34302 61629 
48338 29824 
12113 35198 
17545 82146 
80262 12005 
91239 16827 
25353 63884 
3454 66976 
47729 36553 
48683 4470 
63341 98707 
52691 25387 
7443 50809 
97349 4906 
54291 3561 
83652 3599 
14022 18223 
90608 78256 
92958 86162 
89356 74678 
6815 13403 
1650 57326 
17664 67474 
49759 61283 
24913 38439 
30868 35664 
78246 63785 
63219 84444 
96100 67704 
93529 594 
67192 69320 
25619 32508 
84496 21515 
28733 17862 
11238 52302 
10674 69400 
6664 94045 
95689 99546 
45677 2323 
29923 26340 
50950 85892 
48312 11863 
18665 91937 
75940 46150 
59812 16668 
4167 4515 
97770 40361 
77261 74297 
59912 18024 
48767 68210 
76044 92166 
18558 15810 
49731 32490 
41244 52017 
99881 48861 
4566 2221 
79480 68518 
12414 97166 
65912 16248 
71282 37645 
83063 87130 
71241 68958 
59233 55453 
72950 18177 
46865 20547 
60721 93423 
30194 50510 
98354 43714 
25129 48204 
29209 30346 
32052 30395 
94924 66360 
36680 80529 
8189 39333 
66718 8405 
4179 44548 
2782 25885 
12513 20529 
10898 26761 
37019 97021 
10865 41065 
4130 36646 
19864 19335 
42383 75821 
13914 90726 
85299 47940 
31139 30392 
47789 2406 
264 66153 
12332 16766 
15359 52233 
75265 36058 
93591 38753 
45854 63367 
46566 69624 
61205 68712 
67833 48655 
78616 79526 
89214 23921 
33637 65343 
86840 53821 
6864 31729 
24143 34763 
25448 94062 
3491 90044 
36286 10474 
60790 42227 
27060 15052 
78065 17237 
38552 7373 
7903 57346 
7084 22489 
613 52400 
99461 26678 
22 33866 
54464 58594 
27113 14646 
24712 62887 
1988 99149 
20630 43940 
64163 32691 
94309 1047 
38767 7093 
65165 93178 
61978 90187 
81633 21427 
22818 977 
33518 10297 
468 9299 
78166 15163 
76308 99115 
20266 82584 
78144 97908 
89916 42558 
70412 41206 
96442 17405 
38633 10830 
96540 90633 
28983 58275 
4454 90958 
94566 455 
89177 11614 
68842 54100 
49097 3132 
33593 57177 
28020 48957 
73967 10998 
38185 57620 
16303 65021 
85640 82575 
25834 57890 
51312 11423 
810 22854 
67062 49906 
37189 63500 
40261 62884 
53774 6561 
22632 24449 
61505 42616 
89573 72391 
32611 72595 
94672 58424 
75393 88269 
90797 34901 
48673 28273 
63950 21186 
56242 67743 
8932 48408 
46160 19220 
86975 90039 
2333 45305 
44578 47513 
56512 9348 
40135 75093 
67720 19530 
20312 96220 
13080 53762 
11686 84792 
9114 88133 
44806 59119 
35807 89980 
7628 63773 
67065 78178 
33198 95073 
20709 97864 
62456 59680 
28678 4575 
87240 42568 
93909 3646 
70822 580 
44155 44734 
63726 90859 
14998 28442 
81120 89621 
94416 42289 
84728 56054 
39475 6649 
16997 48579 
32059 77764 
68152 6273 
75051 24607 
17829 66923 
42939 69079 
82122 5035 
91569 54928 
14152 38040 
620 89793 
51721 66991 
69305 86866 
79081 89279 
10973 17961 
71591 45170 
95424 78136 
21728 37427 
69179 53509 
2921 93857 
43350 78569 
13632 26277 
76407 67005 
58324 76260 
94821 976 
64217 27921 
88437 67732 
3133 11091 
89389 39642 
86302 14414 
93476 3934 
26620 77218 
11130 61811 
17663 31444 
41461 33149 
61663 20511 
47342 22574 
89678 30645 
72083 25495 
56370 32045 
78976 78536 
59060 42210 
13826 87818 
26175 91771 
87586 667 
43698 94426 
51266 21589 
39931 96829 
88553 11713 
28628 11783 
82903 52431 
18505 18612 
25341 98565 
33130 48292 
16802 94177 
49392 57750 
84578 74979 
54994 37657 
76282 35348 
45873 91131 
16690 95033 
32942 66938 
12955 60938 
4223 30113 
71886 42712 
93250 5347 
49341 47397 
37484 34068 
86244 48014 
71561 44820 
98362 93706 
89327 48386 
77662 4965 
25915 33999 
31951 76434 
56513 61102 
36449 91941 
82024 12273 
96061 41661 
73469 97259 
20317 19669 
76775 75512 
94327 71673 
37492 95171 
88531 57327 
91020 30140 
87657 89295 
78106 33717 
35004 12098 
87623 17180 
82012 87783 
99077 4799 
5078 62607 
95821 12923 
1635 99138 
46605 50128 
5775 71598 
7883 37847 
70010 38749 
82213 6445 
44272 28259 
79104 30443 
45804 89251 
63846 28352 
54376 95589 
47132 67576 
86055 11492 
63687 82865 
95754 63179 
11663 38022 
33891 95487 
76224 34855 
35689 30823 
40504 838 
53018 89269 
95068 67491 
48131 73326 
93018 85176 
56269 68511 
62039 6849 
89803 61915 
76991 13214 
461 34823 
17046 44820 
38127 42638 
79901 52823 
44832 55597 
2269 79444 
741 97139 
40634 31613 
95328 83312 
99154 16833 
31369 36206 
52647 69012 
82001 17176 
1748 3810 
11812 1482 
14600 8002 
41778 94994 
54882 85408 
84820 75717 
69468 53162 
3882 28164 
10720 6366 
47618 26975 
98155 46660 
154 17682 
82186 771 
40847 37161 
58618 38822 
47556 14047 
96794 38976 
92688 90281 
86525 34941 
75103 8964 
79384 25945 
2933 20806 
98452 24940 
92513 71729 
17287 70160 
76767 47551 
63648 27554 
22822 68188 
86440 67226 
43031 43437 
35370 5653 
46229 25159 
41952 67328 
16730 16549 
57815 34359 
27459 28214 
1647 20667 
90551 2862 
89658 28590 
23877 65707 
76104 20023 
65151 96039 
10208 61678 
96646 56932 
23692 84585 
52997 64681 
99215 31693 
72183 27318 
34136 54184 
15502 32434 
6319 57124 
26175 18539 
69115 88077 
18240 21323 
51175 8550 
87428 46427 
13418 87418 
13999 83723 
20267 7944 
83814 44594 
15161 85555 
88432 73347 
51413 52249 
77577 56636 
18597 75297 
28086 30648 
22001 42874 
62265 64826 
18019 67294 
95559 83013 
81946 27739 
18560 68166 
86280 98662 
21562 85160 
97401 87518 
51261 47716 
56450 36003 
48641 50110 
96229 22718 
54692 82064 
60111 41950 
86341 46132 
31258 23234 
78805 843 
50817 99398 
62561 60057 
2329 27025 
93229 89184 
66237 12530 
80867 52340 
3155 99542 
71549 80991 
7487 28809 
18548 54270 
84006 90559 
43067 3929 
39169 51059 
25153 82714 
46235 50043 
84314 64025 
38642 33782 
6293 72788 
9667 9703 
47584 82759 
48026 82850 
2472 53846 
18856 61857 
48749 24540 
7467 2713 
97704 19171 
79229 92269 
61620 77468 
73174 60263 
17688 64771 
39143 48575 
91132 75257 
48737 59493 
2307 97659 
58854 50961 
22598 73221 
83259 46100 
62218 39012 
32426 76724 
69315 16206 
14792 86161 
54285 72602 
53591 75350 
65784 61364 
62624 88029 
35648 13887 
41573 95758 
78800 43659 
96901 61587 
81158 150 
67899 32361 
33693 96991 
39122 34009 
73981 27086 
50206 21549 
77968 68835 
72016 66154 
4102 82214 
4062 45285 
29629 91282 
62313 38745 
34526 50514 
68816 23406 
82437 96372 
24925 2472 
19912 92684 
48497 1302 
65372 88610 
82061 11150 
87431 21392 
33765 64604 
78570 12561 
95782 82094 
14601 25926 
95950 37514 
52997 78403 
77514 52822 
63857 20634 
69176 46430 
6119 33345 
3040 28256 
58645 17531 
61589 55502 
90846 91782 
86477 37542 
10784 48483 
61720 5748 
60008 62091 
91766 44633 
33867 87338 
30975 14397 
93628 32958 
85176 81785 
2473 47415 
98287 16071 
61262 7117 
57353 99 
41954 54721 
97936 52464 
16667 95400 
68414 56245 
58553 22308 
16553 42156 
47069 8992 
94617 79521 
44630 76139 
40327 87199 
24288 12765 
80113 88378 
18759 7876 
18432 98115 
29993 27602 
22291 50554 
85454 54955 
83679 43952 
52349 94591 
44252 5959 
24305 33369 
96425 59035 
76319 38975 
32901 96454 
43269 73519 
2740 63052 
14901 96764 
46194 71656 
55902 34543 
22855 76120 
53539 91879 
18042 64917 
67286 97514 
10908 35461 
5004 76742 
14400 58620 
78414 62884 
51995 45347 
96985 74181 
19039 82919 
43813 2576 
87553 16934 
39673 83552 
52538 17086 
42152 42112 
85083 79637 
45596 38972 
52997 87580 
44619 73168 
93229 70695 
98969 32543 
71984 81999 
90815 21941 
48234 34539 
96831 40462 
64249 23044 
6946 23730 
22780 88638 
9228 14916 
74704 71644 
26068 79108 
33237 37435 
30715 29636 
51189 53371 
95155 92089 
46330 41032 
20434 92014 
36542 27300 
78758 15666 
51244 70256 
53037 59674 
18492 41445 
94015 55132 
88174 4748 
27730 24374 
40881 43910 
36778 4546 
49351 55718 
7678 51144 
4737 43904 
83633 16757 
93546 20003 
87070 85549 
12713 41757 
79562 32378 
40071 97070 
8082 66954 
35407 72074 
46026 18073 
33294 25610 
75015 10701 
3081 29170 
69230 89588 
93690 21356 
37875 47072 
51287 68931 
53331 19877 
96428 22761 
42661 29945 
73928 6232 
48367 57749 
43524 76199 
70616 53012 
62255 52067 
87656 7394 
20573 17304 
13720 36474 
33328 59512 
94446 44208 
54061 30098 
58689 72083 
76453 72683 
42573 67281 
10305 90556 
76731 39438 
71105 97811 
80892 13968 
1993 26234 
41344 31410 
54862 40588 
56252 86898 
93381 48616 
21414 51599 
44853 78921 
94779 68848 
20138 39804 
21868 71712 
41257 65222 
26231 25844 
64856 206 
69171 61741 
66336 77403 
61184 23897 
54259 88858 
63904 30852 
17558 62685 
55835 9759 
69096 13015 
47720 41853 
38285 43380 
24162 31082 
82768 48661 
