90355 32430 
19200 59730 
14942 31329 
25735 67800 
98458 71242 
46099 13500 
95325 21662 
66420 1363 
40533 26542 
24908 46588 
57594 75289 
47394 77049 
22801 14469 
41922 67174 
72138 37847 
88375 80455 
18550 83938 
17090 27929 
6755 64830 
56392 33626 
70353 47837 
43193 34848 
71754 12379 
33037 35022 
99239 8518 
16429 70005 
67502 50695 
46772 44848 
18061 90469 
11940 47378 
44186 25445 
36287 47400 
71337 18063 
82766 45865 
8549 17575 
35944 47054 
48833 1271 
85768 88658 
37375 76899 
99306 79543 
45137 17233 
63027 63090 
82483 29867 
1777 45168 
62509 569 
32225 116 
76996 86901 
88363 95578 
79265 80335 
64542 57552 
77652 99689 
57575 30761 
30957 26504 
53570 76225 
2918 43822 
97484 87886 
76615 93859 
3758 3175 
51685 27174 
14948 28640 
47327 76204 
91927 1030 
12291 49410 
24021 56694 
99407 8770 
80333 87726 
96658 63013 
84570 21948 
19434 81708 
84831 75686 
59288 11225 
7103 93184 
53403 52574 
26628 4612 
85901 43280 
64832 5781 
57287 70667 
21161 87024 
61473 32342 
78984 16116 
91244 51149 
82592 10695 
52438 46511 
68379 19316 
4756 61803 
47468 67114 
62822 48315 
79281 11968 
84950 10339 
46027 124 
49077 23054 
36548 6464 
65383 45138 
74692 93865 
3376 61409 
82097 28591 
17540 7312 
48255 44182 
40136 46684 
91685 55030 
72326 96988 
35269 82620 
45539 22096 
86043 72383 
43805 41689 
5170 47149 
74809 38481 
77359 64393 
52457 79720 
40630 18781 
7017 7820 
17142 58972 
70220 96435 
93680 68179 
92177 12977 
36467 91700 
34584 76281 
89089 81445 
50396 49025 
94633 67419 
3993 58515 
3543 59192 
7853 96569 
77230 26576 
51830 9480 
74122 8055 
79358 52446 
9656 47939 
21255 49320 
14591 68787 
32273 68192 
77072 44349 
88139 96051 
43037 50065 
91544 71672 
66834 33128 
4395 14851 
49343 62165 
70625 72264 
74402 87794 
18932 85474 
56037 69627 
38051 74973 
38747 2722 
98532 25678 
51016 7070 
54422 53894 
98276 27388 
95896 33556 
95669 27284 
39576 60385 
83285 51850 
37128 36657 
36916 75745 
54708 66357 
85955 50081 
25925 60791 
76667 10689 
9196 68071 
73910 12824 
86742 56415 
77231 12901 
26916 828 
38353 26586 
94187 45474 
6183 54332 
31789 39943 
92792 80430 
60924 76605 
49203 19711 
37353 88394 
63374 7186 
81341 1586 
44411 284 
50097 76547 
36845 90743 
53252 10918 
16701 3807 
21342 24321 
57142 96047 
24896 91442 
15603 49961 
7430 41220 
86650 3450 
39506 93867 
85178 45302 
22985 64589 
73118 54056 
74702 23111 
19470 56901 
97010 61508 
88270 37696 
98987 89338 
82021 28820 
66587 44698 
29112 80176 
92593 82590 
92978 10550 
67954 77848 
97957 11443 
4971 58897 
12291 91555 
9706 70731 
2183 21304 
46157 50755 
72535 61077 
37902 89521 
39743 34340 
34309 39876 
39856 37324 
27845 32690 
61430 60659 
46660 55074 
6567 35192 
62280 47870 
25931 4119 
46165 83214 
43909 66659 
80798 90094 
88671 34679 
81102 6079 
68484 92990 
10205 46775 
90470 56495 
79895 1069 
885 72899 
10615 79843 
37023 28431 
88419 68615 
20037 75802 
97038 60407 
85225 18590 
22065 74193 
41759 54303 
21229 96350 
77356 99544 
29818 17846 
75068 95063 
23565 78237 
89132 15868 
92616 69076 
34742 92176 
89708 93933 
82652 80650 
3263 30030 
13648 12205 
71830 87315 
80247 82589 
157 14848 
43365 45017 
59156 61479 
248 10346 
52093 58062 
96606 59553 
7601 51816 
20691 25774 
16416 89959 
9955 8676 
63252 19369 
61971 42669 
17785 41773 
30449 52243 
39481 39845 
4472 92692 
19814 68613 
14496 92528 
32429 88675 
82164 85088 
86856 3009 
32673 41156 
84657 47519 
18213 91858 
58193 76973 
58890 61665 
31695 82610 
93599 15010 
81905 75462 
47465 56865 
91291 70303 
64760 17546 
80675 9133 
26601 95102 
80094 70260 
71289 24804 
46800 19279 
61795 94600 
67554 71618 
99684 27821 
88673 52849 
67692 9998 
1807 62569 
94181 45337 
76000 70422 
71895 90229 
67294 98713 
30675 26086 
56026 75045 
59254 1893 
58897 70594 
94747 98029 
38018 74811 
50138 37248 
82349 95802 
29823 96141 
68293 17078 
91224 50965 
15687 86028 
46461 25424 
43032 57216 
62296 94798 
91505 64471 
8797 40762 
31174 49768 
27594 44293 
84789 33984 
39166 50273 
4626 74925 
85200 36689 
16084 21343 
6902 73793 
98079 38199 
93011 64145 
4765 48047 
92340 13135 
45680 6178 
74781 91439 
32181 3015 
42041 15757 
66833 66281 
34768 92276 
99431 17593 
56242 38494 
98395 23359 
34504 23339 
89540 68255 
74559 42976 
95526 71080 
10183 80245 
68806 57372 
50952 79390 
48465 957 
34203 4519 
87069 47473 
33975 40214 
87498 36914 
49372 35747 
61694 49354 
93308 90569 
73379 8299 
29287 28042 
54996 89450 
58617 6832 
95472 99209 
43411 74957 
79914 6847 
61724 80143 
24880 37040 
30355 12004 
93665 55334 
98132 66457 
94823 8132 
7889 90893 
64165 10876 
48902 89771 
5544 13421 
73191 44660 
18976 9905 
28900 30172 
75985 1974 
71852 87797 
11537 68825 
52441 53351 
89521 45297 
39155 20554 
64462 60103 
32330 63213 
6005 40317 
42136 31525 
74654 45356 
53328 84234 
37397 53923 
75959 17677 
90009 90818 
86050 5194 
9233 46950 
93092 65958 
92470 15576 
32320 40946 
55213 40513 
68839 65626 
47211 47959 
17987 93835 
17157 12560 
31702 45429 
2693 90489 
74226 21433 
47614 37559 
12119 54794 
51378 18768 
73340 42213 
37371 7185 
88083 33157 
85859 64697 
10069 35813 
15142 94920 
31155 36566 
10169 59420 
44438 19526 
91692 52437 
81388 15712 
91041 36379 
47141 7654 
45671 50674 
4684 64529 
58878 19876 
13494 85375 
73414 3483 
11088 83481 
93204 49526 
36956 53757 
49981 36737 
37550 26709 
52355 16003 
58249 27559 
73699 90801 
23653 27154 
32191 8449 
31083 92465 
91471 69244 
33835 18810 
63568 98965 
70503 53386 
27118 71692 
4620 235 
83364 14548 
74878 30478 
60019 73703 
20366 8478 
38805 71878 
37540 84502 
26321 41566 
46052 97550 
9870 75349 
89099 78191 
39974 94905 
70620 40577 
59523 3722 
36441 5233 
55860 54987 
39386 99791 
46561 35805 
89422 43543 
22293 41611 
79026 33480 
60825 90535 
91291 14441 
95138 6489 
43677 34059 
65546 81867 
93836 54385 
10824 15992 
35640 16379 
56592 13855 
43278 30904 
40515 21155 
79225 434 
73385 66311 
67937 59360 
72715 77845 
51231 57604 
21243 46441 
83670 2199 
96542 4960 
96601 14555 
89929 6842 
58108 57303 
82980 93571 
82742 33968 
78148 55254 
99702 67114 
86338 4883 
71054 16213 
58793 6457 
62595 5151 
13198 19915 
9150 91117 
44668 51702 
83339 21564 
31117 28782 
72318 93970 
39477 46072 
90466 54374 
14347 72478 
7711 44903 
83846 39154 
52934 38028 
48838 75039 
59803 75783 
31120 99422 
58464 65919 
43791 28991 
80606 73766 
12736 7719 
37778 88506 
22018 21961 
53183 35647 
77902 20221 
75757 53673 
86397 17352 
81962 52142 
17372 26290 
75540 20980 
84662 26960 
28365 66257 
6078 51588 
66567 6431 
19802 38438 
95276 74872 
24374 81854 
72597 39404 
78351 85487 
88858 67681 
42666 7737 
80699 38395 
73808 73670 
11228 22641 
79201 16064 
77253 37199 
27468 99737 
62528 2052 
65760 77942 
41955 18179 
33932 27354 
55877 18426 
81043 9085 
15854 34268 
83552 7121 
73746 64274 
36495 2753 
84441 26329 
39085 53782 
19256 24956 
24350 60697 
41787 67529 
88811 18499 
40923 18740 
62647 72493 
26767 91363 
23399 19102 
34357 33194 
97002 18669 
47373 84959 
8762 16183 
49440 52075 
43876 98005 
34132 54325 
52192 47948 
56497 91833 
85129 4396 
88653 93156 
84018 61700 
49964 91887 
48609 3680 
18304 11856 
2071 4846 
93089 27806 
34555 85803 
73057 8415 
51211 63330 
32160 41535 
72563 92737 
25488 87774 
35182 60371 
33793 7813 
18899 47512 
59974 61324 
83065 53400 
23788 80913 
28910 34780 
62088 83181 
17593 92086 
31062 90860 
64306 8280 
24206 4871 
97595 25349 
65195 83250 
20080 25613 
8356 55075 
31825 70233 
81076 21823 
80824 35698 
32308 76066 
86460 80556 
9196 97928 
41211 69322 
69933 73483 
33516 78197 
55072 16016 
50417 8154 
81834 61083 
12452 34937 
96345 49310 
65229 32627 
17282 7109 
2234 17731 
31054 84781 
21624 74071 
53455 13917 
26120 35303 
55598 1588 
59577 21494 
63009 87499 
36425 48955 
75910 52095 
60857 58397 
25985 78551 
51545 35488 
80363 39645 
84586 30015 
27078 1715 
42500 15110 
27903 12188 
10332 66373 
4281 64645 
91249 82240 
29949 15936 
23478 11555 
39912 63534 
68070 2083 
29562 78177 
2657 34560 
10049 26740 
242 60878 
6396 13377 
94015 22161 
33388 13157 
29314 82700 
60961 71725 
82044 79131 
85530 96971 
79219 50716 
56698 74257 
91791 86243 
69725 95433 
82494 95779 
23390 3699 
82169 91433 
60081 21305 
36888 40251 
50423 45163 
15161 34511 
58254 66602 
89603 9952 
23415 95857 
10674 30813 
29643 49288 
71446 52116 
82719 87920 
21809 64189 
10089 79552 
28161 22252 
7331 93549 
90310 64707 
99110 27312 
21191 27801 
52705 6545 
66964 71482 
80681 97589 
95151 41469 
95999 19424 
6712 5996 
37573 45390 
34274 22142 
67263 40225 
73243 6322 
50267 86731 
55088 6262 
70085 18169 
12826 97631 
96466 87460 
7597 57563 
20215 72298 
82155 99370 
92207 36504 
82236 88047 
55678 42244 
39971 94518 
40601 35189 
44847 88102 
96891 5258 
37223 11286 
79212 59268 
46967 28647 
60307 28650 
65540 92674 
42088 75306 
83671 23190 
54089 51775 
48766 54265 
77465 18050 
96253 62705 
9345 16704 
87346 55643 
87154 60441 
41994 61197 
25423 91729 
90306 35841 
78631 32892 
78303 74866 
32801 56830 
54606 88185 
45844 73486 
33475 82747 
2064 45258 
76629 74954 
19754 15722 
61344 41723 
52509 60366 
5566 7222 
54621 45467 
2104 53799 
38872 11826 
73476 40282 
41054 83733 
96536 8530 
19705 40390 
61767 60054 
61847 76937 
25944 88490 
35916 25304 
88882 60840 
31602 1280 
75031 50677 
52989 93557 
28949 39847 
86167 12878 
40007 21744 
45390 75063 
96152 58845 
12899 297 
29174 69937 
26689 72954 
54604 48370 
37771 21124 
28272 41652 
53908 43092 
38476 54845 
10333 29220 
27839 75473 
59603 1971 
92155 56018 
52554 24295 
34851 31610 
90208 7123 
65190 95116 
62539 80437 
15917 99610 
54144 79186 
21793 9083 
89166 35254 
44285 72230 
8226 59773 
49672 51322 
18636 46246 
47929 98381 
35862 24267 
77940 34301 
38952 46071 
80985 53010 
95578 93708 
38885 42443 
73367 53329 
65793 86828 
43372 14889 
33360 90663 
98780 20509 
77820 43772 
57422 2814 
84552 28967 
90126 25746 
70725 59076 
18658 64664 
89909 18487 
56762 40019 
63833 75869 
25714 49390 
5978 29347 
61866 26439 
39281 43166 
47779 92097 
25928 35761 
40867 53260 
21107 83155 
43857 47350 
34516 8728 
59916 27260 
33543 40665 
1959 30540 
50272 31750 
80424 79127 
60773 52716 
76734 11452 
89659 89932 
20671 57501 
55441 1026 
29067 29181 
12981 7869 
30511 13296 
68148 35377 
96141 22528 
36792 36715 
20182 80957 
95221 80728 
45497 95030 
22596 15815 
9241 88288 
67023 65965 
91600 58742 
76570 59291 
86637 51488 
24047 37174 
78424 25939 
20109 42979 
97937 37043 
53090 43341 
56574 42857 
15939 92110 
726 97107 
80748 7352 
8464 84623 
59561 95109 
54192 10017 
46509 20200 
61 55518 
70808 93921 
33907 82582 
2709 21274 
62715 63701 
45269 26247 
87831 95786 
13612 52636 
33588 64553 
50346 20078 
74548 549 
50891 165 
8197 91759 
75711 65927 
49749 95176 
7755 59465 
83592 20292 
72932 17132 
91976 41150 
79008 89427 
95675 30420 
44033 93646 
83654 98896 
79300 41328 
79189 66891 
63741 89676 
88406 90171 
96826 76370 
3876 12430 
45211 10590 
90691 18699 
4752 9544 
65339 19685 
83967 89457 
88761 5716 
77621 42701 
34100 70771 
39845 58634 
56960 22049 
85023 74741 
91397 58548 
41693 76763 
18388 23376 
59765 1785 
5212 8773 
24598 36605 
93925 20309 
62844 45246 
25057 87270 
34402 4061 
18661 39932 
92455 70668 
99037 61254 
59275 63809 
41713 60447 
9317 85242 
41688 8954 
73117 71913 
50475 25559 
75587 26871 
6136 96671 
538 40826 
85301 70247 
29605 82694 
39055 67420 
38200 7151 
35631 14554 
43767 99942 
21977 10286 
92272 57571 
33599 7047 
37763 77031 
27438 4637 
16775 13321 
86111 24578 
44464 47776 
43497 58349 
62578 98615 
11423 59989 
50715 96608 
45134 84157 
71802 43390 
71243 54410 
60302 67708 
16048 83298 
77418 95782 
14350 55779 
51363 55921 
49358 30574 
92784 44717 
72763 10225 
25495 92361 
80746 79972 
897 78000 
76475 17972 
70843 62591 
32529 34996 
78125 26300 
77755 10377 
86418 20265 
72200 52839 
12182 68427 
1052 29767 
39920 84123 
13944 76534 
99116 98273 
59495 18704 
56328 31242 
16635 14244 
29068 78836 
4028 50317 
59523 24413 
56851 9801 
95573 33681 
96176 56350 
14213 36554 
80405 73667 
88176 51271 
20468 34558 
40419 60036 
60909 68432 
53106 2515 
77529 42097 
97794 13820 
18901 68003 
31803 96965 
23864 6549 
62034 86294 
80031 34621 
12036 28015 
49333 11218 
40658 76697 
75841 82850 
51403 82524 
8350 36337 
405 23028 
15633 24669 
57951 15233 
45814 62841 
3536 29323 
82962 14821 
37712 13377 
83788 70323 
75281 30197 
35257 40549 
43897 1875 
59938 85834 
49723 55533 
10089 24864 
87518 64496 
33759 65157 
66360 83223 
66599 37487 
94218 81391 
1591 13199 
14634 92833 
15607 32602 
17058 8371 
86443 75142 
48670 58103 
16917 57561 
40032 48342 
93653 54989 
19507 41149 
47319 1688 
32077 90263 
48380 43155 
97084 76284 
67836 79312 
36347 16035 
55960 59734 
79238 56327 
43690 66176 
4506 712 
51132 45085 
9987 59304 
95541 33370 
10819 56410 
27158 54386 
54366 78418 
85488 47905 
5795 95320 
60835 37782 
2072 43201 
66361 34101 
94153 12208 
74446 12780 
97193 44710 
47814 14901 
46880 11792 
631 60527 
16283 2684 
57743 77267 
82138 31395 
41215 2609 
42044 37537 
2524 30796 
74794 34247 
36006 40016 
4896 35075 
54619 53696 
79332 73855 
82568 60915 
89673 16849 
21033 45258 
75916 54794 
73004 48860 
29744 54008 
71161 28976 
74376 40349 
38740 48098 
35800 87554 
27524 75441 
35864 82369 
19346 67595 
31580 42902 
47927 39163 
96964 73737 
96402 30435 
93804 51612 
52534 28450 
6020 48847 
58423 219 
18578 18200 
74399 52497 
6433 82470 
87861 41122 
61537 94912 
36941 14816 
26710 62411 
86197 93233 
23983 52361 
86911 47146 
62017 36340 
78146 69826 
82298 58899 
36334 2997 
57013 58190 
60980 8204 
82889 6636 
91968 54954 
24722 84508 
89990 30752 
49931 46979 
75778 64887 
61212 96163 
16109 97843 
78174 23595 
64953 21213 
40852 45783 
16694 59234 
8079 15680 
4969 62340 
1894 56328 
85509 35599 
5557 29426 
74229 30445 
57174 21179 
72891 86831 
93562 584 
3778 24715 
89676 81138 
92151 48763 
7813 96000 
80628 48202 
17724 78731 
33194 44943 
73912 27026 
88187 67431 
39588 15199 
49396 5099 
28117 12698 
62331 28886 
92247 60575 
8740 46948 
29038 55553 
66615 1544 
84086 92235 
25232 2977 
32531 18008 
15145 39572 
86289 62304 
11618 98843 
27035 12152 
96637 84334 
92704 19325 
19402 15032 
51638 40884 
78158 49862 
82922 34572 
57197 88413 
44131 53244 
92087 60909 
48360 8394 
3418 35336 
91306 1872 
34794 37745 
66108 56986 
54331 2905 
78782 15444 
30562 46825 
30286 4981 
73474 80080 
62603 24005 
39262 61473 
75711 34242 
33470 25227 
9898 82 
11306 1725 
53608 64261 
66242 91782 
80845 3455 
18382 47460 
44146 64540 
62651 58653 
49218 42498 
13492 43985 
15567 24348 
87564 97001 
83787 89960 
98815 44184 
64663 30261 
1382 30054 
37818 16093 
4891 56389 
98376 26846 
4028 67573 
18959 27009 
9675 92118 
41282 60910 
42421 21635 
36765 21155 
50933 32803 
78724 34680 
47445 35356 
50134 1802 
10540 59667 
70363 18322 
91438 81196 
61912 8442 
74158 15879 
93911 97183 
82204 10500 
32946 54965 
94842 95128 
3812 54139 
34574 60900 
12830 87536 
14059 75767 
14633 12456 
85528 53225 
9639 34 
18660 44655 
43939 89544 
43889 34565 
45882 69963 
37311 79846 
74405 36990 
90616 49116 
72968 2714 
4894 86256 
19947 67274 
70698 43466 
41437 97076 
48401 3468 
5620 92550 
42676 37937 
49226 69887 
72836 29787 
96066 25882 
76802 20654 
15230 2703 
50635 31718 
32257 20331 
17850 45955 
50429 98398 
43127 32976 
61325 46279 
53604 43795 
23852 60562 
7546 2194 
69218 32380 
55025 71787 
45626 33605 
68109 83455 
50968 20535 
79123 66514 
14393 66446 
54687 38794 
78321 10275 
50543 75754 
1357 87689 
37563 96811 
49509 92945 
62890 78266 
68215 5165 
11819 26529 
30918 1079 
65795 22761 
41255 67736 
9842 80651 
25425 23361 
28745 42719 
88872 52258 
45485 77342 
27164 60555 
97704 28679 
74779 63579 
18390 14685 
47494 22796 
85512 64647 
84168 60475 
31980 36951 
21924 93647 
62109 60258 
45097 45411 
3658 96819 
32772 11283 
35576 35347 
92357 81016 
70705 82698 
7318 42229 
40026 38544 
46102 21161 
20405 5271 
76210 48007 
71345 6566 
2483 69541 
97916 62427 
1909 70115 
36811 95815 
58578 3633 
70389 26698 
11910 83701 
9602 42946 
18860 26945 
50865 24362 
96533 95342 
4206 36036 
55493 37418 
10455 337 
56026 85307 
13752 2986 
19693 24899 
32327 88014 
6765 19706 
75280 48824 
26448 35561 
86008 28170 
81302 82902 
53956 98514 
59841 66155 
25522 6096 
82033 5582 
62259 26936 
71255 76004 
39879 1093 
73253 88891 
55153 82679 
67718 29614 
9424 67456 
21361 49992 
67247 37263 
12660 7792 
46578 91111 
17982 39468 
82982 16462 
86338 50172 
24463 91024 
45768 5947 
55837 95346 
78208 17035 
21947 59541 
71648 8334 
17585 63693 
8497 83311 
38617 60779 
77293 1055 
43612 93409 
1246 2652 
58190 31236 
61559 42691 
65306 64594 
56097 4477 
63893 51727 
74671 3395 
45542 31904 
91068 11868 
34306 84821 
68921 71495 
58276 37831 
53613 93210 
73204 96893 
75642 84651 
38260 4569 
22200 85479 
51904 8947 
43218 35978 
91896 61080 
45698 52042 
67629 45340 
95907 30516 
85244 87013 
92825 62888 
46415 74559 
98235 92432 
50204 80119 
8927 10164 
44069 61185 
34723 48363 
74877 78799 
2353 96904 
23691 73181 
39725 37264 
69134 96423 
7688 61858 
13291 13652 
37132 22180 
21401 49062 
98122 28298 
71994 71216 
74711 4311 
87669 83282 
44204 89691 
18366 8121 
62843 64769 
78766 35626 
41253 70142 
99376 30259 
52433 84423 
36880 80435 
52705 22479 
3494 8205 
11743 17209 
17367 47647 
41634 51896 
46457 43432 
86933 17313 
16858 17214 
87739 78013 
83218 98839 
56055 45595 
13667 21770 
12048 73274 
24578 37729 
11283 5673 
11537 14211 
56613 40553 
62037 40385 
29134 85029 
2718 81797 
91447 17866 
29361 92378 
13451 1550 
91408 13453 
45992 23086 
54400 63751 
20907 80882 
43567 51873 
87358 76533 
79650 23220 
3809 14994 
54120 87099 
92624 64354 
55098 56528 
29950 77330 
47560 73192 
87438 30562 
31844 83101 
64285 94969 
52978 74651 
48213 10640 
10038 90139 
22203 3141 
19524 74212 
90160 44590 
19623 28285 
29144 32531 
63322 98676 
88432 32326 
37421 38011 
46338 4734 
61852 44390 
4651 19292 
69065 873 
47429 36267 
36811 9050 
16072 25212 
49296 34753 
55751 76513 
91475 61430 
69661 53837 
39147 77250 
77020 30008 
93579 5715 
8340 46607 
23514 26355 
87207 38447 
19719 22048 
41679 68104 
37648 32537 
60355 22799 
2302 89951 
58288 36180 
76069 61406 
46119 10934 
45061 26253 
2184 34672 
62430 71064 
31775 1139 
98138 94164 
60390 71575 
83832 73317 
48474 36921 
8768 65142 
34042 70569 
18121 72857 
6518 93487 
88567 40190 
90256 8800 
7673 3575 
69391 1291 
63436 62215 
17040 38788 
58182 6142 
1354 57033 
97121 76114 
28490 57374 
65975 15994 
48326 97517 
4407 18196 
92564 9572 
2363 55863 
36856 36734 
95002 41607 
78680 40242 
8539 51999 
917 91583 
14089 9382 
47412 31456 
79556 18216 
71316 46612 
70593 11775 
29544 88455 
40877 76914 
87467 33164 
69159 89499 
66755 62089 
46035 11200 
16299 23328 
86858 69524 
11198 20621 
48901 67272 
88069 64082 
60657 45073 
6232 8807 
29087 51182 
83837 2012 
76632 56446 
95582 57111 
73996 89139 
34375 74017 
76978 54328 
33188 28979 
46033 45478 
15269 64360 
25804 52212 
91012 19039 
88491 17448 
47996 53492 
99742 99582 
87058 40121 
48639 50948 
41714 9002 
94388 32489 
80886 62006 
21510 46360 
35557 94119 
62569 83174 
8878 89767 
42921 48614 
26188 94128 
25489 55366 
56518 94611 
85227 40631 
90377 86110 
22730 96901 
89955 35113 
34338 84281 
37366 2387 
92153 26301 
94122 31720 
51502 77996 
50801 63061 
95701 94964 
89661 82426 
48377 25185 
4976 78048 
32116 91579 
25934 32510 
28908 32577 
65171 43988 
2602 20444 
72377 36214 
76523 82653 
6842 86424 
20432 10289 
55469 73274 
90156 49291 
13431 22643 
80525 35279 
13574 8168 
97631 50774 
37561 45567 
30004 54813 
66928 4994 
99902 59291 
35380 54087 
5756 3769 
25037 35860 
24678 11092 
8824 80226 
29999 89838 
78742 45674 
92948 86410 
15560 88531 
79888 79584 
49231 61223 
26911 53315 
31378 48071 
72155 79872 
91251 57446 
52839 94626 
74792 2444 
28821 46300 
72797 18775 
77382 62030 
28627 88180 
14975 75288 
78531 58439 
40837 26541 
18344 76922 
64654 61444 
9206 83629 
75879 19446 
31876 41796 
35821 26874 
74359 19408 
25302 82876 
90745 73330 
60472 54051 
537 29256 
97244 74144 
7211 95348 
80886 78904 
2320 95141 
61452 92986 
87237 56200 
88016 25750 
88409 45016 
15078 25850 
64022 95736 
3068 90725 
49 40616 
71520 26380 
71872 13407 
68250 5347 
4041 63459 
50846 76214 
95174 87885 
37731 36852 
87622 61938 
75293 95267 
52244 23598 
84815 6942 
27466 47388 
98366 95611 
98803 24559 
66349 35591 
30082 52033 
21056 98113 
60863 20893 
10375 41547 
65872 86686 
73688 55960 
31767 98445 
18053 56166 
44107 61109 
66913 54216 
93174 6856 
95855 32230 
1097 54913 
40366 79552 
44730 46507 
59061 54371 
98817 51888 
62503 79290 
52211 59720 
72564 82767 
56252 75666 
60124 53898 
48890 76593 
20000 86728 
60728 89592 
81113 52077 
49896 90886 
17219 49818 
31496 48705 
18903 62591 
64344 66319 
11119 53169 
32836 16709 
52171 21960 
14974 98691 
29847 68605 
58942 85843 
78308 82183 
99 84213 
75393 18232 
37853 62514 
44137 7604 
57593 69428 
74588 82125 
26709 6609 
2442 95083 
15718 83129 
29519 60767 
95575 37359 
47781 36604 
40522 75647 
33383 23859 
22118 43662 
10131 68459 
14610 15920 
42795 2165 
44394 61731 
9857 76155 
7013 21710 
22555 4011 
44015 7988 
2537 49171 
18961 23383 
3905 63098 
56952 80070 
67156 4732 
15295 86621 
22279 49253 
34253 63850 
16167 24705 
76302 44469 
25574 98775 
99933 9360 
30967 74792 
29724 14111 
68943 45995 
78300 63508 
51268 134 
47723 98751 
37135 62717 
87996 72478 
71911 16484 
18556 1 
60402 37159 
24996 91705 
25612 41084 
27723 91168 
14970 49043 
81852 66316 
55177 32380 
8371 26819 
24118 22480 
75443 69920 
3680 32729 
45700 89029 
850 63276 
80477 14660 
76146 33223 
45142 95690 
98198 12317 
91046 70382 
51225 4789 
99089 21283 
58164 71660 
57466 55846 
46401 64683 
11927 5491 
75312 84978 
70687 89852 
65231 72547 
68133 50057 
16036 78997 
91534 15169 
80137 75138 
53223 29267 
59510 97565 
47039 33173 
29269 43891 
62295 64454 
51340 84996 
41146 12067 
30951 74461 
55945 37916 
85931 329 
52026 56584 
44228 42356 
48317 46625 
58593 69141 
13302 52066 
29029 33835 
37053 21142 
53391 4551 
1419 20797 
84455 96191 
9912 60100 
57755 54072 
76450 53495 
68724 76568 
87817 55670 
19878 53925 
48577 3843 
29270 43446 
89103 10386 
89903 97483 
67545 58959 
96522 9940 
24725 70725 
10923 49466 
57322 23683 
19881 3060 
59196 27832 
50807 62535 
43253 81587 
49399 48052 
97025 60782 
90868 77931 
43963 20583 
91688 61982 
79402 22762 
12392 16786 
25283 36037 
93570 75697 
921 95578 
47030 93758 
38452 49257 
31975 28293 
81089 62864 
82094 9632 
89875 4272 
13626 3249 
50393 77390 
36743 4514 
14690 30771 
12993 351 
35688 22858 
50100 78272 
51419 86102 
2066 62561 
54672 95580 
47300 9863 
39963 14223 
50435 1953 
54224 56420 
74488 32178 
90212 84488 
99215 93883 
52346 28403 
18787 44055 
93528 98172 
37306 33506 
68503 40372 
54247 66093 
74370 75611 
33536 73798 
52109 42084 
79796 71919 
4334 61853 
3172 89220 
43928 41145 
40198 51533 
25861 13715 
12332 34164 
30158 37160 
46046 88382 
57886 56136 
48811 90316 
73962 53501 
33798 56809 
80696 20704 
12833 22085 
34216 92082 
31876 71497 
22250 4269 
6249 84241 
6228 61520 
23838 45571 
93250 10513 
23686 50884 
44210 54092 
24644 38988 
43196 62378 
74187 59913 
50254 71857 
11031 3854 
34728 98243 
86823 92105 
39583 27358 
72007 58316 
58483 89731 
78824 28971 
16853 69264 
70490 45656 
35770 44056 
89725 58516 
23245 8379 
32096 60251 
81288 78772 
10058 23042 
39148 44373 
2100 47014 
23197 81846 
58080 28144 
52166 18654 
36582 5971 
2768 94919 
83092 57029 
25237 43751 
18775 58613 
901 82666 
98823 59310 
24616 84615 
16629 57663 
63770 76128 
75425 8406 
92497 92215 
22608 46896 
24865 2924 
43577 46691 
74033 14829 
41739 2654 
45680 42220 
89227 62538 
33527 37416 
18915 13700 
22341 67349 
42474 68392 
19546 24463 
21492 81047 
30409 63979 
89116 74012 
63740 66690 
18166 44403 
5150 36713 
58376 74035 
23123 57016 
20172 66877 
79520 42011 
65319 93981 
583 46168 
75804 34583 
27137 10330 
11481 63863 
3378 53318 
34281 52783 
82504 45370 
72223 13526 
24408 32159 
19964 45205 
35757 13312 
24321 8861 
55999 17788 
82953 88193 
24186 59949 
92321 73038 
70982 4797 
17071 36306 
67810 18591 
17152 61892 
30832 31967 
61249 21028 
21274 96639 
75543 87610 
5628 73947 
25337 29214 
39309 53716 
3730 9850 
15599 65311 
6346 92921 
78056 9251 
3986 38444 
29024 7387 
86146 47266 
79490 42401 
37486 16821 
76256 33249 
26622 37944 
11228 72204 
32022 80280 
64624 31250 
3328 85054 
58971 30852 
58083 8274 
3994 52510 
43623 34866 
93868 67981 
51812 14831 
77736 52727 
60329 56182 
62038 48853 
88368 46254 
18881 43713 
96922 62913 
68549 34347 
34195 80246 
76225 55048 
25261 69535 
53084 55617 
31717 45598 
80141 31226 
61879 11047 
79595 21336 
94981 6576 
42873 14716 
93856 84073 
87180 20403 
19760 81162 
53077 90284 
30276 90765 
74472 8001 
36626 87265 
49365 91014 
20299 92127 
14791 87906 
60515 36071 
82634 91379 
3854 2410 
24328 28931 
15301 16651 
1926 37778 
85963 81225 
30632 78399 
36891 40977 
23602 91915 
50735 4999 
13663 60534 
83352 43485 
68590 87427 
56019 24427 
16666 72655 
5599 54332 
77461 25125 
74742 39562 
49151 17083 
57148 90467 
38121 57271 
73955 49170 
29234 31622 
46447 33688 
85863 36255 
47594 56006 
37596 6533 
60322 89795 
60560 28076 
43971 34641 
80343 872 
12022 47999 
30757 16016 
54013 93486 
83025 96096 
92405 84727 
19427 44896 
51271 87653 
63074 49815 
27769 80945 
91161 81302 
99702 64293 
52934 37591 
72843 47169 
85554 90176 
70248 47047 
71147 95673 
92457 75273 
6558 53165 
32228 91264 
63660 2550 
10409 61267 
2560 79109 
10552 66605 
62618 62225 
29036 68150 
96953 82069 
24784 48700 
34908 77093 
48013 23019 
53972 27275 
51054 26476 
17720 23316 
35889 67534 
89554 70399 
72853 56805 
63401 66578 
32886 5909 
61982 40529 
11704 23121 
40842 81131 
88463 19558 
2102 42241 
53753 79632 
65693 59998 
62171 42541 
67843 77166 
13268 87777 
56652 29238 
41307 16936 
32843 10426 
99078 76561 
40102 4161 
53895 72307 
43912 32349 
74968 83426 
50358 50387 
80487 98374 
7131 90838 
30030 57273 
97793 37626 
93334 5058 
87325 94797 
8 30295 
2109 99090 
76398 89009 
30686 13991 
5635 90256 
13006 34407 
4770 50794 
45323 25747 
98985 9854 
65541 18950 
86965 31851 
99479 83870 
33858 14814 
42413 7444 
98639 65373 
22209 10178 
1203 97344 
40460 44770 
61234 60253 
16263 34037 
95607 6602 
63626 21837 
44063 62230 
17951 30296 
3863 72814 
89663 39418 
93357 61386 
63750 31003 
31621 46672 
82840 67848 
16784 40116 
48425 11296 
9157 60674 
49910 15462 
76964 80737 
84420 74866 
42256 44029 
61621 43670 
72480 76851 
97296 89374 
99242 47767 
87020 91567 
9925 17620 
16974 47214 
50157 61715 
12826 97953 
95473 39090 
49545 52021 
99112 29951 
45127 33666 
99508 61699 
39430 56297 
75826 96399 
15677 82111 
72829 58113 
56629 571 
77360 37200 
40058 30884 
17921 20534 
68855 29457 
76076 61486 
99962 62375 
43850 21618 
83288 85020 
34822 87223 
46869 56239 
58249 88138 
67742 2831 
95372 23738 
49385 41632 
74955 31543 
85991 61106 
31124 17593 
31505 62101 
40779 4548 
7027 58316 
80077 43421 
74057 41014 
9948 77893 
73021 19663 
99111 46397 
76616 60424 
19719 56418 
35741 57804 
5569 67952 
2121 91261 
45686 78588 
96202 38230 
97170 11397 
51499 37734 
40304 68618 
7310 24672 
66264 29077 
40523 83845 
83127 35326 
24265 4936 
49444 37711 
76196 54892 
96296 36861 
12493 22553 
78527 93552 
54922 31865 
3775 55458 
47861 64641 
23934 84005 
29718 81615 
37869 51333 
68959 81359 
46464 17350 
18744 90699 
21515 89888 
66200 37351 
98494 17205 
52418 15770 
79892 61348 
17507 20575 
40616 53375 
81369 88433 
59837 36976 
5352 58893 
64717 65722 
92506 37428 
60599 31013 
74923 19824 
39538 62700 
5465 16048 
4450 62467 
18166 93856 
19707 1195 
46696 47682 
648 35912 
93484 86686 
84272 79311 
23462 27368 
81292 85427 
15849 70803 
95750 98744 
45005 42243 
12571 50806 
77096 71791 
95704 78375 
63163 98791 
9922 80206 
81169 89742 
77867 25745 
29681 69781 
10620 78343 
4075 81179 
4821 98021 
92501 98765 
82309 44403 
13316 51867 
59263 9121 
78283 25054 
70996 68790 
6571 35916 
45850 64631 
33431 17043 
17013 82859 
54385 61559 
84665 31141 
20889 26785 
92476 80778 
56630 28989 
62293 71660 
94966 3700 
38747 57654 
47515 50664 
31549 3741 
1461 30313 
7420 33063 
8896 29452 
75851 61955 
75354 67913 
33341 54132 
76661 75022 
79264 71361 
33331 25011 
93183 97303 
49956 83852 
68237 63604 
83393 86512 
28091 12931 
38008 33272 
16033 92293 
98845 66463 
33906 81848 
4324 64906 
25884 29290 
28890 72293 
47498 78035 
93024 57920 
33865 48551 
43138 93413 
82703 56549 
47068 17460 
97538 29168 
32256 52094 
94400 10838 
53160 28673 
61336 34246 
12052 79476 
74234 68585 
73073 51699 
14747 47254 
3247 4644 
6494 20228 
46180 58033 
84277 72494 
84196 69615 
37679 99293 
72947 33630 
25236 31330 
38842 8171 
38247 58679 
14145 99166 
4342 10818 
47143 51387 
60086 12033 
65571 22829 
89175 46366 
90263 47780 
18198 34368 
93021 26032 
85477 45086 
67772 10947 
50130 41050 
37287 7455 
88338 81455 
49134 32591 
31656 89302 
23948 35778 
38266 21950 
6746 23827 
52241 71365 
37721 86527 
98154 60268 
2785 72652 
78778 93459 
46128 23400 
92181 69807 
27139 30477 
61142 59675 
82257 49470 
72640 5017 
8688 65607 
58049 4951 
21371 78670 
5716 8278 
47190 46565 
86764 46267 
11144 2923 
92239 3945 
38046 43137 
25144 46196 
40273 55332 
64411 86194 
87212 58052 
19558 7958 
55249 94813 
24536 32319 
38511 27163 
77184 46112 
60036 62553 
16767 98108 
60631 51033 
46199 2035 
58442 85699 
47872 76951 
66049 45817 
12387 98318 
23927 28654 
98057 29313 
59172 26330 
65673 51225 
6634 17378 
87843 14221 
35943 59178 
15099 85360 
12386 87093 
92020 79385 
82183 48870 
55762 19672 
13444 28756 
16695 91630 
42939 44771 
16225 18948 
75761 34726 
80449 14233 
60098 81813 
39919 29932 
12516 68985 
65609 62857 
531 92835 
79049 46207 
98695 12323 
30671 96670 
22044 55453 
4528 70987 
6468 57869 
99870 26339 
49387 61354 
60440 71949 
46148 57357 
70918 45497 
57591 20886 
16562 47265 
22487 43531 
6936 17361 
84913 40859 
97453 46952 
41065 79055 
3581 73107 
22630 38434 
91626 18692 
24566 7349 
47391 3670 
53966 78987 
69321 72266 
23674 5714 
6366 51597 
39409 50850 
62393 81738 
32377 66156 
18793 34592 
70694 14811 
84832 69524 
42436 54287 
71335 57401 
40697 91272 
97430 41500 
96786 21704 
82406 93675 
1532 72939 
45105 67275 
26633 72229 
31833 44442 
8093 75957 
20415 24786 
82013 7401 
2833 4848 
69326 67367 
31750 53333 
90587 1615 
27315 95789 
54476 31771 
79747 84222 
4422 82300 
50528 42085 
26603 65113 
70421 43133 
19537 15515 
56059 3838 
595 8448 
18540 43370 
77968 22369 
17210 92599 
47984 59604 
19758 14118 
87138 76644 
65765 29009 
95799 25616 
95014 32866 
16268 59017 
94156 23536 
91734 3833 
35725 56122 
54618 68270 
32054 86953 
32908 4584 
3276 67569 
41321 14885 
63395 2202 
80452 53286 
61332 87792 
1559 47395 
74853 14279 
7226 34903 
44485 14732 
48870 86912 
51787 19789 
50903 68627 
91750 88999 
38333 70193 
62666 62796 
69694 25684 
98421 3180 
80403 26655 
97992 68629 
22993 28152 
64818 99292 
50169 39719 
54744 72266 
24181 91683 
45425 23513 
51787 67881 
82336 22954 
37881 12 
26940 32343 
22865 25888 
31141 71684 
18917 24158 
88753 69316 
88557 51426 
69557 73184 
15234 24195 
24371 56426 
141 7705 
60661 59059 
82071 96486 
27299 69391 
17835 97315 
14451 63714 
79620 54280 
69897 90902 
22630 87779 
56696 9720 
51464 54546 
28724 61001 
66892 74151 
80408 84233 
6044 8952 
34898 68721 
98510 29088 
70955 63139 
48424 41867 
52966 54133 
18350 15764 
20829 64545 
34625 83284 
16816 14942 
55780 64019 
75082 38262 
45783 9548 
76147 36771 
72031 35140 
73449 22919 
4410 69787 
31997 91268 
26171 25666 
80169 27359 
80012 60933 
64867 71191 
63436 85595 
17534 17940 
56335 39221 
83935 56594 
10705 51399 
44153 18395 
57504 81063 
50891 31269 
88873 19230 
43982 53890 
55319 31178 
56901 93575 
76887 8701 
17107 95909 
4983 883 
56221 30801 
87221 92650 
88309 89631 
81505 4420 
84968 51203 
37541 93260 
74427 70410 
14072 46223 
18570 92846 
28339 69938 
76525 1018 
40637 96999 
46418 53409 
61290 49338 
87897 86293 
29988 21540 
67213 10076 
58111 72912 
33901 46814 
43580 46125 
33551 23671 
64670 62399 
84659 58267 
34378 78428 
99238 46153 
50133 28626 
6628 88127 
4983 17810 
47872 75646 
35889 74008 
44060 86300 
72310 18890 
6186 28108 
14043 64160 
46367 11367 
11077 96279 
70683 19811 
40225 68986 
82403 99076 
73382 83381 
1076 79747 
10489 98656 
7688 4709 
6616 83137 
59047 36122 
57067 84844 
75576 75977 
16995 73612 
95832 46064 
22740 82632 
8399 38079 
50963 56312 
17166 62690 
98594 93468 
69581 97566 
91746 60123 
79087 58678 
34932 34556 
2767 96651 
93308 38759 
93126 50473 
60094 5085 
28950 74602 
98979 24618 
44387 92281 
66965 24685 
17634 17865 
17034 26927 
51049 33979 
51927 44482 
73048 5556 
50463 87070 
18784 62097 
16027 56175 
1410 81956 
3222 28996 
68630 67991 
63124 49494 
50276 12656 
10218 67586 
41816 12369 
54774 93451 
35975 5997 
63294 62880 
10065 80301 
6633 41764 
157 6433 
30482 33045 
44884 45848 
36134 87846 
61457 91466 
90797 63990 
24367 90465 
96200 19759 
53310 28796 
31815 78495 
81011 44306 
54769 50504 
63907 75319 
82333 52770 
19078 44574 
4891 24060 
19328 24618 
77344 93316 
55000 30065 
15162 22548 
75864 34586 
77621 11992 
59366 16034 
55260 24911 
12530 91830 
91152 62159 
3978 18535 
56355 92515 
39809 94476 
68708 23822 
42518 22367 
91150 82038 
65616 60044 
70804 50630 
78329 11773 
83324 11059 
84515 90005 
28314 16647 
97821 8029 
81140 26730 
81205 47683 
44016 25765 
73028 83060 
54992 52914 
64276 31131 
7321 71673 
61830 43239 
3633 16193 
71270 47626 
19462 61248 
59348 2485 
78889 76126 
11042 21417 
51403 39280 
79034 88826 
63579 10157 
34459 91377 
81728 77408 
66974 53550 
62447 28551 
49432 80193 
86795 15156 
77908 77092 
90843 19762 
21308 41736 
80395 65979 
66499 90795 
70937 51616 
24642 18249 
25204 26181 
72354 58691 
70218 78701 
37344 64001 
63275 49622 
2315 88430 
42051 31352 
93247 17036 
37858 76088 
38540 65518 
53065 86632 
34079 25672 
3781 26218 
25889 29985 
7115 46683 
26888 61379 
48699 886 
17121 39627 
610 74854 
37898 74681 
72437 47920 
79434 88981 
68953 64987 
78853 75721 
96717 84050 
90852 78146 
8870 44251 
66830 46132 
2532 84979 
79973 50611 
86386 34923 
63551 13860 
17418 81470 
87602 44225 
65223 25498 
85217 47558 
99913 24327 
53784 24439 
15372 26521 
98865 52223 
93442 6178 
58743 93987 
86620 11537 
46270 72690 
46920 52933 
71250 98112 
56787 68538 
61413 36641 
24314 22826 
82941 69506 
89439 12314 
72518 93754 
50456 75916 
32084 82092 
60850 33081 
4688 32650 
65341 1944 
45331 7788 
40972 81789 
24143 82265 
84207 19436 
50955 95399 
38181 17495 
90088 29295 
85644 83951 
42092 15776 
42564 67198 
5211 8352 
74996 68340 
93505 42375 
27509 73514 
80843 46466 
95338 2942 
60395 61371 
94380 30597 
57788 68592 
83276 88575 
12748 30457 
70012 33684 
48831 95735 
91846 20234 
83765 30466 
91827 92662 
93956 92362 
27773 84373 
35869 78972 
40304 85045 
44279 44717 
75357 17676 
72813 99991 
3601 48753 
15708 76701 
4257 40193 
51406 68942 
84058 40082 
78361 34942 
83423 737 
71368 76985 
81387 7253 
72740 99698 
48464 97439 
46832 83909 
12275 54941 
68687 3247 
94697 61342 
88004 53674 
51196 160 
8136 62384 
93154 15930 
46515 91777 
2186 44910 
97675 56682 
51814 50486 
2946 28567 
36338 15958 
41935 9150 
69312 70151 
81 17659 
54802 47167 
33822 50928 
53410 10611 
50374 43571 
62040 4742 
42601 76670 
1482 30257 
71160 57753 
59103 80794 
65863 22236 
65281 17748 
26121 87116 
91707 5616 
36370 21354 
47255 77847 
76525 84228 
12861 54052 
99816 22878 
684 83422 
70751 13302 
44818 46355 
4497 75298 
30887 6509 
25620 91123 
50114 68927 
68926 10116 
19781 66326 
78038 27056 
46465 65328 
18392 80767 
21057 57121 
10483 31266 
25274 72941 
6493 38685 
98219 43760 
78831 85307 
58535 5696 
62645 53186 
2778 37924 
96055 94203 
3875 8226 
31594 6792 
14852 92834 
50305 64177 
42526 31865 
95940 22642 
93433 79361 
60880 75153 
9967 7864 
97691 5630 
8605 31442 
616 42189 
4016 18215 
99863 3910 
52960 73675 
38200 84966 
80143 89494 
54138 22411 
54483 68991 
78931 49486 
68754 60083 
65602 44994 
38180 49284 
7434 51106 
74219 96188 
70572 46908 
8705 16907 
60859 33068 
40413 57024 
68531 4173 
51256 29907 
86056 59643 
92536 34581 
74192 31523 
73001 8899 
59270 88049 
89965 18328 
80691 5578 
32306 28470 
71851 88268 
49921 60283 
49941 54855 
28029 80995 
10502 4922 
26707 40808 
71158 23274 
46141 25769 
85580 80318 
56280 60542 
53564 38802 
85947 61334 
85964 82844 
929 8850 
44303 43861 
13160 83899 
64014 9815 
53828 84181 
87565 69163 
12116 19737 
79122 58939 
88213 66732 
65946 57589 
34369 44454 
53379 87528 
60970 68798 
90055 69769 
65952 27028 
17882 3607 
5381 13209 
27390 27993 
60558 61485 
53176 58045 
72811 15233 
86485 80112 
10912 74136 
52364 31863 
8082 68356 
97360 90038 
55602 19231 
60400 37860 
68318 59298 
54276 86514 
43623 953 
68062 80678 
20017 62690 
11821 26782 
3915 84611 
64149 44480 
74113 90774 
50335 56786 
92151 84957 
74394 2344 
43807 98542 
51693 74557 
12038 44481 
40620 66546 
34912 69676 
51464 28421 
33413 39609 
18651 23851 
3501 33709 
58454 6662 
54371 77664 
98499 24965 
40603 89779 
57658 295 
79727 72507 
75329 22281 
68725 37364 
37632 45574 
13043 11732 
24740 75066 
59965 39413 
8297 77886 
84506 53309 
60851 66219 
10471 68229 
196 53672 
61923 14570 
80734 99762 
31028 9524 
61223 22005 
17084 41424 
23687 73174 
38525 25021 
91824 52480 
44775 70693 
98874 43739 
58072 98997 
84712 51046 
56695 23462 
59855 33025 
70539 19160 
60076 20424 
97550 92332 
29499 38649 
65270 67248 
12337 46752 
55584 10460 
3822 47470 
82745 19742 
9444 19102 
64819 15291 
88243 69328 
56964 84083 
10720 13496 
21261 44860 
44791 35505 
92300 20780 
94305 98077 
60347 29561 
53764 31020 
34596 26814 
10171 41072 
67893 67267 
18373 54909 
21283 80704 
99758 28175 
21810 94706 
65865 27631 
20261 74653 
48225 21013 
86847 92962 
23663 89743 
92328 84139 
60349 13310 
9648 90013 
74015 60980 
36916 50363 
76066 66416 
86358 48183 
15695 53875 
5896 75934 
66694 30816 
65 49405 
86246 61082 
95223 59177 
77837 85282 
50347 16179 
23294 60511 
49189 17470 
9989 50296 
22161 31125 
68451 7440 
37034 74982 
52854 57380 
66382 43016 
42312 7743 
86706 15223 
14407 80993 
89213 72179 
44070 91350 
85512 23772 
10691 64615 
72773 53161 
54264 30119 
82438 71600 
7392 97670 
74092 77549 
44167 69224 
51902 14360 
29177 24924 
74810 24827 
20347 66222 
3703 8037 
77841 95005 
78821 94174 
57895 56933 
48935 66362 
25263 79675 
80144 75081 
854 92267 
56626 10362 
72176 20507 
48276 19688 
33354 15156 
60876 85446 
88798 84595 
3304 4722 
49974 71711 
3252 46426 
78304 35946 
78025 95933 
78841 75757 
20209 35840 
29183 54199 
89359 52920 
35988 70886 
10306 5999 
47475 57293 
66307 37230 
14484 59164 
40969 60115 
84921 9749 
6720 11628 
36851 90638 
79591 12932 
4025 23184 
60156 43424 
24280 32776 
58707 96227 
46057 80718 
59078 49751 
61171 63990 
10029 59582 
93009 41894 
45663 47684 
58505 60376 
27103 41824 
39508 9775 
66491 97087 
44568 69814 
41340 13505 
15727 66830 
32375 49080 
36532 92567 
21213 15829 
27281 11284 
65601 38027 
71434 12523 
29359 46415 
3144 50536 
81840 79915 
30 48217 
97365 67273 
67591 33318 
79002 65033 
72081 17777 
3003 35407 
77191 27214 
30294 57832 
66554 36928 
59681 81406 
88856 73190 
3745 41864 
45274 94205 
52867 86446 
49967 73769 
55478 72680 
33530 72508 
83260 33066 
26594 96499 
68975 26585 
56161 11142 
1472 30124 
10823 99354 
37610 58146 
82628 27476 
43983 37320 
73204 9693 
12725 4327 
59594 42381 
5141 39678 
51344 13447 
64489 98159 
34525 78563 
4968 47368 
90644 36142 
27838 79825 
98832 25946 
37531 21278 
78218 22430 
30736 18054 
4059 93246 
9665 49707 
35990 45737 
27033 79714 
29647 89870 
4788 26579 
63993 4696 
81188 10498 
5776 7286 
31590 6571 
49893 87992 
77114 14590 
19811 93999 
42359 37537 
85731 14259 
48422 46194 
59862 43286 
30702 95628 
57929 78675 
52317 50842 
73977 37808 
43436 73493 
1547 62891 
34422 19337 
48475 20268 
66413 96949 
34830 89941 
56795 42249 
33951 84230 
69037 70522 
15041 30765 
86391 77844 
72454 4258 
17250 77236 
81613 93992 
66255 71335 
4357 49503 
89741 83047 
77620 55622 
16697 88348 
58436 49890 
57152 21320 
65598 10247 
38721 50498 
53684 9033 
9048 57720 
78714 50450 
16966 85955 
66347 83030 
38404 60929 
73318 6028 
44444 32903 
40735 69273 
18391 29566 
73875 99675 
16309 58770 
47291 74411 
31215 50708 
26313 763 
64957 83136 
16458 55617 
33782 90394 
776 83873 
33697 17187 
1836 54282 
69944 41518 
9826 23701 
11267 57631 
51172 66304 
64106 79478 
33091 82996 
74470 97945 
88676 18077 
55949 997 
64379 75152 
11180 44856 
37183 42352 
61043 46492 
22275 8115 
20991 52947 
33695 73097 
67097 31382 
90242 41229 
15781 15266 
16788 3491 
646 36727 
77227 11672 
67440 72850 
89422 76208 
23898 34600 
14801 12116 
75046 31028 
85671 120 
46547 48558 
31848 26257 
48744 95418 
94866 12559 
62288 74628 
72805 53851 
32593 65498 
21695 31285 
44813 13185 
50489 81896 
13655 48637 
85754 65304 
63054 87112 
49509 83615 
89580 82483 
89075 78658 
433 46641 
21289 51852 
91964 78602 
5150 26354 
87891 86256 
36710 98553 
87737 25247 
67949 6547 
85456 24058 
87400 76947 
5855 12164 
64472 98136 
72113 18974 
51667 8091 
61547 65302 
59334 77909 
28760 26207 
66112 18395 
75404 4348 
4897 36368 
23988 16313 
68921 19788 
9556 60949 
15481 36389 
37472 8298 
5860 89156 
68213 20531 
9152 83850 
80730 92131 
14993 28690 
34835 75597 
45611 4367 
17 41048 
31124 13797 
43191 3392 
13703 45278 
71119 39056 
75988 60202 
4578 5839 
47048 47025 
20816 74015 
25219 66882 
38467 74619 
71330 53060 
34770 71694 
68075 16484 
78835 69298 
11738 52428 
36622 71193 
982 39860 
53453 21390 
14095 74159 
48038 67114 
20867 76352 
58397 2238 
58167 77619 
64497 68882 
9338 86486 
75042 17618 
66697 7947 
6564 52597 
23687 98698 
1813 16939 
38655 10734 
31428 5815 
35767 96745 
97948 29954 
60225 25074 
14464 90646 
84730 79431 
61551 68839 
72059 99129 
35587 75553 
34658 49299 
89187 58568 
96292 97356 
30160 11263 
53106 11925 
89298 83442 
51851 93524 
89228 51147 
51550 92448 
46696 62686 
11565 68675 
18841 41499 
53786 991 
60402 92990 
79593 58161 
93226 32066 
83269 3602 
2097 20894 
92688 16897 
61581 82257 
85427 80357 
67454 32901 
73807 96979 
93257 63387 
25953 77274 
17602 76214 
91590 56802 
71085 82373 
31096 83668 
33012 47978 
4224 45809 
67621 77256 
60969 91590 
27049 15936 
91189 34037 
64078 59952 
31881 19001 
91463 58370 
1436 80573 
96697 6609 
28719 3306 
71092 36227 
71479 60077 
40341 20978 
73391 96897 
90028 35318 
91933 91510 
64053 21165 
40338 21350 
76523 41491 
26018 38204 
18379 25185 
35151 61905 
58903 36647 
8528 73415 
39181 35677 
77281 8877 
29737 28510 
78798 30505 
77738 49195 
52885 77644 
551 52037 
26175 81887 
91883 40454 
28801 63834 
94337 5342 
51510 15880 
57951 96921 
43688 15380 
48123 8056 
73184 5603 
88295 4149 
17322 28049 
22882 94982 
31197 89069 
64141 7237 
44094 96121 
43026 82956 
67814 4597 
18551 98809 
61695 74829 
12773 73798 
88302 50698 
29248 8910 
11028 36223 
81630 81238 
30266 64567 
6085 97193 
28348 25079 
56278 94724 
95100 38330 
82907 72806 
35653 46515 
81114 17980 
20066 17181 
48582 92355 
20333 41931 
34706 45225 
94526 48545 
76965 11349 
20107 34939 
14458 62933 
48833 76419 
40558 89494 
54250 53895 
6709 90022 
69395 24 
17635 75257 
67130 62705 
64570 94379 
18443 40910 
27592 20065 
75075 56518 
40736 48586 
62001 87655 
54295 97539 
32580 3963 
47556 12762 
34582 12300 
42189 28163 
58870 42567 
41620 57398 
94126 77657 
74925 34757 
90843 58989 
55129 64076 
45691 79631 
71289 79167 
53390 10721 
21311 66972 
37420 93708 
58182 55552 
63133 70886 
66161 23021 
57295 19729 
5420 40651 
6573 2781 
63747 23645 
84186 44106 
32127 26442 
58679 95804 
77376 85930 
71733 63619 
19480 85561 
32927 19398 
33863 86137 
68547 39929 
89574 44882 
78806 76672 
3180 23455 
3272 78948 
35171 67657 
67807 64312 
80747 26865 
88007 54218 
10099 69584 
33907 70449 
94633 43022 
18612 18422 
15069 19222 
59577 67109 
84930 68037 
75405 72181 
38675 98114 
23304 78887 
27566 11052 
52781 84270 
38336 21036 
49672 34495 
99824 2500 
71252 82401 
70958 41744 
27997 32811 
9832 84943 
50428 58707 
8069 94615 
90541 80082 
37290 49362 
46468 59069 
95204 47577 
66313 79916 
57700 4824 
82494 50429 
40294 66715 
51487 82697 
47360 94372 
25503 85229 
40836 17935 
62433 26081 
91396 95072 
88285 7111 
84599 56103 
62396 23194 
42088 65073 
59853 67035 
83644 77010 
77821 80190 
99770 25593 
92928 43928 
26408 32595 
45356 49794 
13546 90714 
1960 89034 
57632 34785 
55535 52483 
24119 82870 
50226 38087 
20893 98357 
84165 21936 
95964 96934 
29512 60453 
23500 98217 
27432 56406 
11144 777 
60892 39382 
8531 41470 
81734 82639 
22006 85206 
70125 2509 
43769 79691 
34268 63993 
85044 1159 
16182 46752 
62300 11768 
55377 9391 
23185 47051 
76421 26732 
14548 52731 
8680 64751 
88758 94174 
16921 870 
16510 68931 
19994 93537 
24427 63014 
1496 54302 
3942 4985 
71066 78065 
44341 88408 
17907 42734 
27288 52855 
9140 98203 
82768 36406 
24774 26407 
47095 38471 
88351 69123 
82488 60746 
47722 88282 
14689 26277 
83992 44717 
20193 11818 
78260 55612 
47880 67091 
45644 18349 
91188 36020 
53921 69020 
36454 39676 
80200 77555 
618 28390 
23174 68243 
37226 61407 
80792 94356 
33531 26409 
23617 88665 
43413 68428 
42635 57804 
1008 57855 
26982 87792 
38091 90686 
31814 80417 
84646 80617 
29454 45804 
66519 72238 
98017 35135 
26646 77341 
90821 9329 
87065 12213 
47235 4442 
37785 92811 
50978 72571 
85532 26832 
15447 48294 
20527 26948 
77299 14942 
62625 57861 
9303 22485 
29544 21324 
21385 39335 
29338 77910 
4821 4111 
16907 2078 
88708 80178 
70024 67935 
20107 5752 
34227 67124 
49674 75408 
57908 67376 
3135 85023 
88985 30544 
45608 21511 
32821 22279 
571 81136 
77351 62053 
68183 55764 
75902 81826 
98686 35108 
40726 84435 
15812 34821 
41056 18646 
52353 75260 
18291 16825 
55512 3781 
27912 73300 
43156 74643 
92827 76749 
43760 74889 
6062 48337 
32624 12040 
52062 78793 
84850 59991 
25342 2304 
1594 93173 
12823 92798 
30281 25908 
71916 19105 
91745 13765 
80249 49482 
47676 66848 
54935 53099 
90283 71094 
39334 6364 
12751 13009 
33534 75324 
23831 55682 
1071 11888 
2862 19514 
18933 71249 
52501 79755 
50449 30639 
95631 4805 
11406 65423 
80204 24115 
68588 17540 
1167 32659 
56887 73441 
22172 10075 
26256 53917 
81412 56944 
32972 6586 
95742 28080 
71051 83330 
35111 73275 
99097 79567 
25403 79672 
55508 10054 
51933 46690 
70636 96719 
78114 14429 
78389 48106 
64251 9510 
1704 17074 
69925 68517 
36435 33701 
50103 48505 
86422 23681 
9906 36507 
8837 39036 
65844 25512 
13410 47575 
72404 33088 
21691 50292 
12007 655 
33273 21780 
13640 26319 
64708 97733 
60894 52290 
23850 65735 
73663 49058 
57442 50808 
99403 12834 
62987 25540 
29681 20219 
87300 16142 
65605 64599 
43600 20410 
91780 32482 
66602 1297 
82612 64796 
90797 70723 
57041 88112 
80952 32206 
18207 93825 
65823 8062 
63086 89513 
26198 37166 
23798 46008 
66588 92630 
7059 16172 
56229 35280 
31182 6901 
59558 88437 
21048 44623 
88888 92238 
10638 86318 
2757 71654 
19990 93075 
42260 31327 
18883 1228 
44655 72504 
63045 97348 
98608 12571 
90381 27636 
8713 76111 
94474 49749 
18208 17868 
50538 65618 
98337 32665 
55032 57542 
50369 5047 
54299 86631 
82019 52327 
79891 2637 
13883 18702 
78646 57248 
43420 85230 
24102 9151 
44187 70724 
22533 58450 
6173 11998 
81624 50479 
29496 28394 
92763 44633 
68158 95153 
88927 52504 
83163 72954 
79321 11444 
5028 66809 
29191 74609 
24557 16523 
48684 66614 
27738 53040 
78102 75110 
65692 90266 
8623 22912 
3856 60322 
57286 92763 
25905 41700 
23007 57360 
77412 74419 
86369 983 
21821 4020 
80135 5865 
47053 47133 
49699 16410 
4889 25353 
43096 87387 
87273 71276 
18738 68476 
43747 70815 
35694 76803 
22480 69286 
96132 61593 
73681 35269 
42428 70593 
88666 45855 
72497 86630 
60450 29675 
26070 14502 
42448 79964 
11904 63289 
50733 28915 
91333 87305 
2245 56729 
7114 20045 
6474 93996 
48157 59827 
31347 64432 
70546 43280 
45379 6510 
53128 73350 
97666 7132 
52024 52253 
34844 78252 
32544 6554 
69905 8257 
99289 81546 
11569 23875 
15636 25131 
34928 5554 
2316 77625 
24124 9481 
31483 33207 
46099 62792 
87439 41169 
20748 15041 
48099 70725 
37342 48613 
52301 71781 
29617 73521 
57250 25914 
62701 57917 
57647 96755 
3879 74626 
33481 56999 
46156 76176 
16977 90514 
28703 46024 
20890 42280 
51467 12057 
50067 16369 
12602 49976 
26160 2733 
6809 48763 
91383 47242 
10323 58226 
21357 66265 
43963 89459 
69401 46989 
49533 93074 
85017 67766 
36829 97201 
97842 18964 
58599 47493 
35041 4097 
49032 54734 
44846 53472 
17706 22210 
31903 88158 
25374 94558 
71097 30737 
80594 42619 
55692 71177 
86911 74669 
52916 61040 
39159 43424 
85511 27357 
14412 329 
31335 68664 
28216 33906 
34729 20021 
29972 17302 
53170 51277 
92652 81705 
20629 93400 
11539 26898 
95106 71407 
64263 77995 
71940 59204 
121 98262 
86818 61643 
20531 71964 
2788 72112 
84443 78260 
74127 50204 
22602 87470 
6574 13325 
72821 24378 
88226 38510 
54736 59771 
48296 26327 
87004 11012 
11979 87411 
12497 55228 
58827 73985 
37772 84547 
59309 93699 
11940 61852 
59671 11133 
67036 67607 
8699 63552 
17073 63611 
71710 91786 
66218 37876 
56813 14550 
7840 36358 
86455 55116 
5671 31874 
83255 62895 
35921 28306 
3317 59337 
34904 49082 
42487 77494 
40578 12899 
61424 57635 
38383 56805 
23914 7528 
21846 27011 
19478 35286 
56667 21164 
46153 15150 
93311 32336 
62192 52105 
7650 14607 
76507 69967 
61752 62866 
36803 59358 
67671 75335 
91656 86929 
5915 46353 
48194 85293 
97261 19021 
20576 14271 
51670 12646 
66119 8412 
21285 28227 
35713 3161 
65836 26780 
23073 62639 
98260 69901 
83415 15670 
15925 9728 
6296 43518 
38594 16349 
69648 52734 
68077 34690 
72450 9585 
56533 70066 
42004 8718 
20448 11816 
38464 98046 
65560 17826 
34020 84251 
94326 99258 
27083 98920 
52034 64414 
62827 13952 
30222 3433 
70618 56765 
86815 21394 
96138 90698 
61227 56392 
1425 94145 
59654 51302 
29591 93073 
60874 83184 
82622 75969 
46103 92660 
40474 47634 
87791 97116 
57565 58850 
41725 16191 
8826 82640 
74403 85776 
21593 94613 
23353 87635 
21957 54888 
31944 75737 
44561 82109 
22174 37556 
3378 56280 
69054 88811 
97680 86459 
18402 63523 
32169 31784 
46221 27760 
63167 69885 
92306 15066 
43798 65414 
13330 54340 
30238 3249 
91354 36786 
28415 15871 
2598 47582 
5946 52461 
98241 70025 
67615 8497 
74142 55187 
94385 58884 
9577 38467 
75706 15168 
36464 75944 
22778 57877 
59978 68079 
36499 78777 
89103 36034 
17956 4624 
51349 16777 
51611 63938 
59734 47150 
61756 1385 
72109 14193 
41327 40566 
32964 59274 
78843 45303 
16133 36959 
64014 31960 
93106 46054 
35473 40924 
36170 69884 
45119 84030 
28184 85628 
52726 46554 
91505 28406 
31753 37328 
67449 24812 
62700 48605 
74635 42734 
13885 8491 
49650 39532 
61203 83062 
26713 29047 
78159 12766 
44347 29395 
35453 48218 
76545 98154 
85349 84245 
73527 9284 
70294 77817 
62882 77004 
87473 75448 
5769 85875 
61455 68742 
24788 43427 
25570 42902 
20259 31961 
89355 82394 
69855 99512 
74167 50350 
62886 96473 
31985 63891 
55006 34001 
23450 46234 
41705 13097 
20366 48248 
39681 49097 
15145 97098 
34030 95368 
65116 47655 
96153 52066 
73137 83539 
2413 31133 
7620 39015 
86741 37035 
94839 90353 
41791 14282 
74347 95867 
42693 7378 
94316 47526 
5044 76626 
37798 33841 
4507 14061 
13198 3691 
79256 7821 
12628 63789 
8433 10366 
40386 38712 
9923 76228 
40438 71720 
28956 48355 
6564 47017 
95386 88589 
41766 69703 
11997 67491 
44541 48336 
98747 51430 
38788 86846 
58613 50785 
31437 7479 
49539 22060 
77235 94527 
43951 48878 
53724 69786 
32417 62070 
1061 84986 
81239 97426 
61139 43908 
85127 31221 
58362 47441 
65555 78211 
488 88542 
53025 84606 
42068 10863 
57161 99332 
45356 84771 
72417 60982 
93918 47534 
89161 94897 
62734 642 
79971 75159 
25248 56561 
9238 69584 
82584 79637 
70478 52345 
33087 71457 
90257 38486 
61353 9653 
50226 67319 
15093 60941 
69474 37598 
55456 54161 
58254 76347 
11836 17105 
1142 5371 
45743 52161 
52737 54712 
29951 50072 
32263 60700 
78961 18584 
84795 77759 
24668 33303 
36252 27743 
17232 1783 
6964 8342 
45236 68681 
64287 82969 
11559 79748 
88615 78561 
71769 65515 
99112 24815 
40382 1687 
35571 78690 
97011 52615 
21041 91344 
79184 6623 
36201 91174 
31547 67561 
20949 76309 
92187 75628 
81246 32587 
35977 92324 
20007 18990 
62130 99357 
29652 91461 
8558 29362 
80924 68215 
99160 67505 
17665 74842 
81844 37354 
20468 45944 
94842 11838 
33468 1498 
6825 70687 
58023 60811 
12314 59431 
4603 4646 
28094 91858 
59959 47014 
28586 77766 
70475 32101 
78547 50922 
64574 28946 
70027 18314 
37173 56734 
47138 51122 
97365 36948 
7014 90252 
36892 35126 
98201 44857 
11416 24594 
98806 20961 
39218 77318 
45858 29109 
12648 62871 
4619 84924 
86537 15535 
12027 34487 
54703 11674 
1938 7694 
50838 84784 
21543 27016 
13231 93982 
78082 76549 
34176 53220 
12914 66822 
74346 23127 
86025 14482 
60056 65152 
68218 92844 
97007 58524 
80507 99177 
28010 84604 
90670 27722 
34104 90272 
75424 33588 
28628 52303 
83359 21993 
21999 78011 
88549 99792 
41306 93996 
7684 81745 
73305 94415 
64563 52729 
61991 42976 
24999 48863 
32654 48729 
92434 35488 
33165 64721 
49980 28007 
80221 90730 
58156 22764 
73357 96524 
69231 79473 
92784 20498 
98860 24150 
28432 40011 
3656 22060 
97067 54406 
49310 3877 
91937 69438 
18091 15100 
75142 22698 
96806 98662 
66749 43658 
6726 13786 
6657 99059 
85512 40297 
65319 34640 
7840 16930 
57644 87566 
36212 14620 
70745 10444 
26338 51309 
50689 17406 
72521 13516 
5975 35536 
67636 61723 
76221 20755 
69566 61569 
83368 76325 
11391 916 
29677 94210 
66141 24035 
31915 24838 
78593 38496 
84329 69158 
6372 27749 
24358 78387 
70543 32999 
34519 41486 
1885 51622 
51482 38154 
83229 36225 
69082 36001 
30511 68363 
15860 14563 
25606 24012 
59711 5977 
12534 44077 
42283 52336 
95314 72554 
74038 93196 
30496 27356 
27181 13124 
90333 24442 
48195 98891 
83585 84531 
74264 78602 
60099 13529 
78618 40969 
92610 62709 
88679 61924 
24596 42797 
17857 97910 
96586 87241 
26925 40417 
14939 34338 
84170 64741 
6943 25256 
24805 47420 
13957 95608 
19653 71455 
10369 71913 
50678 86145 
308 71079 
56674 39288 
36316 41003 
56273 53456 
24622 73449 
77388 75227 
30166 66538 
22338 86463 
71203 13530 
76082 30154 
98093 46980 
21379 69806 
83796 72970 
59128 71006 
14619 88741 
44765 66541 
58939 88943 
42304 42342 
8888 30594 
66459 60493 
35418 44948 
30254 17720 
70681 55647 
40640 22991 
33334 86856 
87837 66257 
42162 22504 
55486 41862 
21299 8353 
38159 84778 
86408 72266 
90380 75576 
15287 74909 
47023 70930 
48705 93011 
48807 20433 
37637 80425 
78584 37668 
51642 48386 
64203 3690 
89744 55688 
31964 94491 
90018 1963 
1026 40504 
16933 72779 
93594 45823 
16578 93990 
98319 17599 
69053 14580 
65060 81926 
34579 52179 
28018 91531 
85290 3509 
51195 62748 
38233 43183 
65279 14453 
56719 8638 
18207 20079 
67001 96381 
93093 25269 
45114 75320 
56593 28418 
64796 56637 
88447 69058 
61534 46475 
8615 19939 
60079 47649 
62298 32678 
33188 69672 
45092 43941 
7875 52551 
50629 9416 
12112 9156 
1284 96181 
59733 43389 
78854 30598 
4156 6939 
6631 68479 
52629 16127 
46829 27033 
21811 62125 
68109 93975 
32838 12815 
6744 8188 
89383 22583 
91970 88447 
55795 37560 
31155 71988 
54036 8129 
53635 13062 
27942 97949 
93429 83126 
81212 9343 
50503 8966 
81604 28548 
7858 82773 
37948 31172 
97441 79094 
98879 78138 
1717 17585 
92610 75448 
49724 17592 
25588 67310 
16522 891 
84550 81477 
63180 12244 
41272 48079 
60766 43962 
42209 68828 
26327 70299 
76278 22130 
61384 20231 
53176 51465 
24242 43073 
91925 99370 
86226 50385 
14728 17363 
18948 49739 
64789 3403 
34797 21193 
18357 92753 
56072 25672 
41104 55571 
19526 75976 
46797 35127 
32549 45762 
52303 94214 
84841 39598 
87089 24159 
85125 98064 
7715 10778 
36302 65884 
88163 44662 
84441 8199 
5434 9415 
77067 20343 
16488 80737 
44452 39872 
27368 21719 
73958 36085 
88288 65258 
81948 21918 
9493 33230 
381 5839 
81833 53812 
85944 77255 
3327 3361 
28380 97942 
58345 17259 
81710 54140 
69631 85370 
67077 9205 
45003 72040 
99199 85110 
70363 78036 
69778 92538 
58593 92372 
80635 24019 
49890 65665 
56998 22230 
73300 73482 
87044 36533 
21486 28079 
27677 84768 
61155 40003 
88476 44497 
124 27213 
55852 8099 
58672 18693 
47688 49554 
47573 1983 
95048 67201 
38171 19600 
32063 86412 
20831 28039 
37657 28888 
87315 94826 
13518 81137 
39887 24071 
1572 23705 
25362 69020 
41172 14883 
15858 11281 
41332 57826 
9674 60752 
96542 18435 
5483 57685 
6057 2840 
10965 38901 
66028 47954 
83013 63875 
91428 26313 
60831 83197 
90459 17326 
45508 71882 
57983 51015 
69 43062 
76456 87501 
92550 3776 
12997 55714 
81286 13892 
79387 38203 
46392 61658 
78198 55410 
4343 74909 
92672 72418 
3561 45673 
90607 23916 
88122 57741 
3214 29035 
33927 71680 
8747 46666 
7148 39859 
97708 4049 
68250 95239 
21494 16646 
46572 82006 
29604 5692 
40236 73533 
81846 11338 
54044 53782 
81487 93906 
74095 21883 
12854 13561 
91968 16498 
82637 79536 
33638 46486 
57998 64114 
18687 57458 
66534 83635 
73911 60023 
73274 59097 
52080 94801 
78086 82277 
61398 11772 
83241 29806 
94115 97048 
65323 87260 
53793 88876 
48313 68094 
19853 86494 
15345 38097 
55370 70388 
15548 85092 
59429 20580 
19275 5685 
88955 40761 
50210 16171 
26527 70398 
75989 33036 
50529 94399 
70360 10041 
71857 40455 
69387 63468 
37460 87919 
31747 64882 
65153 98842 
78973 31645 
66399 21771 
35264 99391 
34215 11961 
8506 17853 
21838 57846 
54236 71632 
14495 2930 
42485 90907 
1363 4714 
3804 83597 
87759 77815 
65247 90077 
48596 27146 
99666 34350 
13327 88841 
2423 21422 
89870 61537 
78447 9648 
80422 28703 
69542 68932 
15618 43896 
76970 20943 
35120 75134 
37522 45854 
72531 82025 
92671 31641 
60447 29856 
49840 36604 
57458 28531 
72452 33508 
13112 21071 
51122 4650 
29106 36326 
2212 61131 
45408 63621 
11941 66765 
78520 3235 
94342 57303 
65784 95956 
59571 59021 
24381 37362 
95437 27237 
16622 38066 
49473 44943 
24131 99861 
61494 44496 
72710 39492 
37275 41188 
16934 6742 
72866 96523 
88952 11588 
36010 61151 
39503 96357 
86229 82674 
50808 63146 
68383 1896 
80794 94206 
45834 2634 
6001 83543 
48828 24780 
66589 31709 
1312 98113 
80981 42541 
55118 5192 
89991 572 
4288 35708 
10695 888 
74306 51763 
28826 49404 
81078 43824 
35142 50852 
32743 20469 
15996 54207 
3731 41546 
41259 30841 
44963 73998 
53769 19404 
6688 22353 
53636 83229 
41173 61776 
88048 91011 
21305 80555 
2582 49558 
58141 21047 
83616 88637 
25537 93359 
23054 22224 
3223 24394 
66380 87912 
31012 96445 
62972 96820 
26320 24090 
23629 10007 
54793 15943 
4427 94243 
59501 68674 
78324 99885 
48076 44705 
26304 46740 
9087 92145 
78433 99912 
79085 75759 
61826 67007 
9938 1148 
67320 50481 
92451 30837 
29556 44489 
76728 10567 
26221 74284 
92321 46875 
41339 38036 
11958 2897 
4802 25873 
21464 8355 
15737 59028 
55479 11794 
80836 13146 
33659 38411 
50444 64139 
85295 55191 
14987 22415 
81599 86555 
32208 1861 
4403 68373 
91753 3675 
67610 75940 
87778 81931 
73444 12394 
62545 97727 
29423 98044 
4387 61811 
73919 58243 
31949 11794 
58284 67649 
73287 69353 
11753 72128 
53167 75277 
71655 76039 
34852 5794 
95959 52289 
23660 32269 
87778 5271 
28770 98218 
52163 92713 
97015 52499 
74370 91434 
77828 95627 
55779 74159 
52032 67324 
68702 49783 
58819 27768 
94574 7865 
85074 62413 
91349 99625 
39074 70840 
95403 82347 
16665 83776 
849 51867 
82144 89247 
74872 88662 
28384 38763 
61567 47104 
51146 47508 
98707 24541 
71041 98682 
22001 57138 
63285 11491 
59577 2775 
10170 34677 
25821 87825 
74068 83096 
8148 14240 
99849 43501 
2882 46137 
94728 37531 
97141 20966 
858 44834 
12500 59325 
71378 57326 
23130 79629 
84197 56774 
36243 59089 
79397 82215 
75889 20852 
85982 81153 
42497 68619 
11576 19048 
30012 34729 
4717 55316 
70098 55430 
63542 80842 
38597 37931 
56986 51994 
3258 37854 
44956 49143 
13756 22810 
32555 33930 
35092 58095 
70025 78815 
3706 13877 
14913 94877 
41973 59735 
5830 89421 
1219 82059 
58262 43630 
16013 32574 
81984 12308 
43188 92101 
36982 12715 
27910 12711 
90146 87558 
86080 83534 
8566 98384 
17446 50735 
26896 29946 
67041 10574 
56064 63561 
33888 85934 
58492 8026 
85411 91363 
1037 60367 
73565 89408 
11026 5508 
64431 41920 
3038 53877 
86887 63972 
14491 59055 
77889 95222 
86646 53740 
52065 13742 
54274 91638 
51478 30771 
62048 85312 
37806 21300 
8595 85604 
73645 65074 
30213 56933 
2240 95319 
75403 64576 
75669 78391 
88643 4998 
356 76548 
17253 78349 
65761 78174 
78742 23452 
97197 15040 
77663 9902 
26930 24562 
40808 9361 
9096 56520 
47488 48682 
13399 68339 
67654 81194 
20208 776 
84806 99295 
5323 76738 
72895 51450 
46606 19974 
16851 19736 
6576 47484 
14900 60288 
45210 49778 
77489 8316 
95390 36465 
42430 1780 
89808 91171 
58773 83413 
62578 49424 
52977 99443 
61442 85865 
80072 25193 
97144 73063 
79823 12686 
25420 53191 
3306 73438 
4015 45944 
48826 80811 
92220 1364 
47798 632 
63685 94582 
70962 36206 
84555 51007 
83250 4425 
68515 85127 
61623 43377 
57857 33826 
4375 88642 
95472 66010 
2700 45460 
46459 54334 
15681 26955 
63 1958 
88460 24847 
32721 27502 
79942 28371 
41229 24762 
21231 9566 
61389 30240 
8857 48674 
71975 51187 
47919 82069 
46433 29587 
99422 16960 
55487 43422 
53360 72052 
42636 75517 
44524 71407 
91516 12454 
51535 39957 
79210 71228 
71276 23417 
62780 89758 
40658 82797 
77682 58830 
85609 94283 
36161 17694 
13149 18939 
1343 83300 
26637 93501 
78463 34002 
36515 33486 
8501 22616 
59305 32884 
71487 50789 
46151 90913 
6820 96943 
58844 95621 
36191 53390 
16075 46571 
31004 94766 
65544 4399 
717 69502 
98616 13727 
91087 78872 
13358 57757 
72021 83976 
49070 67761 
63615 60055 
60863 28798 
95901 99663 
76333 94168 
22950 51447 
78075 45392 
15167 69702 
85540 12015 
35001 41354 
67660 96031 
60732 51634 
3713 29469 
60617 47507 
24027 30458 
35385 58747 
4442 13063 
40929 40593 
58842 49224 
75010 9028 
72605 77330 
61887 49978 
46472 1301 
97013 97124 
75155 26434 
20276 89501 
67861 33906 
70742 39698 
28985 4462 
38467 66236 
56379 63663 
69635 69561 
81873 35999 
168 60106 
74139 63249 
89888 78996 
47551 63634 
4443 87245 
72302 82673 
45397 37633 
60884 14037 
60267 85000 
13893 49314 
73738 35291 
44197 49247 
68881 81454 
62639 15863 
12959 25166 
749 84810 
66202 37374 
66339 50324 
33940 67755 
76385 81416 
22578 73463 
88291 87190 
38093 910 
55365 41657 
22126 20815 
65291 83951 
55164 86415 
81403 68572 
68943 57455 
95706 52078 
911 8469 
19917 67599 
92433 18868 
86158 56609 
79405 24472 
2516 98581 
49032 95390 
10314 3482 
39745 93504 
19729 9471 
42597 54367 
58316 58774 
21928 32883 
53008 8371 
10708 49967 
80351 68953 
51661 78199 
61997 55552 
49167 8530 
52887 76317 
68858 47210 
68113 82084 
71954 2357 
21083 48733 
99615 32991 
418 66729 
28895 49819 
95898 67844 
6401 76732 
94837 27735 
28324 4688 
9405 44856 
76251 95567 
62705 11162 
37000 22565 
56833 58068 
31715 65831 
69673 82394 
54529 17311 
78845 31272 
74338 87131 
90998 52472 
84586 45361 
62578 97176 
95420 77630 
34203 95881 
50170 80819 
64950 14977 
13848 75925 
45162 41447 
25188 69219 
86756 36233 
25739 49912 
38590 42973 
79608 72843 
51067 38172 
75676 38032 
18977 61256 
60466 45493 
64449 68583 
84296 73290 
82968 14132 
55978 99602 
64513 71423 
91999 65428 
19217 76182 
15035 53569 
82316 87282 
3540 41654 
46714 34744 
19337 72228 
73133 47850 
43275 71310 
57622 33874 
30439 38316 
94098 8529 
55818 24876 
55616 62882 
58964 17852 
32255 88319 
11884 42690 
5760 71110 
28265 7307 
11512 11132 
4083 13788 
36926 15568 
29786 75457 
32029 67663 
42413 90247 
62776 73079 
92395 37809 
20544 41972 
84250 87418 
12314 73574 
12958 26496 
95163 71904 
58570 45451 
86038 36175 
20405 43526 
73122 37496 
69186 52493 
78698 14713 
70576 10275 
75042 96506 
86757 54951 
34671 84309 
94093 51122 
4186 11215 
64344 5216 
26981 25670 
44532 74104 
4244 35628 
36265 22230 
75975 88738 
19163 36501 
24147 57227 
85033 65297 
48663 42329 
49512 8213 
43444 12408 
86121 46520 
4747 41406 
84034 70855 
36737 19750 
65337 32257 
80355 68626 
10130 15428 
80710 251 
28571 8990 
25483 31802 
87804 26479 
32250 78671 
48668 13994 
36179 23918 
92208 65625 
31188 85134 
19210 56196 
47471 77339 
87344 92348 
6171 1111 
9960 77619 
78058 68861 
78194 84935 
87178 18938 
83741 30797 
42782 57236 
13535 49464 
53200 9009 
59507 72552 
73898 59810 
36718 29725 
68600 13777 
31385 99533 
17146 99929 
6652 55963 
86662 12715 
78438 75887 
93662 81733 
36295 95341 
23854 27361 
24928 28477 
43718 73993 
20878 91997 
33312 60608 
35836 10022 
93330 9635 
53162 9616 
31066 89361 
57408 55548 
9736 32573 
47969 14370 
53525 54716 
37495 82556 
36757 48509 
23263 61148 
49728 18795 
85444 10283 
26073 61340 
10051 70949 
36886 82369 
56318 98450 
5412 1793 
88362 12334 
72727 82433 
69202 30889 
49675 79959 
71566 24833 
23159 13849 
94359 94450 
46016 18342 
86313 47181 
28766 44211 
69010 28548 
68889 47073 
20348 38297 
98655 16072 
26498 45785 
6070 67928 
35460 3875 
85171 55666 
48601 48993 
1688 18798 
67853 66493 
17987 32276 
75765 95122 
7264 95238 
63178 42119 
1098 37382 
35012 81349 
56779 10745 
18516 10918 
1219 77727 
70302 53792 
6791 2403 
28559 95235 
81120 1455 
85107 64241 
7607 13541 
58260 82655 
56398 1441 
31960 25275 
96539 10032 
89233 57032 
79212 64973 
8755 39166 
29246 11886 
12137 25368 
77490 63920 
46547 960 
90185 46769 
62340 53442 
3126 4513 
98640 1128 
48185 57103 
21114 48074 
67689 80908 
65705 78163 
48165 17361 
29628 48918 
69148 1645 
16715 96543 
54999 43226 
88002 17671 
38134 83158 
90440 50414 
90554 99241 
36702 37596 
57260 29469 
87295 18412 
29915 36586 
42518 61239 
32005 42216 
86280 20006 
47815 17634 
36413 69234 
16682 30147 
46794 48748 
31268 8921 
75495 28101 
24012 12221 
80085 82820 
99457 49168 
26382 59899 
71806 33467 
97 98283 
96845 24001 
92229 61655 
45281 37723 
88489 35400 
50574 4008 
30671 37436 
78525 66416 
33577 93432 
8123 27769 
34967 30968 
83620 77510 
27986 54304 
96277 36506 
75590 71691 
80948 3766 
34751 60521 
67395 91992 
24539 72135 
9184 94457 
56660 97723 
24014 34359 
9646 39510 
18509 9678 
68579 57290 
37788 61438 
71122 89406 
75530 61389 
97549 79355 
3787 36292 
17634 74489 
33464 20329 
60399 1651 
96172 54558 
4154 66079 
46055 32958 
93655 64553 
16253 28253 
78867 51509 
28781 17540 
35506 47721 
48958 67688 
71386 35155 
95836 33537 
44590 38737 
68717 68118 
19550 56018 
26419 43432 
65372 59111 
60788 32773 
57071 59763 
38848 11131 
74869 98069 
49023 88921 
9286 88090 
75997 6090 
70503 29490 
46116 78591 
69296 73347 
30588 7297 
83835 12399 
67321 30597 
51734 51248 
63854 26252 
29944 407 
73676 45513 
46457 29621 
96073 93091 
27234 10469 
35739 50233 
19398 76046 
72506 74997 
47414 26384 
33849 3757 
32871 12290 
33242 21020 
80425 37389 
35940 60845 
82565 28428 
40478 52470 
24090 37273 
18908 25177 
73529 54533 
41738 43013 
33228 34375 
24564 48666 
82376 52841 
72548 57605 
88029 47876 
66167 58554 
77995 18257 
27092 44413 
66422 90757 
26573 18947 
98040 122 
50359 98870 
30232 64834 
14008 58409 
3435 83110 
30288 43976 
59872 18245 
66473 20280 
58194 90148 
93443 96031 
97344 40783 
20812 17332 
6797 95266 
32721 9891 
82309 97471 
87440 97430 
46397 59247 
20617 22929 
91001 25766 
96769 51821 
16127 25975 
86550 41814 
12739 46784 
8324 22690 
50765 42383 
61783 41267 
23812 65927 
98584 91645 
71026 89871 
20435 68919 
43499 63325 
68552 55741 
7750 40101 
70112 75423 
81986 99454 
37074 22715 
82245 73055 
70671 13961 
14954 86353 
10920 82040 
90059 20239 
84622 78272 
44597 99797 
47651 33474 
60431 20939 
87707 73362 
31833 32849 
52273 79713 
88712 4405 
93142 38022 
9489 16152 
73705 14806 
63996 35859 
68061 63302 
11203 55378 
92078 64972 
39241 89222 
45670 76073 
75828 61204 
12866 63452 
16143 34445 
61620 81834 
12090 72220 
8888 66041 
42029 52336 
68125 85884 
33281 96145 
76167 38948 
41027 14770 
4336 37015 
96732 19764 
94694 75603 
26794 93188 
26482 62862 
7853 62947 
10087 24080 
69051 83250 
26306 91045 
73485 77171 
77171 31756 
11206 58559 
91300 75259 
14350 13910 
31498 38850 
61312 91324 
85254 70428 
71353 13300 
79812 77493 
3651 2873 
52648 26093 
65494 88469 
25489 57958 
3181 31887 
75389 92147 
96177 5902 
69952 48693 
135 33267 
35411 56079 
87664 87271 
56090 81804 
17026 45499 
61664 55855 
18448 83076 
44687 40623 
25324 89433 
64992 37580 
93299 93518 
39883 11001 
44076 86351 
89424 52082 
42772 36992 
4679 2968 
67729 8215 
33403 9565 
59917 91568 
32503 74406 
45424 98000 
19442 36454 
8972 59884 
65853 13364 
59030 22980 
15752 3595 
65797 32811 
78032 60666 
72174 48876 
38343 19933 
74827 52302 
58988 79452 
47543 47752 
87111 10815 
32286 98807 
71281 3279 
54722 77542 
94432 25068 
30458 53636 
67190 19449 
15823 96111 
89782 39966 
22753 11687 
82967 69172 
61187 97730 
8892 58266 
94351 44897 
51268 71235 
92411 84859 
952 16411 
48185 41827 
97772 794 
74974 13137 
12391 48075 
41021 73772 
12990 79949 
7722 72449 
50736 72174 
29419 62775 
15304 61724 
41482 91990 
57072 99484 
10315 51943 
46231 14110 
44069 82184 
40617 77007 
66019 3459 
63939 35796 
33952 51377 
53930 14237 
48361 74668 
26021 60244 
29838 60176 
12265 60450 
61790 47647 
77559 29735 
88456 1337 
85587 27168 
30150 12629 
85471 46036 
27787 18077 
16762 74934 
56936 30684 
85180 29321 
58024 98724 
44452 8545 
13767 26048 
30599 41993 
67506 10568 
34203 49874 
16857 83484 
63467 59050 
35917 60832 
46276 82431 
76253 51068 
43038 91619 
71997 97624 
93700 86796 
27586 73795 
2145 95326 
98035 88788 
69095 11068 
81120 8394 
20648 20113 
28413 41530 
43763 45471 
47864 94731 
32296 83165 
14466 50708 
67563 95262 
27493 84212 
6000 71577 
52922 88682 
23090 71066 
67867 50558 
67549 6407 
80183 74619 
12676 40801 
30901 33357 
52771 24744 
99725 86133 
81725 12312 
24556 89762 
8163 61454 
14870 1152 
6892 40873 
85710 54762 
80010 37218 
64203 82918 
2631 80684 
23685 35369 
57993 84520 
81899 45989 
24630 24512 
59189 89163 
64314 68228 
30217 66145 
73631 606 
18438 62538 
4354 82391 
76443 22090 
28172 21049 
67225 89076 
19874 29909 
11533 81839 
59754 657 
94708 73417 
10775 16710 
32728 71675 
8949 90589 
81670 11030 
16433 17079 
37404 90571 
25971 95804 
13026 19265 
72637 91770 
428 57974 
4218 70495 
19339 80081 
85116 65553 
32280 7831 
60311 10651 
57116 19842 
85710 95828 
40204 66748 
39130 87891 
62638 76573 
62163 88954 
39666 79186 
47381 93694 
39103 30059 
77578 45929 
88373 67566 
44191 88183 
61839 95183 
20545 44057 
40119 40191 
42266 72598 
11356 3898 
51949 86254 
40732 84858 
98110 29591 
68998 26215 
39479 74630 
13381 11070 
94829 494 
34971 5600 
95862 89974 
5510 28723 
46040 93700 
53503 9175 
61821 83808 
94662 76164 
74391 43283 
54899 18111 
99786 14625 
75467 35515 
43210 62025 
49275 8599 
89366 84971 
75051 98143 
44810 57960 
31708 98799 
40603 60999 
69134 68181 
73945 8595 
83600 62151 
66021 81143 
96083 16980 
39950 11951 
79992 32438 
77486 85550 
91190 26379 
96078 58544 
37611 50994 
98886 22906 
88431 83700 
89535 93472 
63417 31453 
10666 16312 
61982 16344 
60754 62729 
88399 42413 
67208 94826 
4751 78884 
45399 62897 
96409 33431 
53092 22339 
66189 30542 
57626 38355 
82776 54713 
69242 80400 
96659 65948 
58124 95142 
2483 45906 
64979 86654 
70615 87066 
35432 25620 
92669 94381 
56993 55515 
85856 29177 
54070 63070 
79211 88394 
1248 32722 
61138 78815 
47977 10373 
2165 15514 
8848 60424 
79386 46538 
62795 11904 
19829 81712 
21855 54426 
48790 82434 
75494 62790 
76184 51507 
90105 238 
79041 47247 
44867 74665 
41493 34545 
15012 99573 
94977 77013 
71403 42066 
60807 69016 
51389 23931 
34902 4105 
70061 78616 
70164 77292 
83300 56906 
5846 22561 
84453 17118 
65229 94179 
14957 31865 
93026 10605 
95955 92726 
32144 93172 
42671 96633 
45787 48238 
6264 53308 
75367 61107 
98895 61826 
87267 92797 
96912 66155 
2243 96596 
84339 14476 
20078 362 
94255 15181 
49099 32638 
29210 3581 
25243 5922 
93453 7741 
58598 8801 
49563 29231 
76672 167 
19957 35218 
43149 43356 
89802 91943 
18440 65814 
32018 56517 
94118 80761 
67324 83846 
77120 61345 
92728 98605 
21608 14882 
60342 28360 
6459 65062 
65124 93237 
34586 13349 
4887 10 
86639 17335 
8849 94015 
96102 93421 
92022 81012 
25405 23944 
81909 42914 
13390 24775 
81257 36269 
33320 8395 
76017 80413 
47592 59582 
71213 13432 
70410 26119 
39067 18383 
52896 15286 
93524 99645 
86473 78422 
63225 19864 
79823 60460 
21005 91634 
2305 89094 
42175 54870 
2467 79133 
6101 60774 
4120 31557 
26030 26371 
54410 13986 
90634 19764 
48426 19450 
27410 85584 
83119 13798 
52851 22568 
99619 98537 
57223 80720 
57561 35540 
82810 54257 
47566 2831 
93654 8321 
88816 76499 
2101 92380 
77438 62825 
12875 61339 
48449 36833 
68928 46525 
89062 78711 
34997 93081 
94409 37944 
34558 7694 
88061 96502 
63783 41180 
39218 47051 
42170 64143 
96029 49912 
23622 80710 
20216 83367 
84098 65324 
52042 55923 
22305 612 
56631 6265 
58501 40565 
2727 76895 
93086 22546 
3236 10817 
91464 4136 
3196 87140 
94582 6329 
35359 81111 
15555 3344 
76078 6820 
71988 11089 
25013 76720 
20844 91280 
932 91092 
8157 6276 
92912 52731 
19408 30881 
31312 87362 
18033 51682 
46135 38705 
89337 61936 
61723 98559 
64978 90589 
36210 26980 
89245 87675 
91767 15303 
2482 25211 
97374 45691 
59321 62585 
59720 4878 
69796 68550 
49791 16902 
49918 88097 
42818 69879 
94990 91818 
77468 25249 
43703 47781 
46510 14435 
83952 11561 
15666 47468 
62390 38683 
29953 80903 
98847 85631 
7542 18220 
74059 80458 
40005 44911 
54554 12133 
14809 32581 
42079 8931 
50988 81649 
86592 50510 
92171 10606 
81669 85730 
32481 41301 
69048 8883 
60292 74347 
15081 80626 
92421 96498 
86034 66805 
37084 12721 
41445 8228 
67754 49696 
85173 27558 
12057 34611 
62290 25670 
59932 13356 
66650 19136 
73510 35609 
28739 22934 
37494 829 
86316 88066 
23330 28760 
1412 62439 
53016 90832 
76387 55184 
39155 14733 
39050 49550 
46683 53394 
12245 27532 
68677 91787 
56861 40642 
33761 50189 
78843 85497 
65837 30923 
20624 20361 
98215 47117 
15250 89352 
3699 66629 
67552 4711 
39768 2051 
40843 74315 
23743 78590 
69935 51632 
46632 15610 
91655 28288 
6367 64763 
82582 85690 
91209 57885 
20408 71410 
72342 31210 
40067 68514 
71004 8973 
38735 81555 
50001 49071 
94805 71655 
42026 76240 
5113 34936 
67927 54072 
11975 33459 
16947 76177 
87019 55935 
57886 88968 
62291 6641 
25269 93761 
50832 95307 
77806 14288 
78653 28162 
57786 57201 
57983 80909 
89528 37801 
67683 68084 
42582 90958 
70882 10075 
51129 38072 
92172 39011 
24855 34941 
97132 77797 
8556 82509 
65439 72784 
47818 42750 
25545 59837 
96357 65288 
23629 96054 
56938 96884 
32477 94920 
82259 15549 
66967 61379 
74804 3771 
61996 35148 
15371 51253 
85971 15487 
18851 56545 
8401 58771 
62767 79088 
13654 11339 
59244 78437 
54608 64457 
44223 65818 
69719 95647 
39163 84673 
44913 91209 
99870 31464 
87777 28467 
4761 25788 
95656 33055 
50527 39708 
41579 16531 
17065 219 
72295 42666 
35481 85908 
11312 66930 
43081 49090 
86408 43036 
37487 8123 
55941 92825 
48368 71071 
91140 91364 
29735 71530 
82634 27789 
38356 20199 
78608 64280 
4574 1620 
29278 30451 
20652 74558 
7780 58557 
68735 66582 
1101 86059 
85631 88701 
16347 26447 
14836 34242 
27422 36626 
27548 67714 
95102 89782 
3930 53971 
29534 96275 
53451 25805 
28332 1987 
18852 38926 
15744 33444 
52165 17312 
28761 52129 
73145 49048 
44586 26578 
20601 53016 
20534 30168 
85324 171 
22215 24962 
69659 39662 
48778 97523 
53239 49663 
25005 71316 
56999 5559 
19238 32118 
88313 33972 
63363 67816 
18935 171 
96528 42027 
94412 58476 
27779 92161 
98722 80576 
14477 66880 
1115 65022 
83118 95340 
93500 22680 
77125 11153 
86153 27547 
2182 37737 
67171 20094 
53856 78490 
46777 51175 
54548 45208 
1450 58549 
97193 1200 
4823 75178 
91702 91776 
82385 78745 
36773 84063 
55248 5183 
94486 40588 
44595 65526 
28022 6594 
92882 25034 
73867 99770 
20486 26266 
59025 52896 
77185 63685 
41051 74816 
66734 46368 
44132 63254 
19757 17518 
87955 24161 
65270 34751 
57803 26593 
4382 53478 
44051 49577 
21063 97234 
87205 57969 
74351 43419 
600 78026 
3939 683 
7086 30197 
46854 5042 
18287 16614 
6726 15844 
5428 53793 
39188 49824 
59283 87293 
16971 51719 
13417 24343 
16553 63331 
9737 72941 
24507 19400 
18213 81454 
96206 68291 
83721 31466 
12131 88245 
62074 48425 
67730 45838 
24642 59579 
1660 22276 
56313 46775 
14187 15297 
45139 12864 
52626 9704 
63632 4777 
43931 97918 
71474 13803 
35886 23469 
27329 4122 
67823 14941 
83440 4379 
29396 75675 
50910 33875 
81642 95379 
65798 24909 
8441 53824 
56606 45852 
38432 93921 
12257 25749 
27549 51731 
76320 30549 
20569 44336 
48021 43495 
16396 33015 
53520 57791 
46305 98772 
61904 98347 
36933 90055 
59590 51211 
70557 28340 
64042 94253 
74026 86299 
53156 90720 
64704 85373 
10212 28484 
56855 94825 
35899 62103 
85159 52757 
58776 42284 
33350 71032 
83378 97876 
65489 30714 
51259 69226 
44932 22364 
54379 78555 
91832 36430 
32586 62925 
73804 62950 
7286 88471 
46396 16934 
51988 10735 
60091 66052 
77027 45266 
28787 592 
10593 65090 
11057 52217 
91066 47228 
89949 37626 
46719 49112 
49703 76010 
27998 7590 
38469 5051 
74883 18132 
74972 99241 
47231 69932 
4017 76399 
19547 83771 
30863 63547 
43291 23849 
67686 81646 
9603 32213 
6698 252 
3252 64992 
94004 7716 
24634 93316 
15808 40368 
70822 68654 
24370 14957 
8945 42197 
24915 12645 
45580 71023 
16692 69987 
94393 39939 
31471 42555 
70898 77244 
40988 20287 
98026 45053 
11208 90094 
89057 40445 
65714 60940 
85555 52337 
83186 89310 
67067 80842 
94588 68913 
16655 40779 
64587 77426 
21719 39094 
38671 5249 
13138 37135 
12527 26464 
97371 83023 
33482 10595 
15990 26834 
75152 15260 
74992 11851 
35892 44424 
22298 68835 
99285 4748 
15982 27101 
60583 43358 
18087 96096 
66887 4420 
69272 64283 
40829 98982 
48072 8275 
57594 42839 
95233 4531 
23364 80533 
88344 88325 
59608 80106 
84903 10305 
32102 52865 
13015 99604 
76189 25162 
78040 54326 
60477 65067 
70823 45150 
39 45828 
8540 35855 
77172 10137 
12724 95772 
52811 84461 
30706 3489 
54993 81099 
36479 18566 
12041 17119 
4908 28582 
57666 73943 
39256 62540 
72748 19138 
46131 98462 
44304 12802 
94265 82949 
15972 24995 
63945 23555 
76338 97730 
92433 11003 
81521 95356 
47397 77589 
36645 490 
15141 586 
67189 29199 
73343 14983 
95668 58737 
29040 8622 
1706 83904 
41753 34597 
84270 43985 
18958 90725 
63696 91197 
66472 83954 
58106 3750 
99912 18786 
43900 81836 
74990 23092 
63264 3261 
74248 52130 
72931 56946 
95702 92185 
37955 17126 
24916 18877 
61829 68865 
36202 52065 
9999 46346 
60898 89164 
27686 99426 
81108 91795 
74895 61073 
55815 46854 
1590 48533 
62941 22425 
64222 94488 
45709 91379 
41177 70941 
84575 1086 
39145 38207 
77034 26357 
95038 24136 
96765 54538 
68794 14592 
20857 16624 
91253 15178 
59284 96344 
78271 26367 
94304 20321 
47320 59429 
39167 56782 
76065 8922 
55237 27673 
23741 89038 
24594 69654 
95628 35701 
61209 63109 
68534 74079 
57910 85126 
10887 52063 
8695 32359 
24933 44233 
16317 2735 
10450 38009 
93614 21161 
99544 23899 
93736 43715 
40274 25156 
59165 77235 
13220 18642 
62373 6778 
49571 18363 
21989 32152 
81927 15838 
17480 76477 
99695 97392 
92676 44740 
99857 87443 
33852 78319 
20800 98987 
31621 72677 
22063 7742 
87561 99740 
26015 4779 
6267 3892 
68875 23998 
21448 21108 
17921 85397 
40719 4442 
99366 42874 
57880 25871 
47072 76167 
73784 64482 
26133 20518 
87302 84011 
7348 84817 
66408 48976 
68657 69213 
86090 27927 
77894 56543 
24570 84799 
67509 18477 
42220 64910 
46410 46857 
28611 40854 
6670 93500 
92273 95321 
73562 77591 
85043 82860 
16229 98810 
98291 30638 
83282 76451 
41830 9441 
52713 20066 
17997 30503 
88709 25517 
33172 1161 
79344 81859 
46895 2910 
88558 69068 
44806 39147 
93453 24415 
35769 36665 
93659 56140 
15831 74939 
73344 87098 
12094 60286 
68456 18185 
18081 58202 
41856 11582 
58875 46448 
97209 7248 
79059 53955 
68905 2616 
29426 6141 
9678 45027 
39443 5941 
60255 9243 
1616 41673 
26053 58224 
61196 27790 
4793 14372 
79 52650 
5894 572 
27264 28611 
77573 45608 
39926 14089 
10842 86927 
98920 4654 
20893 45206 
70457 70794 
15880 89819 
21728 53688 
50671 62063 
22392 17134 
28889 73850 
96171 93718 
60386 53623 
87147 56377 
3290 68330 
53951 92713 
19848 10591 
81654 58706 
53512 3540 
5965 40950 
91067 42346 
77260 62062 
8072 61025 
52993 22644 
8478 85948 
96200 84962 
60019 13279 
75097 68481 
95801 26622 
4177 45419 
99519 53254 
40754 95720 
16787 42613 
52554 5121 
38333 39037 
1739 67474 
82123 12306 
48678 82992 
60968 4130 
64770 27844 
59768 46498 
57851 7290 
62257 8687 
55929 94515 
60971 33707 
65463 377 
56135 32125 
18890 15481 
99246 11427 
52804 15301 
65381 32486 
12943 21520 
44571 1194 
65067 68326 
27089 22938 
1854 31072 
20072 70377 
75063 36567 
73630 40824 
49564 89155 
13455 8573 
71160 14850 
73876 9622 
63748 46960 
464 31491 
22961 50953 
44451 19235 
53244 13771 
2618 50233 
3240 3356 
65769 74980 
90368 37837 
26491 68847 
69652 90658 
62638 90677 
94147 97858 
56823 98049 
34721 26783 
34172 26228 
75455 11703 
690 98004 
77643 61123 
42807 95074 
10096 94015 
5040 88057 
76402 67767 
97157 91921 
30834 19341 
94828 86303 
63716 52941 
88500 16127 
54394 72427 
4032 66890 
35340 74812 
65644 91144 
84441 92312 
96809 47941 
64231 94794 
57940 5392 
56555 41873 
1070 47988 
99097 4485 
81221 24974 
16234 59456 
1712 73808 
50836 97401 
86415 53614 
45907 74232 
65805 27559 
95395 79617 
35608 40199 
82007 91920 
96976 46088 
46552 38482 
15318 59340 
88098 82520 
41267 10324 
77147 13528 
21754 15311 
75080 26694 
91728 87629 
92262 38735 
77811 44789 
84488 2433 
64012 95011 
82888 50264 
66583 18758 
75893 18663 
40241 96077 
13576 78834 
91144 68989 
84433 27409 
3404 69626 
22593 70850 
95375 89469 
39480 71181 
9548 12773 
38104 7442 
5602 88182 
60458 47204 
70045 66483 
38886 15557 
77792 89634 
70841 95150 
41180 76421 
13103 90230 
60105 13492 
96322 39989 
43339 27001 
93640 72188 
5537 79762 
38201 46628 
57059 11519 
73527 49926 
94439 15860 
37974 67954 
68201 26272 
29964 80381 
51666 65995 
74163 92939 
59522 1551 
10458 47371 
68131 28243 
57395 26434 
70901 7387 
59592 1916 
61526 69693 
14742 57307 
75491 96956 
89939 53591 
35967 95083 
79341 96550 
44058 75528 
25644 7055 
25348 69281 
26307 92006 
94781 7848 
72182 62888 
30146 19036 
20964 51361 
50765 1837 
90799 26884 
82468 64363 
70395 30021 
52548 31517 
81183 96941 
99078 54970 
94334 65540 
97857 87033 
839 21677 
7197 12106 
56426 65224 
5881 64680 
74719 49930 
52822 1228 
21844 78554 
28328 34809 
73598 15272 
26331 85879 
32311 11074 
54533 50514 
64732 24673 
65162 38157 
14512 61375 
82876 84989 
63292 45469 
18295 6173 
62939 87826 
55789 10439 
38113 9770 
82332 63898 
63166 36689 
80596 56447 
50250 80435 
43933 93768 
46570 88252 
83481 10676 
27873 47779 
88366 77454 
92531 2634 
68814 49802 
6020 51131 
58943 95184 
19104 71888 
81139 13571 
84699 44395 
77108 59006 
28194 10051 
92056 59867 
83885 49752 
57940 30383 
96248 37787 
59286 63679 
98908 68645 
80844 97511 
26468 43245 
30167 47870 
84753 44183 
174 12748 
3577 25794 
86867 58617 
22790 94109 
5590 15554 
17143 54265 
55558 23441 
48445 58471 
66875 91317 
44478 96333 
26830 54685 
43337 31142 
23010 41473 
9130 704 
59607 86362 
20376 69314 
251 65293 
55986 38712 
65834 57244 
55370 128 
68983 78746 
8993 37008 
98191 78085 
43621 68561 
74118 20811 
2520 57941 
88112 45875 
85052 95731 
98799 22643 
2374 9305 
6363 93011 
26372 41733 
46173 39975 
57492 90068 
43460 84282 
13790 92179 
49010 74149 
48308 3743 
32168 99543 
34795 12556 
41912 32164 
22828 96028 
59378 64986 
52532 39554 
55911 1142 
36424 98357 
39598 20894 
61262 3511 
20180 37590 
36358 84013 
47347 38759 
16453 1098 
80665 96852 
57049 68434 
30696 25671 
17987 62402 
70369 53144 
17115 10351 
53247 78846 
50030 81538 
91072 85568 
34186 95409 
36788 78217 
6047 4934 
91253 30482 
98513 8903 
1914 29936 
52509 96425 
49970 25627 
71395 29270 
28864 98722 
9790 23310 
1467 96399 
99421 98980 
85843 91908 
53765 32488 
60286 59656 
60562 54473 
97101 83102 
66646 10846 
31622 45453 
83123 21767 
48024 88341 
90547 49005 
16723 62088 
3555 9389 
49516 32635 
62313 52597 
48063 54864 
54175 55271 
8924 69785 
33117 70188 
14088 33940 
96774 9245 
79776 43373 
1345 32002 
58269 71675 
43151 57779 
87609 1806 
12283 18584 
62259 94854 
28588 22600 
54132 5314 
3125 3540 
47890 22176 
29269 89836 
67006 87787 
96813 39494 
57798 22411 
39670 51327 
67504 61340 
73231 81409 
99430 93600 
50929 64735 
53305 76502 
71254 66405 
62199 88704 
96215 64108 
18705 75920 
192 94217 
42563 38079 
54117 77522 
79500 4454 
64123 77437 
36778 44179 
26051 33454 
54803 63582 
27636 55681 
86100 48869 
28722 62521 
3076 22973 
76509 92810 
84205 98742 
67641 26231 
34624 27148 
51825 1360 
81584 58837 
82725 29374 
47832 60092 
61048 63319 
46679 50132 
81979 97711 
61399 55735 
94581 41381 
68538 11221 
4294 27590 
39846 67172 
1301 99833 
10736 9557 
77367 39129 
34548 32520 
1612 79201 
51344 52645 
61757 89618 
87579 308 
41515 93806 
68704 74597 
97097 28762 
70606 2277 
16214 46370 
57770 98409 
91476 2430 
56126 86494 
16778 78802 
86798 99378 
20008 36522 
43290 48668 
78371 3319 
29130 20037 
23602 57624 
85596 24548 
33564 83035 
29853 11999 
23947 32066 
92704 31312 
99250 56156 
92092 5101 
95730 30040 
3645 70816 
50671 22931 
92701 29240 
62110 46416 
53690 32614 
61079 39487 
62124 39296 
4439 34888 
82141 59627 
10543 87701 
88185 18522 
2282 37103 
53314 64356 
92419 15242 
28576 60797 
44719 13402 
87976 8527 
70992 64926 
41814 57142 
78964 6821 
27499 84062 
68824 37524 
71412 36867 
87303 96997 
78010 58267 
87300 57164 
43064 38769 
8387 25598 
6786 71121 
88900 33470 
59572 12740 
43870 99952 
88167 97566 
94720 39572 
3313 77206 
16425 6481 
21255 12681 
75741 50135 
80985 82765 
70154 90605 
66662 22633 
41368 8540 
70419 57421 
29392 84741 
74569 49302 
53767 17375 
54212 33818 
56940 91057 
1371 81457 
21496 71342 
49942 83839 
77730 50590 
37165 30387 
50952 76766 
71742 10983 
58943 55405 
91347 52866 
59165 26803 
82997 75901 
62591 85412 
8592 29361 
76431 26524 
24916 55485 
11587 76481 
12471 10344 
92309 86985 
30762 60892 
35308 51516 
98979 68632 
23513 32447 
60499 64908 
85674 71105 
27241 20620 
7181 89879 
15614 14029 
39756 85400 
79649 4310 
48075 54872 
18893 25662 
29933 93864 
88712 27023 
73196 53128 
68909 95821 
67603 44528 
52874 20689 
72350 41645 
3986 67726 
51475 29394 
88566 67596 
28168 18748 
35409 36686 
76454 57630 
90769 84502 
64104 37107 
34647 91652 
84129 13190 
99330 77984 
63926 38876 
84342 18845 
20886 28512 
93328 8934 
41205 57102 
27856 17835 
94666 30920 
60727 29078 
62334 52536 
77104 5471 
46367 43383 
15600 77410 
51581 79993 
63480 8049 
76925 46263 
60179 49438 
31692 3406 
41604 67110 
96075 31699 
14004 77135 
78572 3695 
80686 9253 
83818 7260 
57436 82467 
93534 48618 
3249 55365 
80601 30519 
61788 92415 
21668 18725 
55996 69650 
47234 81178 
3361 28360 
69809 8563 
22570 73846 
60548 2385 
83626 7733 
2643 47272 
12983 77029 
35826 67895 
2842 20817 
20461 7713 
89483 96387 
92011 56702 
59355 70593 
47072 98271 
13606 69359 
699 41794 
71855 88518 
81396 56464 
24203 82528 
84961 24655 
46857 64132 
91248 88508 
81188 67655 
58975 72179 
38661 51370 
52837 23983 
34784 40258 
24509 37619 
74076 39495 
64482 79724 
5031 81106 
65261 72205 
39147 1512 
88075 52089 
81311 86036 
5066 59104 
50180 57979 
96797 81749 
76677 34474 
21001 26318 
56305 19092 
32606 60129 
96725 52059 
27389 20203 
45861 92937 
2012 71645 
7803 67751 
71722 46217 
53856 72806 
63659 90885 
14295 90816 
8524 8561 
92777 41455 
86219 78861 
79766 58090 
42165 5334 
54008 55206 
80122 47488 
51726 26891 
54635 60859 
52132 95784 
31643 86414 
74776 13995 
59314 1817 
9364 2767 
92844 71356 
1908 6041 
46725 8813 
2405 24553 
5905 98076 
38720 91779 
13312 44 
18960 50729 
65344 11136 
80310 91535 
89244 28686 
96204 13733 
46662 21579 
25623 84291 
6265 644 
38449 72697 
54900 32670 
79006 57766 
71600 44323 
36279 17371 
71650 17840 
73748 31900 
38943 89033 
34429 55008 
4028 19977 
77355 31115 
92539 33694 
20660 68099 
64108 66197 
63342 5755 
85366 12468 
32905 55868 
32361 17246 
59303 28095 
97442 88957 
6947 97391 
83596 95663 
6014 13303 
5280 35620 
11897 99251 
78912 61849 
87348 40754 
78486 80035 
45734 15603 
52207 32191 
15763 76076 
44534 24656 
88182 53561 
44723 58363 
83125 19338 
87720 71707 
33173 1767 
66167 11963 
11638 29742 
73330 9840 
48184 45067 
85916 43616 
64643 2236 
13011 44219 
32687 53155 
82821 10688 
2047 96424 
12383 76650 
73004 56096 
7125 92746 
90162 43170 
66896 67408 
15813 44609 
33018 38917 
700 79282 
96954 35409 
7581 57998 
5327 16270 
58707 85668 
38315 78341 
72190 47636 
8882 53376 
24194 29361 
28788 19434 
24007 28872 
14051 98176 
17226 34792 
57241 12469 
38692 59269 
76972 34308 
21244 34710 
65933 61699 
28974 6057 
97993 25025 
24383 76138 
22193 38301 
97695 90690 
66838 78843 
83545 81755 
453 13 
65363 23397 
48012 56075 
21001 92094 
40651 45589 
94488 65626 
84962 60370 
88283 38948 
74032 60714 
57976 83260 
26516 84415 
57136 25374 
32348 37028 
23824 78503 
4094 3932 
22284 12682 
81472 70881 
53408 13329 
13244 39114 
25798 39810 
45464 73480 
35609 62372 
77975 27638 
37802 25461 
12072 49058 
4056 58162 
1438 78394 
53311 28408 
35707 22702 
9740 16593 
31452 83 
89948 66346 
78905 24495 
46275 55507 
94398 23806 
96311 18681 
58279 61596 
50070 44294 
75988 63795 
5761 63664 
85989 34909 
22668 47394 
52439 85433 
95388 25233 
22742 81977 
47529 49589 
553 74685 
34922 29980 
83336 52749 
98520 75985 
40229 28102 
35367 99618 
60766 49848 
62372 44563 
87915 7522 
32101 29339 
59906 89992 
22376 14196 
24524 28616 
62231 27463 
56779 68203 
75579 16024 
6317 77420 
20952 16764 
24442 31443 
80752 81074 
72289 73994 
6683 22856 
91490 93331 
59385 2018 
26546 27341 
89746 38 
24198 46554 
96990 91954 
99215 50738 
64348 69996 
48321 54649 
16959 28113 
14389 31613 
68643 73730 
51561 29761 
24260 93369 
18620 75106 
82619 62118 
32720 28044 
41221 53448 
48487 65466 
38607 75501 
88557 19333 
82689 32733 
40745 14405 
4141 87672 
54362 12729 
42798 76543 
13574 90579 
21964 14672 
39256 44739 
90645 12788 
72442 49299 
16933 13776 
22251 61617 
97119 50883 
19105 6649 
4590 23057 
60 52531 
40152 80815 
67247 27130 
61159 16932 
2702 15216 
60660 60257 
93283 18971 
39754 78061 
17886 60740 
66448 2610 
75848 56262 
42532 11007 
90219 89029 
6318 3873 
2466 72032 
83591 48043 
86235 91790 
61686 71230 
46944 91429 
2357 22482 
41265 64476 
27931 41235 
45974 99127 
12223 9949 
29163 33926 
82776 502 
28491 60112 
94227 62959 
20916 33332 
63941 46779 
76278 37986 
70511 89206 
23127 81161 
3358 53296 
19344 79921 
17344 48948 
12415 45680 
90191 24287 
94590 62418 
2459 71884 
6731 1731 
59934 54565 
21282 16996 
56490 18905 
39608 11376 
31869 31054 
71833 79968 
13251 39122 
28364 85077 
42120 39151 
41431 35426 
78640 97543 
52274 5035 
44593 61831 
45006 45595 
12930 73819 
81721 17333 
77055 84359 
95073 87681 
36205 57409 
24349 24528 
14626 42528 
38945 41362 
91719 89596 
79224 35330 
57940 77289 
58852 96060 
26930 27720 
15034 53001 
28247 83682 
63465 72139 
76985 32019 
13325 9126 
66724 66944 
24357 75157 
60421 479 
42801 74398 
60251 43696 
35898 27330 
21836 2083 
55704 3038 
40929 51095 
2114 45336 
81318 83837 
22280 92516 
31595 51837 
79021 58605 
75366 51975 
44358 65197 
34612 47914 
25952 87232 
99108 52736 
14047 3559 
86183 41003 
44379 23659 
84538 3089 
8580 95620 
23473 2379 
7772 87259 
74578 46813 
37299 72220 
36791 40257 
10984 45973 
77704 36314 
81826 42792 
4101 77433 
92697 24133 
12910 65567 
95411 61271 
30135 77125 
9426 40607 
79777 4586 
52479 78769 
37360 79916 
64621 46423 
13413 10794 
64402 64674 
81079 39658 
21356 55994 
9027 17706 
2495 2794 
85917 71265 
52143 91099 
25900 26289 
94270 94204 
25978 48260 
4369 81755 
5531 49421 
83946 23426 
95910 12974 
84890 93113 
63704 84808 
73238 69587 
45172 87288 
92276 72536 
41261 16776 
83452 69192 
72755 96818 
50241 35983 
23333 72306 
4874 62159 
4614 46408 
20766 37849 
61804 81726 
24504 77748 
1100 9854 
428 93400 
60767 19427 
48113 42034 
66635 21722 
28459 47937 
9737 25016 
57675 13557 
58909 84172 
60039 11846 
74398 30273 
70161 78793 
19860 26660 
83350 5652 
79630 42328 
88726 64086 
75699 81424 
83901 84235 
44605 58427 
62300 45683 
78256 62637 
84641 34347 
54695 12692 
94599 64512 
84904 62115 
15367 64558 
79975 80253 
68573 77340 
99324 99479 
89967 31788 
75077 89161 
77302 954 
20392 89655 
94980 73554 
20163 15450 
77364 31015 
71432 15606 
18015 40077 
87784 61756 
5683 42207 
7118 19183 
69535 45392 
45390 44879 
25873 1333 
20286 47991 
76522 81594 
28254 42673 
95100 50004 
95913 21154 
51533 65370 
42584 75659 
67472 38548 
84545 1877 
65679 10951 
83570 23756 
74974 17788 
92420 89690 
79019 48627 
78163 3514 
51962 20330 
10573 70264 
6913 32965 
87310 56239 
94238 87997 
30169 85700 
25818 9873 
27456 22405 
68712 27057 
16339 13161 
47071 36646 
96038 2746 
14676 97874 
37791 64764 
12155 74138 
10767 31409 
2695 70632 
74445 46599 
87980 95201 
97441 11568 
42147 3777 
50373 39781 
65672 78528 
86075 88881 
53409 26802 
64305 91417 
91414 82048 
96 63195 
45713 34026 
14957 28385 
82830 15002 
48381 63866 
66695 21009 
43464 31809 
9441 52855 
54892 39118 
14640 20242 
40172 35126 
40705 64169 
85691 34788 
29441 17744 
88052 33636 
90159 43591 
58079 62898 
3302 57223 
40016 18417 
9173 70090 
41643 85397 
77175 63423 
52383 72509 
8835 34585 
85965 63500 
13973 41318 
21773 92244 
13488 6103 
34768 47989 
64556 32774 
97693 21628 
74421 30613 
11254 10889 
67510 37331 
68071 12645 
97247 81665 
84404 43884 
48748 28747 
40019 49399 
61467 6993 
51018 73895 
11921 23931 
63078 98955 
35749 40203 
93235 71175 
35688 85930 
67218 76804 
17426 71698 
96321 50345 
18831 67581 
12851 39810 
49741 97984 
36483 89739 
39247 27491 
75131 44550 
95343 93482 
73470 19457 
17834 74981 
9806 33928 
69559 74005 
7737 53519 
3274 25624 
72878 39966 
61947 46026 
86921 66502 
18741 74033 
91348 15643 
99658 60890 
71418 40064 
36542 15524 
7305 33688 
31116 18096 
93809 29730 
71711 73312 
42627 15215 
33529 86809 
71895 27343 
10571 12863 
56561 76088 
72751 39720 
60136 19563 
15276 50059 
93443 3901 
69012 18413 
49226 67814 
70354 84796 
42826 3482 
47026 74374 
48588 60053 
62261 16687 
59288 73788 
73996 54776 
11556 9771 
7968 24471 
14170 4101 
14037 27193 
87997 2606 
73589 15807 
76531 2401 
52514 62368 
14148 15951 
49073 79062 
45561 93824 
68840 19191 
74439 61971 
69975 93760 
81742 52070 
61220 1024 
95050 29398 
2309 81313 
9005 51681 
51878 77498 
53983 24497 
31521 2679 
85157 54059 
26268 90950 
17411 36610 
21575 34601 
62837 65119 
84798 91613 
37067 78649 
35187 81049 
88281 27474 
10571 70725 
68437 77939 
31205 1515 
10141 35035 
81663 85674 
94528 17800 
80167 62801 
95639 82920 
81458 96335 
64978 55258 
64035 45944 
76320 90570 
85548 56739 
85262 65278 
51144 64907 
70659 60938 
28720 31207 
15770 86900 
62353 78691 
55803 63679 
80537 29091 
65527 71686 
69442 3498 
85701 55197 
83043 77274 
90303 59853 
91748 56593 
77892 73457 
29094 74550 
29895 34485 
82069 88497 
16224 70458 
84835 97045 
44343 29230 
17848 85162 
41752 70233 
84844 48804 
33834 89843 
38647 46763 
29098 65302 
53446 76694 
52083 15001 
95943 74743 
70535 89432 
30730 93759 
47932 26748 
6234 23762 
15048 29624 
6769 80166 
94946 45987 
23505 181 
34657 65199 
92568 55896 
93770 73389 
72037 13734 
15249 46888 
81247 44295 
57015 1124 
5597 14010 
94202 53795 
77988 70655 
11427 5800 
84017 68400 
92053 91156 
2252 64941 
77120 97994 
83172 63154 
10478 16749 
90773 62824 
8628 28776 
79383 34163 
93862 8876 
54873 24144 
7548 78614 
74259 59146 
76704 13785 
70578 12953 
41534 79043 
50977 67838 
64141 35438 
5082 8286 
29410 42500 
78047 51862 
17845 55508 
8049 39774 
77172 707 
1546 80891 
44567 96496 
21292 67278 
74636 76993 
91856 56767 
9584 65862 
85326 48644 
87506 42957 
35914 62199 
22325 44055 
46316 64756 
4620 34844 
90995 85686 
66435 4344 
91945 96001 
25147 30042 
41035 29319 
71541 77322 
69702 69298 
95496 9078 
21519 31076 
48997 97994 
66119 19835 
30703 53510 
3941 58279 
38856 98325 
50466 36648 
80065 55110 
55865 53829 
40350 33146 
11419 86179 
21777 36712 
17580 41881 
23140 52301 
40220 32968 
96355 10137 
61392 24581 
41589 56942 
38844 1606 
13593 21570 
24546 26520 
99349 2838 
56682 49094 
92826 59788 
31803 68539 
36500 38616 
84275 41753 
21274 27621 
48695 77520 
36524 91797 
57581 55814 
40212 2049 
31456 63823 
75377 40543 
51331 45851 
93755 33312 
64659 22982 
59920 33988 
64952 50161 
6 58439 
2573 43327 
27978 49051 
29604 27278 
29339 29568 
55244 26154 
7291 96620 
89823 42719 
99585 82467 
85336 50093 
55625 14999 
38295 50126 
22888 95630 
6722 36312 
29305 13509 
7287 35947 
63979 15347 
870 96198 
52441 54127 
45229 21777 
94665 47147 
92011 68155 
84103 84062 
31978 43521 
54270 38977 
47125 75162 
5727 57159 
11275 51503 
50807 6546 
91751 59723 
75998 7012 
43917 681 
62647 76188 
57639 77867 
25487 59686 
10142 25080 
25445 45661 
3262 58819 
88315 98934 
14769 15612 
14090 88257 
73199 61996 
93083 21804 
73578 45410 
54456 50624 
87404 87961 
60372 47517 
84477 11819 
24697 19684 
76389 24983 
79038 67522 
11948 89174 
30871 59034 
3315 37837 
58602 49602 
38296 11536 
66654 40237 
39030 30483 
79978 33934 
60217 29483 
91905 19375 
81050 39282 
91814 83990 
34206 10140 
89847 34263 
32510 38355 
24713 80162 
99306 74556 
87642 22718 
82103 63770 
20594 69016 
30730 91585 
50108 87262 
51006 88158 
99462 6054 
2857 72411 
81355 56670 
97829 2421 
10851 54880 
65131 34848 
94107 19726 
97592 86170 
42212 30658 
59371 31571 
31465 31604 
35744 73523 
81499 754 
32004 61398 
50887 18249 
83246 45917 
56228 80456 
19752 7786 
5146 29148 
43727 8569 
96280 86650 
12263 73668 
80031 13897 
88737 32219 
92692 37365 
20232 6769 
73562 22936 
22105 66813 
49732 10051 
2506 34557 
26476 57849 
39415 58749 
52492 96505 
30690 52951 
38756 21631 
73634 28339 
97294 17315 
94786 37939 
31968 44293 
42879 89117 
57147 83730 
78360 74247 
42169 84212 
41368 15646 
79549 19835 
56764 20188 
53154 30605 
39545 91455 
38872 82926 
96932 52844 
4807 57527 
84417 93747 
90615 44975 
62251 62720 
36319 4777 
16099 96529 
99787 23077 
51042 91998 
49045 86106 
41599 98788 
40671 71764 
22146 35554 
98757 50117 
31846 9367 
90264 75089 
86153 48851 
52070 44248 
32982 45178 
62623 1355 
65764 31880 
66791 57221 
7941 24390 
56415 8391 
53828 83260 
80973 40367 
49313 61237 
12915 12260 
22548 43655 
20427 33196 
29524 94077 
6724 57292 
62387 72648 
59468 43612 
79343 3360 
16479 50334 
54180 28201 
94650 58167 
10730 1128 
47811 47106 
2969 42861 
16265 82739 
25039 98696 
5822 3544 
87081 15829 
87365 39029 
72600 84156 
39347 30046 
965 65052 
65077 67261 
54687 66341 
4261 11484 
95294 8473 
23973 10485 
83885 66887 
18104 80884 
42861 68570 
66267 80861 
43888 67048 
3288 59672 
83770 19343 
28590 33334 
14725 40878 
41144 2366 
28456 19870 
20136 97066 
54441 31454 
84088 8603 
22032 3591 
51906 40035 
53240 51751 
98156 90407 
98483 17441 
41858 67188 
1119 16824 
33189 7570 
78239 29995 
5688 77528 
34993 38941 
42922 9046 
87612 52743 
68044 30537 
56338 42299 
2253 43252 
3640 43655 
53915 97327 
35358 78963 
93938 25159 
52844 87164 
44960 96892 
42707 52680 
62013 73067 
17408 69711 
10566 42878 
74764 82191 
54163 52953 
27305 94995 
48371 51238 
63484 60706 
346 93289 
41881 8067 
94039 84179 
86846 93153 
99913 58211 
49418 22411 
85040 30777 
20906 17867 
14489 91934 
38179 69142 
88211 49669 
99473 44345 
88901 72310 
17473 12481 
25855 24192 
72424 63716 
47392 36406 
92222 628 
60147 5380 
78675 13556 
37409 66006 
19588 46183 
20610 43189 
74819 3706 
18215 45917 
1132 55264 
84438 31359 
85454 34713 
16604 32978 
89056 49438 
44412 16293 
66210 65546 
96969 98661 
10027 49634 
24191 45348 
95492 12236 
18001 33145 
35089 16160 
25739 54923 
35960 84059 
73286 23770 
49211 63970 
18648 23741 
31749 88919 
38053 45744 
98945 97324 
6135 41717 
32463 64570 
69345 28015 
21746 32977 
27458 69793 
59942 17311 
31893 82173 
85450 6044 
81547 91137 
58826 74800 
46925 7294 
91422 77673 
81579 79105 
96930 84627 
86215 8606 
19913 88674 
75300 32331 
6444 15283 
58605 92868 
21112 28242 
90826 52372 
81977 41170 
61290 28362 
80429 11915 
92716 64262 
76459 18291 
93109 82372 
11521 87904 
58061 5394 
60913 82263 
52129 74056 
55568 15946 
7372 33104 
39119 25282 
64778 5592 
90325 87803 
50018 26355 
33181 33703 
18783 59497 
77463 83568 
28994 81906 
81015 92855 
97201 75001 
1703 82905 
74772 30367 
11775 90733 
35784 41369 
80284 75364 
3004 22516 
90224 77231 
50967 71068 
46251 38920 
15852 61281 
46078 60519 
10726 40662 
34103 80871 
91694 79773 
29328 47243 
45577 12328 
21298 60231 
72987 90760 
57571 58154 
21991 73884 
4149 35772 
87047 57969 
46334 75840 
25479 60221 
11606 8841 
59501 64621 
38454 6169 
25612 44025 
85458 55103 
5200 79568 
73479 60113 
20256 8689 
80461 64343 
6338 46443 
63146 87568 
81272 41293 
62906 32475 
12547 46198 
63928 19832 
48951 8552 
11154 74894 
22742 8436 
62674 2369 
47456 3620 
46639 55310 
33475 71907 
16360 24501 
18529 76638 
48860 49213 
63563 19582 
11959 77671 
95731 86923 
32890 86095 
89755 38680 
37452 98922 
66484 39680 
92894 39590 
53213 81038 
79992 81224 
94174 95138 
40193 59649 
21559 24229 
92242 57290 
97586 62987 
89373 65914 
16262 58802 
92895 88531 
9936 20021 
70974 46410 
40128 52043 
92393 15784 
64766 13870 
74254 30715 
64666 63650 
59876 53449 
80956 40708 
48551 31733 
62076 13706 
72342 33689 
44145 9840 
16774 75221 
91650 28339 
12078 32317 
6799 33044 
79509 61207 
75334 13479 
3340 33026 
54204 1571 
13278 26433 
22219 32068 
4316 11593 
8652 38682 
91470 1984 
86737 85151 
95386 46700 
69086 40626 
81430 85212 
70314 22211 
29697 89013 
8452 43939 
96262 70128 
1252 31151 
37050 45163 
76053 81953 
4826 5382 
52611 83316 
97146 58259 
77149 18423 
28467 73977 
82844 33931 
23181 91592 
27072 71138 
77987 13857 
8960 3368 
21811 47148 
2127 63428 
9365 23519 
46983 89608 
20517 75588 
34546 66439 
1755 21770 
79460 87313 
78361 59331 
23747 20087 
86269 55789 
34795 13877 
21175 75378 
61185 45565 
79065 76626 
88177 67859 
67176 69515 
91039 87298 
97250 26275 
18849 70189 
34037 98548 
54019 47241 
61119 5472 
83509 63529 
43428 22193 
86539 99410 
11249 16346 
90587 70191 
64028 51280 
72549 97527 
93947 99077 
85180 33990 
59052 83895 
70258 13681 
93590 6690 
79396 96436 
29277 86112 
61042 70899 
15356 87132 
87886 82644 
67606 98953 
92794 57494 
46869 66772 
53319 97358 
66177 78209 
14964 36112 
52273 54462 
71573 56483 
42027 98779 
27590 85344 
77246 10304 
51403 4507 
72335 80149 
91552 36809 
68478 48258 
68358 93212 
55265 14664 
72329 95589 
36121 66735 
97697 22058 
37404 5232 
14532 56912 
12728 26319 
36096 65637 
73828 44090 
69462 56968 
87203 18751 
46880 38580 
11815 89295 
22973 20764 
17269 96317 
88579 73318 
14197 20553 
95894 94882 
48970 55795 
11539 11074 
63397 81049 
14285 78054 
96739 96071 
32384 31490 
12143 36908 
71792 87440 
62516 93603 
21077 71271 
71886 10930 
31354 23487 
97468 64839 
60352 7242 
54934 72232 
38548 21277 
34794 9752 
62275 4203 
11324 88463 
43818 1240 
47159 55626 
51718 52975 
26430 72191 
55872 57132 
7246 45225 
51483 49035 
70352 78148 
73491 44167 
54967 38507 
28875 87113 
15068 32934 
68037 55188 
99825 21995 
88457 72164 
60392 3854 
13914 97779 
11964 44970 
20780 72085 
34740 38497 
89250 10190 
80406 26617 
41836 62584 
61719 31732 
94061 78990 
41999 3263 
83002 39575 
8562 1725 
58177 46316 
9591 9847 
16257 99513 
57422 81649 
36174 19623 
52943 14770 
24408 13030 
65531 58708 
11602 21820 
10900 52262 
51119 42292 
5259 17126 
57748 44683 
38331 21397 
90492 77444 
72 66733 
27227 93439 
16358 45914 
974 92547 
97405 63800 
67647 35402 
79388 13970 
53346 46397 
44482 55752 
85616 90568 
37466 41977 
47572 78611 
58079 6404 
6371 27041 
97454 31653 
58265 76370 
4257 83367 
1274 49196 
11570 14433 
93537 12220 
29077 14252 
80457 91461 
6788 2384 
77002 78313 
6314 43326 
72872 55611 
73615 89756 
87691 67472 
93184 45249 
41018 54463 
17775 74319 
17655 76494 
10101 77541 
2607 49871 
3293 92620 
32010 32049 
85482 78415 
56433 97891 
40516 88300 
41200 64600 
31603 41618 
34713 39038 
97577 57621 
20232 80706 
42547 24921 
29168 96494 
38810 41331 
34664 9113 
30228 73899 
63099 70180 
18653 57015 
58095 21026 
39537 67642 
6740 39568 
84527 91075 
90935 49943 
8598 18031 
58136 13137 
67235 94470 
15219 61444 
65173 79230 
36825 87350 
62373 51366 
45218 48336 
75216 49034 
62583 3055 
31279 14834 
58634 51528 
84603 68697 
16503 12187 
75043 28733 
18126 32041 
20037 52903 
6658 92681 
60075 79922 
17941 44534 
40167 6513 
85644 74463 
98767 49943 
15417 87745 
52917 9711 
92236 64430 
13746 60313 
32117 32225 
40045 78227 
14440 83298 
39247 30561 
34368 50774 
54962 30235 
96205 52212 
38121 93167 
27963 1951 
84800 16599 
35064 92009 
37980 34519 
26792 42058 
92768 96093 
42951 23026 
15013 56056 
80184 65996 
81805 62241 
67489 78338 
78977 74710 
68692 2362 
45539 53406 
95987 68324 
37878 6812 
3124 13201 
97573 2789 
89431 59446 
45870 4587 
86560 73786 
95115 9960 
18723 55134 
62868 39385 
24127 32832 
97963 40574 
439 91670 
79412 50788 
90312 78522 
28871 85902 
54375 86953 
85276 5729 
88548 60738 
26288 38824 
30131 5049 
85361 36772 
62871 44892 
5522 67933 
75020 24403 
91367 53687 
46398 97751 
69307 96368 
40557 22615 
42767 47464 
56382 30631 
33813 17036 
49784 15658 
35607 30905 
70638 50371 
61111 862 
72718 14446 
62634 84931 
45072 93456 
14095 79698 
82172 86626 
93276 4757 
57107 43705 
74897 10536 
87215 36490 
46986 65059 
84751 58885 
92796 52671 
66547 40908 
38471 48286 
56090 56675 
52638 14445 
49043 4151 
98315 5252 
28953 35332 
79789 51226 
13739 19519 
97511 42155 
85532 29493 
22634 21244 
6524 50642 
29427 53148 
51715 26461 
78635 30942 
95800 70367 
27715 42626 
75890 93400 
54964 26476 
14382 20102 
23671 6347 
27003 90808 
79733 12998 
59898 77513 
71584 65544 
96621 72670 
4823 8376 
50958 45481 
95562 73157 
14771 98672 
66348 62982 
61355 180 
36372 36337 
14321 8882 
93749 2190 
79566 61192 
1798 24353 
3666 36266 
83541 73225 
65819 71538 
49040 56043 
32493 57456 
78743 3010 
3988 520 
52661 85958 
60372 7135 
19977 98639 
70584 7255 
36608 33334 
62966 6454 
59281 47126 
68110 27809 
73814 23029 
35594 80844 
52633 96075 
95043 73805 
81898 32574 
78945 67648 
72211 21892 
49704 55404 
68487 64470 
76682 38925 
4396 17202 
90292 66551 
4660 87881 
99712 89854 
24546 54104 
98341 95367 
30050 18853 
96898 68096 
64546 4892 
17863 47591 
18097 33209 
56956 44529 
14148 26904 
67451 95952 
54986 31256 
51324 50738 
22135 43126 
47603 93364 
10776 98444 
92755 33638 
88295 75190 
90526 12846 
6241 31120 
69406 2648 
62254 10418 
24699 2030 
3932 21517 
39189 69780 
90150 9543 
51454 65184 
76980 21118 
94142 8048 
75192 86749 
55833 10610 
34160 26534 
29601 78587 
43107 18675 
99004 26320 
4720 57041 
77914 1865 
28484 64020 
64484 71892 
11500 17915 
91495 73385 
23046 387 
55446 99366 
85859 68699 
84951 49272 
51852 10019 
65371 41108 
2911 40558 
71074 52120 
68457 71046 
69312 27500 
40603 71839 
50443 72505 
85033 35907 
8035 22370 
91138 56010 
39420 66549 
78474 3574 
62301 89036 
78268 21077 
46289 74927 
38501 17215 
39560 24872 
58966 84662 
30315 13702 
48784 43957 
20317 27263 
12989 53847 
3488 12382 
17081 18359 
36437 78866 
48866 63951 
59704 99601 
95439 56268 
78658 65045 
79804 75364 
41173 61791 
56445 70671 
55571 61390 
48038 72584 
76793 25255 
16553 46204 
51339 54191 
1144 34605 
52278 37028 
22511 53944 
54421 81776 
48829 70776 
96791 44909 
41886 13139 
54555 9589 
53702 41303 
95854 2061 
23722 31496 
30288 76912 
34562 6500 
65299 46569 
20328 80695 
74289 78105 
85698 73958 
46024 31349 
86224 88744 
28740 66275 
40736 37758 
4326 4787 
95262 55828 
28054 92247 
34532 28867 
47570 67516 
41925 25299 
71181 16733 
41634 20868 
89959 55711 
17832 66427 
70787 58598 
94831 60158 
28177 26286 
79457 50575 
51554 67102 
12305 14756 
11665 44406 
48085 27428 
94871 31012 
86885 60856 
17299 98679 
8014 32911 
52190 62480 
15952 51280 
63235 94435 
94018 85452 
74302 18574 
75471 34953 
21681 480 
84095 52214 
28801 48343 
66700 21557 
15374 49707 
38507 91948 
3004 78330 
89070 10495 
7513 18970 
51130 6108 
14600 74399 
17759 28309 
19925 38594 
4132 54857 
77273 42780 
89477 43691 
39226 6925 
41994 19616 
93582 58222 
24977 54229 
95737 10307 
5886 18792 
72366 32136 
41799 64030 
24932 73874 
94419 8333 
92923 58636 
35783 96356 
46173 93547 
41783 23732 
63239 1345 
34840 10418 
18502 24633 
29292 45141 
44538 8879 
53521 16468 
58258 27410 
71348 92230 
39409 71883 
1884 8328 
28281 95095 
41842 80418 
65772 59522 
27178 57496 
33468 14572 
32005 95142 
63972 98308 
91865 37971 
82453 35292 
55726 65776 
9229 81160 
16493 75942 
163 46721 
43353 45867 
26753 19584 
40926 43473 
1038 89721 
89993 31309 
31748 76864 
82468 40328 
57652 52275 
49328 73104 
41602 45163 
94371 33079 
24532 24930 
88952 66356 
32513 54402 
53264 45643 
1909 16350 
48264 22124 
37821 25843 
29006 20364 
49193 54381 
64917 53786 
10311 8225 
15486 93822 
82921 23001 
60840 34557 
95748 59384 
25875 56462 
18955 10567 
3857 7788 
89923 61216 
80862 90230 
43683 69727 
85914 56700 
76461 80892 
43377 3314 
23999 14406 
83924 65187 
67662 16209 
78315 6166 
90829 4243 
94257 26332 
95644 87968 
40788 97925 
55952 91885 
56880 80271 
26049 67271 
21414 57382 
46907 33511 
10169 88053 
91577 50625 
2156 57644 
69729 87989 
42408 73132 
67625 20749 
1232 48616 
34293 55051 
30989 87131 
37274 55967 
10606 76456 
2023 27880 
85323 81525 
17914 76085 
54582 34142 
40745 60499 
34496 91871 
46760 37636 
23015 62286 
96426 75348 
25661 66242 
47519 16392 
57648 44339 
16598 61447 
24202 94494 
25492 40023 
95099 65328 
85195 38528 
31672 20005 
63358 58803 
95009 28266 
53602 87536 
62531 40540 
14914 67248 
6871 47377 
77659 72881 
45692 29866 
19044 14579 
54048 62266 
95397 6828 
41892 36775 
81160 66902 
38504 42191 
5268 31440 
92912 43132 
94408 8987 
94759 74570 
29632 18428 
43643 87623 
97888 98555 
46579 56856 
73276 12328 
3038 86801 
94155 10939 
44935 35935 
11720 67384 
34944 10111 
73269 37032 
90719 64175 
69076 53529 
94841 90510 
15666 22401 
70758 66278 
70240 31848 
53502 77328 
71101 60454 
60624 36066 
77162 24935 
73590 63012 
35943 77566 
72769 7343 
43974 32502 
30204 40400 
76075 73039 
53488 67982 
50740 67661 
91390 72151 
67684 1792 
57237 11370 
587 14250 
99644 78983 
53175 12679 
51811 44345 
89984 30610 
20399 78363 
34513 80308 
32911 95789 
86948 50179 
48540 30269 
51223 93275 
51599 94990 
76919 54323 
88939 71695 
15340 86681 
83171 13927 
61091 17777 
52039 46509 
561 31839 
90957 92631 
16955 52082 
30500 62331 
7865 21053 
63562 91727 
55817 97430 
47915 31050 
54877 10362 
29071 41343 
37064 38282 
95630 74639 
61223 8143 
74723 80486 
23936 43171 
98657 2890 
27168 22451 
25581 6054 
90582 54067 
76723 94733 
27770 5011 
60705 75608 
15148 75702 
91448 39749 
69849 54723 
70346 33057 
18675 40239 
95687 21551 
84008 68594 
82682 51377 
34570 47684 
26033 49649 
48995 52976 
13598 11536 
18421 7422 
4514 71447 
70651 33002 
18048 61733 
32899 31282 
40482 21021 
62730 23116 
46485 26111 
67552 53498 
48730 86300 
1835 46580 
34908 57080 
78215 77988 
24835 1317 
53756 16854 
82009 50390 
55829 78309 
43748 95138 
93461 18739 
91962 67095 
59428 704 
72651 54144 
66016 52170 
86352 31548 
73053 45620 
14095 79276 
60689 26554 
13772 99566 
71365 28086 
20430 44910 
95510 18539 
10593 15914 
3724 42353 
45548 90975 
34561 31116 
91428 5233 
31494 81165 
24946 4988 
85239 16924 
72812 65573 
78341 85083 
145 75611 
47778 53668 
58597 58652 
78294 22221 
28451 24397 
14294 84535 
40595 15992 
31333 23803 
44098 47359 
39602 61490 
92972 5074 
1262 25931 
61782 22992 
31092 54355 
63917 24649 
15644 92948 
38591 68402 
29914 13558 
93100 23339 
52559 22784 
35360 50177 
80744 99430 
8424 60689 
23947 59693 
43465 81642 
12400 15967 
80610 54784 
90305 64750 
68064 63132 
76565 11921 
39102 85593 
66506 19512 
83806 46937 
16888 37122 
77831 48169 
3502 63230 
4019 33550 
65731 66931 
4339 74853 
55676 89002 
29409 30851 
90818 32689 
10790 70615 
68612 49259 
67253 32897 
39067 21088 
70374 30679 
47043 45974 
37142 99916 
49854 30316 
87619 34566 
87758 5983 
4256 46186 
34986 95901 
56141 35706 
87205 66811 
6202 67413 
47643 24118 
2332 90752 
58587 23396 
64431 64261 
87559 95873 
18503 97731 
18195 11090 
96249 43670 
14703 28929 
14010 37186 
25753 25347 
68428 4604 
68731 11391 
37869 35449 
88542 3468 
58447 39872 
16466 44319 
51368 94161 
64057 18810 
14372 10654 
74680 56373 
54214 55222 
20979 62838 
29385 75389 
80445 78375 
92710 95268 
43215 15419 
71988 79642 
6308 90681 
3483 68852 
86779 28745 
37891 38617 
42560 81250 
71286 44436 
24274 75272 
14604 68938 
93880 77305 
4381 2372 
36746 35075 
74739 51341 
62587 38475 
56025 88976 
37670 22997 
39056 30926 
15803 24307 
45565 45858 
38838 80999 
75243 86603 
58761 74041 
57671 58649 
92918 86084 
23476 26376 
61543 61537 
23214 94247 
72433 49197 
64744 90098 
11511 13242 
10302 20748 
69953 5488 
72979 66349 
88683 2103 
79002 29180 
29235 21332 
16989 55073 
86342 55286 
78245 1194 
42103 68489 
3228 32606 
24123 38625 
88452 91854 
70818 40802 
75395 754 
25854 5669 
38375 21648 
80708 13823 
11903 26540 
59419 24233 
49684 96893 
92822 72751 
87210 4280 
60900 18322 
87810 2639 
91379 59081 
88052 96616 
90267 88349 
22556 37238 
45772 11348 
563 36153 
90888 97511 
26998 82708 
31894 364 
9335 94336 
50118 37225 
68191 30040 
62552 84330 
74399 49211 
83225 9517 
68188 3569 
61738 34217 
77162 8712 
87946 89248 
38899 53584 
42514 4813 
51314 71107 
41897 54071 
19296 11280 
73285 51815 
39713 29257 
40147 95011 
68487 25220 
42225 20366 
43273 50311 
95189 45557 
93163 23437 
54616 55425 
52860 87494 
46584 92153 
12958 70312 
22865 9355 
80224 5622 
52554 53986 
92200 12379 
33980 47130 
28970 26977 
60770 44957 
91608 32197 
4248 74544 
71596 29201 
80615 55727 
18424 54411 
55897 39815 
23603 51829 
4190 18724 
78504 73173 
75502 83973 
30696 93117 
48307 44011 
58889 95037 
38900 40427 
10101 3798 
14769 38901 
94359 16487 
12381 9094 
11990 9407 
91165 49198 
96502 80220 
64919 55491 
92065 17822 
39478 84985 
48795 79350 
51213 10170 
11277 93653 
44750 18807 
96233 3645 
50300 68897 
3728 6121 
21078 69186 
83000 46962 
69500 18952 
78755 82077 
97213 7315 
16716 20005 
48475 41956 
48211 20789 
29008 49859 
62768 37554 
23149 68606 
94973 52148 
11005 25722 
97236 74302 
34264 85712 
23672 44920 
84411 29698 
71940 8446 
90346 20920 
59681 96706 
63725 877 
70113 97162 
19820 55528 
87355 62230 
29304 88703 
56227 53121 
72076 40765 
43564 1604 
58104 94578 
48473 16166 
52216 17937 
7512 55213 
89887 1900 
67428 39312 
99277 67828 
52870 76860 
51140 32426 
39409 33195 
42672 39749 
53233 81801 
83989 91843 
58038 38110 
96635 35611 
56926 91330 
52362 92457 
32535 17796 
77420 49439 
72156 80539 
22664 65866 
76246 94081 
53026 87691 
28549 60895 
41246 3530 
13930 66558 
60216 20789 
6068 54287 
55914 88111 
11320 86403 
48591 41250 
47341 40163 
53760 3485 
55469 78505 
36486 28799 
94405 82424 
12567 36316 
39395 31019 
88455 47870 
15886 67685 
88062 7069 
29553 96507 
49113 27866 
15633 11576 
84284 93375 
19634 73800 
93088 1590 
38819 14692 
79324 33620 
99219 64705 
75871 2222 
16523 74858 
3714 23654 
90794 24732 
95305 44235 
14808 87339 
93714 44522 
33650 51948 
98495 38648 
79320 89630 
66787 84082 
18176 83115 
93904 18001 
91408 32477 
91501 40430 
99069 91254 
53388 71443 
76798 83769 
49147 20001 
40967 3771 
13952 15321 
32817 96927 
9316 68248 
75028 85280 
13977 49668 
65207 458 
66726 95786 
69970 54279 
23703 75976 
50517 90279 
11541 87887 
46083 27806 
54705 76644 
65113 31490 
30461 10228 
85732 13220 
58162 81491 
46807 1203 
60848 48775 
18867 91246 
46659 71731 
80125 29088 
45146 46686 
87055 59434 
99290 96787 
21229 17275 
57873 26146 
14546 30157 
34850 4358 
3513 46238 
2433 7998 
39899 2301 
62845 9097 
89879 98323 
34 67083 
86668 50781 
47124 50327 
62720 55542 
17963 86164 
76681 3030 
41867 14152 
67616 53284 
9487 96334 
14407 96592 
84717 20382 
51764 96583 
62649 16793 
95956 36969 
56806 99635 
63156 70576 
80224 31890 
21190 99860 
44451 11039 
1525 1806 
38092 68314 
12498 46926 
62283 75891 
37060 51991 
94311 60331 
68721 49235 
22569 27688 
37929 50920 
46137 15954 
7763 37510 
60501 3911 
72606 99 
57268 21936 
76391 23341 
50212 29954 
78022 3804 
2576 50482 
30748 60484 
71289 70584 
9564 9168 
2589 55560 
16085 40394 
10539 49331 
13929 61945 
44989 71716 
99241 41137 
8791 61199 
90849 9602 
15400 53272 
32372 73820 
87480 29074 
34711 8371 
84719 16800 
51457 95669 
14794 79236 
72073 15895 
25263 74768 
38089 83911 
96139 36361 
36109 76124 
52999 73242 
98068 89592 
98697 63400 
43982 28094 
18115 71539 
35317 15473 
44831 96723 
68176 95225 
91209 26720 
24625 87146 
34118 51935 
17788 36786 
17350 70813 
11747 11509 
78761 732 
70807 68170 
35283 93657 
94365 41737 
62150 44202 
23389 81599 
84044 69258 
62434 92904 
55346 32962 
47150 23937 
44249 88551 
1417 77378 
51244 9513 
70482 13211 
86319 86451 
86945 54137 
1178 73212 
24919 510 
22914 76086 
24390 11158 
63749 93244 
22563 8886 
87841 28113 
11897 24997 
621 19995 
55584 5911 
88689 57992 
30358 66722 
79075 70203 
33819 91516 
5474 9115 
88882 48324 
66056 86293 
1466 7762 
32550 44687 
79231 28761 
23512 95271 
98916 2186 
86055 86238 
17788 23759 
39764 17580 
60711 1349 
24150 61669 
78521 88528 
56684 1303 
65667 76248 
52329 50709 
45508 67518 
77449 82104 
80161 6208 
11059 40687 
38494 30365 
64634 94299 
60602 72917 
68011 30499 
90037 38170 
63403 83443 
6113 41227 
62156 45669 
77719 9239 
9571 95835 
77418 8377 
71991 52386 
39968 78441 
7309 45318 
22971 28262 
5152 83418 
28997 69307 
86235 82769 
78329 42407 
31689 13783 
79366 23029 
72688 18681 
29787 74268 
8263 49076 
95696 53484 
34918 74204 
58300 68519 
65535 14336 
88044 22434 
86986 61061 
4690 81948 
56012 56350 
8460 54035 
61119 15716 
22175 57616 
84605 97280 
67226 32805 
83298 38179 
7214 38914 
69185 2505 
32321 54179 
11839 10858 
24697 5159 
3385 50570 
40595 21804 
23736 97827 
68502 35369 
18919 18127 
74196 10707 
58524 49919 
23411 31859 
69686 17769 
80742 40480 
54440 66016 
19421 60298 
84928 51640 
40776 27622 
36637 85951 
94466 87873 
63692 68707 
10997 11171 
42221 15385 
6547 26182 
7882 38603 
96805 70786 
91880 8069 
61307 10527 
16152 79905 
32655 81401 
42857 55878 
46053 72219 
85913 5764 
73750 73593 
83054 62001 
86250 85549 
95714 74759 
27588 93818 
51015 97688 
65487 96069 
65269 59878 
78863 83644 
91559 67925 
74957 61814 
15393 73501 
86258 22125 
81830 36464 
83435 64110 
75109 11299 
54630 452 
87532 85550 
43796 69613 
8193 2913 
11107 23039 
34108 10785 
77076 50211 
56433 82329 
38615 54153 
2632 76478 
92 92433 
21850 15816 
45346 54265 
85183 81901 
87637 53017 
35160 50339 
73690 75235 
59460 13824 
85272 42251 
82736 70320 
77135 8482 
67408 85733 
13722 41758 
89342 75651 
18663 5285 
7621 89106 
30896 88345 
78891 18840 
69149 13345 
76286 7151 
42547 80565 
60516 64187 
9286 98751 
16430 66395 
77583 89627 
12195 56878 
63539 47503 
60246 26504 
69056 81306 
59208 14887 
19662 65713 
74253 33738 
6824 80479 
69692 81575 
12278 22638 
42058 88423 
52931 34937 
14560 1886 
74043 5682 
44493 1838 
35688 60114 
64040 10018 
82909 81509 
21883 42894 
63497 71367 
18116 41465 
59010 82402 
28215 12 
24418 35452 
93116 7326 
89667 62021 
11973 8582 
62504 97841 
11736 93759 
86052 89679 
83410 19396 
46915 67509 
68746 74488 
6 77306 
53008 8438 
74820 65840 
69654 49236 
54536 58213 
50906 53437 
74120 71298 
64591 45982 
66510 61818 
62065 27558 
96993 16488 
24680 49941 
65058 53460 
36910 85634 
20277 19259 
33163 47141 
34196 33450 
62246 43317 
93721 54488 
88539 95504 
33196 14497 
2196 74553 
2095 98185 
41988 61304 
73207 21653 
43927 77759 
32204 560 
16350 83915 
53649 83909 
7936 86104 
60793 69684 
78905 56716 
86897 11591 
7661 22267 
4385 72406 
65249 37064 
64763 78693 
68170 23088 
97042 84140 
76505 23208 
45304 54291 
38718 84480 
87090 44183 
97150 61048 
63454 52172 
58910 2004 
68797 98199 
5719 68627 
94017 92823 
63260 7493 
90049 34497 
75649 91239 
20517 96928 
33894 27124 
2013 45770 
88537 25050 
88433 54490 
36168 11312 
41817 72906 
7065 72125 
46328 38753 
96976 11837 
64261 12536 
79872 14745 
3399 59031 
10497 6577 
63574 94945 
