13917 88217 
44077 82520 
26510 43730 
10767 15249 
66893 69034 
74198 56318 
17791 69715 
4358 39491 
59087 8937 
19914 22111 
37798 81355 
83592 50568 
65866 66120 
68918 82168 
16845 97004 
75333 46799 
86495 91706 
39138 74867 
54192 89499 
86232 14151 
32212 56652 
99278 7567 
18142 32433 
26733 6251 
72029 4992 
44043 47935 
24356 26080 
88405 39311 
83513 96282 
27584 42858 
52175 78344 
90623 83572 
80829 25163 
83660 59099 
83688 41148 
37596 57950 
17289 30912 
86049 64826 
75341 27626 
51778 59481 
84697 34881 
27704 96152 
96824 60530 
74660 84248 
56730 68720 
22190 77838 
97024 27238 
50975 21391 
48648 81259 
55905 92292 
81792 41740 
37316 26875 
90570 36953 
44604 15996 
13309 39012 
1191 8629 
36606 43781 
72739 67531 
65796 52156 
1534 79718 
57095 73476 
19139 36299 
97347 47702 
66677 61170 
86226 61994 
97535 86121 
22649 19461 
10809 41118 
22297 3099 
65454 52827 
96350 66318 
54930 21882 
2880 72962 
79988 79991 
41842 4357 
43325 11633 
2169 48663 
3970 61943 
85233 88713 
71557 42296 
22759 8485 
91051 88208 
79256 45531 
67017 20307 
79135 26891 
3213 8504 
26899 39438 
88025 41885 
95132 2082 
39223 62445 
39512 26900 
32514 29456 
62628 79007 
77546 43090 
89156 70869 
72304 70856 
33743 55746 
62232 88471 
39966 17112 
53979 67977 
43803 86122 
85293 20252 
68284 57592 
32399 26468 
87340 16461 
44094 73651 
6339 31321 
27836 43164 
94391 19378 
77251 87770 
69233 38054 
22778 72854 
79357 12479 
7581 50468 
49994 65220 
39391 81045 
59699 74871 
45595 16931 
92473 53487 
63681 14365 
66726 99374 
32066 46057 
76845 51344 
7342 45231 
95745 43325 
23175 23822 
77474 34090 
23332 72434 
67838 65854 
46764 67751 
77919 87636 
16178 84283 
534 64542 
83199 31635 
52834 82480 
13027 15940 
9637 49336 
49365 54650 
51543 88283 
86469 57594 
89478 16614 
89311 23994 
43040 4405 
45127 95108 
43861 11297 
52 45204 
7188 6813 
33053 89787 
64956 89897 
46056 39289 
81882 36732 
3931 28906 
82422 22381 
40917 10805 
941 81458 
61103 3628 
30010 95760 
99741 56036 
82493 22688 
79446 95972 
1921 7276 
90761 5402 
52623 52788 
50093 81454 
96185 60090 
39680 19244 
14040 84375 
14044 79050 
67314 99354 
65289 81129 
94547 3603 
75650 5119 
35513 51566 
49834 57802 
35052 42550 
12012 12936 
24707 55082 
72694 19948 
1918 71095 
19298 24453 
26634 94702 
60840 42880 
33388 33667 
61991 85955 
13303 78192 
34631 31311 
54872 81275 
16096 4236 
45051 17653 
52432 37346 
22848 74188 
22306 44938 
46481 3619 
82584 65830 
82152 55669 
90159 99694 
47543 84781 
56249 86199 
46419 22155 
19187 53724 
12021 91210 
79620 94972 
36434 40268 
28079 10503 
700 63999 
9041 98019 
36173 86038 
7881 55173 
41464 79187 
17535 6761 
51285 6760 
40228 63310 
3610 78870 
6257 67426 
79792 30834 
46652 86700 
98619 47388 
39395 67506 
29764 76016 
59955 72773 
54682 95475 
6029 88567 
43742 31444 
33678 99315 
37207 40266 
37461 99532 
14666 13845 
30679 31117 
12613 94048 
33544 9604 
3086 23308 
56830 30191 
77644 99654 
76506 24937 
90405 49013 
30861 76200 
1491 75376 
35809 78230 
27938 310 
6347 78737 
52971 57302 
92529 25357 
66536 63533 
86878 88099 
10044 51962 
36806 28192 
76555 9947 
403 36192 
73919 37170 
16850 67756 
92921 5214 
23782 64211 
35025 73958 
43036 56837 
45072 95765 
73557 18735 
63112 17494 
75602 46220 
56532 72480 
3949 22871 
18739 39862 
49455 43666 
23880 37054 
78107 54106 
8422 2616 
14614 89778 
9898 21451 
3621 85481 
30712 41977 
95798 59908 
10637 35821 
48317 71751 
85453 54577 
99678 86226 
81190 45295 
77339 87159 
43501 96640 
23301 19111 
29926 1017 
77552 46470 
99168 34478 
42216 71983 
15949 75839 
60263 65902 
52641 9216 
81804 18745 
9556 80036 
58291 45596 
94665 3608 
332 37946 
452 57454 
58387 80266 
90735 23858 
37251 22824 
63493 87476 
35036 29675 
87081 34331 
5250 1369 
16718 43192 
76640 5559 
85688 8029 
29579 35538 
31442 81169 
20112 56672 
60647 80750 
63157 93763 
79164 63207 
34885 58551 
13074 21793 
30995 15908 
25069 35477 
22359 39688 
86879 59123 
82421 14796 
2884 15426 
21800 701 
92649 21871 
54652 83454 
30851 61847 
38705 8194 
11906 88059 
76209 2225 
53587 28492 
36652 69897 
79007 50462 
63702 64873 
19588 26639 
58645 22778 
62950 38464 
90492 67833 
29162 46975 
68971 90714 
96366 58832 
30753 31741 
12533 16217 
31596 93413 
23933 43268 
7443 49387 
22895 88841 
66095 13186 
67510 15663 
97707 79229 
54181 99307 
47153 51236 
30234 16907 
74222 28610 
18313 25196 
38630 30094 
86856 50176 
85997 95825 
41687 36615 
78231 23842 
32582 34573 
7157 65165 
65682 32290 
53777 22770 
87675 80011 
7206 74088 
60931 87719 
37098 64098 
80096 21235 
21309 96661 
90140 65785 
66568 85417 
53442 73877 
24082 12403 
79218 65219 
94296 82472 
72452 417 
35433 54674 
81467 7295 
38982 77945 
23337 98968 
11945 57760 
44625 86160 
10462 32870 
31210 52748 
2330 46776 
15501 33183 
96956 57318 
41879 3147 
70477 39546 
41985 70713 
31028 2000 
40263 34275 
14582 54587 
57193 55635 
75285 37424 
2705 81884 
35912 44350 
55511 38126 
93818 52245 
5439 4544 
35686 97843 
95304 85987 
412 27456 
36486 79978 
43612 81793 
88062 49944 
99535 68051 
83236 14442 
6578 14475 
58737 70327 
61114 98808 
92988 78028 
91030 91358 
87049 50485 
95138 55833 
28706 3808 
77539 6703 
64517 47359 
17068 30492 
67270 13677 
51074 40252 
26985 54588 
20109 47397 
12471 58813 
15505 3155 
47409 78534 
95320 83061 
20027 87625 
85847 62272 
98668 32631 
65614 56877 
56884 79095 
36755 86990 
21171 441 
24635 51060 
42064 4397 
10794 87694 
55012 42803 
96548 41186 
41328 4674 
14998 40042 
21458 49475 
57742 43980 
12923 97889 
59227 14171 
63516 60653 
86476 13982 
26664 52616 
14846 52983 
80359 8759 
31470 45738 
3643 91673 
97243 68654 
15372 55895 
15466 63157 
48805 13482 
682 51494 
82577 27338 
14772 2668 
73664 44063 
39041 10320 
41216 66488 
80805 21831 
31443 57524 
70912 88456 
53248 61637 
94643 90025 
11867 27961 
12617 24526 
83521 19973 
70614 42869 
67914 656 
67616 52159 
27404 89185 
49924 7010 
71759 95450 
25860 57767 
75622 52084 
50349 26912 
22197 80195 
11581 40519 
51075 44606 
63002 50308 
50798 77170 
83034 43662 
77397 72614 
12194 53922 
99064 90355 
12731 51323 
64029 27868 
19398 16141 
63858 66447 
1648 69943 
17570 28560 
37343 68242 
33362 27519 
5949 38472 
14158 34812 
45243 80839 
60835 38197 
79724 36470 
92672 14520 
21177 67177 
48439 95268 
62277 84258 
53497 59934 
32649 9923 
38391 52586 
63449 54256 
72631 80367 
11324 43084 
33713 19181 
25525 37646 
65893 21433 
2970 45706 
95843 93464 
65219 35510 
63007 86181 
8618 28982 
91375 21399 
24257 68572 
76309 58538 
57951 23413 
85190 91562 
82079 24694 
73868 54447 
80944 97674 
2242 4950 
9172 88260 
91765 51081 
68768 65807 
5279 82451 
64545 20595 
45305 69529 
39973 64391 
60741 97850 
65875 85553 
23930 11353 
52963 6340 
90120 49273 
85823 39417 
79589 74392 
30791 42944 
29040 6958 
53044 29259 
43344 98216 
89265 90818 
41325 233 
61415 68884 
29967 14607 
84415 5393 
60316 31608 
15975 86516 
15291 3480 
20301 7576 
54709 30856 
69119 63359 
96099 79608 
83204 95241 
41170 86992 
25533 7167 
67298 60556 
93202 96174 
91011 21015 
19417 29982 
76141 91223 
89153 44127 
3170 87328 
92481 24156 
38292 25358 
88096 84607 
40775 16717 
26254 55822 
25458 89469 
85088 42053 
53552 38774 
7206 19935 
59387 79488 
84494 5033 
33351 46664 
28209 26040 
71984 65610 
78743 11110 
75042 92122 
54838 8891 
16310 5673 
15566 38009 
40056 23570 
10054 83077 
38228 92484 
19732 32731 
44838 5249 
55751 85785 
43475 85476 
60303 35254 
21465 80250 
74709 76848 
19908 2091 
79410 78456 
22717 65340 
81460 90210 
99696 69270 
23581 70917 
68840 90472 
15577 55960 
71235 60453 
43626 94211 
58292 20870 
95912 37061 
75532 68474 
54101 71367 
89713 24576 
39286 49937 
46837 89734 
68362 88104 
67407 73358 
72161 63024 
82285 20062 
50230 73500 
87591 89857 
88802 92469 
50317 87629 
48273 71737 
27671 78881 
34437 39077 
72633 73332 
3733 61550 
85821 5715 
16951 35673 
39462 94016 
48105 5033 
43132 9360 
75605 99010 
42899 48941 
31386 32434 
45580 63571 
60319 5365 
38081 54876 
47012 94582 
28100 23605 
16 33960 
66969 20210 
44491 39595 
28014 21547 
63550 47357 
4495 33478 
45762 95493 
60095 98128 
41744 2959 
11847 66687 
6274 65372 
50514 83910 
4028 14763 
6656 18830 
86830 66774 
51953 67726 
8221 9502 
84846 49986 
27176 71884 
87137 15289 
66955 46322 
53919 81393 
37387 30219 
93060 25823 
99258 94127 
62432 61880 
48036 80422 
63163 39649 
20820 85738 
35445 26062 
85178 82816 
9733 34579 
51453 93009 
50691 94669 
61162 29365 
93793 74036 
43253 92032 
15247 92418 
97285 12663 
94738 94771 
57999 12578 
27456 83808 
19297 60611 
16992 47085 
47277 90916 
33882 52234 
91790 68410 
55950 25430 
13875 70143 
16056 72804 
82468 84519 
70466 52294 
57942 17176 
66773 54260 
72323 32209 
34156 3250 
36432 50536 
40721 50378 
52735 73368 
62786 86066 
89359 98074 
89185 66261 
75500 46180 
39997 11762 
11363 28773 
13619 9889 
46821 33335 
88651 20513 
72117 27768 
97827 64333 
81253 42398 
60046 50273 
14075 8729 
3535 81027 
56642 4986 
38284 61029 
81096 82740 
39109 19472 
36054 26391 
82035 52565 
56440 27825 
36193 83777 
47722 42283 
50984 38625 
13666 28248 
94027 31420 
39022 64153 
89216 65373 
8943 77739 
76215 54632 
45496 20105 
62803 87035 
68281 65787 
69700 59769 
40930 22676 
73866 36615 
48219 91125 
40725 95093 
59514 20288 
98372 54579 
73459 71572 
47536 2332 
6093 13998 
19932 63392 
79984 44350 
94590 92418 
95523 46177 
56868 803 
17159 76031 
38049 70786 
87154 92759 
4815 49762 
87347 26249 
77304 62643 
5449 15698 
42118 27873 
26540 34316 
92312 13569 
62758 57284 
70297 24262 
54527 22892 
11509 65870 
25265 82942 
86844 96746 
48120 37831 
20049 36052 
88115 4173 
12608 67215 
15946 68370 
43161 43819 
50751 38263 
21053 78094 
78319 16773 
64368 67977 
8458 86410 
41632 97789 
80721 11593 
63337 29645 
1146 36900 
34561 88006 
94392 83687 
83142 28151 
85384 24987 
59253 70828 
82549 49108 
61677 80018 
20687 6102 
83665 58448 
35760 68045 
87018 36415 
86096 24044 
6849 33445 
4973 73926 
61469 79477 
68042 80783 
91947 92490 
85726 91832 
84079 22877 
85527 39525 
31914 91384 
32049 90374 
86382 67042 
43630 17679 
95226 54300 
3580 36150 
81137 84408 
31357 51349 
23835 35145 
74396 44953 
8826 35094 
4840 38029 
80650 43904 
57097 48838 
91673 38402 
21923 89095 
68796 75879 
20638 23219 
29964 50518 
19126 48773 
69923 6706 
5431 43111 
414 23810 
47019 61205 
73832 41039 
64242 62677 
41361 48120 
5011 92256 
96677 27786 
82387 37207 
34551 99430 
41582 37703 
10019 79809 
55743 31685 
18270 46300 
10962 74456 
27985 60949 
30098 85059 
91601 89467 
2276 36428 
24809 28291 
30353 24386 
94565 34994 
82174 21728 
80013 42548 
33081 47972 
73907 26360 
16959 62783 
73499 84457 
60975 21646 
69309 85884 
65230 16058 
77812 40074 
2690 57327 
79775 40871 
57049 52998 
19847 42870 
86594 68006 
94968 34872 
662 58837 
9255 85504 
61957 18292 
1260 49445 
82772 70914 
55827 39172 
66067 14661 
97260 86817 
53395 13146 
23107 43424 
80826 4552 
78585 88827 
11306 8277 
90518 54332 
7300 78442 
76647 92543 
31089 74567 
21243 63909 
11776 94054 
61205 47954 
97816 38549 
58147 28662 
21815 66821 
41470 48107 
40363 20494 
95001 70174 
75833 95768 
25510 47106 
79376 74235 
95260 35603 
54714 18930 
22724 66337 
30917 87974 
55682 30991 
48978 17466 
99167 14328 
31784 77730 
37038 65271 
40021 12595 
20465 70632 
77542 30055 
9183 67867 
98935 24508 
42109 9112 
89267 75671 
82758 67770 
31430 87384 
31875 61034 
50021 654 
24778 46992 
22367 39657 
34155 43347 
77078 26818 
80387 6272 
58431 33676 
10947 2553 
20916 17936 
48031 5949 
32442 33897 
19280 49538 
6981 93436 
80323 69862 
57834 97741 
9831 85776 
61255 56215 
7862 65195 
46808 58275 
56517 46284 
85629 66210 
8273 96146 
30681 52835 
51803 9721 
74103 16367 
67738 74303 
25945 66754 
27510 51027 
85832 92656 
7272 53634 
74547 86314 
85885 36977 
16023 24755 
71021 42969 
11916 80084 
50694 90065 
30713 59065 
98844 33872 
41236 52762 
73105 71090 
56430 10679 
30443 6787 
17504 40687 
52130 55832 
40761 75953 
13304 3356 
69863 43135 
54391 6231 
24838 12329 
11728 77793 
15745 8561 
42971 61436 
93766 17027 
39197 65206 
45331 19918 
50116 99123 
95992 61270 
61358 29765 
79844 48192 
53570 42477 
47652 61671 
41882 80598 
32194 68303 
41273 13227 
62894 95425 
28469 68301 
23486 56494 
74234 56116 
76200 90945 
1255 99973 
33914 13378 
82297 85208 
47722 50585 
30899 35647 
91541 81750 
52610 27418 
67653 87096 
18610 54009 
27508 53334 
95526 63653 
632 80434 
15371 310 
51152 83581 
97723 92959 
36223 86595 
42646 54350 
23585 58685 
97304 70063 
36459 55083 
61815 81420 
33218 83924 
40639 91699 
96484 36677 
64611 54111 
1773 87507 
5720 32109 
59303 88126 
81834 57862 
74271 59027 
1786 53117 
50653 5408 
32586 18146 
71539 66692 
79996 39150 
25010 42210 
61312 12184 
8734 22459 
14903 32617 
38762 95255 
34910 53078 
8398 89213 
41505 70020 
91538 63120 
97158 59253 
61579 49139 
57633 44196 
1731 10187 
2751 47096 
15510 77413 
26439 43081 
7220 92376 
78191 9690 
91374 90376 
38761 40380 
7312 26279 
81808 69523 
60674 62301 
20114 38541 
86912 8357 
60171 18069 
33712 29927 
92088 89421 
88944 15834 
23162 80139 
38706 28870 
22911 43033 
26037 45924 
84967 65873 
95045 31073 
26944 99767 
47485 75031 
43264 98282 
9214 77427 
97868 66470 
2512 44574 
93862 29225 
46895 24703 
85347 41790 
65839 5069 
3062 81705 
59757 50939 
49902 81154 
16577 75102 
85005 81384 
70463 88422 
55799 16788 
86474 96850 
56273 65203 
44398 78399 
86679 33159 
18503 94777 
65003 79999 
1632 66672 
93726 23240 
1834 69155 
16792 9004 
47651 84200 
11121 75975 
74196 81039 
44646 89133 
26348 81865 
98553 70345 
7633 10353 
95245 6927 
23810 13530 
95554 76422 
18693 93709 
28785 86061 
76404 86537 
97422 88805 
69045 73618 
54675 4305 
61679 23782 
87498 42821 
47547 15715 
50337 2817 
75610 6513 
85558 88892 
49788 75659 
35383 75674 
24683 91980 
97098 25445 
96102 22330 
98442 52519 
86353 25092 
73262 15772 
54091 48974 
98891 12226 
16376 88215 
16191 39219 
56656 28935 
90757 90458 
6547 58244 
89554 52095 
31558 97611 
41064 69029 
21338 65106 
19021 58700 
83525 67284 
39884 59945 
66978 70822 
92456 17851 
94920 6449 
24358 22016 
71461 13271 
94587 35310 
35983 40300 
63951 72937 
79032 83798 
35914 17492 
673 53997 
79217 84728 
87628 32812 
60638 86849 
9104 5373 
91321 75414 
82824 22500 
43356 84323 
42618 78701 
24608 34842 
46780 70819 
9305 9258 
2489 36182 
9454 47532 
45707 55880 
37903 72153 
8282 48775 
57699 442 
24376 74891 
34375 60660 
76887 13030 
7897 88538 
61177 76784 
79206 44212 
48231 85543 
62671 56074 
62244 12668 
90204 67661 
48703 91695 
65423 36450 
98171 73251 
56933 9340 
8279 90296 
88679 78559 
11820 7379 
32274 3915 
72400 794 
31313 72503 
50750 40815 
90896 55434 
74579 24668 
46948 12570 
2776 39414 
89385 90960 
60789 17667 
50766 60364 
38175 85831 
87812 30168 
81614 94524 
77013 95978 
87050 63898 
17494 71317 
93211 72777 
84463 70103 
5378 69815 
4717 18968 
33071 87367 
32095 94961 
8248 94293 
85192 3851 
61611 32617 
72266 36946 
73812 44795 
69003 70265 
85610 13260 
33625 98883 
46455 2006 
40818 31405 
4499 11144 
91057 4774 
92708 29685 
5116 18006 
45523 99258 
44900 24934 
88423 82022 
11220 70693 
78802 59721 
56718 4406 
40708 77668 
17875 51432 
28282 87367 
13885 82538 
73159 34544 
82153 74463 
19615 85579 
20253 16631 
27894 84601 
82447 82122 
30976 86004 
35159 47523 
62898 12652 
10317 15921 
37827 48789 
8051 70022 
48213 88428 
90955 58302 
67648 24987 
80989 96065 
89468 85983 
17038 45428 
5654 87760 
56285 23502 
32282 9614 
5728 76424 
17509 64034 
51560 48387 
26045 70413 
13589 69452 
80051 23238 
89461 83681 
50594 82597 
69189 40002 
36053 4772 
94334 72234 
34304 73772 
8147 1801 
14020 90835 
93093 6963 
17106 28246 
20391 15722 
79058 56272 
42558 96101 
36951 7560 
44401 37100 
5807 52062 
30536 36409 
43226 17346 
68188 36813 
89478 4096 
22903 82244 
65654 14687 
21790 96558 
35990 33888 
53948 23375 
92180 75089 
71042 3683 
97230 32855 
82256 9437 
34360 63225 
47386 95981 
42459 46806 
59392 83909 
83781 76587 
73485 31827 
81862 52288 
83640 15512 
88007 56177 
69419 86061 
83282 31419 
36087 39917 
99584 83399 
49208 96992 
48124 76856 
21285 49652 
76617 7262 
42443 14928 
37470 83540 
59792 95095 
38425 71072 
793 27613 
64416 8849 
4830 84457 
4796 32714 
74135 62966 
93623 7811 
80336 95623 
72362 97699 
66094 94514 
14140 75009 
62677 37771 
6605 9096 
3746 99899 
76472 49830 
53283 25629 
53002 63493 
81250 47871 
9936 66674 
14475 54282 
95840 47135 
62185 14135 
61313 56803 
65744 87415 
18211 11374 
50341 51450 
20805 33429 
62751 96875 
41689 31567 
63745 64385 
26326 16708 
6322 16453 
49230 18576 
71683 64097 
62128 80279 
53679 97765 
19787 76998 
79472 3542 
92791 25969 
29207 81140 
28169 29267 
70770 18504 
98579 18335 
56990 19383 
88658 49783 
42170 24825 
3191 35653 
62404 17326 
45894 78183 
89851 47238 
9916 19018 
15022 75038 
41551 5921 
33055 80190 
87205 26182 
10102 47603 
10311 55281 
84147 6036 
69679 21775 
10916 59338 
83664 94964 
37 21011 
65593 60555 
99192 35360 
5033 61405 
74711 44360 
86763 45313 
5941 38378 
84758 79938 
57656 11017 
41975 66092 
19912 23606 
48440 4971 
7930 73228 
59894 52347 
95973 49695 
57165 23290 
18649 61504 
32489 94690 
10647 8555 
3133 89662 
71662 80300 
94986 17868 
37106 61987 
9185 88840 
7162 38806 
83359 11597 
36856 97980 
85774 43146 
18022 42239 
35397 50920 
90405 44601 
23868 9752 
3602 94037 
26333 62697 
14154 4332 
27319 36802 
42802 84330 
55071 19898 
35803 96780 
13201 72525 
71129 65095 
22025 70317 
25519 22621 
33642 46467 
71533 37370 
64569 31360 
5135 86684 
97667 66994 
13789 931 
41142 7544 
82653 43069 
96548 4197 
2186 41818 
79994 12351 
84312 50170 
61210 52348 
16286 58089 
33608 1064 
81478 48523 
5176 91041 
54523 49219 
4808 46250 
34642 99339 
31585 89165 
15401 19504 
35567 12507 
1769 46638 
7797 20838 
76073 70885 
74532 12127 
83283 90853 
36093 87463 
53041 85570 
64286 48317 
936 86819 
73997 65021 
54764 23847 
14349 77615 
32843 4009 
82719 20765 
60936 87477 
50951 48136 
51938 11938 
7256 68440 
88185 24069 
59583 95304 
40118 78591 
16647 56178 
26979 72806 
61341 1696 
75345 94809 
57912 6204 
59493 76933 
89081 52642 
13970 62474 
2177 50494 
93198 13392 
54405 44235 
15537 9431 
86520 31532 
69959 14982 
21479 25360 
82348 19002 
80027 62297 
35375 85459 
28724 80428 
11040 87000 
27601 64627 
78160 32937 
24362 84406 
78448 44133 
50022 30097 
74304 72012 
6866 86828 
9013 6679 
3779 72558 
95801 69972 
86308 6396 
96013 43340 
29187 66469 
68689 37501 
7628 42828 
73865 71141 
40313 90166 
90189 89260 
1835 37587 
63777 18291 
35213 18215 
39685 24743 
56170 40136 
40015 16875 
30012 31976 
43339 4783 
19225 61356 
89042 13283 
45326 42537 
77076 24119 
82047 20767 
58800 9255 
98553 45134 
17728 5403 
1247 19200 
20407 71446 
80545 49229 
77095 65032 
55115 93548 
89516 72381 
20176 53353 
78681 26212 
48769 35252 
79627 50717 
65323 58884 
61886 79628 
9347 79145 
84597 3678 
33777 41878 
23405 17128 
37261 94312 
12620 49570 
12591 27112 
30607 88788 
4526 33595 
18948 23264 
9396 33464 
66662 58775 
16184 23389 
9610 92523 
84182 84782 
92171 60380 
75833 365 
13402 8088 
15081 5375 
33079 75617 
21277 26767 
44409 25398 
76647 44272 
29627 89783 
21325 40919 
2329 60827 
34160 97390 
6104 96363 
49730 24581 
82853 70359 
82471 21740 
46186 52672 
77309 93803 
95384 63550 
82892 60833 
83598 11634 
48247 44909 
10355 90708 
76666 25404 
42887 80070 
31596 12249 
83392 66151 
78510 98613 
90068 78902 
64002 19380 
28623 15449 
78767 59849 
77897 5662 
24654 30286 
38372 59542 
7662 46285 
95548 24685 
8488 32302 
71504 73614 
40207 96334 
57459 35386 
88650 7375 
57711 83622 
45232 44119 
91106 94016 
84247 73297 
89971 88364 
7094 59132 
8479 89274 
74381 1558 
2472 19995 
73558 50192 
71011 97175 
24503 43458 
56253 80844 
8371 77869 
82751 65569 
16094 21117 
79837 19472 
52045 44490 
71518 3685 
95678 65022 
37106 33812 
19368 55891 
42825 77108 
84204 4757 
19705 14325 
87154 74033 
16317 33573 
12797 44553 
86222 65029 
50746 4642 
79515 9963 
75894 80298 
95418 65313 
52798 89005 
18603 95904 
17792 39649 
5779 60417 
12833 94056 
11048 54354 
93610 51886 
38634 93472 
11118 19910 
89800 24568 
70689 79154 
27135 16985 
5346 68966 
13851 57829 
61445 65720 
98336 46671 
83657 45736 
4916 61347 
3687 86898 
60658 45511 
82508 81530 
34985 50701 
29418 4288 
93989 50933 
22913 3141 
74547 36232 
88133 58942 
64700 83003 
43554 89672 
36210 93760 
15635 59132 
12829 96522 
34298 86647 
73517 95024 
64378 44340 
83710 64914 
98625 71538 
19701 98244 
36352 32114 
1301 8796 
98478 89860 
76158 24179 
84534 79430 
5488 7129 
60061 5966 
85397 68082 
73914 15208 
626 53826 
44101 37692 
48233 22941 
18112 25616 
87579 47719 
9072 68976 
69993 14396 
32602 98800 
76526 28778 
20926 59613 
45496 72723 
70560 60691 
2810 98454 
87812 96270 
17575 92274 
32355 58514 
93072 87064 
23334 53909 
68902 53764 
64685 73659 
53964 56084 
66833 61755 
31892 9802 
90394 70539 
80681 48257 
14233 92957 
26442 59044 
34966 13080 
7597 23394 
37941 22073 
60271 59371 
40728 5486 
48257 42772 
99352 19522 
51635 55474 
84761 38924 
96997 90008 
82431 77154 
59171 21241 
41556 50751 
89464 41310 
1929 84059 
28649 42341 
56403 27952 
44280 22979 
64720 96778 
91379 89378 
20559 11399 
33147 19075 
87786 73038 
74066 57029 
64185 82600 
51627 17123 
1368 63161 
4846 69546 
8081 39558 
87889 4747 
90793 78287 
25294 77998 
40238 93389 
11666 55137 
55492 79549 
43163 99678 
8202 42339 
30711 64226 
88732 57342 
85607 75029 
43299 4842 
86992 27473 
6568 94829 
37679 42503 
57700 18257 
89913 69145 
79539 34818 
75838 56740 
80370 34923 
8821 61980 
45621 94160 
31260 444 
22903 72181 
72053 137 
7946 94797 
42702 65366 
91263 97989 
44802 13308 
45815 5615 
83685 2773 
84440 58791 
83067 34884 
92510 14227 
73770 68797 
46046 81256 
85945 62086 
58425 72841 
8687 15047 
59866 4555 
93535 70916 
3033 87341 
69078 99894 
5367 24786 
2717 73858 
84201 43733 
92633 20793 
14197 58221 
98080 33185 
38371 91088 
19372 93060 
93679 54984 
20253 67788 
70125 25126 
44843 25469 
8320 19823 
18913 16403 
54639 41584 
41004 68083 
35349 21610 
62728 45129 
81559 53501 
29552 32690 
35302 98203 
3514 12141 
93798 91572 
17463 11244 
3662 88317 
16854 27459 
99780 31703 
29513 42711 
94586 47051 
66459 70701 
62642 18907 
97543 3685 
32712 26690 
64530 54681 
94911 81686 
91235 23190 
54082 29456 
25386 47751 
12170 56044 
160 47049 
42186 63809 
34627 92792 
24235 63258 
1871 2203 
50142 60979 
81097 85719 
67347 10558 
75802 36385 
25038 33330 
23910 1414 
5907 8856 
47739 33531 
75433 81236 
91806 79963 
57261 26662 
74627 30316 
48054 80073 
37106 11092 
18055 24326 
4487 84215 
4692 3998 
91525 79699 
95670 37753 
71193 68471 
15307 68133 
96115 60357 
73266 5724 
8895 94369 
8381 95809 
2595 73700 
61932 59970 
95834 86191 
44503 42505 
68352 42557 
18472 22134 
62327 59267 
4228 33119 
92350 10755 
32337 76767 
22680 76489 
6214 94222 
64240 12450 
10218 14496 
15808 83690 
96654 87926 
23925 4900 
11820 64503 
64306 49284 
76013 79011 
53837 2564 
15325 60456 
86759 58541 
54101 91947 
51211 75409 
16071 9041 
23037 37902 
49482 39464 
52604 99328 
86945 55222 
57360 9722 
74242 29291 
7939 71553 
54031 63378 
48879 2830 
70130 80725 
26320 28956 
66001 58453 
4558 69286 
87086 7655 
40913 32124 
60784 96271 
54101 82753 
20182 49692 
65127 3110 
58023 57140 
11717 18842 
45970 58036 
37383 29729 
30833 81895 
34454 42845 
24277 67734 
76727 74322 
35374 94525 
11906 55235 
56446 12954 
96554 49841 
1771 80509 
47027 70326 
16044 66927 
48710 51181 
14863 15023 
12832 28487 
93057 13194 
95239 54622 
38343 60136 
94751 67292 
17575 79800 
30030 23289 
60753 75159 
53403 2008 
54001 93066 
97653 81512 
66896 9264 
67538 90803 
81783 32602 
81616 45979 
63153 70531 
41947 85066 
3690 94173 
59346 26578 
10223 90559 
90063 90239 
47657 92082 
46126 34803 
41814 28775 
26060 87529 
53195 57701 
75279 62636 
72791 85594 
26185 91925 
58404 15785 
86845 19779 
25298 18556 
44100 46869 
28586 45224 
22036 42133 
26370 80596 
90009 81016 
92483 55861 
45716 9414 
55552 24572 
8316 77432 
77159 38023 
44182 34797 
46041 43206 
13593 30653 
57527 66399 
70517 14479 
67863 38569 
69626 91976 
61558 64919 
34759 50050 
46605 40254 
21288 28380 
97161 64260 
61181 81563 
96212 16379 
14029 45471 
91781 8627 
59921 94194 
69376 46555 
60724 49830 
60701 93447 
85247 86384 
54013 50968 
40662 51169 
45084 40620 
77713 12351 
69367 94711 
40435 29673 
85758 42968 
12465 36867 
40240 11502 
71491 18932 
23770 34512 
989 65181 
52867 15940 
24124 79836 
43717 68234 
18529 35992 
20956 98428 
42652 65840 
872 7954 
54472 90354 
15405 21912 
31571 4981 
98120 65961 
7955 54402 
36217 64571 
27425 49044 
3724 43050 
75950 98798 
30113 77603 
96179 65254 
25929 52591 
6107 62779 
82383 52245 
40850 70904 
85426 35283 
11617 55706 
36468 15168 
29161 36296 
51688 96228 
70353 73990 
19804 96386 
75990 6383 
34195 20962 
55559 96309 
79434 38825 
40370 16524 
44568 52093 
70364 44986 
55910 43687 
21823 2708 
70613 33180 
83364 26421 
48993 70755 
65766 31674 
28312 51490 
87560 88484 
53682 37767 
12787 1293 
82758 36290 
29897 57738 
70063 88023 
51526 86610 
54060 94289 
83691 44399 
15520 20339 
59955 31939 
49231 88898 
61192 27915 
92806 509 
44796 14399 
86072 94926 
88557 61053 
92495 98403 
13861 29285 
73 85369 
90499 55399 
33334 19853 
41078 72654 
50340 31918 
56874 36141 
69002 27452 
8955 21537 
65571 25847 
88471 79037 
14801 69425 
38265 37140 
96089 50893 
44278 67468 
72791 60695 
39707 41454 
62955 64799 
37481 32439 
58880 85300 
47311 42642 
20171 71136 
52467 63451 
60397 14291 
18353 9604 
70988 88062 
80094 3111 
77643 58255 
9545 21110 
4345 45649 
93492 63384 
27960 98607 
64272 39887 
42440 68419 
11668 26363 
15818 66781 
70623 87057 
15457 24734 
23175 17473 
97434 65481 
75012 17315 
4464 49679 
67104 63965 
93451 51106 
61121 20231 
18499 73078 
93683 76629 
28182 21513 
28957 98073 
96850 9280 
51728 17581 
98943 78241 
33773 95546 
52565 90367 
75230 42039 
3975 57357 
69627 81827 
98179 49406 
66324 26968 
82493 48036 
7342 10288 
19701 85408 
96927 24488 
45363 43045 
21627 6314 
89861 66616 
76296 2934 
99919 90252 
67139 58576 
36636 53771 
56771 63458 
97455 39310 
88231 14188 
8070 49996 
74983 45068 
56879 2652 
72177 3096 
99412 8941 
50773 55987 
43076 74940 
80610 42134 
33566 57818 
91104 94232 
3473 80106 
18969 94097 
10902 16990 
71225 45295 
91324 40134 
28698 82251 
69406 22721 
90349 69822 
29248 84710 
11968 85654 
21218 84766 
24117 19177 
91509 45887 
23701 65692 
56548 35406 
21111 41790 
8581 6920 
90639 99199 
31007 51594 
15681 68160 
22489 99377 
42245 18581 
77348 56843 
54355 87436 
46462 67708 
63185 84309 
7647 34492 
58088 53425 
7397 45378 
2167 40186 
96940 9001 
67632 82962 
74664 11727 
96901 26773 
64319 76907 
44275 34495 
3754 23684 
99942 53365 
92517 94086 
23229 79797 
48300 41491 
15179 53913 
51985 50963 
41921 6692 
18973 92551 
79753 77271 
20493 92300 
90465 15679 
92778 42577 
51144 87175 
14246 63225 
56562 98354 
1261 68149 
84208 72326 
71562 88112 
62122 10511 
51142 49839 
7937 91987 
55095 13982 
13841 77823 
55901 30040 
36683 7463 
63645 75046 
15022 96979 
81805 4635 
75639 74880 
69557 60040 
10903 20192 
36933 42659 
5322 99628 
22726 88988 
64739 35935 
56670 53074 
54833 77878 
87227 31037 
86934 83829 
64222 42823 
98664 75553 
1584 20002 
64458 66547 
9645 35277 
36804 20148 
78692 49266 
62835 46650 
15916 43244 
42921 5790 
86411 52667 
97966 41214 
85550 15652 
90386 36922 
74844 3021 
37 52175 
46296 2069 
90891 61014 
41319 84924 
16797 95247 
39408 4188 
5446 65679 
49085 23456 
28459 15337 
79018 8425 
12509 40592 
40745 75450 
71500 1316 
36131 18762 
43010 29599 
12428 14956 
93607 38063 
25741 33987 
17050 23413 
39739 69533 
87064 58659 
601 38461 
42026 68277 
71476 89029 
72811 84619 
80152 559 
56958 90991 
32149 53470 
32474 67065 
68131 97923 
32773 65701 
99305 51712 
10605 66719 
37375 13670 
63325 72823 
46688 87486 
34412 35613 
85327 72691 
6905 25507 
69228 94491 
23246 88403 
88777 12189 
63010 64027 
30902 67156 
85094 76182 
11333 5584 
94143 43485 
1456 38736 
22373 676 
42158 83948 
27396 65229 
73024 63353 
94254 31725 
69471 24080 
95600 27360 
72646 83656 
7813 15920 
17339 97391 
2788 94733 
11712 90709 
35261 89312 
99271 98720 
23751 13836 
38337 7768 
79516 32061 
67133 99231 
72450 22940 
83690 54586 
35387 27932 
58892 92526 
99041 32906 
18288 73875 
18640 16513 
73714 28123 
290 79047 
59273 26574 
60202 51067 
27928 51430 
53137 69428 
94691 87570 
87775 99879 
70368 94359 
6177 80001 
15780 98493 
42124 54026 
60615 85726 
88819 71962 
73289 59249 
305 29422 
38646 75569 
22902 31723 
98843 64915 
3098 76054 
39420 92532 
46510 58883 
57371 19643 
8912 32299 
30897 78448 
84781 52600 
21603 84208 
21423 87192 
79024 69271 
27448 71746 
84670 38860 
63221 38565 
68194 16490 
97896 69238 
51801 68084 
92716 59918 
30695 68166 
23498 25931 
77147 98952 
86585 13937 
63660 53741 
41981 34481 
36751 49671 
35016 75540 
37051 41748 
3609 8541 
53661 69989 
22013 52329 
21168 64570 
53939 17703 
16218 80096 
88034 15368 
87217 29388 
6904 73572 
55534 39652 
97230 78147 
59447 59452 
43013 17353 
73167 3591 
56536 86641 
22368 34832 
92414 84351 
35010 46341 
58895 8353 
11572 26766 
87589 45776 
72422 61101 
47873 33222 
41665 44767 
95457 53232 
56598 65803 
25937 24297 
49839 40615 
63639 36297 
37206 72425 
53648 81063 
58581 38387 
40652 28567 
61308 1267 
12053 3309 
86046 84652 
54808 22569 
13568 46856 
25524 68432 
57618 37986 
61572 78929 
43778 27101 
67330 60062 
97147 41932 
94144 40184 
72709 72350 
95176 10906 
1415 50562 
77046 24621 
92296 35985 
89019 47696 
26310 770 
87460 559 
1196 33199 
88378 51130 
38248 50437 
74095 66428 
41702 39594 
51445 68708 
9356 26621 
68347 87076 
29063 6233 
83234 43338 
59914 52892 
47509 61653 
89192 72805 
5055 45614 
76598 49974 
34817 23498 
45807 85522 
62553 22652 
60015 28819 
46067 97404 
23002 51409 
94612 1371 
80064 20261 
17599 64643 
54271 85607 
10354 9127 
42626 10390 
75394 11163 
13996 33350 
46527 99561 
96109 75783 
30062 59327 
12423 73240 
2525 96582 
31355 37737 
7468 8601 
20130 33472 
75330 94351 
53426 79645 
49790 35570 
13017 77641 
41613 76179 
28795 96651 
46751 28678 
53817 41781 
59287 40209 
36440 71722 
81793 58077 
51156 29269 
85758 44783 
76369 97297 
2978 5992 
62176 95232 
35150 11390 
14094 86622 
53355 7968 
29733 77113 
21766 48073 
64557 43943 
20577 80409 
70181 53017 
62053 81191 
44032 87677 
90530 34790 
52774 34494 
32328 8433 
43522 45707 
14730 3941 
36685 25384 
4548 10962 
2160 66947 
26272 30783 
56664 3385 
7371 87595 
84125 18313 
64076 94911 
73352 5959 
84783 98892 
87611 61236 
90212 77421 
29267 27245 
49558 34059 
39328 26872 
10059 89362 
76469 57591 
53812 38554 
53092 34130 
30070 14208 
66937 22372 
23920 65273 
55987 19674 
12907 39746 
21650 1711 
32059 37225 
10627 74041 
14710 79752 
19415 37767 
1641 34576 
87042 2994 
14262 10876 
71431 61206 
68912 43956 
62684 58280 
68833 75092 
72624 93518 
47968 32915 
54090 6914 
56442 23138 
45760 6807 
71463 37425 
8700 33133 
89321 99302 
19350 47696 
4275 75317 
10354 92167 
8349 92977 
5372 56996 
52386 23541 
76990 59959 
93203 7351 
67813 41768 
14260 22139 
54039 47985 
48016 20639 
98057 81427 
46958 92827 
32055 77302 
47281 40236 
38130 74527 
44286 85071 
42080 30975 
51795 75189 
17817 57863 
49216 87554 
7270 29021 
29382 77377 
96670 54537 
47862 67914 
54283 95004 
40184 26785 
26917 32626 
17264 28655 
12970 8432 
71263 61276 
78297 81091 
24261 92118 
57852 62095 
30298 76226 
90824 34568 
97706 52395 
69927 68468 
33141 44447 
46507 3688 
21288 57090 
22309 84351 
44976 31758 
76035 92553 
19239 6808 
18213 47853 
59882 8609 
41449 10025 
32177 85264 
34808 46885 
28532 83152 
60803 6455 
5364 57906 
51454 63292 
68817 6139 
65848 92502 
36633 1938 
65832 61766 
19147 23044 
8742 21675 
56258 55642 
26484 17681 
19203 73801 
58805 43246 
36024 99877 
35288 2989 
27898 65543 
55335 57169 
49776 9653 
98372 74325 
13324 68734 
7499 27649 
32696 38680 
28987 32448 
74433 12098 
57320 36998 
11592 24756 
30858 47176 
79237 76706 
46771 86423 
3444 28918 
15521 66935 
29280 14644 
54983 75385 
4490 46217 
32169 57086 
85151 42634 
96607 16166 
17113 51028 
13522 36150 
12804 85998 
97320 65294 
86786 64780 
66227 4079 
35453 73372 
87505 78451 
46350 58983 
59320 81727 
799 7534 
80113 20524 
89893 31470 
89249 5631 
98370 62764 
23734 87424 
23484 18719 
24986 47277 
86722 84111 
46877 21317 
65036 32155 
61738 50969 
15277 88957 
34487 25921 
90561 31333 
36769 9447 
50567 96280 
2710 13482 
49089 71872 
85864 21394 
41638 33990 
62920 40101 
93504 91046 
43923 99988 
84387 99746 
91028 11032 
99573 18924 
18235 26604 
69597 75636 
43083 62594 
70429 27930 
87920 68851 
24441 22102 
83191 52346 
48778 58743 
8062 7045 
82201 1524 
14747 14161 
84089 85400 
22063 38287 
39998 6824 
31025 59834 
27037 7513 
10707 52272 
89269 95511 
26112 33875 
48467 82475 
31479 97969 
28774 54533 
32224 53124 
5136 35561 
26628 85327 
94898 46336 
74411 87818 
99507 10800 
3512 91127 
69005 11528 
58656 65770 
5861 50517 
15718 63136 
46616 28524 
34409 6285 
59981 16438 
98500 41699 
78174 55575 
97546 15462 
34693 90237 
37022 42912 
16166 5565 
24784 99515 
48507 16427 
70946 72502 
28362 28970 
55560 77765 
79642 75487 
63859 64585 
61938 5361 
62400 1931 
82695 99 
91078 64409 
68254 68863 
75775 13368 
30214 72405 
24323 99242 
23041 17928 
54480 94895 
26446 65166 
16800 6550 
1779 84848 
17540 98844 
65529 14713 
17183 13581 
95012 65371 
78659 57982 
31382 38578 
66036 87528 
73388 33823 
49230 10936 
61574 35707 
53169 384 
37167 94128 
928 98770 
22422 32134 
39461 77646 
9980 42109 
3885 14351 
67596 60008 
71650 25004 
61595 39469 
81479 11141 
77494 82873 
43622 52152 
69462 24837 
47746 3069 
1640 5078 
82700 37869 
53793 12269 
18428 12102 
51395 28219 
64457 5502 
45955 52604 
11680 45175 
15222 42499 
84564 3001 
74933 58047 
79439 7117 
93786 65897 
41195 6635 
81633 15393 
35491 81199 
77149 69029 
6498 92548 
95783 38264 
71228 33964 
11327 48614 
90652 45266 
35213 33755 
75128 25973 
26472 37406 
27020 97335 
12259 83890 
96968 35096 
23954 63507 
31919 19191 
57077 67258 
22781 24010 
44588 96935 
17530 3432 
92619 71241 
51581 8525 
65300 46352 
61436 12616 
21038 70208 
89866 8390 
96473 93829 
61341 84732 
6301 70077 
4915 87218 
77253 80545 
28457 15489 
62748 44627 
2900 13166 
91069 81319 
98086 61548 
84399 13961 
22819 97013 
48652 30843 
60913 33860 
74742 40500 
62275 89285 
10795 89533 
43522 75228 
61783 42898 
76109 43046 
48133 61872 
91655 41250 
8128 53289 
13911 74025 
60213 5136 
34724 28779 
50850 68223 
87415 74694 
1104 91405 
35097 21035 
30916 68713 
83805 63949 
83828 10737 
50670 43516 
96932 9765 
65933 79038 
60869 28400 
64242 49849 
92984 4788 
25476 41369 
3028 34061 
58212 81716 
65325 55274 
80051 52839 
23888 45805 
38104 72000 
47689 1139 
30287 4333 
22164 56892 
33446 85295 
9979 92114 
17884 3025 
39183 38131 
29517 14907 
80119 5577 
50673 50123 
53782 33771 
8465 80502 
73810 61221 
85683 25702 
61877 13789 
3337 95540 
91979 7938 
86248 62268 
12973 70472 
93507 98619 
70666 83325 
94146 13677 
879 72190 
95037 67893 
93128 71187 
82810 51077 
30890 12233 
24490 62687 
98926 7441 
82610 42491 
10711 15618 
39685 61458 
49747 9797 
94231 97686 
37383 91758 
85944 90241 
36745 31624 
31148 84979 
77470 45861 
1318 60721 
39153 65379 
57242 51614 
62789 86985 
59325 62066 
68935 45990 
10538 4338 
48933 95608 
52708 75675 
61251 29593 
29108 31846 
8858 38619 
46729 6963 
95488 48001 
20139 75706 
58805 44620 
55516 53345 
56632 64309 
38190 81424 
38816 77427 
19985 52535 
71743 80015 
63648 86274 
95108 70657 
90835 80329 
81301 69050 
97401 25555 
36578 11304 
45152 91984 
30187 39111 
12749 63891 
62703 85176 
90126 26358 
88059 45686 
30553 83235 
85090 22102 
32396 16932 
33903 9162 
8659 84203 
89962 3789 
16547 78869 
64512 10403 
61593 82390 
13820 22222 
61264 66246 
11657 65193 
51555 6298 
29575 1498 
46669 18592 
77733 2934 
16728 28530 
65387 20981 
31345 40889 
24621 99988 
27901 86871 
3502 2681 
2579 86158 
75556 43055 
89447 76922 
31331 50729 
88320 34782 
14744 22975 
25653 22900 
42058 55856 
84384 89714 
94515 84349 
18425 58273 
7022 2751 
75412 31680 
84758 81368 
87374 72843 
67151 43204 
53100 3564 
24421 15236 
28324 7938 
15713 22914 
60216 18067 
59826 53584 
51218 6346 
69644 74856 
13924 7820 
79581 57264 
83482 48630 
51727 17098 
86922 62065 
80834 64911 
29821 32470 
30875 17955 
49913 19065 
26659 10669 
4496 76663 
92797 16380 
3934 8360 
79317 75460 
77074 56435 
38305 10472 
56040 62039 
19175 97204 
97686 1693 
31530 51992 
16875 39141 
84033 90365 
92789 14869 
45312 9794 
23644 32339 
88645 50224 
47465 89986 
76027 90036 
16984 51056 
9172 42262 
15259 39590 
25125 26082 
25277 128 
42364 2049 
21584 61199 
69633 75974 
34899 98186 
74207 96027 
51699 99888 
68899 90379 
49931 4869 
17827 18581 
39279 88676 
79834 38877 
69841 51031 
5389 25781 
96591 73331 
77928 7505 
38665 91068 
43791 31195 
52302 53258 
6291 5440 
44180 21513 
68878 14158 
87910 95085 
3 43699 
70617 35035 
57981 15890 
88846 612 
58018 73769 
33393 3993 
85517 23848 
51239 35746 
59907 99037 
49410 12663 
31431 69711 
10361 52072 
49694 96924 
21414 82309 
77245 91389 
81786 57696 
34052 14611 
39944 58215 
49469 34431 
31256 19001 
67126 26238 
31376 52825 
95154 93245 
14281 99963 
19254 64480 
5585 64138 
99342 17503 
51496 70660 
51841 64388 
81740 13492 
79183 34131 
30766 41610 
45657 82376 
95740 71880 
14484 60274 
52090 5602 
54830 78251 
17818 68936 
99456 7617 
56279 93626 
83787 73185 
33822 3736 
25420 3469 
3466 76576 
9422 21504 
68686 1550 
29254 78988 
92425 69343 
95750 59191 
55612 85695 
67314 99938 
36741 18949 
73308 17005 
79483 58609 
99638 40379 
38839 83364 
80579 11083 
48003 11317 
94155 24667 
27878 32639 
89697 48937 
69109 5396 
85703 88165 
52542 29006 
63705 13729 
38141 96613 
49588 32055 
44732 67573 
17621 14710 
63307 94347 
74479 72628 
95181 84265 
80588 16719 
82952 75953 
44381 10465 
6997 62650 
81373 86636 
53138 210 
64469 69879 
18168 96284 
4472 19669 
9066 88977 
90535 84025 
9027 88226 
89093 33372 
28845 71219 
46827 26054 
35703 94351 
68288 42291 
53124 8530 
42033 11711 
55567 42115 
70485 51115 
39112 46289 
18183 23768 
35692 81402 
30701 29233 
52483 59612 
92234 33680 
60353 49101 
83688 54582 
25707 88214 
75100 20846 
78552 54046 
36292 39681 
36302 79339 
77900 14886 
57624 13970 
41274 77738 
83524 82896 
40178 11304 
33908 1102 
19878 71725 
67031 67927 
39872 35943 
76511 78057 
5393 34301 
96005 54579 
69793 58609 
5183 30653 
4985 71494 
82280 80682 
90379 81268 
28317 29304 
2064 88007 
95964 47105 
93486 51198 
92077 75616 
46447 77058 
87086 11014 
36994 74486 
56697 15842 
4592 82642 
1790 21177 
34979 30267 
40933 27825 
67155 47091 
46564 14462 
13227 11092 
718 13079 
36144 81843 
79054 17651 
64847 39817 
33000 50635 
38943 24299 
28954 23738 
65759 38394 
20816 94313 
41449 68657 
77495 36828 
34816 48978 
60582 20036 
57616 83623 
49055 4785 
48319 32708 
37643 54853 
77648 54876 
93399 83776 
43712 96588 
41080 44286 
62119 15195 
62056 3845 
72196 23825 
33800 39661 
74283 50124 
7376 29657 
85047 8042 
18922 12057 
47842 92070 
57747 35556 
63398 16742 
68468 24506 
12427 40726 
47518 39077 
26245 34411 
5388 19100 
24075 72714 
5128 62051 
76451 60664 
54922 633 
72951 28328 
27955 13445 
69509 63814 
6322 23424 
65593 88271 
97411 13079 
14831 15258 
50944 12957 
3937 78291 
12794 354 
44329 55070 
87734 78989 
8390 64580 
47405 97144 
8048 64190 
12115 1755 
57224 27849 
55459 18974 
81632 43607 
29296 97917 
39546 28966 
83296 53651 
95362 25915 
58014 97893 
44109 4031 
63410 51459 
19568 69641 
15728 91217 
31245 51802 
94817 96080 
66142 11736 
1287 21553 
60168 1348 
38264 50375 
90946 78613 
16070 38027 
68921 72824 
79811 96163 
6867 81130 
89629 34487 
29236 69252 
41294 12140 
42294 43903 
850 33370 
23557 62219 
41179 59084 
4768 44342 
10637 95778 
16519 59350 
34333 66477 
34583 61802 
47143 64431 
18114 66481 
84223 39694 
58106 62237 
9566 71123 
60846 82394 
46057 31891 
75568 68750 
81515 65336 
38108 89026 
64381 49741 
43099 93425 
69972 45627 
76067 25029 
13662 87153 
33784 30841 
10862 465 
36322 55577 
35346 6114 
87479 38647 
7243 90117 
71585 76312 
49936 8802 
84182 55597 
91139 26267 
81667 14315 
47582 70102 
700 32431 
25024 30967 
42033 13994 
85716 24668 
35398 75999 
83980 81596 
2174 20790 
47231 27675 
10779 32008 
84534 73441 
76091 567 
37737 33402 
88670 56794 
51207 56561 
72130 57607 
25401 60774 
57780 53500 
36767 28555 
34445 39077 
51875 40028 
78391 73058 
37229 89894 
93359 38869 
67859 59616 
93944 5366 
67590 93445 
46880 38706 
71775 57508 
44305 11034 
89337 44831 
20639 49391 
55104 26022 
40448 69123 
5729 35264 
78522 40112 
82874 24325 
85345 41226 
65882 13507 
81257 68673 
62833 17753 
50815 77323 
43649 28581 
15217 50547 
81814 88077 
45106 13766 
82349 99876 
38714 29652 
12802 83866 
30963 38805 
21316 96305 
18048 38726 
21242 5089 
78967 26043 
45321 31131 
50564 62202 
24070 41083 
65888 61202 
22859 4122 
97000 39471 
80009 6046 
52842 12600 
24330 47657 
70388 71415 
14640 41179 
2994 20724 
36120 58446 
53755 18119 
8748 77631 
23588 7294 
11604 21484 
43924 636 
3488 79379 
42065 29201 
25090 57889 
43639 44697 
852 10187 
51035 27722 
19701 53268 
49324 29273 
62984 93782 
81869 48391 
65241 48241 
6700 27855 
38838 61392 
91672 31918 
67032 97778 
31558 55366 
71702 5787 
73413 1557 
91750 30972 
17932 58576 
66105 85950 
23964 97303 
1282 67907 
80955 12926 
17620 51545 
29830 32309 
10604 75246 
6642 13642 
34079 81294 
55315 71918 
10712 67192 
5891 74035 
1714 54424 
42913 60706 
22607 83452 
94947 68872 
74749 99312 
60669 47907 
73360 853 
49607 85716 
91939 88484 
56287 86635 
10270 60247 
5425 72120 
48598 74083 
2752 7274 
94127 15346 
1182 91567 
77604 82977 
45220 90442 
37597 35123 
87896 26046 
17920 15626 
83955 89904 
79755 16434 
50630 88159 
74133 17855 
53075 80840 
12757 88480 
15353 30644 
95529 19677 
79859 33848 
1700 15771 
38153 66205 
28222 60300 
34408 40077 
63649 31219 
99022 35544 
18856 43466 
4397 37877 
96886 56003 
47524 86485 
73383 92259 
54701 16368 
76357 87852 
72574 52073 
99446 97519 
56659 96298 
56362 64383 
93617 40548 
85879 79010 
96735 13601 
46495 33129 
95469 75083 
97832 3476 
99341 56037 
51838 84908 
54073 46169 
91051 28731 
23606 28298 
93447 32170 
25451 64550 
73812 67919 
18825 45987 
50120 38958 
95110 27582 
70037 93088 
48385 83846 
87489 34127 
10168 36930 
62106 22220 
16912 28627 
65428 64467 
41470 30469 
16875 58844 
60412 12000 
39811 69354 
47949 16291 
23416 78403 
84183 23894 
99617 83598 
40513 21719 
96004 80474 
58234 31640 
5423 92 
67711 95196 
20860 51024 
5013 55337 
20272 48939 
70446 23957 
50154 3805 
39182 74802 
48954 74671 
78010 55369 
71815 95062 
44216 68522 
26706 18212 
42691 34829 
8623 30665 
95593 9972 
23344 35229 
35233 98113 
25137 9829 
65334 71713 
53848 7499 
48401 81061 
45947 74551 
67667 12644 
11420 28946 
80930 34499 
13778 58898 
30569 48811 
64012 72983 
99111 57278 
40962 57312 
2968 33149 
80370 72793 
98289 85324 
32790 56038 
32352 94565 
76569 71206 
11531 99594 
86257 96848 
72566 11741 
99104 21795 
37744 40824 
92724 67175 
6554 22045 
85500 47842 
86480 43961 
98009 35821 
93815 90957 
68506 90813 
61734 30166 
98416 78360 
77337 92380 
14845 4982 
31959 19291 
76226 61389 
9778 75241 
14575 79840 
58597 50697 
3166 79761 
83650 16766 
62040 96942 
80368 25337 
65361 65947 
75288 87825 
94460 52813 
75603 6959 
88303 15661 
37356 80732 
79148 4579 
49861 45346 
65330 98892 
99654 74889 
65386 19937 
21131 9472 
18150 50481 
63010 40680 
41975 38128 
99841 43468 
42915 59394 
96000 6978 
66463 73534 
85986 83284 
20367 811 
69274 42687 
57082 18554 
30598 96944 
93562 80194 
87254 27685 
63396 27395 
33856 36283 
41698 83462 
1966 13571 
56686 87414 
77086 13048 
3561 52410 
18770 99603 
6079 9659 
10911 37275 
29097 29530 
28761 74222 
31448 95243 
46841 80801 
62630 41356 
27597 97542 
49082 59199 
24537 53832 
86251 14480 
5527 25207 
51160 18450 
52041 7445 
76874 43387 
18383 99007 
85028 75533 
41221 99901 
55493 54238 
74297 54629 
23310 54731 
85705 89691 
32147 33751 
95920 21950 
40858 72237 
53566 43177 
75106 17310 
42891 18256 
39554 46999 
92029 69728 
57801 55459 
4339 59777 
86996 83888 
66454 22250 
62012 2903 
96172 41924 
60062 85827 
80874 25991 
40821 99171 
22928 63633 
9390 76516 
52345 23510 
69861 35073 
88943 96190 
85766 40408 
36379 48710 
40359 24098 
68610 21940 
94458 11566 
25719 67819 
72504 22884 
70491 93263 
68494 68034 
69730 50209 
52648 69918 
55048 87211 
76913 13389 
86662 56950 
22856 36582 
90761 56197 
8995 52082 
66059 59981 
76320 9711 
58394 124 
489 90236 
83580 29793 
37157 49786 
38180 10347 
92858 18525 
75486 54522 
28101 93906 
39685 60861 
41549 58777 
45072 78322 
54613 97692 
59119 47095 
14313 80953 
98305 71937 
58907 35242 
73867 97718 
45585 22126 
30929 73334 
22437 1299 
8990 9836 
37935 64112 
14309 61309 
20325 84754 
35474 82974 
26618 51392 
52278 49946 
56277 7644 
84993 52237 
48228 55958 
6251 16826 
31485 48764 
90937 46031 
79475 20737 
10870 2866 
26032 96054 
90496 18754 
37103 38223 
27453 46690 
96326 96890 
47537 33818 
54963 45957 
7504 41421 
17062 418 
81062 97423 
79251 45506 
63553 26774 
21248 11079 
9000 68456 
47939 76572 
69594 54358 
16789 97466 
42108 94906 
45400 2870 
38387 89058 
83161 25642 
87732 52197 
48258 91433 
47878 34408 
76686 11075 
48215 83812 
3465 91957 
14023 94824 
97916 8318 
23693 69622 
4626 47853 
32262 12612 
99658 82582 
54069 72282 
57592 95625 
34923 42616 
39134 32341 
59911 37110 
51330 34238 
36811 52419 
2815 57111 
67051 45831 
75087 71089 
66256 60971 
57423 89535 
24645 49565 
47869 76248 
3879 53546 
5633 35928 
51462 31470 
51241 1590 
76346 35910 
49984 94415 
70172 74415 
81472 46469 
77375 15601 
93508 44798 
14388 34081 
62039 76572 
13260 23197 
30610 29307 
18235 42878 
82502 27594 
95177 11479 
6695 68362 
23213 95067 
54769 50374 
25542 95366 
50075 80488 
62114 88485 
2762 79131 
50681 20518 
4651 535 
4762 23256 
26511 29444 
77083 73506 
16914 15331 
75346 82878 
6676 57616 
73493 71419 
55751 60913 
76096 48086 
40525 38060 
6129 93823 
68592 50478 
77088 18870 
25377 40351 
79260 44940 
2407 27197 
56934 45044 
30528 12578 
78441 58958 
43064 61021 
4115 90765 
23674 2651 
38645 86346 
51575 33636 
13734 83372 
42854 74183 
84581 24073 
729 80696 
39457 21956 
29913 98608 
15439 77628 
40649 85480 
85393 46043 
66518 30162 
31351 67707 
46768 43105 
47689 89777 
78730 95372 
23816 19494 
28752 39455 
40607 72003 
1158 53697 
77364 97391 
3881 13939 
66843 97628 
16696 10950 
54724 73115 
63409 249 
16859 70670 
12877 92163 
62758 40034 
85406 64227 
6980 44359 
20845 5511 
21427 11644 
72618 83014 
91052 58709 
27968 53953 
83058 67071 
18836 34594 
5386 40927 
80103 76221 
74175 31496 
32312 91888 
31787 69068 
14536 23807 
57162 4381 
69722 40539 
88419 24315 
89601 5579 
34022 73401 
59202 64524 
83271 82278 
2007 56669 
39490 76964 
15967 68729 
89994 18712 
7878 13281 
95786 3212 
79024 32644 
30875 30022 
88528 49 
26250 38390 
22514 14302 
76707 93971 
26980 61591 
50142 2486 
20166 48606 
98330 20967 
86258 94904 
5863 35011 
66420 9196 
29601 71319 
5445 64230 
74865 18832 
82691 27980 
26561 38864 
54551 5042 
3520 54935 
62326 91483 
32571 26340 
14180 48787 
45206 26016 
32748 58147 
84167 62911 
71028 25028 
69882 11777 
38311 65727 
17416 39222 
45228 22631 
13413 43842 
72378 22915 
59533 60384 
90540 16618 
63918 13158 
12142 4352 
15519 42272 
33429 92356 
7391 67791 
34702 93141 
84593 1534 
42020 23698 
79886 63989 
17912 40029 
66182 14692 
40965 86729 
98503 58428 
54513 33379 
40228 46743 
13229 15751 
68458 54504 
33072 99080 
31591 74625 
54805 33158 
88509 40580 
64241 74538 
93300 55960 
73391 9827 
1976 83071 
55847 25888 
68426 18460 
47028 37679 
65654 62264 
65328 2557 
15339 70382 
83719 21038 
33859 63757 
83048 48337 
6115 57416 
48050 18448 
79885 63405 
24977 13094 
32860 16422 
45827 91562 
2142 68675 
38278 34258 
81717 1374 
82734 42765 
87218 4293 
48302 82236 
59321 81928 
38044 48167 
27165 55075 
515 88891 
81461 39989 
19388 17596 
13240 3827 
75863 3217 
58731 14673 
89603 38250 
53394 27221 
83102 43366 
38914 71059 
81665 83625 
85754 37513 
56598 39156 
90887 93111 
42738 94389 
85384 83022 
13118 84201 
39794 26168 
73340 62812 
86566 45231 
46135 41813 
88262 19396 
52653 77415 
67890 95430 
61140 73807 
83425 43582 
65985 9472 
72407 98767 
80508 86354 
14522 84669 
75400 47995 
60109 78609 
71400 12021 
50828 38423 
99539 14867 
15006 79110 
75251 72138 
54696 56612 
93635 16732 
54067 88861 
42328 88641 
29459 20104 
45754 15315 
10288 13520 
99894 39515 
86978 39261 
30265 22784 
87149 10325 
7488 76991 
44580 7027 
84551 53816 
6733 22352 
77837 52641 
86173 55094 
99996 90994 
98766 75440 
66907 18491 
47280 88549 
43246 45187 
2853 25653 
61628 98314 
8783 99376 
48762 17539 
81162 70173 
18788 48242 
9125 84216 
48688 94723 
63830 59523 
33622 50815 
9735 16774 
31044 34091 
74364 74006 
41619 11640 
73461 50258 
42265 20363 
7281 52241 
82036 52773 
40746 50241 
75088 498 
55276 84704 
76672 21987 
13347 83351 
7824 28381 
8169 10155 
2387 62043 
80332 12156 
86007 75977 
70902 77835 
60893 9132 
46138 71650 
62460 92584 
72854 63341 
74335 14600 
45456 27737 
36773 18826 
65726 51057 
60177 9121 
54697 43078 
60214 87034 
32285 21028 
63900 53446 
34819 721 
97104 64647 
53214 3181 
53042 44866 
65263 60887 
58645 22279 
4334 86780 
1080 73539 
53788 51303 
50240 33089 
81477 97987 
14687 47822 
31943 16485 
98308 35102 
75264 83457 
82859 32731 
70967 76345 
47610 13107 
43055 62813 
51448 70693 
77860 69526 
45111 81789 
50345 37932 
51601 78722 
56409 81850 
51383 76729 
78857 71906 
35633 41142 
42927 85266 
45569 84905 
23611 75578 
98837 42037 
51466 37701 
14923 71349 
26232 64544 
90759 6520 
88277 19187 
44946 83591 
16750 74514 
44445 45009 
20281 4669 
51122 40530 
61183 47915 
77176 19612 
7317 98881 
18288 37379 
37140 29630 
41217 76785 
32924 83676 
38631 23321 
84729 34771 
28078 15399 
93440 53207 
64349 33515 
5029 76363 
54820 84343 
30163 37342 
15977 82096 
3392 65840 
85909 28832 
14361 38711 
12402 47806 
99845 24245 
69141 29527 
19877 33777 
13575 8901 
53842 67009 
89155 3630 
43108 13306 
91948 8974 
75659 50222 
67034 62094 
55115 62653 
73630 60324 
21668 91268 
59536 42077 
95642 7226 
15308 16533 
95780 1727 
36445 58787 
43788 73540 
7922 70871 
4302 95425 
39576 45858 
25126 41242 
23115 62180 
36493 59530 
51937 78406 
40006 86498 
43494 94872 
68072 1581 
30574 97887 
22831 42139 
42684 4696 
9941 10343 
81602 82915 
67055 24946 
6222 26887 
49406 93375 
80958 35170 
75680 5472 
9285 48371 
56141 79203 
69363 74547 
22012 20792 
92278 50638 
50171 96992 
75038 62670 
30441 55569 
299 74940 
54145 71605 
42667 98934 
12010 41826 
77484 66452 
77149 96937 
72139 58194 
14549 52816 
32268 79033 
2342 75419 
95571 64254 
72125 91384 
14555 47225 
75666 36578 
46136 18296 
63581 98199 
70834 57146 
17903 72555 
97214 26385 
14928 30272 
68237 72893 
7347 53448 
75369 95193 
5361 85114 
3570 121 
5353 10405 
75685 90084 
61654 70963 
38327 93423 
22023 99320 
32958 74698 
50711 48441 
25699 39150 
44306 83050 
27278 76175 
5029 94049 
20596 70325 
73771 95039 
27502 45167 
40845 60885 
88707 95283 
46319 72224 
1139 4758 
53729 36971 
55591 46672 
31099 70132 
44169 7466 
1394 26588 
61844 82467 
30900 98052 
9300 44428 
8481 5004 
15333 95634 
31272 37169 
36185 75947 
53086 21991 
56520 14083 
70655 29553 
12114 77512 
19806 54513 
77906 97541 
28774 50901 
16699 20448 
29052 33982 
63583 63014 
55567 4905 
29065 31327 
77404 98475 
39936 95443 
87914 2160 
1054 99297 
48780 45294 
53496 25220 
26428 11477 
24983 25443 
81172 84265 
16961 79200 
69576 96520 
49436 33346 
98715 17172 
89403 36832 
27401 75627 
21642 84969 
43874 93705 
81685 48083 
62100 67734 
59922 71007 
69486 19316 
3081 94758 
27731 12268 
84750 69854 
75445 15385 
90138 1889 
6314 75923 
61915 94314 
99784 57071 
83786 30810 
62589 84192 
36330 70204 
98930 39246 
45709 10573 
64700 40546 
59971 15994 
76880 45902 
29994 89342 
43065 21171 
42493 17609 
48081 23425 
51082 12396 
84705 58122 
78014 17556 
43776 83119 
14022 58405 
85291 48814 
26597 62492 
96573 83374 
98058 90588 
6185 54723 
53944 78397 
63009 66877 
9550 4421 
8717 77193 
57805 67472 
68878 53239 
45265 78525 
63001 23239 
34638 45921 
87082 12442 
32028 60367 
53517 99237 
65022 66742 
82771 69500 
33768 43429 
28748 95394 
21336 96677 
85547 15711 
41972 17477 
67140 48885 
26235 41461 
73479 26893 
90554 98571 
56624 98544 
15420 38507 
78720 14014 
61160 70461 
10004 69014 
83233 61166 
49468 56576 
69927 94002 
63442 47227 
14585 3714 
28046 94170 
51707 66239 
30327 39124 
31728 41193 
29875 76578 
82776 35792 
7786 19489 
9402 83250 
33092 97815 
8037 6189 
58100 12796 
36855 66122 
13580 64506 
63744 83786 
12301 67967 
30265 51905 
85192 73988 
11745 51912 
68199 14907 
24071 29231 
29912 2518 
26284 77881 
80127 15743 
94736 34529 
27730 28993 
99349 84514 
62641 48619 
95445 37967 
21005 44560 
55609 42809 
55473 86966 
5275 63258 
73058 23517 
92933 67398 
21975 62128 
21330 35434 
5790 55878 
89526 21442 
78335 22229 
47368 75760 
26061 67021 
43680 62582 
75825 25183 
57437 87898 
75625 74780 
37168 86615 
83349 28725 
38033 4495 
64358 59392 
38294 50518 
42556 65366 
37291 88303 
71571 46679 
85609 81457 
92785 15156 
74733 6995 
25150 29862 
18318 3443 
88099 14142 
90083 25806 
93308 80391 
44381 38245 
53689 61421 
34665 87149 
48700 23192 
62339 62233 
53902 12671 
33907 71329 
89683 76705 
77867 25765 
69158 73056 
74448 57518 
28462 83124 
81080 66777 
4032 27388 
94393 29120 
80914 79213 
75596 75201 
73756 70449 
80199 92656 
17842 83096 
75389 89870 
41411 25348 
98732 4339 
62421 97413 
10425 34528 
3076 62818 
17999 23446 
43611 54225 
7119 24614 
43196 59335 
95079 36653 
40301 52069 
34610 1426 
7438 56953 
34753 22460 
75944 60549 
32888 75343 
65299 12742 
47367 49848 
48452 92845 
63769 84710 
59730 50727 
59435 30323 
5116 71548 
50747 2057 
66046 54208 
55493 67457 
97323 38197 
98737 44272 
7384 61365 
54730 73105 
74823 81916 
9720 68376 
98978 52026 
50903 44403 
4321 87538 
35308 59545 
18506 38493 
69059 20718 
22156 28608 
32249 43007 
24795 98320 
17570 64662 
55840 55659 
11874 76474 
72129 11935 
39006 36336 
74207 55147 
99524 4726 
92435 92981 
88357 54931 
50951 79430 
44946 83011 
42619 24291 
92120 66826 
51321 73203 
49700 881 
39299 37369 
66771 64328 
76717 46751 
2572 63122 
28220 98271 
125 24196 
26986 71432 
39014 9404 
60611 87786 
24116 60088 
65153 97777 
65643 79306 
73736 88795 
32504 8062 
94367 21583 
15782 54341 
97929 18710 
22023 89293 
81831 48412 
27093 33636 
37354 69870 
60488 19124 
89472 31869 
57293 24899 
96780 45799 
10381 56605 
96122 86059 
78983 57314 
51611 6213 
61424 13662 
20972 97606 
19596 48009 
83455 58652 
50658 68020 
83075 87640 
37485 78737 
28498 59657 
73544 49049 
56647 99116 
50169 64401 
10928 13347 
14605 90638 
6947 9888 
55744 20084 
58707 80318 
51114 70275 
16487 96897 
13485 58197 
23925 34736 
8359 78444 
36360 1893 
74645 72417 
55021 32520 
69984 87493 
22420 74056 
79471 90023 
93131 78508 
71934 14113 
41112 89924 
61459 99298 
89833 5493 
33519 94569 
54692 76011 
24847 83626 
68539 3020 
4099 16820 
20619 84508 
86385 18918 
76824 58839 
28929 78665 
64879 97456 
97369 16023 
1935 894 
62652 66075 
14002 59781 
86985 14748 
46764 52755 
83985 70821 
95547 66591 
92951 61148 
88532 40370 
90082 91570 
41814 55104 
70500 24700 
67468 13029 
74124 87562 
56547 76625 
95687 37028 
77735 66441 
14620 79037 
29405 48939 
4070 58805 
57879 80799 
29953 13519 
7951 14530 
30755 6469 
3054 11738 
76685 42132 
61935 54998 
42832 95412 
46304 97073 
95130 75063 
99634 37078 
80219 81257 
81153 67192 
30716 10325 
21017 90652 
45919 5892 
22782 72026 
84650 54958 
17490 44130 
11719 79876 
30044 62454 
72399 82808 
53009 67610 
30340 57870 
35598 89053 
93512 98027 
86293 99196 
70049 88741 
56417 6083 
41280 98426 
18944 54860 
12760 46960 
81935 93586 
5779 57837 
79196 47261 
81628 76951 
62113 35503 
48773 71610 
76100 63878 
89162 7027 
42666 16689 
54032 34394 
83873 79879 
21863 14549 
19740 26723 
81553 44339 
41209 6100 
2409 48957 
11289 83405 
79210 52860 
75297 97525 
95401 44304 
67423 13820 
30350 4108 
85314 72664 
47685 77945 
66999 55875 
40843 33280 
45169 19218 
79269 57008 
72701 68189 
94118 17918 
10255 86413 
65839 39301 
41906 61225 
27675 1329 
37974 89411 
78911 20286 
15563 87566 
9613 32277 
56805 76167 
74610 42767 
32389 54212 
18677 90074 
43685 32143 
47111 10926 
40621 44802 
56343 89222 
94446 23257 
87747 15355 
4594 64639 
44454 82747 
97111 2459 
15804 719 
28429 46418 
86926 8349 
42777 30331 
72019 32693 
44067 79541 
99038 46539 
33877 85094 
90787 45818 
35941 50916 
32823 84865 
74574 62417 
92115 78898 
99535 10125 
52072 7409 
53053 90421 
59310 29613 
56105 96857 
35473 53654 
50485 10258 
93438 84951 
70823 93486 
11392 15905 
36417 97671 
60565 9123 
46606 90705 
52817 69358 
35364 25912 
72783 95598 
90911 79081 
85986 54005 
74361 95414 
69062 14895 
77740 4443 
91202 52473 
46246 80615 
86911 14766 
52138 49979 
99360 32971 
48439 69304 
40898 54431 
49439 32944 
12695 51462 
81972 94910 
49012 79485 
26536 28861 
3279 32218 
20557 87091 
72913 69124 
27427 61112 
67765 70883 
84437 91045 
63059 12339 
30315 18802 
41910 29200 
78797 30905 
24743 94706 
48523 90796 
3376 15532 
81497 17634 
46051 2422 
82483 28809 
16349 70316 
89890 26793 
53753 75220 
45081 77454 
96458 604 
61501 96580 
88148 64815 
7606 34122 
99545 32819 
8320 21533 
12874 80504 
38576 26599 
62772 77867 
29478 42275 
701 28579 
32713 21295 
51605 27756 
92080 56710 
61321 77185 
52321 99999 
91167 27850 
94950 3048 
2160 3259 
28339 68023 
85499 93912 
75060 90052 
38204 3200 
93335 81648 
53226 68056 
41401 74899 
91887 73907 
43706 7751 
33152 32777 
46078 14044 
49029 95822 
53345 53503 
38303 27174 
27371 37482 
61852 74624 
86051 29041 
61925 34523 
84553 21793 
15093 23210 
78932 30983 
63954 35327 
69205 62362 
96220 90608 
94087 59704 
91488 45001 
2817 70170 
35769 69464 
60814 8236 
11750 80316 
55428 43536 
8829 38729 
55614 85703 
61086 23752 
45069 90212 
13674 23211 
92273 63173 
38491 79895 
42780 216 
68563 76610 
19258 54815 
97192 43030 
92967 94791 
92738 19691 
46723 72262 
12802 20051 
83867 1887 
62608 90229 
50365 15061 
31551 77850 
27866 33551 
59160 86368 
24416 85098 
27126 9307 
36476 65619 
47603 10037 
81023 37907 
19618 37040 
99689 45103 
55251 42056 
18289 8726 
35105 99036 
4517 75653 
38682 5587 
4234 76222 
9381 85320 
52446 56498 
56169 99553 
48953 51741 
64349 19793 
60606 75248 
86408 8683 
62220 7008 
10583 6385 
56388 79953 
59554 21805 
18823 78142 
54600 83660 
298 80798 
91590 15046 
78874 8891 
14324 57014 
96806 56849 
38035 81569 
35386 20967 
71286 2611 
77949 68209 
8002 14488 
86350 24382 
13062 62189 
69467 98998 
4646 74604 
53613 5674 
44463 72887 
74225 81545 
82983 99608 
95791 56901 
71002 1229 
32693 77166 
41124 36373 
87507 33310 
83148 75395 
45252 13942 
85929 3003 
62203 52566 
94876 34945 
66082 6870 
39094 12257 
40800 73424 
15047 42110 
3406 10783 
74686 12996 
93468 16750 
55111 23806 
85861 81437 
4154 31296 
6778 16762 
1667 38506 
79739 45140 
49817 17871 
53491 15402 
7388 87117 
66894 2330 
72846 33431 
87260 37716 
78824 11993 
18054 15482 
46771 28636 
9500 11135 
64601 53227 
21319 56737 
92511 272 
80707 16550 
72539 56374 
50611 15650 
15945 30293 
73473 84076 
69190 50732 
83827 92432 
14051 39378 
89479 71381 
40325 42320 
5483 27097 
40620 11627 
87719 87488 
15878 90713 
53590 39890 
47561 72053 
96229 49930 
87865 63852 
95548 83390 
42812 23506 
4586 88150 
74794 89979 
42817 31682 
30874 74658 
59437 31042 
11081 50847 
39119 56983 
26990 15709 
10324 41511 
64987 85324 
81962 69124 
60972 23437 
78086 85965 
13594 97557 
62221 18255 
11702 2251 
43075 51601 
28329 88809 
31567 86198 
38313 92862 
75480 49401 
49569 57142 
32500 16806 
99081 5242 
55011 65713 
53811 34051 
50744 60737 
74026 57489 
52202 50316 
41962 52222 
74785 35030 
32249 27248 
68617 53851 
2228 63532 
72304 22872 
10015 47334 
58208 52522 
26146 51440 
18279 63946 
90604 2177 
77101 22941 
81255 6919 
34519 10753 
1939 6761 
34068 55022 
68935 62045 
25394 51298 
73006 74671 
38957 15807 
20917 410 
19530 23527 
15093 6892 
71344 2118 
12996 88487 
52230 71916 
18845 58025 
16666 44918 
99443 97082 
48395 21586 
83174 61521 
42113 53289 
96651 7031 
90694 70351 
17009 20613 
9532 10893 
69514 18264 
82776 24079 
79940 96556 
47621 62833 
99070 6386 
42254 25766 
52732 50834 
30664 55779 
34906 95922 
83265 53695 
53759 22969 
36090 19273 
60859 44346 
73338 89100 
42345 50570 
78100 1087 
27514 56061 
74357 78698 
75049 63265 
39656 94531 
30028 70450 
2376 42495 
5902 7161 
50064 20603 
34776 93144 
66055 2248 
46606 81464 
80451 52866 
83362 64658 
68479 30986 
27716 93902 
54372 97954 
27482 85520 
82126 48966 
26827 66601 
95830 69579 
73177 42043 
31757 16463 
54767 49042 
61974 18950 
37976 1878 
44983 98783 
15822 19743 
32729 9482 
49460 73492 
55283 3890 
83011 83314 
54637 48684 
38746 48705 
67227 18039 
54414 94515 
61170 15133 
7416 72434 
18692 89799 
81580 65967 
16772 43399 
71410 8773 
99809 37863 
86031 41149 
56911 54839 
10388 97572 
13426 83041 
4866 39325 
21395 47125 
76087 20626 
86849 29805 
31493 4045 
3223 80421 
38179 21640 
69616 47810 
42502 11853 
60235 23077 
71159 49096 
77088 28743 
26684 22848 
61824 44748 
10759 16170 
64605 18928 
57232 79742 
67982 69819 
33429 96831 
41981 53048 
73116 87042 
62939 29032 
37369 2276 
63110 39395 
60669 27013 
90668 72199 
28665 6831 
50431 72024 
51383 94055 
64510 29896 
41007 17456 
39033 70210 
76945 54130 
48201 37038 
42535 6011 
50164 70603 
47512 60890 
30546 56199 
8309 48404 
28901 22453 
44256 85135 
41029 63600 
61931 39773 
5749 61316 
42192 39256 
78606 85633 
14824 79843 
66952 61629 
4289 3290 
50951 98816 
56692 47593 
43248 93521 
12907 84231 
46432 31082 
75675 9375 
51867 34291 
29548 65247 
86064 27275 
11706 29629 
51516 9901 
98953 26429 
27720 66753 
71608 78336 
95130 66912 
38563 43724 
19856 45988 
59411 54338 
90141 227 
79343 97688 
27025 64058 
442 68682 
1044 87038 
49000 48698 
74433 73908 
62680 57115 
54017 2386 
13608 60271 
83816 87283 
3897 15878 
28370 16692 
18648 77117 
97893 46223 
98107 79941 
44568 677 
95487 89584 
15667 99002 
19825 87808 
83625 88054 
24309 41123 
85836 43411 
89671 2052 
97604 71370 
69508 60414 
30587 25269 
9818 79701 
96008 31407 
28572 24800 
97020 5060 
42801 11624 
17823 25527 
60456 86670 
58496 30574 
12220 75069 
23970 85339 
84478 19421 
13149 78458 
28824 68467 
69950 99099 
65737 64654 
51837 52558 
70521 22669 
43424 79220 
28079 87230 
92809 51942 
69807 7741 
76520 40282 
60628 69840 
5328 46504 
87144 79466 
67602 37942 
8883 3724 
69544 23021 
73793 34686 
72301 44132 
66421 57171 
44859 89583 
52625 69630 
48541 58923 
8194 28459 
44069 51254 
70421 60367 
65353 84464 
31458 14865 
35528 94876 
179 9530 
10219 11377 
95338 54372 
20626 45904 
96941 28436 
54734 92996 
75050 21750 
58815 85151 
35659 48761 
63329 7850 
71787 85609 
37480 38352 
84617 82904 
54844 35771 
44298 58102 
8897 76416 
92910 77171 
51693 98025 
53163 93885 
41557 89278 
95525 26939 
76407 36846 
33792 20006 
58112 21227 
64503 47917 
80313 34785 
39144 3342 
57220 80607 
59735 22671 
14100 99235 
18211 87229 
41547 61774 
57871 66526 
75073 62550 
21251 53936 
99187 42219 
62891 82014 
90815 73130 
47809 94608 
10784 42719 
26829 95979 
24070 77873 
78531 93333 
79593 63432 
34176 98508 
8568 21381 
56789 56960 
6777 33811 
28483 27806 
50593 12308 
11131 47323 
59183 39239 
84666 70170 
56043 32245 
34575 97498 
1870 12261 
55540 69199 
67741 87534 
61759 18746 
92659 1322 
46088 63369 
22784 29393 
9967 29770 
60960 54884 
93994 96141 
64675 92756 
75039 64941 
18155 83824 
59946 67708 
70019 29198 
98191 43114 
71793 90003 
56217 22550 
74528 34364 
44753 3702 
40863 73888 
67062 91924 
8132 95268 
60841 41619 
94413 59128 
39426 35434 
73930 7862 
98981 97757 
60789 96968 
47489 50813 
30770 40267 
28703 86616 
79738 38391 
59556 46073 
64202 42056 
73118 67755 
94662 86892 
60823 93153 
55596 24980 
37484 92672 
7284 69749 
10511 7203 
84164 65518 
20800 83780 
41973 90708 
36907 20659 
21676 4661 
26417 27107 
92030 51956 
98812 46227 
4606 45303 
12703 85365 
45159 58281 
66920 47944 
93513 72636 
49765 63023 
10423 41300 
3635 64432 
54382 47945 
73245 80036 
93928 66661 
44859 53500 
21720 51179 
51215 35853 
95518 12098 
12238 52231 
28158 72708 
5171 70365 
23725 29223 
9415 71693 
10330 79643 
51159 53418 
51267 26970 
80779 70414 
25791 7109 
52034 59539 
58335 39558 
36237 75772 
40749 49871 
96872 9510 
35947 66868 
70527 47418 
73356 54700 
48562 85443 
46632 144 
30582 1899 
2352 38861 
25571 50978 
64718 70873 
9460 42606 
75805 85127 
8921 33263 
43465 85776 
70364 64188 
79719 88700 
90374 48343 
81341 35760 
29255 25577 
51280 56439 
2861 76605 
84683 91760 
49588 10765 
46504 83767 
99146 19919 
49018 25327 
27672 21471 
97048 59678 
69764 97119 
6307 16879 
72180 70838 
15957 75198 
16233 59453 
10382 39490 
6322 72306 
37098 35726 
20567 32656 
57836 31115 
46196 42791 
98076 2616 
77091 17279 
66631 93142 
33830 64325 
1359 14415 
77591 3922 
59698 78149 
28437 73284 
13409 63130 
65802 84994 
25789 54782 
84391 71356 
86571 25916 
2252 69665 
54839 62614 
69445 77377 
13486 77596 
5485 33637 
70123 94904 
1708 64191 
48794 34374 
60665 60366 
4453 72123 
8889 49661 
57899 4150 
11593 55399 
92692 94157 
38332 35979 
77553 43828 
77137 40446 
77854 84059 
71349 16415 
98025 48996 
58103 58836 
53039 61263 
20382 93639 
1631 26382 
25553 48997 
86489 7128 
12483 78770 
17379 24468 
6595 67604 
2020 10714 
87663 65278 
76497 22652 
8651 69022 
12089 7684 
65588 96891 
78618 4358 
48226 72708 
25781 50216 
59171 73639 
3376 64471 
75189 75188 
78961 70814 
38552 65180 
27183 26503 
8587 88267 
58870 27917 
73991 25552 
29960 69863 
25001 10104 
20424 46191 
11195 28483 
1575 92643 
65460 60795 
16489 89390 
57581 67407 
82762 60285 
51943 39106 
89384 28692 
83003 89324 
283 15546 
29457 81994 
95893 94381 
63453 56644 
81105 50129 
74735 33561 
63044 23783 
21251 56153 
55344 63390 
37554 55071 
96920 43331 
40241 99252 
82758 58493 
5686 32688 
91767 47668 
59513 82598 
62544 51422 
9516 64560 
11671 63655 
74158 3291 
11206 93220 
7315 33893 
42065 12203 
96574 47751 
18266 30873 
17212 99667 
33325 5790 
56849 98424 
14569 57196 
86859 61617 
83740 44578 
45718 27454 
12972 25146 
16817 81130 
34095 99008 
28628 71468 
6153 26921 
78675 64704 
71161 91764 
84416 6610 
31329 63265 
93913 41591 
62329 17001 
47112 67961 
36644 53340 
64534 92286 
68681 59724 
54403 82503 
8975 60588 
71471 9486 
8744 3216 
31240 9741 
47951 34942 
81795 98174 
70197 37390 
62144 9143 
95924 96796 
30729 46452 
91809 5974 
30688 78541 
58675 13124 
69487 23779 
62849 55408 
29695 32612 
76613 41130 
94961 88246 
12263 73343 
70667 15607 
31232 39824 
2262 9533 
84858 29645 
45944 67443 
96593 74914 
26135 39183 
26775 57778 
22124 87321 
70605 67412 
62259 84840 
27510 39467 
68256 63998 
45852 61326 
84461 70088 
90746 80531 
47319 66849 
4750 10855 
98839 86531 
31274 90774 
24501 16877 
48789 12446 
831 69762 
20249 5823 
70803 81795 
96629 32141 
26227 55845 
26066 13810 
65472 64329 
10819 3564 
12151 99971 
23111 74781 
25785 77880 
37893 96975 
9031 63915 
65651 45732 
17699 28688 
71626 84756 
9558 3938 
49139 49147 
25883 48632 
74200 53733 
85665 15778 
6185 47950 
86645 47820 
15054 39724 
49535 18363 
9479 14743 
12274 81091 
12180 84690 
79651 82897 
78901 8227 
60306 47588 
85636 41905 
77911 38950 
15123 94705 
26234 67531 
58033 79506 
48817 14199 
6930 77545 
63184 5332 
61768 57840 
16755 89456 
84554 22493 
57059 33198 
37772 80981 
22386 75628 
16270 91746 
10670 54361 
35521 47814 
64158 44250 
70528 24648 
15387 30064 
49106 53080 
75956 68219 
90886 27925 
13799 79468 
49093 13760 
56909 54393 
56003 63329 
81911 46593 
94967 21212 
94366 74675 
21965 45599 
84409 53455 
37906 44424 
46057 27229 
69205 88612 
81472 83528 
48667 34791 
72458 84475 
1292 62634 
90686 64674 
30336 7805 
35368 9493 
67834 50548 
32551 45687 
712 2044 
3727 47486 
8786 15947 
13100 85585 
54094 40852 
32671 23936 
42411 21000 
22156 99786 
37238 47101 
6862 6098 
44165 56962 
50729 32331 
99236 86431 
64091 9467 
88772 75232 
56083 48262 
104 39342 
40178 55869 
52755 31842 
27976 65325 
87823 27555 
1182 14804 
99688 83272 
34590 69123 
78616 45007 
53939 84689 
95437 96480 
51679 80857 
215 68885 
50941 95647 
25643 61037 
3439 71813 
82893 51085 
30570 40461 
12740 16259 
68610 43712 
8013 15489 
58715 65367 
54740 31226 
30347 19087 
48878 11450 
62761 77292 
33073 577 
73357 10806 
63633 98871 
74003 49205 
61750 43975 
56818 64903 
24986 65279 
19461 30204 
75092 22134 
16612 95838 
96526 269 
29145 91990 
76311 7284 
75366 58338 
90389 77727 
49763 68362 
94212 70993 
63836 24959 
66041 21207 
80900 69376 
20252 77202 
82132 63506 
54952 52866 
74680 76813 
23264 93396 
54320 33452 
20918 51330 
64920 52587 
64070 57780 
54890 45501 
90799 68900 
16811 16744 
57284 65356 
10637 53430 
15436 83485 
13110 76684 
52543 60798 
6443 72354 
45525 85633 
17897 14254 
32450 51006 
48487 42553 
32191 26085 
83877 62345 
49483 75241 
63410 83005 
87051 74210 
94269 27642 
49150 95717 
36923 3756 
61517 62730 
55279 41160 
51632 96557 
20405 71287 
30111 19123 
80187 43211 
89205 3987 
58979 45993 
87551 9090 
31053 34444 
21695 65673 
19604 35936 
94387 42480 
9066 49590 
77221 52083 
22683 36001 
30934 17064 
9543 35566 
90519 67772 
5707 46601 
44285 544 
82599 40565 
36083 85464 
72461 91071 
98157 76196 
65509 45786 
78408 40849 
6284 75885 
60345 2531 
77762 96431 
86594 50955 
50930 62848 
87544 62362 
94838 13620 
85579 44017 
87516 47393 
92301 1681 
41718 93860 
41255 13698 
61089 62132 
1878 83718 
72138 27711 
1761 35591 
35329 49795 
43771 8589 
24610 94282 
42179 8861 
78890 74703 
17667 73916 
71223 13217 
84935 10933 
11912 66910 
38596 76806 
238 60782 
93150 78118 
66207 18162 
61048 82589 
98491 81722 
59209 50059 
37633 73804 
18816 10700 
24632 53513 
35825 40892 
34193 89786 
40337 13093 
89192 84651 
81842 25017 
48338 48899 
24289 45587 
82520 53625 
20072 50361 
7029 55392 
85216 57523 
16585 20210 
29401 17030 
78045 52101 
3945 50131 
71675 65713 
18452 84237 
36063 29233 
42558 78993 
63990 43837 
53063 93402 
17032 18949 
8689 999 
75166 48771 
34839 20304 
14339 94889 
78903 91175 
9725 32173 
53057 94190 
95307 20768 
15937 79791 
71485 25672 
57181 46720 
41516 17193 
39557 85114 
74934 50539 
22247 78644 
41477 40846 
35798 42232 
32581 21157 
4404 57098 
89179 95157 
14354 53300 
84315 73941 
8852 81413 
67001 16627 
48892 9632 
59769 78344 
17458 80332 
16541 5925 
60038 61009 
89724 11584 
48312 28510 
25839 97914 
25815 32605 
7542 3749 
44492 95208 
86537 89734 
29296 14913 
6680 84899 
14291 63052 
99486 71092 
78234 77065 
45264 90825 
70188 79767 
32302 25895 
56434 78947 
13761 9092 
38820 30758 
57405 99366 
91638 82474 
6762 72016 
39220 45443 
24046 49789 
49685 87450 
64881 28206 
51587 75219 
42840 29014 
89713 42369 
77801 49326 
23862 5959 
86320 60875 
40165 5571 
64468 53696 
88358 92926 
34030 11652 
80371 57142 
71458 53402 
85732 30995 
15668 71720 
37466 86931 
55528 56523 
18545 98073 
30804 92527 
33411 9098 
41375 81141 
81683 34616 
48673 48040 
41889 78563 
70600 62764 
41915 47116 
16576 14806 
39826 9768 
82916 61799 
63827 48471 
30391 89754 
63323 23113 
95600 2732 
4435 73105 
45721 89899 
2747 69494 
72206 1627 
23702 29754 
33180 3065 
96757 8301 
96562 63620 
83262 79779 
6352 83790 
10028 39280 
93061 57018 
30586 53931 
75916 13541 
4437 13657 
59260 95657 
90874 45424 
8477 69380 
38476 74900 
1811 86169 
13940 42234 
93598 70225 
54665 4517 
91729 21774 
48334 86500 
47558 94850 
39716 73284 
80017 29263 
40002 73921 
7351 90753 
67234 23285 
39672 795 
77707 31037 
93446 18044 
57699 31162 
25068 67158 
32518 33297 
44810 97490 
15510 27962 
64758 94136 
63603 51785 
54725 56856 
27852 75973 
28681 8604 
87609 41509 
60903 94683 
35146 27940 
35815 86026 
33879 9142 
68427 5644 
7863 19047 
93281 55962 
32789 23098 
9018 36624 
89445 67063 
82907 7241 
9461 53842 
65155 67652 
90119 81039 
36282 99449 
80112 57321 
12566 36839 
41359 3948 
64305 12349 
73322 39407 
59587 53454 
45766 39649 
32249 89896 
23467 64240 
86932 68282 
82129 39583 
96351 60478 
8596 94370 
16368 95406 
50430 49582 
42955 40018 
30013 75574 
61816 4549 
66569 42176 
96206 49594 
55829 4258 
41403 28120 
41561 84800 
85330 4201 
75752 40315 
53966 52108 
4984 19284 
87497 54302 
39376 53344 
48534 84953 
57430 53020 
87299 86811 
75243 15114 
40301 23548 
61737 87195 
18847 17151 
12934 76163 
51605 60507 
7760 32483 
81509 29010 
55461 89430 
81426 1834 
10448 87584 
45302 43465 
74221 68797 
31924 89148 
25999 80998 
86951 24089 
23788 95447 
45533 45586 
95842 1435 
22642 49688 
98791 9919 
31113 89543 
53236 67237 
28466 11323 
80157 52752 
82701 85374 
52229 10219 
64589 15237 
42988 41610 
19346 25209 
3755 74303 
44148 98337 
23322 97781 
99577 61020 
28634 54351 
12902 87879 
66052 59935 
88983 31075 
62231 25569 
30637 61983 
1279 48034 
84456 49926 
70558 38901 
70363 92624 
21347 65291 
23588 56068 
62563 82769 
76295 77744 
55829 51052 
32745 36412 
8389 36580 
46654 94123 
66748 22516 
92344 71707 
98356 66368 
32286 27643 
11270 68158 
22824 72067 
2445 37982 
67127 62597 
44158 80766 
19856 96717 
15034 48189 
71531 36674 
57242 42968 
92288 77127 
94664 99102 
94459 93267 
78168 3154 
81343 87655 
33598 66310 
85569 87743 
75704 4665 
64594 32852 
16931 36110 
13202 29311 
43856 56161 
73223 45556 
56028 12225 
69295 65135 
62060 56039 
76085 14933 
6048 17400 
27224 38330 
53733 8806 
9087 88590 
2320 40271 
43600 76481 
90418 96292 
53408 17909 
75342 2893 
20037 92329 
13822 91588 
91064 40740 
29164 49319 
65893 3256 
72989 28612 
91334 20596 
92917 80619 
28020 1222 
98882 65185 
6579 86488 
80268 86735 
78519 29784 
63638 2507 
80947 42540 
16544 50554 
76529 49843 
96769 48929 
498 41527 
18317 24601 
45064 759 
55561 40909 
38247 41478 
35191 5729 
28901 88475 
71945 59040 
72665 89477 
88576 58208 
24556 57285 
23112 2044 
83125 1818 
67197 60598 
98343 26898 
98118 6624 
50831 34628 
64128 76804 
33548 1429 
57768 26061 
18739 64135 
65084 76682 
72719 81954 
10027 5445 
88973 20686 
22765 56623 
46100 39290 
48234 16438 
61279 45682 
77008 35467 
2221 28616 
24374 39453 
41000 65550 
5503 26166 
81649 52588 
54689 6142 
70118 1916 
14857 8575 
99937 4590 
79882 40084 
59855 62090 
6752 53755 
30765 48757 
27176 58562 
28362 79039 
78983 75200 
5303 18416 
46510 23323 
72007 94949 
46119 7349 
68805 39570 
18122 53206 
23781 7558 
89577 36806 
60451 11096 
53794 36533 
77329 23359 
71852 36629 
7454 98264 
39016 6159 
80136 86856 
74686 79097 
49444 21236 
88343 65052 
24369 79973 
45929 27343 
34153 45191 
11209 75318 
88899 10785 
64868 31241 
50403 3695 
10459 48549 
11017 35707 
60781 77928 
89427 11981 
60868 379 
91358 84265 
44489 72375 
50526 51761 
39913 57155 
60552 80611 
37663 48379 
32093 34221 
8065 27598 
61115 80908 
9662 35366 
73997 72836 
60856 77352 
23091 70738 
56660 31407 
42368 22647 
8 69315 
36976 91654 
82826 57834 
72781 67639 
95865 57630 
52418 91043 
68335 95838 
12860 62859 
38411 48245 
56230 14418 
33960 30453 
30318 62923 
99137 63912 
8212 84292 
37020 52301 
77453 93541 
51008 76534 
38318 34766 
58448 92508 
28101 47709 
18821 94741 
33663 95985 
65745 91162 
28085 13206 
57200 19581 
68898 47587 
61578 24719 
25147 63035 
78494 6234 
58473 85298 
52807 42737 
69411 65452 
77857 94620 
34287 69801 
99679 89335 
358 95220 
27767 96804 
77259 52037 
29983 9763 
61363 52734 
39245 54081 
56315 94065 
27907 67485 
7776 22647 
12048 1642 
53336 29616 
32382 22141 
99595 28653 
21100 3701 
77547 33508 
4664 43809 
94720 66055 
11427 46973 
97897 94034 
49934 63935 
83821 18761 
98849 5411 
46914 7475 
2664 88336 
32826 92356 
98721 14067 
74579 38888 
10529 22650 
24047 19878 
29959 14987 
55719 18287 
76630 85646 
11966 21955 
66642 63026 
79427 66386 
44782 10762 
34685 27927 
34436 4463 
74050 69017 
37645 61282 
47064 89601 
74118 66328 
46236 44384 
82456 9523 
66565 44287 
19463 19309 
37569 72284 
84133 55441 
47804 8739 
61750 2145 
27300 79435 
30511 85029 
26840 10659 
98175 20386 
34699 59 
39483 93919 
1219 89388 
86407 57419 
99535 55852 
82801 26551 
36769 22445 
52580 60648 
44202 24489 
46317 6330 
17186 59529 
24967 90709 
46008 90795 
11412 57134 
77406 70649 
90615 46628 
73144 99737 
67397 41586 
86796 40010 
97195 4798 
62843 55362 
89636 66464 
73167 62291 
47346 34674 
45253 34835 
43168 30647 
3627 22970 
57763 79072 
41528 11705 
96587 15995 
63297 69329 
80309 11965 
89667 7555 
55949 46530 
97897 3772 
7408 11664 
76606 16157 
53466 66345 
11221 56112 
8989 12280 
80076 69294 
50763 11590 
33518 16456 
73239 21354 
48761 38374 
41451 76961 
1790 35335 
48444 16541 
74245 90979 
62798 2062 
18032 22711 
8171 59249 
33291 46498 
51242 28040 
76415 2517 
87063 88117 
3940 99977 
1528 99874 
75443 4352 
59512 80220 
83974 8328 
14236 14725 
56092 98989 
58472 92898 
65235 58036 
41452 41719 
31939 9323 
56685 24102 
42326 58514 
65355 63564 
2320 53406 
57575 54130 
59215 30229 
69492 15397 
64500 1212 
68089 56671 
22244 81760 
87497 21231 
65905 51765 
50737 92018 
33068 94915 
39022 53422 
62402 62280 
77107 20371 
20044 62048 
87647 65517 
73661 85947 
30113 98093 
71568 44726 
80539 73896 
51610 8 
27248 44825 
99894 47876 
54614 88585 
2994 30766 
62105 94350 
88944 28558 
18979 18641 
32062 7158 
86431 67093 
4623 83507 
48414 2489 
94385 99545 
79976 27143 
71150 84579 
47664 38610 
77839 25351 
80414 11707 
41939 56243 
71296 16964 
51753 28195 
70590 45853 
18517 14262 
8903 76549 
50237 62157 
45361 80472 
96024 9705 
70405 39473 
80723 37818 
5304 16316 
38794 47422 
31223 96939 
73713 11709 
49545 2026 
14527 73136 
22087 47530 
14769 25824 
64989 19024 
40590 48277 
73243 13188 
24739 28822 
34198 91173 
20941 56715 
47832 83276 
79261 35565 
9204 82083 
77198 12519 
24192 62105 
83533 6636 
23501 67970 
2378 62889 
11865 20335 
43392 54475 
39502 98940 
90808 5403 
11065 75625 
98689 7769 
53711 86599 
22731 63717 
50370 52925 
10004 90744 
6881 80882 
7122 90854 
62418 99810 
14693 98991 
71431 23984 
11227 94237 
82354 57237 
93299 78485 
13372 94288 
30346 1586 
78808 11113 
12332 39407 
51021 78184 
76368 11841 
52162 75082 
34443 61441 
57768 32659 
88580 235 
59872 79900 
11995 72163 
81148 26556 
95266 71669 
53619 69803 
5061 5183 
75502 73402 
79601 81516 
38041 31252 
89857 69659 
70479 93671 
28372 68019 
85824 4450 
48622 87844 
22652 69395 
67028 65387 
68906 53019 
56967 82289 
22510 79007 
9584 91771 
90576 92225 
9711 19358 
54095 25299 
76885 31229 
28212 1149 
51211 40685 
29542 94401 
61759 53830 
21447 69188 
1202 39217 
45803 8651 
44556 43051 
65504 52277 
92179 61484 
35795 61270 
87608 24579 
94493 39230 
59308 42740 
11273 45712 
62117 15697 
64405 53580 
48914 6606 
19658 17596 
85981 39352 
70603 41316 
36532 85868 
62106 52093 
76081 72082 
59539 19903 
70558 46056 
45086 84679 
43547 19922 
19495 88985 
82505 18462 
62715 48128 
85511 41433 
60093 28145 
29881 74226 
32136 43648 
51863 62003 
15346 32127 
62711 96127 
29188 9035 
90539 48550 
30022 58910 
29707 29734 
96644 71752 
99832 38771 
14069 91013 
65112 20543 
22279 99821 
41269 44084 
74891 35432 
22230 68755 
9036 88401 
91551 70394 
62221 12600 
44654 58317 
84547 44970 
37074 25829 
85361 9753 
91218 41888 
22290 60981 
39555 9587 
87565 99099 
55669 88352 
71633 82887 
26276 1030 
87313 46178 
47107 24528 
19036 20435 
83447 93174 
21260 58807 
22165 27724 
27680 55108 
56230 39705 
48613 51990 
84991 50754 
27786 36608 
83916 9671 
1702 29204 
96008 86086 
54886 80280 
23785 68984 
92521 5427 
55496 736 
58321 3355 
42154 32880 
9994 22321 
52995 98574 
27213 62906 
76144 58465 
67736 30939 
98550 91654 
6206 83419 
94657 71505 
87072 42370 
76817 87241 
98215 86849 
12112 46584 
25084 71691 
90039 22139 
76455 63073 
33418 84780 
82453 25634 
80913 1000 
53030 43611 
33735 58000 
50847 9345 
51359 20220 
76326 66525 
1511 14109 
84642 52635 
18213 84085 
54493 45369 
98329 61997 
6729 81108 
71852 44796 
27266 80094 
14067 80728 
83168 82558 
28773 23023 
33402 72787 
20899 21901 
26471 44034 
94139 90617 
45993 36147 
54638 99379 
12262 59942 
75303 22130 
72920 7580 
76952 85513 
19095 36606 
12339 46784 
44718 6803 
96954 58004 
26180 43642 
16579 57516 
37115 99856 
55696 66556 
28799 87574 
33182 58763 
509 57404 
2069 13443 
56164 8048 
68752 59606 
93650 20219 
13634 67142 
1487 22061 
50011 43920 
43796 9748 
40898 53166 
99040 66578 
4549 74181 
80600 46632 
78545 91248 
7941 14938 
79672 10558 
16011 65093 
92146 73003 
87467 67433 
40352 51931 
67423 36058 
53857 99215 
73632 41458 
12301 30487 
46380 36924 
65625 20899 
91813 11614 
61186 16522 
60061 30853 
73413 53255 
65177 75162 
23996 15097 
97844 43481 
964 56684 
3685 43213 
33582 61186 
189 49937 
56622 3980 
83430 83048 
2381 44954 
32128 10062 
91710 77857 
51085 61961 
56342 23816 
8603 14720 
14007 67943 
13216 68006 
35065 2903 
43946 31084 
84814 61384 
95225 8049 
99183 90588 
22742 59801 
53140 46197 
79708 8515 
10980 60700 
14353 41912 
5518 71516 
58964 69208 
79284 78087 
78364 78429 
34967 33868 
61444 45613 
84627 69143 
33226 50455 
57621 83619 
36897 60058 
25715 43960 
85346 52733 
30527 70741 
9978 67128 
53196 1735 
40901 78526 
49145 74020 
37083 23726 
81762 76077 
47641 18710 
28056 82870 
26183 39171 
96587 1851 
38939 62969 
93388 25872 
4411 5721 
95134 10208 
77363 15991 
40490 65194 
43185 34906 
30317 83425 
20033 66548 
35362 1028 
75608 50083 
46073 26220 
53021 72359 
63351 55175 
65942 10572 
21320 35154 
67067 48609 
53636 27939 
15888 67794 
63347 72788 
71886 73042 
33024 47448 
17465 78779 
16635 78213 
71301 45496 
87553 55561 
87240 27452 
78132 70615 
46507 64772 
35435 99489 
41673 29070 
34989 27492 
19702 10748 
39849 23279 
98358 18219 
65788 44183 
95362 44600 
15100 78298 
12899 45744 
71263 6342 
1425 65046 
4657 96852 
86215 35023 
25531 31998 
77651 83486 
34588 98096 
2023 72947 
63860 64841 
83418 5938 
70908 20362 
79268 36035 
47980 25374 
22228 34654 
34356 99042 
49263 77030 
74951 51577 
5179 27320 
51112 34192 
92314 22409 
20612 85714 
679 76708 
42981 16959 
93588 56168 
33621 88937 
42653 98692 
85541 9011 
2983 90285 
21099 90315 
94533 41513 
87789 94080 
8786 47252 
91902 1929 
91264 54171 
71793 45778 
59866 5061 
48532 56689 
6622 76852 
55863 80812 
96167 80041 
43697 50498 
18091 41273 
69757 91758 
72292 47929 
42546 95400 
66572 93833 
55450 78508 
83904 28578 
56592 15377 
33187 79465 
31957 22560 
31745 84677 
40327 41408 
80445 49076 
27755 73263 
83019 9881 
66565 87443 
30035 78474 
9294 40185 
14912 6754 
21511 13942 
74512 11657 
59129 10719 
50010 79886 
85580 10591 
45144 66370 
82179 37091 
18384 94608 
90980 54878 
83175 64817 
43641 61890 
6112 76668 
72074 28123 
86790 77408 
67054 76276 
74990 53281 
49538 95641 
31022 92446 
46051 29999 
63210 60922 
14331 82655 
82893 49639 
48301 37372 
1772 70274 
2488 2612 
59030 322 
15161 48335 
6380 3707 
76756 19536 
98040 82288 
85550 78760 
29607 45679 
56092 51061 
44902 22119 
97567 19124 
83080 71463 
59028 43786 
69641 2895 
46367 65699 
64460 44572 
51927 77591 
67550 60187 
1799 43409 
48977 58288 
18149 80551 
13231 94220 
14343 14466 
30285 21675 
89128 61098 
65712 11086 
62844 91959 
20415 15478 
3389 89064 
46913 30918 
22566 2516 
43565 68284 
84520 82245 
40720 25894 
57076 67182 
83527 28346 
54108 80135 
84941 75978 
62487 94661 
69488 31460 
20652 11456 
53399 55280 
17557 6058 
9984 90285 
10485 87146 
50439 86927 
18175 35256 
9772 55489 
31703 75421 
65108 29340 
99743 74087 
29384 24122 
87123 40570 
57269 81799 
75967 56407 
72125 95604 
77294 52119 
72929 22198 
47578 254 
8287 714 
59556 95997 
11030 14870 
59500 52193 
71343 53975 
54188 44356 
88986 51377 
9971 3011 
85883 4825 
13638 65681 
79208 12161 
40144 68902 
12058 87963 
95870 81821 
13914 61932 
57674 57266 
16307 98263 
7827 3605 
80456 16703 
72817 61286 
3115 40644 
10035 1653 
54462 45347 
50542 52401 
67591 30286 
98362 94053 
43025 93572 
7194 64830 
53602 43591 
3949 57524 
35240 43205 
5191 91291 
27261 45265 
77324 93709 
82326 44681 
24310 34033 
508 41928 
47716 7247 
54609 85614 
13041 80353 
64566 37626 
73592 77259 
47640 83353 
48549 96711 
18031 91649 
25421 28885 
34701 14407 
58751 60601 
99359 4042 
66690 36521 
87966 18640 
85021 74311 
58525 79196 
24179 15387 
15594 41103 
89046 29717 
27609 42909 
63523 83080 
87006 99425 
32340 18244 
75082 13315 
11062 97733 
43619 89631 
81937 5144 
53556 51068 
88004 4446 
17299 68280 
20782 12229 
75761 39165 
47920 46600 
3807 73830 
66323 78189 
78514 67809 
33570 23725 
63487 75093 
25838 90658 
59456 24698 
94099 2538 
46482 59703 
41993 9142 
96303 16128 
28594 12806 
64725 458 
7161 22973 
83402 69308 
47041 84668 
57988 62444 
50014 13413 
45330 91263 
64680 9061 
26236 38832 
22896 14059 
12326 84739 
70781 27887 
25566 28226 
43508 88684 
67306 46479 
37856 85564 
49996 91463 
69406 70655 
99233 98267 
62327 98599 
46359 50757 
8828 33075 
22607 26137 
52651 24827 
34575 19071 
96387 83777 
47838 28134 
5941 38954 
30569 72605 
87112 4328 
12274 96011 
39069 46046 
94099 4308 
47378 77161 
6638 81263 
65302 89604 
48750 21281 
46237 70003 
56654 20883 
32448 35865 
46374 73978 
75651 71715 
44617 23231 
63564 40975 
73238 30092 
53163 98696 
80679 39403 
66213 32661 
20132 31016 
85503 15996 
58607 70505 
1303 63061 
63729 93762 
96662 42265 
55792 86202 
27518 14336 
31431 46247 
48932 32693 
62270 54950 
62354 63719 
46994 8814 
10443 59075 
48507 11289 
25781 39629 
79185 59898 
47705 31135 
6739 10599 
57542 25496 
40733 48718 
46667 28263 
25610 46699 
24108 92945 
9847 42883 
90820 35802 
82887 32688 
56300 70961 
71570 23810 
49848 5011 
66009 70415 
83603 82697 
1218 67846 
57352 80868 
55244 58961 
56177 6553 
37192 75970 
81151 66838 
29214 17549 
70581 43165 
15409 39983 
14695 20746 
77551 23233 
40241 94954 
62629 58069 
43077 908 
30462 88797 
76656 89868 
70939 37613 
62194 6651 
39952 31226 
72371 5964 
665 48181 
54538 82358 
72485 6153 
1732 78458 
83968 12528 
50165 79190 
97836 8669 
80435 95904 
26402 48560 
26326 93627 
83915 65888 
49881 17120 
28684 101 
24308 26950 
32310 71658 
77365 65525 
75960 19387 
86969 34823 
14332 38801 
88105 82498 
66816 89163 
45510 61113 
92316 69290 
70122 46439 
79312 97274 
8979 75082 
35949 67730 
18003 89129 
96297 1645 
35038 56089 
68391 48557 
6544 66066 
37271 48539 
85493 94961 
1945 12330 
10310 62395 
69066 31983 
95123 6150 
48064 91509 
10096 41087 
92605 7251 
7299 69837 
11429 91119 
52344 64993 
28006 96296 
54935 48100 
2896 74677 
52500 49427 
45303 48030 
90259 44323 
31051 70785 
58335 26915 
13032 41320 
91948 99942 
57159 769 
14264 30742 
61976 43622 
3118 47705 
23255 52764 
92643 28952 
86306 63113 
78699 65571 
88158 52628 
83098 65428 
29401 57235 
45707 385 
31165 7080 
55871 89705 
26607 85527 
4929 55482 
8190 19453 
40218 82142 
2202 19641 
27533 61348 
70120 3449 
83867 6115 
42832 48440 
25124 73489 
78147 45291 
84547 43842 
94679 41046 
96761 66642 
75845 89656 
9618 97513 
56641 55761 
81442 19466 
2758 49791 
44800 62340 
66768 7721 
69590 8870 
59263 67189 
38032 3179 
4243 33195 
52033 58094 
57473 71226 
29464 91369 
54151 13405 
10016 7705 
17948 14144 
83611 83416 
7322 45774 
74744 3637 
96982 81776 
64668 48173 
92498 75468 
9984 21416 
54221 5394 
21018 74151 
63100 25156 
96225 70720 
95388 25083 
69940 13606 
85857 85842 
19935 49405 
49881 80023 
98530 45037 
3552 56691 
96411 41135 
68001 26068 
21861 60744 
69180 46718 
79742 75771 
47584 6027 
64385 11077 
73745 76246 
38412 96649 
24794 23013 
55604 62022 
14992 41008 
37 3882 
88855 92280 
56018 47768 
79330 26801 
93778 67843 
5479 71910 
54368 24882 
34200 87571 
43923 31960 
58749 97765 
2190 59755 
53175 24814 
93165 48954 
46243 73076 
76697 5932 
21040 31209 
59088 19689 
87143 88072 
88001 52998 
91127 86339 
52384 28739 
28109 70032 
71694 53627 
92168 17424 
10300 95838 
56676 89159 
32803 60465 
6929 62926 
23851 87350 
56945 70652 
32128 29465 
69894 1945 
62296 56888 
67328 88385 
30997 71330 
56266 37272 
23412 9234 
25116 40568 
35424 57694 
59547 45013 
63061 6695 
7638 32796 
5723 13691 
79961 28648 
82578 62038 
4768 18853 
22551 53540 
70993 40442 
77498 87147 
82561 74693 
25439 40805 
16303 58084 
76130 91533 
22762 5960 
64793 79949 
34283 29439 
21491 49851 
47975 14454 
33395 70839 
32522 23327 
75133 82556 
67243 73931 
68422 82839 
59448 49190 
46354 18835 
1814 90622 
39991 30128 
25403 33560 
75330 35969 
75850 48871 
67249 54881 
90432 66212 
23673 94254 
81854 67268 
28029 49964 
41037 53885 
50928 11626 
55570 15687 
53073 77778 
3168 44474 
80538 47127 
20133 68606 
20858 66886 
63719 9576 
83776 87362 
84227 95095 
94021 93076 
97791 98279 
35170 55076 
4015 10887 
63409 76493 
23983 95 
17936 83998 
43618 42887 
90773 51480 
34994 79913 
82929 29094 
93893 81548 
66112 90773 
75775 72876 
89638 6359 
34286 21469 
20686 90689 
66525 52063 
82724 81313 
47530 15634 
61718 48944 
92773 6871 
82635 50306 
21933 93664 
19798 91748 
9824 94993 
93803 83805 
1050 19482 
24999 31813 
33840 55865 
58938 25787 
65476 88778 
52734 63914 
16800 98497 
12943 68381 
56555 91669 
5349 29651 
27628 1554 
14951 45904 
76741 90934 
20494 8038 
86746 88603 
62023 17423 
26398 91231 
22263 13581 
26310 66390 
12991 31995 
61799 99670 
56135 8462 
73405 39059 
75993 95716 
84084 3145 
73722 60486 
78462 36194 
38198 84726 
93947 12805 
58346 3431 
36161 17571 
41232 73305 
71821 51071 
7457 81428 
71083 42526 
30843 71207 
68319 81566 
12908 84027 
85386 16811 
34293 89367 
14704 7371 
5105 3584 
90756 54836 
44017 78122 
88147 87986 
52046 71606 
71917 20196 
11045 7095 
91546 50384 
29263 55701 
53945 32361 
76718 80868 
32662 94565 
1681 23765 
70676 52425 
96201 9599 
12347 18972 
83423 7061 
56441 85807 
32322 78716 
56627 16196 
66555 18813 
8435 64787 
23238 86826 
52400 14327 
34805 9968 
91942 98781 
52454 45989 
71523 64360 
3264 68764 
85718 5229 
74708 63489 
93046 99048 
50079 95742 
89774 59000 
76238 49247 
58366 13580 
31170 10844 
42841 23197 
72940 18017 
19060 43484 
93971 74239 
21761 49257 
74948 80498 
62168 40147 
31212 27515 
20099 59234 
71131 42520 
22687 69336 
40771 86879 
28219 48158 
12043 56418 
18042 83111 
82596 45008 
62090 69355 
94827 93767 
64309 40532 
48722 63190 
13110 90626 
78596 33587 
58940 77533 
87392 60386 
16179 34174 
83801 85183 
39764 51366 
47305 30875 
58322 38162 
54111 89745 
55038 10007 
33005 47103 
75102 2807 
84310 69858 
4292 61899 
87414 29384 
7097 8882 
42734 21058 
34759 46446 
42549 89096 
13715 21538 
41757 64575 
3134 30628 
4416 77010 
66596 17313 
34851 5404 
37440 82136 
63107 93386 
69882 97246 
43728 64850 
58765 94422 
44113 41495 
79608 73956 
44080 81673 
47631 64049 
41876 31188 
19497 45606 
63436 992 
64768 45724 
1580 64158 
15396 94618 
69651 95079 
61047 35430 
40215 57550 
95657 74049 
53540 85177 
36352 57012 
22910 87531 
29686 69504 
34177 58498 
32148 52644 
35572 59496 
1969 49488 
40367 99533 
67507 2536 
19832 36516 
43798 42078 
46817 79808 
53370 24293 
61311 82693 
70000 813 
68516 75248 
44800 27311 
47238 3055 
92910 47690 
41831 5256 
15992 22591 
34420 86626 
10865 6152 
45858 12689 
67815 13381 
93584 84319 
93477 61968 
42517 28833 
2641 17013 
21115 78294 
10961 14890 
38925 92541 
26230 93350 
34192 24409 
79773 8974 
553 17670 
61443 80208 
90341 74422 
21834 54465 
68690 27952 
83535 61172 
97438 9571 
59590 79127 
60718 3446 
11811 16170 
5148 42183 
94195 71920 
56734 7706 
17393 30214 
93837 66936 
39064 6895 
1006 89813 
31877 60688 
1972 68442 
6069 60225 
71809 80403 
66640 88580 
58007 16761 
66651 58242 
98134 25837 
77559 4048 
7799 7512 
35092 19368 
26791 29657 
34923 1701 
53535 28203 
46242 77856 
68437 95455 
83276 86008 
45223 57429 
24939 2200 
76018 90313 
987 12193 
90727 28589 
69412 46129 
34160 72943 
94294 13041 
75393 14735 
95905 95060 
63024 55672 
85591 86979 
7253 16223 
16819 95911 
65128 94410 
80725 47837 
28849 57787 
49613 83156 
68664 25742 
25074 61676 
61676 26688 
78739 39024 
45820 95293 
83157 21072 
74256 8572 
17878 50716 
9625 46492 
1558 32249 
89882 2680 
44739 52549 
17828 63884 
39924 15448 
75016 23047 
5693 65901 
37334 90135 
79792 43930 
74389 17346 
12496 74866 
47705 60859 
46028 71993 
83784 59987 
78377 488 
87248 26416 
633 27404 
76555 1147 
65754 61478 
70204 54826 
93685 68629 
24865 78348 
42842 34313 
28545 34921 
81177 32256 
81675 22230 
71419 50581 
56913 23899 
44528 21003 
14505 13158 
73018 94489 
64196 8401 
71520 7690 
6964 70315 
45803 88414 
60274 73270 
83438 55589 
69078 79903 
29409 79379 
31435 97110 
18167 80510 
22435 94106 
39997 64367 
82995 18810 
4024 5051 
51150 57451 
22795 17339 
52615 44158 
84078 80366 
34671 42209 
94395 5860 
22854 86684 
75737 75873 
3449 99474 
72066 10229 
86455 61888 
75355 62268 
83476 57567 
12351 82982 
42891 78974 
42633 38254 
20714 24395 
6210 11687 
29682 99251 
24573 76363 
1430 75416 
2983 72898 
16996 55323 
3763 88270 
9445 33846 
60429 90170 
19059 50219 
80743 34982 
86327 74749 
43112 34025 
878 80601 
25223 32301 
85530 9648 
16402 26758 
83802 53193 
55929 26946 
36503 33304 
8347 39969 
78433 88570 
33825 43724 
59777 39297 
36691 97725 
98397 31442 
78493 29144 
99058 36058 
23303 23226 
33503 11583 
42422 41867 
61327 19976 
43276 91879 
85794 24545 
2987 65372 
80971 87246 
80969 78660 
97016 26286 
56868 43241 
48963 91074 
90249 12663 
21006 60864 
26686 62443 
73096 75891 
81212 76728 
19531 65340 
14618 35020 
60303 45224 
80631 15022 
85086 21015 
62756 53553 
37059 44846 
38416 36489 
19160 45159 
4974 20804 
48895 67861 
77337 27038 
19502 42366 
20072 78926 
5039 13360 
8276 8370 
54886 59664 
20963 88633 
59188 55286 
58287 6332 
30902 14550 
39666 33712 
42443 3154 
83715 16693 
75280 90051 
92867 51279 
89407 61256 
65648 81223 
96269 15990 
37825 13160 
23473 18013 
9959 11978 
92589 80573 
53380 8795 
92311 22082 
99220 26667 
18461 41441 
5824 5049 
69575 26895 
68735 83006 
32237 30343 
84418 83330 
63841 10243 
3968 24945 
82153 70547 
16299 79390 
792 557 
81628 78647 
7701 51151 
95562 76218 
69667 66526 
1685 61131 
60159 27417 
86267 25395 
49994 51691 
82563 89453 
70780 41288 
84146 97322 
59613 60663 
16804 3319 
20152 81209 
46778 85701 
90010 28583 
9437 39024 
87264 25402 
26982 16651 
19983 30502 
46347 17611 
81769 37741 
69216 37875 
23643 12281 
64887 35128 
87982 10354 
53726 88238 
13776 49685 
24013 67884 
74110 72106 
98232 73174 
86579 67285 
96201 30597 
45246 7097 
51891 96288 
58785 73837 
28411 50309 
43627 52311 
41329 22570 
13187 95746 
44370 43982 
24686 68572 
53490 73586 
93594 15284 
85430 12642 
62403 3927 
65073 80052 
15207 45185 
12277 89979 
62476 93616 
53327 42178 
81462 96271 
14750 8281 
86824 65756 
47958 73175 
23330 19729 
2032 69611 
17946 46887 
8929 26309 
2101 30709 
70496 35087 
16636 86515 
39904 30896 
41671 44855 
71443 70190 
51590 44803 
72114 87635 
81338 84430 
26031 8969 
4400 12534 
78398 98658 
65128 35661 
59630 25034 
78465 57502 
2202 32695 
8673 63959 
52890 22241 
65331 16468 
11277 50748 
9637 18640 
31777 82949 
46973 76810 
10869 42651 
92730 83802 
43851 36737 
37533 17029 
76146 49922 
5310 56981 
93032 37485 
93042 229 
88637 75291 
4590 62251 
30155 61695 
42621 39730 
86445 4289 
2473 29379 
21536 65951 
19695 80943 
63007 89301 
59023 95705 
42857 66407 
96732 68649 
74151 71465 
40589 12362 
70602 28196 
52009 93833 
38235 40805 
83605 61499 
68328 77637 
21937 39199 
39118 59997 
30069 16132 
90033 75158 
17460 67514 
66742 2159 
25730 99263 
47884 11795 
8027 21925 
55069 78041 
96983 23928 
16575 17180 
1672 32382 
2173 53026 
47509 20782 
71571 91892 
74705 47312 
82214 79316 
40651 84896 
83519 2083 
29540 34684 
84091 93704 
58563 98379 
16077 99244 
84161 21607 
36519 56317 
54131 10482 
99436 53019 
21757 66595 
4311 30727 
36700 81816 
76795 9955 
54035 83655 
65614 30803 
57597 24334 
46059 16073 
76722 62316 
4880 84730 
86495 93704 
44021 66158 
20781 52761 
81335 91537 
94606 15727 
45300 67648 
27847 10188 
57693 70577 
85745 53432 
73293 32026 
3410 17552 
98916 29302 
41256 46495 
45413 31597 
26247 30817 
75749 99759 
69830 79613 
99874 84542 
17631 15869 
32817 19179 
78235 61487 
76292 56139 
98825 71222 
6052 55053 
3951 21042 
47368 89046 
90380 55666 
99191 92 
75761 52534 
23914 528 
31749 64990 
54149 87451 
93269 66175 
80491 9533 
24741 26926 
74993 1617 
41412 25932 
73923 81490 
29316 8453 
90312 85350 
80929 81117 
51962 3732 
65255 54597 
63733 68057 
80848 23440 
74348 29432 
98204 2879 
87356 66011 
83975 26131 
93556 52937 
13621 42536 
17865 29782 
21419 46799 
67472 4405 
7126 12676 
40098 39285 
17159 658 
1282 76613 
44791 58478 
67817 71838 
48672 35756 
40830 21848 
71862 89617 
16465 93601 
54638 66858 
64710 81763 
73450 10012 
7665 49818 
5739 49616 
47361 38083 
15688 13074 
90231 54219 
79560 1665 
90434 97063 
20888 61575 
87447 2999 
5623 2299 
44686 45581 
55196 96276 
5402 63752 
71546 27351 
69680 41759 
32269 42469 
62113 14747 
6371 923 
3540 28000 
61499 8569 
22238 34954 
82054 70616 
40048 79337 
94277 95882 
47119 70185 
99141 37889 
35331 24978 
46837 63711 
94922 25770 
47647 188 
91406 5947 
3171 18930 
30664 61128 
59152 86496 
88858 56699 
26561 24164 
30857 86653 
91134 92936 
65910 23607 
33212 43720 
92564 88282 
9536 50064 
66148 58220 
6521 71412 
81617 30150 
60618 78507 
2175 48159 
55495 9416 
79768 10714 
48069 14571 
7450 73569 
45829 92294 
15534 72746 
56426 12470 
73585 1998 
57162 75335 
88512 92577 
86801 54810 
95364 59603 
45028 31348 
21918 98984 
95931 27979 
70742 41569 
11014 25047 
3120 97115 
54574 44062 
28109 49636 
9643 59174 
96934 97840 
66263 15954 
78055 69620 
45503 11496 
41440 77919 
12429 17279 
11934 26827 
39124 6814 
61099 21373 
14917 83776 
94469 82233 
65129 93137 
56918 17459 
31906 37788 
22670 57343 
91178 16144 
58441 15632 
28245 42492 
48339 606 
71209 11090 
47325 62878 
86232 17511 
86417 33277 
71499 56284 
87280 73835 
47838 72549 
56442 37619 
33058 57298 
20111 9051 
4402 40695 
29385 75340 
98879 56021 
12663 61813 
74807 18026 
77128 49146 
59542 83722 
64405 78908 
38152 41162 
46856 45312 
95715 2253 
10433 65716 
11946 59398 
7613 20147 
21032 2530 
79658 51029 
91818 83076 
41306 18264 
53906 54442 
92938 11986 
93787 14807 
75412 35521 
71746 27315 
10924 84501 
65086 95220 
79654 64546 
26140 25087 
66385 9600 
54554 19846 
73916 85722 
22481 5323 
40780 91034 
58640 8797 
19659 91531 
92574 76213 
69833 64571 
83993 35870 
92106 57142 
13736 90701 
87891 4355 
92692 48734 
55456 95138 
52897 81872 
45822 16721 
21104 36810 
88406 57266 
39227 8754 
62213 96859 
88406 28517 
32228 71112 
93796 6660 
92651 48717 
35764 24508 
58684 24580 
69791 61224 
26835 93529 
62213 98531 
80028 36073 
81800 50257 
48291 17371 
48229 22573 
48383 73259 
27679 22583 
16464 33118 
83018 97915 
16731 8327 
31522 7972 
55937 57210 
36543 98741 
58805 22606 
61244 77337 
62554 26603 
42292 59942 
70135 98449 
99294 97310 
61208 6309 
81821 65760 
97522 61271 
70018 48354 
75064 62900 
87063 20905 
69197 59625 
52182 552 
90978 4387 
1439 10789 
22941 96222 
30176 66198 
30873 11843 
65787 82524 
54417 47764 
62404 73354 
63857 13175 
20100 3309 
33000 36496 
70395 29489 
18821 74434 
37123 77866 
57351 41371 
77128 69361 
82307 9043 
28798 31551 
48010 61700 
48103 6269 
91398 30354 
91586 90783 
99275 71195 
13669 30827 
56399 97898 
81675 17442 
37630 25291 
76117 26389 
73074 32744 
36098 78862 
58986 9630 
30072 95270 
9211 2343 
80763 60067 
41999 42613 
49673 14912 
75266 246 
91427 49895 
59742 69892 
21086 68121 
13871 71105 
98617 57640 
36985 13706 
23843 16528 
67949 56316 
52518 41862 
25346 64954 
89532 11406 
12231 60729 
88845 58000 
93597 30875 
91352 60989 
57904 65793 
61712 56431 
55368 76254 
43054 98432 
65193 39533 
34520 87615 
81526 21025 
10772 19554 
23611 18750 
44861 95969 
69506 82164 
66271 84498 
84667 63835 
84488 9105 
66826 72770 
35119 2458 
56779 11590 
60326 54077 
71094 96222 
18310 43610 
97173 76439 
27569 57281 
53739 98296 
90834 47385 
60518 75427 
10871 9635 
79745 65139 
5737 21226 
89083 77393 
54638 3699 
20662 79995 
57157 48971 
54153 1717 
68448 74360 
83136 76560 
80875 53003 
83506 17009 
58609 99729 
252 51869 
95886 79307 
34676 15166 
61870 43889 
57933 26600 
15509 99569 
98808 61147 
22303 48139 
53672 65688 
81541 49471 
44839 43896 
77374 2367 
9860 97139 
99993 47307 
38782 78770 
44208 53199 
88976 91929 
81899 62070 
97890 36883 
22079 30559 
82903 92891 
17733 25153 
64445 1758 
52127 99292 
73639 5467 
38935 4793 
8950 78655 
328 67471 
87662 88226 
45074 87413 
97490 6996 
54724 8051 
91224 6036 
149 34990 
83023 51257 
52931 75493 
98834 33772 
26566 12596 
5369 70719 
80951 24006 
92191 23463 
50280 5257 
9659 93484 
9284 59051 
71847 72767 
75634 68256 
18020 45126 
57373 78742 
88846 57654 
93413 80042 
14246 7380 
2391 86782 
28627 17196 
50620 91860 
26235 7262 
73381 83585 
44431 3358 
35483 93267 
15949 61998 
96775 67216 
62508 33672 
56237 37660 
11667 30165 
84295 792 
6356 9689 
17157 96960 
42291 44429 
79269 27983 
12286 89101 
20396 39594 
58479 26272 
2357 43261 
33566 24418 
47116 50911 
50367 8096 
62716 48527 
55406 6100 
96437 40187 
96636 13100 
25618 52762 
68059 73025 
85726 3335 
4709 68315 
52538 96343 
70298 78189 
40735 35484 
26827 51190 
54714 6669 
534 22527 
29099 12557 
61780 95121 
26217 16722 
17847 94745 
15718 85986 
77046 4310 
47529 3225 
80185 80058 
43540 59711 
11121 53353 
75650 26019 
92008 25718 
68252 43604 
40793 71933 
61754 75312 
18635 76227 
396 2450 
23127 40020 
62402 58434 
89560 16122 
33436 44637 
46932 43973 
35334 82739 
38011 83232 
61281 19683 
53473 68915 
35852 16303 
49001 40281 
13778 18755 
11184 27794 
54808 33045 
13158 17747 
63706 97311 
54173 52507 
64222 73918 
8581 65850 
83762 64003 
19253 97478 
61532 80819 
57996 78571 
57087 4996 
41288 31093 
28504 84844 
33481 77593 
69808 37821 
91608 15361 
45806 55536 
6014 69043 
39154 13933 
69265 99218 
29273 42771 
62126 10937 
55622 14077 
79890 75837 
78876 67909 
34908 54220 
42742 5642 
61924 79359 
56394 45868 
21647 45279 
62935 56114 
44974 21421 
32840 44750 
85359 2829 
22982 21780 
50083 92875 
71615 14658 
62474 7068 
57636 55824 
66656 81090 
38439 42357 
23950 63975 
94870 4958 
65823 78226 
54055 13406 
62076 32654 
31293 88719 
34996 80873 
30734 88410 
227 28618 
71240 80585 
43395 6447 
58582 25029 
47842 40889 
8064 35036 
73293 76722 
32684 2385 
47893 25820 
51121 29721 
76767 43905 
37081 29512 
89098 65514 
27001 16845 
42700 59637 
26607 44481 
80157 3750 
8481 2947 
83813 12305 
72607 35848 
8269 97290 
49744 1178 
78485 83067 
63531 43065 
29203 45462 
31369 25250 
27136 95971 
76442 17488 
61178 85916 
43604 19172 
7925 62565 
60442 50634 
79823 69433 
61445 41927 
41543 46388 
98029 1311 
36490 51692 
90037 51230 
99852 97722 
35416 78287 
47170 64869 
83899 55501 
18152 34016 
97805 60106 
24293 56967 
68511 28197 
95827 66352 
30650 58721 
48664 11775 
17760 3650 
95143 97359 
32919 58571 
3819 87333 
65763 98544 
72963 40955 
73368 87736 
20037 35798 
56599 28164 
5145 39314 
5845 2829 
310 92606 
60441 11582 
88385 77442 
24638 94253 
25510 47821 
9623 84898 
29273 20768 
25887 43459 
61023 37551 
33147 66681 
55332 26118 
66065 88861 
12127 18337 
93153 44762 
7796 1480 
33565 82038 
370 12392 
51861 78506 
901 14944 
74378 40864 
58212 36584 
22502 35710 
57452 78210 
37906 31208 
64207 53071 
82760 8270 
55428 55052 
33910 33852 
65978 4440 
54232 75751 
45399 70130 
16611 78250 
63260 21286 
76428 11006 
23510 18537 
36967 49789 
48273 15089 
28818 46979 
69810 1487 
29125 2177 
25689 94288 
79456 48846 
86675 38504 
22088 31609 
59465 66455 
63683 60612 
97109 31541 
92588 94343 
18797 14441 
21431 20327 
87679 81386 
197 74336 
20473 59397 
46642 63051 
5844 81765 
70685 32569 
89878 48555 
27320 55703 
46458 41530 
18641 94715 
87931 30668 
79724 32953 
87202 10311 
25378 58779 
76204 6981 
5235 28275 
57711 8044 
13125 29359 
17501 70648 
23387 19320 
52168 83740 
81537 10159 
34156 72468 
59604 31740 
20126 53911 
97530 11411 
71319 75833 
91132 70604 
95321 96021 
54454 53826 
37491 88791 
79716 73554 
47251 97370 
41631 75727 
19584 86095 
44495 4828 
65272 84792 
90256 75013 
94755 59146 
53671 34309 
9997 85560 
86699 42567 
86295 56708 
38439 70719 
91740 94891 
69200 68778 
35833 4300 
57709 43124 
60790 50434 
48993 29804 
89115 15137 
67131 49863 
19272 39147 
21862 85213 
17637 30523 
70937 19062 
89359 86934 
61148 43653 
23385 52592 
60117 49869 
97606 6444 
8223 78184 
98947 57268 
65445 28544 
60167 3431 
1448 97912 
40279 353 
78875 38554 
78666 67041 
9631 7577 
34372 54630 
21810 8800 
81479 94441 
60994 11716 
69095 40856 
63775 69140 
70205 25167 
83672 45064 
37475 40566 
19995 7318 
56075 85588 
98760 35813 
33688 3543 
81412 46470 
96086 68874 
31915 33384 
63017 87879 
55634 87320 
63601 854 
34539 57349 
13046 95484 
22348 84235 
13205 67165 
30556 49137 
58359 90968 
31710 49247 
24562 2075 
29786 33175 
96004 16757 
99225 3219 
35053 64375 
73955 19097 
33994 42350 
75627 18262 
95954 50719 
6339 1664 
80101 10603 
95288 20565 
11919 21828 
81056 40038 
3223 68934 
31663 47772 
48539 41917 
53044 23048 
64574 98334 
13284 80045 
17734 56758 
14704 52082 
40972 78077 
78826 88958 
75755 60766 
70263 98266 
87495 49021 
74757 73355 
93553 28489 
63846 15548 
11750 63391 
24089 76326 
84279 10900 
2277 16335 
57051 33934 
19739 2423 
97688 21888 
38634 41335 
16744 20330 
21026 79276 
16213 65319 
7571 80227 
26960 15761 
56818 32733 
12463 78081 
28406 24808 
10060 21524 
63830 69678 
52926 89488 
17021 61268 
66031 22577 
13612 87661 
57628 22435 
72562 33204 
34103 1902 
6725 55474 
50530 86704 
29967 32053 
71860 56596 
37624 33833 
60405 39802 
94339 96550 
24093 3558 
58772 30285 
56995 15724 
98172 27874 
78676 87674 
97488 7494 
32172 47037 
47460 52107 
31727 30396 
4059 89043 
60910 30663 
47679 86663 
9316 81587 
34613 31892 
1795 12771 
25689 92314 
17982 62541 
97289 59633 
21878 93150 
88551 17455 
21347 13067 
15206 75683 
55595 74461 
85271 66261 
65054 80507 
84750 554 
32559 6761 
62512 47360 
97332 13612 
32697 2346 
33958 2692 
30258 84672 
57438 49137 
684 14592 
62347 23709 
78469 97057 
29229 4058 
10548 60615 
34585 62761 
10732 78401 
82158 11308 
89043 28511 
32692 73800 
85926 34799 
46934 61909 
55454 65929 
72383 23511 
83918 60452 
98124 41401 
631 88760 
74059 65659 
36297 58941 
40964 73450 
10936 22896 
45997 63440 
88183 41504 
24637 8536 
15649 23193 
14532 10222 
82096 58968 
29286 20605 
61321 38771 
60979 24076 
79931 48960 
99036 99572 
41615 18808 
50057 16485 
64031 5059 
18277 52578 
36119 77952 
59604 60610 
83387 99510 
53482 51877 
36687 65502 
46321 9528 
35979 16152 
7830 92252 
64783 7493 
7324 39802 
3267 75203 
60884 45855 
8372 15834 
22278 20803 
77857 56527 
90605 27349 
31865 83627 
85857 35150 
50348 53046 
99963 7251 
37625 10815 
65315 682 
46382 10912 
95408 36366 
82563 29309 
42926 69325 
29916 38109 
89465 69206 
78337 21706 
28054 3277 
13719 88094 
24727 99270 
28654 52776 
48632 53869 
43121 50149 
41504 44096 
82220 57830 
56798 93522 
44027 3055 
36394 42959 
4821 57119 
8471 76165 
51207 13753 
84050 55118 
99077 90410 
1618 26524 
57885 87617 
19394 71490 
25369 90870 
82989 83664 
52638 1988 
2562 77656 
2462 42409 
58078 49174 
34619 79606 
13820 31073 
91335 89610 
64079 15386 
23123 83579 
50754 40404 
90737 94399 
90604 74028 
2512 40533 
24956 59831 
97985 58588 
57921 30681 
68515 23587 
80508 36262 
13513 56433 
87492 75456 
66911 51783 
81511 72320 
92701 46354 
24558 85258 
40620 87621 
40923 92988 
73483 55942 
97556 58048 
26216 39333 
87989 28825 
33264 59416 
24115 4477 
65875 99547 
96507 53623 
53650 91644 
98416 47294 
25771 76968 
21205 39411 
96519 67901 
19659 3912 
36940 2727 
14508 16682 
19938 3468 
46429 52527 
99634 18033 
20930 52748 
87443 52245 
86699 7176 
17160 74768 
71390 86104 
49205 8496 
58261 52129 
50248 5680 
24691 79695 
98589 40883 
79328 11007 
7932 45783 
28445 80976 
32629 52916 
74094 51006 
15993 11647 
96700 1656 
69930 88970 
3000 47632 
28951 70175 
26543 55017 
4507 29999 
52481 60327 
76638 53546 
931 13695 
99095 48106 
43958 94383 
61362 1932 
50034 75826 
46424 14082 
46839 49530 
46677 40661 
68335 52422 
51989 77085 
5294 80590 
3782 23437 
9777 13903 
16826 60573 
13577 20591 
6554 98277 
8194 58641 
23807 43652 
99650 41728 
91235 77799 
95319 91430 
55977 21967 
1877 54561 
21790 20505 
13616 24766 
438 67282 
48565 70844 
26957 54691 
46211 40819 
16310 29887 
75101 80370 
99987 1639 
11179 77003 
70263 52974 
38459 17233 
77109 79714 
92465 23024 
68166 93125 
13849 15888 
35728 96023 
4697 42295 
36336 66051 
83256 82397 
78367 57266 
14152 55621 
30927 61715 
50656 31267 
93374 56426 
63150 50033 
78964 97994 
43653 63254 
8412 16934 
70139 657 
79537 7010 
86325 84534 
77739 949 
2733 18535 
18674 73272 
53023 92624 
69305 13401 
45971 62253 
76412 67779 
37906 79456 
42668 58430 
13062 76292 
29568 47203 
99965 26974 
33757 29865 
70886 43986 
78745 12322 
68312 95670 
87495 42379 
77510 67971 
53071 44818 
17489 31430 
4285 34975 
53983 16027 
71200 66596 
47576 41083 
91400 3419 
37690 95193 
62075 90754 
28847 12058 
35262 43286 
89512 42052 
73994 58359 
95753 76524 
35653 10245 
52074 42074 
25462 80150 
99998 45408 
67856 29224 
81327 15912 
76374 27330 
57457 62683 
63748 9103 
98757 35529 
23027 40566 
48723 55320 
27861 44571 
36459 58072 
45480 51362 
58038 79291 
29428 11781 
72359 90345 
60788 34916 
60369 87005 
36418 89464 
77844 21817 
60604 38635 
91408 66588 
82602 62114 
25066 89014 
36690 55416 
60245 28379 
83626 86910 
26185 59220 
22832 35860 
89499 39041 
43152 31006 
1817 46343 
6691 58547 
92651 28676 
15042 10817 
956 96878 
90088 2505 
23364 21336 
12631 89971 
19626 8815 
1253 91037 
56547 64317 
81079 17537 
90545 71414 
87553 1025 
85922 56632 
73847 13187 
41047 38726 
42204 56855 
47873 2048 
99283 30931 
41543 74742 
43493 53122 
6337 37083 
28349 58061 
91781 33085 
10015 75222 
58496 9345 
79511 30945 
17167 59102 
460 12010 
46046 6621 
21788 74319 
72422 27280 
11442 79634 
81804 62081 
61995 95703 
74827 51854 
51898 702 
26419 86012 
7183 91603 
14341 33505 
97579 7912 
74947 99461 
18297 47115 
12834 30044 
54129 66305 
38068 70171 
96069 35592 
29719 63961 
82292 33253 
27702 76223 
65154 50003 
36246 4736 
63736 344 
81789 47745 
47537 22628 
5710 88813 
11042 86304 
87999 62105 
41214 14736 
91858 65102 
50334 75082 
91149 92962 
45170 82868 
92750 78924 
30107 18254 
94070 38574 
96667 53392 
22333 32283 
34733 45877 
86714 79748 
11860 61946 
37011 83342 
6186 54938 
63249 42827 
45756 39426 
89466 73018 
2488 69539 
11915 68103 
12526 51151 
6987 91563 
46398 91955 
87409 9048 
32193 20854 
16599 23036 
42849 88709 
555 12749 
94712 96123 
64224 30553 
68670 80804 
85040 56942 
57451 36959 
171 70208 
63086 32253 
25962 44040 
17088 34061 
28194 46542 
72521 56040 
59971 77528 
21958 88508 
40408 47476 
28223 81672 
81770 71141 
15830 9451 
85305 21574 
60223 53435 
16724 66194 
29176 11484 
41157 85539 
76145 53525 
44360 57468 
58897 18305 
92055 74834 
58373 69164 
82518 53030 
2571 4337 
28858 75307 
58111 47872 
66918 18397 
38196 30921 
22322 98730 
89833 10004 
85908 80412 
65476 58749 
40656 90121 
54646 12727 
55157 91239 
49641 43153 
8801 79752 
46081 84546 
42068 77862 
33841 43911 
31659 17738 
16830 74535 
74662 27477 
11100 6198 
28578 54083 
9938 85424 
94712 84171 
71878 94324 
51327 52085 
82976 84653 
39884 57274 
68231 84905 
82843 47989 
78695 12565 
64656 66784 
60594 51106 
39012 94772 
20697 31858 
34775 76241 
38211 94590 
20746 52964 
37622 87445 
55023 88455 
29211 6823 
88631 16376 
44368 70863 
15057 4473 
41358 66371 
57397 85649 
33876 8366 
63084 71168 
99487 3829 
32487 27490 
57972 16851 
42141 67855 
70639 91022 
35995 82509 
798 96750 
48746 7316 
92917 36127 
94219 9532 
73344 56030 
98680 51624 
49069 91337 
84114 79284 
82593 84447 
9675 68159 
50828 4740 
60905 55333 
53799 22190 
35763 76207 
25005 73012 
14117 25195 
9410 92056 
13062 59533 
17370 76605 
24300 69472 
33156 89293 
1753 45315 
55325 4042 
17712 81929 
72809 48265 
34029 74835 
35389 96975 
41213 78394 
60147 30062 
2763 16311 
26505 72638 
4658 57375 
51617 207 
50678 95270 
5196 5341 
63029 281 
18225 90599 
44772 42840 
63574 73649 
35599 24138 
38175 64829 
45775 87365 
56224 4869 
84367 24696 
70752 31012 
7387 39723 
76976 73513 
99048 72811 
14983 71277 
65082 47744 
81582 35352 
60881 51993 
81587 82055 
99235 20117 
97311 3715 
82508 50017 
31722 44300 
82326 45173 
85487 99677 
46205 42483 
61058 67793 
45010 54945 
47968 32761 
87729 31212 
32677 78664 
20802 9875 
93600 93812 
98031 25379 
87330 44272 
54145 4588 
5651 66671 
40120 78260 
84550 54587 
81631 20096 
76244 90300 
3333 17499 
53158 4213 
21139 72841 
98800 27985 
42282 31768 
54657 44188 
28649 35954 
34517 25276 
72732 1732 
88038 97715 
7514 33138 
93891 63287 
21698 88187 
89522 58947 
79934 30542 
99294 39002 
53999 15279 
5738 18980 
55418 77043 
19637 29241 
22557 11684 
43861 88189 
55982 68301 
93117 19903 
14697 97650 
27231 9049 
82867 35001 
79077 7147 
91715 30774 
9954 78578 
34520 80656 
4983 2139 
43973 48431 
29013 24554 
10629 19364 
99550 96011 
8804 69718 
97406 4627 
61956 88922 
28013 66675 
23475 44821 
66809 22488 
70747 39671 
70571 34126 
10478 64692 
13306 80223 
71476 24472 
10021 95878 
17426 68924 
24675 10991 
46701 40205 
19585 99177 
58800 14714 
92769 61175 
57777 96172 
66965 31624 
31829 94813 
39489 16144 
95216 9809 
75620 36855 
3765 17342 
29875 88764 
58441 55082 
9298 86921 
92812 85366 
50830 14793 
99707 13969 
70828 67991 
89977 39136 
58989 24321 
91955 6418 
31198 61051 
94119 48853 
26250 83371 
5363 99161 
29917 24201 
57447 70886 
36485 24817 
2362 18789 
12700 8225 
63740 5300 
11939 12754 
85876 19468 
97472 62051 
86553 17606 
72849 9464 
60561 80692 
84714 9752 
99677 12615 
58774 39115 
91805 35460 
53171 5734 
37120 73290 
65179 67337 
72246 54272 
6929 99729 
24860 2480 
73764 40809 
30589 35335 
64884 68268 
31659 30438 
80074 56010 
42478 76357 
8615 94240 
11189 76006 
46886 51261 
28190 28339 
29673 1202 
32733 74350 
36911 41208 
46914 56744 
42313 74074 
22737 9159 
3305 37880 
22388 60433 
52671 22846 
64471 12174 
41518 27472 
59656 23765 
413 70963 
28071 17948 
30995 96981 
37705 2244 
13862 75006 
28219 86734 
20235 29846 
87758 67110 
44628 7325 
31733 33378 
33741 14727 
91979 59266 
72746 58249 
62334 25116 
4360 36568 
62364 27918 
98351 39533 
74849 36169 
59538 44082 
84575 54339 
60893 95668 
96119 72016 
14999 12794 
36491 86133 
51912 54695 
54884 1244 
54376 47790 
16235 32388 
12394 75176 
47896 57864 
98291 95316 
39448 95126 
30716 70948 
14539 1980 
91420 57353 
90571 37422 
82198 20307 
17218 51706 
61036 28320 
37903 13587 
76281 91269 
49781 24222 
25576 98043 
47200 11814 
2340 39535 
21232 48852 
56708 90134 
53582 84671 
90158 60808 
87024 40068 
23454 29913 
76512 67830 
26060 4110 
25168 43293 
71856 61016 
87615 12424 
90747 77723 
79445 91415 
18713 54837 
66093 81432 
9815 4410 
16979 34881 
62903 81937 
1521 85463 
33004 7546 
72437 33276 
42805 39558 
28769 58350 
83175 34806 
76119 21275 
93332 54394 
4831 97929 
41034 51050 
88211 86853 
81104 4751 
62312 22409 
56620 57042 
86458 24653 
21259 31233 
99357 17703 
3578 15645 
79532 52390 
4429 30109 
90769 76133 
17218 92137 
43347 3194 
87401 48485 
30095 51884 
82392 40280 
2602 31776 
25956 25435 
37440 83605 
62197 90794 
4809 97312 
53435 48224 
92773 59541 
83513 23864 
59073 10925 
33518 17760 
79498 25600 
20410 32332 
36886 60674 
40746 42435 
48041 61724 
41418 7205 
57212 51918 
47303 4464 
34244 76980 
11690 2129 
3115 25970 
19563 67900 
92296 98740 
66071 58459 
42203 44909 
52935 22427 
27007 56354 
94088 97580 
48153 55455 
98494 82103 
35152 84701 
2867 12101 
45583 69797 
59950 83181 
90683 98007 
49015 12579 
25534 26252 
64438 50141 
33550 9331 
55458 11406 
3830 17667 
35662 24091 
46915 96090 
54265 50502 
19578 427 
22904 72662 
32509 37042 
21474 4450 
96083 21993 
64417 25544 
18912 71081 
94928 15720 
11428 29824 
88707 4810 
62512 53276 
91139 43623 
51004 49608 
82239 44153 
25912 8505 
62202 33621 
39236 45667 
77060 16192 
43546 8109 
58766 38661 
72786 1440 
36873 11979 
9282 19928 
90085 49145 
2489 82931 
45062 41853 
45764 7128 
97156 13193 
36294 73012 
23204 51773 
40263 76208 
79970 53841 
60471 89472 
33562 74279 
56807 99563 
44879 14799 
1352 24708 
44084 58222 
59350 63017 
63115 91433 
74871 69932 
59431 46398 
5749 13693 
56447 28589 
96169 11809 
46536 95225 
97315 8629 
51020 91912 
46529 14397 
8215 55615 
93697 89517 
65378 44299 
19905 24287 
83354 59170 
27875 33969 
23683 84127 
96319 61834 
77173 78849 
81022 58685 
10156 26893 
14377 86371 
50095 58241 
1995 74932 
5749 36910 
40182 48286 
18724 28593 
81236 21703 
73069 40695 
54909 65874 
47461 57727 
13831 26967 
80557 78702 
8293 89831 
34263 99987 
11507 72392 
81954 77021 
10320 43292 
19067 41359 
48320 61924 
92064 45703 
58365 50312 
68385 58905 
49814 19628 
24818 35340 
22052 90659 
14605 38652 
60403 67169 
84674 8539 
33104 43832 
53489 21065 
48748 56332 
27356 7943 
52440 10178 
28400 68271 
35896 56964 
30949 27431 
11796 22009 
54775 72143 
55945 25736 
43365 18130 
52123 82608 
63346 47407 
83995 6113 
97209 85899 
6038 96004 
65638 78910 
91166 34914 
8035 61910 
96592 75426 
70249 17172 
11426 55872 
97033 52969 
49610 43309 
3442 41389 
30018 65569 
4144 3225 
41887 60748 
12545 34006 
28234 42130 
82637 23897 
32487 49302 
55693 36015 
44311 32100 
91138 72674 
49425 93016 
6417 77105 
35211 95846 
24156 89411 
28989 33573 
26599 99822 
49057 36923 
47098 19773 
29972 96455 
86305 21860 
42971 65758 
26804 83469 
70076 11006 
34022 5640 
6114 73063 
73605 68709 
56760 12291 
45797 29311 
72656 13361 
35935 59531 
9784 37633 
6817 78309 
34467 24013 
13492 27632 
97738 55736 
3918 1625 
88289 30143 
79988 45349 
35795 91255 
32568 1910 
77147 10850 
31484 1438 
16971 32742 
46810 53575 
10771 27091 
1329 26267 
74154 36822 
5710 68006 
74796 36631 
7734 58093 
95167 66516 
94799 50051 
63504 46459 
24973 7043 
38124 26585 
26043 14910 
95870 78039 
94246 98451 
19361 83800 
44851 59574 
99677 45809 
15209 2184 
71185 85010 
97634 7954 
73482 74306 
84190 79603 
91730 10922 
38429 73832 
61170 4310 
70108 4796 
34167 28460 
78116 10786 
98888 63399 
44106 41731 
7545 29611 
4727 43227 
19112 1305 
3921 83952 
86527 69641 
28372 97676 
21611 15465 
59000 88486 
52276 42571 
29302 78446 
46080 17146 
67376 60572 
11774 56811 
12610 56840 
6207 13553 
40332 70875 
67824 98831 
98100 68037 
69931 6292 
55854 11819 
37017 97765 
98831 34778 
95670 31591 
46893 24669 
37906 28850 
66860 62011 
59277 92671 
55463 54018 
96676 18569 
9687 71629 
31483 59637 
68570 11319 
42568 39402 
5927 71447 
90609 37315 
77004 54080 
90312 7077 
73728 77543 
80301 26388 
23007 12399 
31851 18207 
70437 34128 
47050 28251 
27821 19447 
84612 91200 
27043 63 
17281 68960 
15152 27556 
68590 98345 
45905 96179 
98753 42666 
71546 16553 
9513 1950 
15286 32530 
16052 99934 
9701 25974 
