93489 37398 
2045 18075 
40624 98044 
83495 25836 
43021 51754 
55291 83411 
86180 38127 
63463 55005 
88775 30884 
68487 98253 
90501 20448 
57017 80038 
5154 34203 
28504 99163 
75093 61542 
89418 44022 
88364 36130 
89405 37721 
22936 16139 
63543 509 
63908 94731 
2722 89995 
98968 67712 
60245 63291 
35004 83007 
16893 42028 
94502 97491 
68984 51156 
44186 70738 
74357 45507 
80340 32343 
89765 34251 
45372 69752 
59819 62749 
78349 96909 
72373 13709 
8645 80520 
78223 45125 
86265 20384 
83946 91179 
5023 2969 
65926 14096 
15496 73328 
20881 9885 
43478 99396 
63592 38967 
26679 34911 
6108 73874 
57478 22383 
4338 30532 
72770 15971 
37726 77079 
63312 45597 
95628 94721 
84416 88275 
80035 98847 
37458 60367 
98442 15412 
57389 95385 
12972 47565 
85270 25928 
32231 60538 
26846 45507 
80964 59033 
98250 86229 
59174 30630 
38172 11726 
7219 81214 
22155 91186 
26256 93942 
49174 90001 
64471 2015 
83226 85273 
68682 77289 
23406 90327 
18185 1726 
44785 51352 
3131 6752 
99363 61451 
83249 36768 
91488 22615 
64391 17381 
45343 74519 
60170 86382 
63467 545 
63861 76030 
34708 16065 
41771 18913 
87666 41774 
73455 86489 
1342 65721 
6427 59308 
78605 1739 
63425 71027 
60044 59035 
38846 64494 
5852 48020 
47596 47500 
1647 60800 
44406 38253 
50463 81252 
14565 46164 
97602 99275 
48071 42259 
97669 26500 
48339 35331 
73816 36690 
93901 84887 
38052 82996 
66962 50012 
38496 76430 
86166 94471 
74494 45114 
32631 42679 
73774 32282 
38083 8613 
57166 32492 
11807 301 
25862 10145 
19200 36223 
93805 92169 
88862 96779 
53526 77578 
17422 73894 
7564 60654 
61755 74935 
19625 21600 
56717 83278 
39685 98792 
73262 77182 
35493 20107 
36504 61094 
19278 37337 
56279 69029 
92919 77314 
83741 58411 
47452 96112 
96702 24546 
43502 98610 
33733 30840 
68078 64651 
42412 67954 
10138 5210 
80675 26285 
22442 57208 
11875 90445 
40408 13996 
63931 41892 
10063 80037 
80871 86410 
36634 32950 
81097 6827 
2925 73816 
50874 78189 
22362 47550 
43822 72537 
85406 19118 
27587 23500 
30050 98535 
17440 17127 
17162 17813 
63162 24670 
19713 76420 
10407 95492 
41227 88302 
40610 83832 
63299 83164 
4562 91852 
84606 37455 
3923 73208 
54561 36362 
42237 56324 
23616 97164 
62417 14628 
29183 16372 
11213 32174 
11244 38388 
22817 87427 
4941 81754 
93566 5390 
88793 586 
27602 8853 
76646 3418 
69385 33215 
29073 99425 
3114 56139 
25652 92872 
91405 33285 
83408 662 
45963 24362 
28677 24951 
71557 40006 
29725 73080 
1226 39248 
75724 80437 
45455 59815 
43984 58375 
10974 69053 
31845 58935 
5833 81965 
42226 20881 
36625 4662 
2532 37423 
20946 26475 
65496 65032 
83652 2047 
87485 74843 
78963 35885 
4903 33436 
82156 6229 
32542 88135 
24349 42454 
89098 23471 
1814 876 
14513 50111 
77263 67445 
81421 85273 
4736 52686 
18704 84544 
51992 34143 
58984 89028 
64721 44690 
93886 58869 
15419 1228 
70970 74440 
6449 17621 
94480 99899 
51563 48171 
98392 20276 
43116 63481 
44712 82923 
23186 69263 
62592 96877 
16024 40456 
84523 69599 
46500 57949 
54748 89524 
64653 3315 
81982 95015 
19975 88078 
83640 5547 
80714 68436 
21981 29327 
73276 23733 
63954 3081 
24716 57591 
5961 64341 
27333 14267 
92387 4336 
8553 89646 
22457 457 
81571 56197 
83812 81295 
72625 14305 
73206 34339 
69309 28579 
64774 26718 
11016 7036 
64598 72722 
47341 33530 
46589 48345 
23238 69337 
99232 22738 
10720 98515 
25293 49188 
96062 3460 
27335 34147 
48766 22046 
80729 81808 
43943 55752 
42821 93879 
83295 69446 
72017 89456 
61569 47738 
33752 98254 
55104 50301 
51694 71986 
67034 39110 
21960 53297 
49719 34247 
45766 39409 
39161 91727 
51606 78520 
78421 86741 
71958 41002 
77487 28804 
11433 14568 
55566 31441 
93418 82840 
38426 8408 
482 60118 
38221 70852 
30135 71661 
26123 55404 
72042 88426 
19120 21864 
75357 47941 
41522 20997 
15589 18906 
88965 47834 
89247 96076 
18155 64016 
61483 44141 
9086 93844 
67065 44562 
98174 73058 
18200 37697 
60474 56784 
4133 94058 
27136 73666 
76845 93165 
60199 46893 
4847 36233 
71066 89644 
42729 69780 
61236 22403 
8005 51274 
84295 52690 
78763 45045 
76712 3923 
25711 96959 
81619 79446 
70447 99721 
94586 210 
18134 27173 
93257 60145 
47206 85597 
73785 1964 
51370 2772 
6160 27960 
19849 51417 
37796 25279 
10687 82669 
20159 3231 
18909 27352 
6759 11411 
66404 8052 
72484 31672 
43644 93425 
34039 14483 
14695 17602 
9161 60737 
56440 82259 
38324 33780 
40546 56619 
6805 23253 
82406 91552 
47252 72266 
75170 67949 
73335 22490 
98914 6665 
93573 27977 
45118 77580 
81098 37777 
24848 58712 
29889 49915 
35359 12821 
10958 94834 
44341 68550 
52951 15092 
13606 15948 
10829 69945 
24746 52047 
53564 8364 
88135 41202 
97189 22112 
13624 87033 
33092 11698 
96375 48031 
53084 72338 
24503 67314 
52584 34501 
46536 28475 
1136 74173 
46186 94143 
5548 41672 
59525 31575 
55077 44670 
35353 80541 
30371 60995 
83439 72700 
78314 49886 
77248 68855 
3412 76532 
77883 40684 
3056 64070 
24200 86946 
78780 39642 
90380 40662 
88499 46680 
46741 93394 
65819 54283 
72147 35498 
21602 6371 
57107 87119 
60301 18220 
5503 73687 
88963 46089 
89861 81798 
70357 26790 
40158 16639 
73308 8419 
49422 70475 
3156 70866 
60669 3217 
53110 65321 
59263 30754 
3349 85654 
32319 14428 
8860 21397 
72538 45967 
59288 31965 
97684 26161 
64494 24837 
28903 42699 
18043 16612 
21156 62856 
17503 5164 
67306 70072 
75233 83554 
3685 89998 
36233 81948 
29505 71178 
30677 32450 
15014 8330 
27897 13605 
14077 22035 
25892 46244 
15657 37661 
5811 80430 
65688 38481 
4446 34434 
65901 3184 
9369 21010 
9393 76380 
61187 23658 
44092 62171 
55273 66148 
64718 75533 
71356 52249 
21464 33951 
23544 39451 
99313 22693 
15612 50381 
65792 21052 
6807 18703 
6909 34060 
41967 12465 
71114 34405 
76385 77190 
19382 82664 
30669 93428 
35811 60496 
43719 49089 
87659 21012 
53026 85510 
36287 33362 
20605 88092 
91244 74397 
40202 57231 
68535 99309 
6801 13370 
61134 5258 
2997 61160 
54844 87260 
58480 62060 
25885 73984 
68618 42133 
37907 22611 
16083 92369 
15588 46543 
25474 2549 
9617 47488 
95051 6482 
83533 24346 
91993 6405 
46787 35305 
67984 87374 
30320 96711 
50488 28689 
51091 12493 
91716 68697 
40181 41342 
12081 81780 
15461 25316 
57845 81863 
64281 23196 
3705 75509 
64231 14646 
70211 49473 
10764 67139 
93201 92493 
39281 86591 
77859 19234 
26310 4777 
93515 85411 
29444 91878 
16985 57500 
78968 20852 
12026 27846 
65452 51863 
40391 46569 
77025 49598 
36008 75336 
27683 94078 
37962 54906 
83688 96444 
70250 18284 
38960 85188 
76682 74392 
12339 85453 
67845 33350 
39699 74260 
13698 43780 
12119 57897 
20160 64989 
67636 84236 
60956 2461 
78628 72340 
97018 93748 
89425 14490 
4922 43715 
49488 81647 
53085 72989 
56362 42364 
9902 61562 
69537 87278 
41501 40664 
81499 36587 
58477 10366 
35434 96285 
747 37781 
60422 20438 
7565 21330 
54421 31389 
5789 90210 
82942 47581 
63640 45022 
77022 69522 
99491 35468 
7989 78429 
5606 14076 
88436 9247 
45331 1118 
98955 69946 
8847 45198 
68397 92418 
67420 66422 
41755 16776 
48975 24636 
54261 30494 
68854 63906 
92879 6586 
88790 46235 
67085 10884 
44406 2447 
29697 77510 
76957 96233 
85470 83720 
28574 18556 
277 90599 
11927 3925 
76927 54443 
45003 87471 
94992 55147 
49617 2354 
21535 32604 
48298 50711 
87170 69802 
58359 68145 
87659 12255 
74241 41744 
15066 67344 
49636 34646 
44481 84332 
39424 16380 
2405 76018 
38120 97506 
21131 6417 
56322 19560 
39783 35323 
9534 56823 
47167 80270 
54818 45166 
74168 29134 
99840 65024 
34168 12519 
26193 70489 
78783 24059 
14285 74592 
83223 58905 
30598 72011 
636 25919 
39808 4801 
28064 77468 
34025 54125 
7949 92234 
29326 71592 
48616 41059 
65794 47448 
84770 63618 
61424 49724 
14731 84584 
12566 58352 
45022 1960 
3949 61354 
44865 87356 
89905 76374 
63251 48297 
35039 10176 
89474 15952 
57398 71123 
44357 38257 
91 5268 
73887 77966 
68352 35342 
79551 37967 
8191 43772 
60417 62046 
70081 55759 
60818 88314 
96513 46574 
14495 64608 
95808 18362 
51150 70463 
16222 66096 
84564 28616 
14181 79756 
32808 30498 
18365 10364 
30528 44820 
27433 61219 
80890 26099 
43300 52470 
60500 90842 
34198 47118 
34452 83138 
42148 19599 
60625 8498 
97991 94312 
62473 75078 
83815 80725 
27740 44754 
87381 84194 
46907 63076 
26064 77147 
39639 6696 
78860 74001 
30098 59676 
54182 64993 
22709 5916 
38431 29042 
98825 3979 
15751 63829 
1694 92693 
22930 42477 
2236 61188 
5021 30520 
41369 5374 
67096 74299 
25946 84415 
75424 2487 
14875 85327 
47400 66141 
69551 1637 
83734 79484 
58485 32876 
38661 13572 
99840 15702 
94385 38063 
97571 4593 
4454 2501 
76956 30259 
97474 97835 
53531 77350 
87324 41344 
75783 39519 
18946 83699 
66447 29510 
89836 45589 
49815 44736 
26502 53153 
93235 14656 
62459 56397 
9779 85278 
59723 82848 
66061 28247 
39313 99887 
14280 97213 
37935 33513 
20772 92590 
87783 18742 
94720 37268 
24334 37399 
30128 10521 
63028 32771 
61775 35071 
49882 77375 
1586 63174 
83396 10078 
65684 61563 
25485 51826 
24409 52258 
67746 55473 
7615 26464 
95980 44485 
75861 12191 
727 47759 
24382 42694 
14439 43344 
21258 42520 
16986 82556 
93768 20628 
40307 77789 
67634 35996 
20361 2274 
32733 80088 
89887 68085 
55799 2698 
79047 19905 
85757 92950 
92696 6370 
541 15598 
62762 68248 
25595 94271 
32198 13286 
13747 27967 
12928 31233 
13706 24809 
74436 39392 
70207 37992 
61882 38958 
92622 92841 
13073 5500 
866 1015 
42130 33107 
7519 68171 
84365 1069 
23283 14771 
51664 34363 
79269 46200 
30576 84813 
44076 28027 
66355 68481 
76210 44969 
15350 56640 
93111 47998 
15436 32646 
56940 23056 
19565 95086 
74193 46945 
61095 8756 
81361 31223 
71163 79367 
42042 93339 
48192 55284 
12270 35692 
87508 40203 
40308 57983 
15110 34344 
54735 75953 
33742 8544 
60387 70475 
81768 55615 
5552 44994 
25697 56345 
5817 26419 
55797 43755 
10018 4833 
30848 48526 
72010 70762 
22906 60942 
48305 75254 
45842 50269 
76083 7645 
12450 41199 
98704 58630 
54107 58769 
96565 12172 
54210 18129 
49978 88730 
92064 53611 
7737 44480 
67411 52702 
60127 16395 
77449 84887 
18368 91491 
47987 92739 
83799 69977 
78276 43204 
49628 86760 
45110 20735 
15629 53429 
25933 80729 
11917 83784 
42992 71660 
21767 69940 
955 77402 
65409 83183 
88997 27367 
56863 84005 
44963 71463 
74044 39128 
34047 19272 
88773 59816 
77304 98433 
87760 95423 
76367 95922 
78248 38870 
19897 7687 
12714 26611 
24565 37110 
85879 44681 
58803 50761 
54260 84514 
21070 21162 
3558 27495 
96042 60542 
42462 75589 
91951 77055 
32723 86880 
70155 65461 
74889 19489 
14114 77982 
56650 35105 
49049 7853 
36473 64221 
15910 58035 
79068 89183 
23620 60613 
81184 58297 
52162 58616 
26338 4469 
55686 61280 
85299 5259 
19628 36242 
35499 87713 
58736 7714 
7021 50977 
3916 88366 
75404 52451 
15011 84481 
12219 79108 
73860 78868 
73251 4628 
57439 14102 
51051 15103 
64391 69844 
43748 71339 
69933 52301 
95239 64155 
13894 91350 
43185 10582 
84569 71395 
70764 33488 
47085 5725 
95687 64924 
79163 965 
45734 14355 
19416 48140 
63898 46940 
3761 19948 
58207 24162 
64029 50023 
61381 69358 
89554 19294 
93726 34089 
7262 76981 
28979 57763 
18739 79326 
47330 32608 
43742 37879 
22415 8773 
58837 30938 
29811 288 
87060 46704 
83402 81565 
89989 94789 
2981 96271 
37064 43863 
91509 35659 
78740 17613 
53717 81820 
29764 8544 
19066 52823 
76830 49797 
41540 31324 
60886 18796 
36373 6019 
48507 33370 
79511 6144 
99075 40958 
39464 63262 
54874 94530 
33189 91707 
29769 55081 
97708 39284 
48797 59868 
47438 23225 
95761 47979 
43505 32905 
58871 40417 
35829 50430 
25457 30559 
51339 12989 
65982 52667 
92413 16725 
64858 61065 
78468 40883 
956 70692 
10634 53136 
54271 80872 
64493 42226 
16834 28532 
19137 12449 
15766 94480 
12101 66018 
14273 16956 
69246 93939 
42405 50344 
96218 93849 
23596 43764 
33871 34063 
5239 4179 
73861 87163 
72003 51759 
2614 63521 
19110 71383 
91941 85458 
89457 13531 
82837 56073 
33257 217 
15290 93316 
31772 47196 
41464 19495 
37758 22388 
22168 19140 
24401 22228 
47267 4075 
1798 62666 
39535 53499 
55456 49523 
98424 29036 
84813 14183 
15323 99975 
71461 74845 
45091 52268 
86494 11056 
50010 96390 
54372 19780 
41777 33777 
26683 54961 
34730 89314 
83356 39353 
89264 68228 
71179 77325 
68199 49741 
9866 90437 
50861 86972 
44459 43742 
49731 42820 
99519 30105 
52736 54959 
95333 32287 
70590 89545 
19284 88055 
3109 12917 
6557 42347 
50955 83271 
73519 82257 
90060 40196 
64407 15615 
94765 48975 
17341 71958 
42726 38651 
29240 75894 
59710 58130 
873 67192 
65645 62984 
73048 19342 
64620 37091 
22871 38925 
81015 47905 
75033 11804 
81537 31888 
97242 98980 
38643 7520 
91206 74874 
84725 17308 
60980 43896 
78332 7334 
39033 67321 
53884 63162 
77029 81833 
54484 34256 
63141 93522 
53834 95629 
10583 86694 
57689 15001 
73104 95549 
37938 16562 
82357 48586 
93046 58273 
69313 10544 
47525 68651 
27324 14762 
1 21132 
97965 14 
4585 59331 
12445 40197 
23465 24919 
1165 82713 
19989 81330 
91905 91917 
70962 71142 
53171 27722 
64518 92739 
3371 76252 
15595 32713 
98797 89389 
74951 44510 
33787 83117 
29575 20915 
34979 90755 
92484 68250 
8225 66497 
58097 53512 
1533 87116 
55743 62225 
80296 5247 
68311 74360 
72110 66363 
95666 38452 
27656 13374 
33172 99947 
61373 67726 
4504 18763 
81106 93918 
34916 93224 
89400 25585 
76218 92756 
40807 55585 
97942 90126 
69341 69966 
40534 75492 
58129 36281 
85858 29181 
9338 40381 
37926 27855 
86642 2660 
22461 59593 
44721 94639 
7779 27454 
30777 19863 
21411 28178 
41502 19278 
87020 2954 
45659 10551 
34372 70567 
37182 73255 
41460 69733 
66633 47408 
52381 57047 
9878 21532 
77126 29760 
72005 48230 
20206 68436 
91799 40206 
3845 23572 
7499 67745 
48475 2389 
68075 99812 
48349 47246 
25966 5317 
33318 35517 
26960 58453 
39156 72269 
20838 72660 
18309 91716 
52427 21388 
10510 31171 
56862 90710 
58464 92091 
75163 48724 
97623 56836 
26614 9794 
71056 86867 
22989 17845 
20514 88371 
86324 72239 
83024 94689 
36710 72235 
78674 81418 
49511 61554 
9734 99679 
42421 13309 
3863 85817 
41962 7334 
24858 81661 
96281 16924 
43267 78486 
46551 40030 
6139 79935 
42764 81185 
70308 64434 
91430 14705 
66807 15992 
52412 37199 
45362 83784 
60099 47945 
7411 25566 
30104 79417 
73643 87691 
26874 37041 
47833 75400 
9850 97202 
32538 71060 
46262 55604 
24249 65134 
77133 14261 
65637 74949 
49775 44727 
60802 39689 
84810 67592 
65742 96540 
28673 43870 
50760 62559 
53591 82571 
94109 69583 
6182 30570 
6907 25372 
73113 25837 
8189 3187 
27671 63150 
65954 94137 
44610 42602 
95144 91866 
22334 45545 
56725 17558 
31224 10031 
33392 34714 
14868 58398 
66875 47801 
6938 63334 
29448 26616 
90675 25558 
67928 49108 
20174 76215 
2340 9368 
43108 10133 
83374 94660 
13059 2303 
12844 95613 
56259 59221 
9619 77052 
62373 9226 
59818 3475 
1821 41476 
24525 82804 
33204 61952 
90907 64780 
53540 46642 
43325 6272 
61317 37050 
99859 94759 
47756 41196 
6677 3367 
5253 74500 
7746 36127 
43567 99238 
10613 10458 
34183 98702 
50343 15416 
61119 52778 
13155 78864 
42522 65322 
18919 74467 
1551 30552 
77364 316 
7319 15610 
26737 64962 
77090 79505 
35590 23785 
29449 44845 
98491 18890 
4836 88096 
84674 89058 
24613 16524 
4975 32841 
42735 55551 
46897 27466 
55162 78965 
90235 29009 
71259 76208 
56403 5143 
18769 65936 
63474 80805 
49315 33100 
55897 9213 
34948 87974 
52972 15966 
97894 19914 
13362 2292 
95461 46017 
44295 35050 
89972 35465 
93568 95700 
69601 24003 
50050 8210 
50191 19823 
44141 16767 
80384 42068 
83449 38130 
92816 26241 
80949 70630 
92667 76985 
32967 2034 
51508 48022 
82580 21913 
79191 81489 
60331 10625 
79402 44458 
28675 46664 
55583 59127 
69133 46882 
23031 34996 
41876 29970 
325 76264 
16308 72579 
98592 55758 
18162 9609 
699 17905 
63769 15423 
24082 97561 
55335 91149 
90740 18956 
92438 74710 
85812 69585 
14422 84880 
72194 27570 
25956 8382 
42821 57812 
73760 39968 
34512 82226 
36336 89374 
97699 72394 
60527 76222 
14884 9168 
28813 44149 
87340 3084 
69486 38865 
64340 71861 
28176 11304 
72139 26867 
3709 26701 
10921 29083 
13825 83144 
27144 36937 
97048 69066 
35943 83320 
75838 18109 
63693 87157 
3107 51956 
4376 26085 
89305 36950 
35025 71147 
60499 18723 
15335 11799 
29191 40541 
4417 80136 
69141 95723 
63722 16904 
73004 12216 
79324 8719 
37357 18320 
29009 65803 
63520 92529 
40070 2666 
84546 57619 
32204 30314 
28851 39319 
16586 67912 
9203 73339 
26993 34242 
82093 10976 
91716 84883 
57028 43195 
16093 19733 
47847 35796 
34608 97284 
48915 44197 
8811 57039 
87866 55321 
92710 69498 
53572 86252 
60844 4339 
23087 54541 
95871 31744 
14542 23446 
62325 49255 
74333 16871 
51084 57110 
66390 93426 
65132 88704 
68930 66766 
31367 39633 
99821 60237 
65475 28727 
85515 87893 
87314 67539 
60501 61037 
82784 10938 
34307 29728 
34817 10806 
91331 82054 
902 97225 
95086 40478 
97487 67171 
52962 14200 
62606 69357 
60172 89225 
7279 35741 
82293 63709 
33470 25122 
54645 65164 
91849 12325 
73736 18210 
76090 77657 
31091 66852 
2144 25658 
93006 93609 
671 89581 
61126 19329 
58752 58625 
58197 12183 
83020 98611 
70971 82029 
20526 23653 
47925 87276 
65925 16258 
93347 35348 
3987 86397 
21281 14971 
84968 6280 
32936 58785 
7042 56855 
59381 98152 
84770 74517 
67705 38517 
15508 92079 
63271 53335 
16679 26738 
33331 67322 
95982 79586 
67941 75651 
33941 76168 
63006 24738 
3549 95643 
57234 62391 
25341 7309 
79883 50330 
57868 57547 
89404 20485 
53345 27712 
64436 47979 
66128 14040 
68084 8317 
87758 64332 
43988 84075 
96408 43018 
18446 87259 
50915 86111 
76680 67491 
29945 50651 
53299 83325 
15404 59428 
27148 24255 
45835 91071 
38903 84323 
20368 68060 
56169 4790 
16669 50762 
95268 22905 
97369 54288 
71543 86616 
18640 66796 
90686 20898 
21848 62792 
12479 60414 
84615 73050 
15285 95322 
31198 93980 
64748 12334 
53699 93552 
43350 51461 
75453 98383 
28867 40437 
95813 27090 
19186 13397 
91621 68766 
88588 68169 
14782 92226 
26294 67398 
17667 11585 
51944 42750 
58469 26865 
24614 18534 
87172 4440 
62132 31376 
89459 61504 
65607 85928 
70670 71163 
492 53113 
94812 10311 
19942 87027 
54696 31174 
28836 9389 
38397 49173 
77550 86282 
74542 4757 
43423 963 
84334 74858 
4820 8626 
41752 80887 
37812 44265 
45041 64421 
68684 43154 
32363 79256 
96877 24998 
32424 79002 
62379 87371 
26906 63129 
69251 51896 
15698 81162 
92633 7423 
18196 84687 
90456 98520 
14387 59881 
13058 14689 
27908 69476 
53984 45990 
79994 82378 
13492 84125 
97968 71621 
52609 64545 
44859 16876 
87 64759 
47768 56441 
37176 96810 
41741 95469 
25874 57710 
13230 92094 
65147 30680 
22606 11220 
56602 62144 
8718 56910 
36168 74686 
30178 68629 
81596 14545 
77826 94042 
36907 73764 
721 31629 
4404 71685 
24064 70078 
42459 28287 
1614 38225 
73010 12702 
37432 19255 
46549 4277 
32204 75943 
34356 60661 
57933 79915 
17826 47665 
41457 37205 
22969 48996 
42003 54846 
4500 40510 
40942 98789 
18424 83218 
22908 52141 
34587 62055 
16632 94510 
31439 73294 
81098 88230 
84037 42507 
68071 75252 
3353 37061 
65550 59712 
10001 22452 
28393 75510 
28748 97 
32104 15630 
71507 55766 
43732 30566 
35994 42412 
89818 86836 
84813 18945 
15524 13450 
85475 67372 
71347 54085 
85693 14711 
34220 85823 
70260 93231 
68372 61488 
95937 82820 
57932 81918 
28986 92666 
98090 6984 
16316 55928 
14518 69693 
5727 30712 
91775 66450 
93282 23431 
30627 58320 
16599 76476 
21435 33111 
31680 91162 
16225 46162 
7881 89032 
5577 78869 
50715 49829 
58099 28376 
15405 2882 
60095 69210 
5460 90090 
880 8282 
59997 63372 
85295 88320 
21165 27164 
19078 81634 
38714 87458 
5077 56054 
12624 22849 
8663 87945 
96664 50209 
99283 43395 
85875 17853 
51691 47994 
89154 22438 
95240 18048 
44501 12333 
32501 31664 
68949 9859 
9492 76804 
47783 57506 
9004 25249 
58400 69147 
55757 46329 
92990 46261 
67555 92372 
91202 1303 
60118 58990 
19052 15625 
14961 47647 
33556 47708 
49454 35396 
53904 99003 
86103 87241 
19500 39265 
4146 30261 
52739 91065 
70711 45460 
60166 74003 
91051 23248 
99464 13176 
87809 71511 
11737 23561 
17781 61437 
68601 92263 
61321 45575 
11870 93906 
74287 85037 
69921 91003 
75388 78335 
19345 90716 
52770 93014 
23047 52230 
12883 63097 
16705 64781 
61937 30243 
34330 45442 
5658 74646 
60665 37843 
76614 2846 
73226 28311 
50020 33973 
90039 34244 
88725 53356 
70463 61075 
65982 83030 
25957 68786 
50673 52333 
85259 36708 
3766 38624 
24150 66190 
27116 88085 
13851 14765 
26106 19625 
64042 12536 
96162 61135 
36608 71773 
19849 66598 
84445 64092 
66011 15067 
25986 6084 
15377 98026 
597 63903 
98032 60397 
62593 60060 
17361 72237 
62323 41553 
52325 73109 
31644 47493 
75366 49210 
38082 96463 
96748 74493 
97039 99148 
47820 71360 
34667 90140 
45458 23932 
75365 64306 
37868 7481 
87312 97761 
17954 81277 
57069 31229 
4619 28960 
79993 94468 
34657 20438 
47062 54402 
78303 12420 
80667 76790 
90031 860 
22042 1462 
32867 87920 
1228 44559 
69267 28489 
26777 57713 
94500 76863 
16943 93728 
99543 62899 
56627 51087 
89626 88743 
5129 95466 
51874 52203 
98573 85477 
60875 70883 
87846 61942 
34576 2396 
28011 95310 
4531 30293 
88354 24159 
44341 12768 
83574 59254 
8003 71796 
36125 72260 
65967 34024 
67264 35957 
90804 21561 
80154 33676 
36727 30766 
42137 9705 
77574 30180 
95343 89508 
16421 54956 
24829 58884 
56657 74439 
91726 54548 
29105 62019 
95170 85145 
2741 1908 
61295 71310 
67525 26218 
70162 66160 
67090 87511 
22196 93478 
76268 36944 
14587 19853 
63867 96197 
45059 59155 
54644 82558 
85506 93012 
6078 70865 
71237 79296 
45321 53432 
32911 12153 
69647 89677 
57695 91734 
99715 20824 
3813 59541 
89140 61910 
8345 56170 
36170 73232 
22006 62257 
13639 56468 
76576 90534 
31926 16863 
40800 7194 
76314 82221 
48740 74093 
14901 71861 
90961 19878 
56168 64281 
43372 67707 
46294 20935 
71150 70011 
35509 85390 
85910 26624 
10042 92023 
53107 91605 
81634 86526 
43660 6195 
50121 81641 
98852 30633 
6259 45898 
30805 85908 
21729 50546 
12178 58044 
81204 80444 
18188 62130 
47353 48367 
71680 11077 
13853 39000 
7663 84948 
93747 48834 
17611 50725 
10895 81249 
55767 39493 
10820 2247 
89814 48274 
83874 61626 
56477 97152 
98474 36835 
38991 38778 
75052 62286 
17818 87041 
92376 65632 
58604 4380 
7112 44300 
92104 63143 
84713 80524 
9629 75367 
85207 11208 
44545 67499 
20919 40092 
35472 61840 
4877 4071 
70021 14835 
38408 82906 
89285 53898 
44344 72166 
92760 49023 
38312 22910 
20955 53230 
44704 88461 
8708 46770 
6258 8524 
96035 23989 
6537 4015 
55340 68914 
23184 52118 
43885 75860 
56438 60432 
18684 84729 
32219 61495 
57273 17201 
61993 4535 
12332 19618 
52636 30022 
90720 41140 
98720 74362 
88180 1602 
56899 67052 
29852 32544 
97477 50670 
63695 6974 
51819 75268 
29005 8715 
25863 93042 
75447 30527 
29834 6610 
39377 31741 
82131 4780 
93682 30736 
81421 53402 
74975 55363 
5111 95687 
57712 25291 
84671 56340 
88624 94262 
28684 36910 
16863 37362 
13031 35961 
55309 28663 
34296 26962 
86773 18002 
27228 79262 
85111 82122 
80050 13074 
55789 95062 
42401 38071 
13008 35423 
9881 37023 
1232 24022 
86447 20855 
37801 64441 
71322 99556 
300 41119 
90597 84564 
7430 14880 
95399 62578 
45370 44168 
78245 58181 
72954 51777 
17147 33223 
98466 51469 
43038 54608 
58452 46657 
40276 98957 
44663 14179 
32247 52524 
19113 90223 
74503 7858 
29178 82554 
76430 54861 
84783 43494 
99052 13203 
87938 51443 
31413 55544 
11233 65259 
30860 26510 
6368 35430 
23588 71125 
86412 78743 
983 48176 
66173 49001 
14560 18953 
63952 65387 
67730 69849 
64884 92153 
26147 48532 
21196 98620 
20042 67672 
17928 66804 
91762 57694 
64000 55518 
49615 30550 
77990 74422 
25169 50235 
25594 69239 
95310 92562 
31431 70245 
22659 16652 
31750 10132 
88337 63685 
56524 74491 
39634 44621 
29536 8395 
51752 77940 
53290 65950 
7637 90864 
1911 56196 
32765 3131 
79677 8344 
82826 71033 
15436 52121 
71388 81292 
53860 84843 
41917 49258 
73358 75860 
33930 93998 
7430 41140 
66610 34012 
71342 6012 
64855 71678 
99233 62463 
82518 11900 
78106 18904 
35530 91065 
24622 34920 
43597 76057 
88233 31309 
93356 29931 
79891 66564 
78124 30758 
19424 74963 
39828 73242 
66661 68580 
37200 78897 
51450 15756 
91005 89873 
45975 21966 
11833 23983 
29087 55511 
98939 24035 
76875 80113 
9582 43274 
76271 79213 
37555 70538 
99218 82677 
6803 13706 
93773 35610 
81507 28040 
45507 81111 
17495 97253 
37626 64043 
31526 49425 
91498 1284 
44779 17350 
596 5429 
64774 33442 
80344 93537 
6006 83039 
43951 60260 
13717 26755 
80050 45604 
47525 42456 
51786 81527 
2039 30535 
58995 58760 
90120 72313 
5189 15447 
91109 30746 
89302 12604 
71133 35023 
98498 27898 
15509 96254 
12800 68860 
74287 60081 
44920 79433 
11161 13909 
29366 89587 
63230 31374 
43777 36787 
64536 54731 
92391 70193 
59804 87040 
6646 33743 
36496 90353 
21159 12639 
33073 63523 
64653 19269 
39252 3852 
64881 89224 
90104 40464 
4201 55806 
69978 64110 
78170 72346 
84537 68069 
3376 55594 
29587 57847 
92705 30625 
83941 83596 
66317 67937 
80178 98471 
94866 16779 
61990 48598 
77801 55294 
19685 55879 
44094 97645 
6460 63566 
25320 21077 
77230 76347 
91742 1737 
59065 41610 
60903 77065 
57703 86662 
85194 84731 
28160 47818 
99968 63305 
89082 1629 
67002 38261 
40311 35946 
79440 58405 
51008 79087 
3822 92431 
21751 39054 
22435 43107 
88134 91586 
4895 87415 
25748 95752 
81750 5021 
36759 8864 
14866 14553 
46892 18692 
59433 97424 
18266 10256 
90677 52324 
88307 36935 
24700 90004 
77880 71184 
97325 47589 
72831 68847 
77468 74450 
72259 92869 
82227 17492 
14153 7156 
29759 12766 
34431 69394 
12985 72413 
88931 22819 
2250 41210 
69606 11278 
88290 85369 
75915 19326 
58229 67746 
60358 69684 
56746 58235 
53081 94099 
22229 25893 
84713 30409 
3375 60199 
68792 88616 
55601 72877 
75642 71799 
88575 38825 
28008 33896 
86286 44955 
75490 5722 
49281 29121 
59556 22997 
15066 7824 
63839 45753 
97114 11004 
55472 67167 
45549 64989 
62338 71692 
73271 90546 
98444 17277 
10155 11986 
45003 84574 
44921 5399 
18353 57182 
89367 49357 
7513 71305 
52885 79789 
43944 666 
46525 92257 
74006 23055 
45349 79462 
40632 48583 
25407 39591 
44899 76568 
57392 41979 
50466 87857 
82886 90566 
14249 72517 
21076 82757 
75259 38976 
53907 21558 
10159 50037 
15885 2224 
68909 83613 
71068 61170 
36762 21602 
94263 44513 
29915 29028 
86058 26389 
21279 97357 
42017 83046 
10114 90878 
65226 7718 
94689 53068 
58364 33439 
80656 1085 
56536 16180 
59503 60819 
65371 19083 
21212 72401 
50190 30083 
23177 26603 
81567 39812 
23464 76304 
80166 4446 
664 3938 
19481 19051 
24858 15876 
38951 30954 
14640 77662 
91883 29819 
13669 299 
2731 61358 
46895 37038 
36486 24984 
71361 52600 
89293 32197 
19427 82308 
93873 22175 
43280 7307 
95926 53730 
8741 33855 
98427 18719 
53697 79637 
89561 50982 
21872 38078 
67012 37006 
6191 12864 
46442 69779 
87654 89163 
95186 25671 
35424 35511 
63569 85675 
41738 10858 
95700 66988 
1289 85001 
89200 78651 
8885 67407 
39062 65853 
41475 79407 
44657 61493 
11050 97781 
80910 20763 
23445 43953 
34723 74712 
54760 92351 
85991 2173 
61852 23887 
68876 85930 
76322 56131 
83476 88616 
92404 40387 
40643 56598 
48353 27750 
13407 35994 
18201 71126 
37323 63944 
76171 48274 
49024 80413 
69553 62141 
77360 91045 
37544 99033 
4740 99960 
43290 2657 
97616 22911 
44323 52593 
64541 85816 
12595 19481 
37830 11469 
29473 5997 
90558 98085 
23363 72641 
94503 97345 
88012 90446 
96590 6749 
18101 58876 
41501 1323 
25381 76523 
96346 43111 
53396 54645 
39619 23385 
91760 19140 
61155 12145 
1957 55281 
82387 12213 
5839 11308 
46931 41128 
55242 91936 
50379 93044 
96565 40915 
75140 64946 
67705 32950 
71283 66781 
16379 69607 
77545 73466 
8658 1297 
8015 18227 
4462 77951 
39497 71373 
12771 64744 
22121 96358 
3499 45996 
1525 25844 
45234 80351 
84752 54511 
58484 63383 
4003 2468 
22581 99976 
32464 63377 
51074 88146 
84658 14791 
55206 68404 
90120 34698 
48014 98336 
63672 37888 
2576 70755 
8146 18552 
67147 5618 
76167 61333 
57162 10805 
86419 62123 
89522 24976 
36811 81981 
98107 26857 
82048 42830 
71117 19669 
46336 61938 
80635 76819 
23310 13737 
32698 65576 
74715 2112 
52230 49104 
77014 24096 
31315 4076 
80774 6737 
11593 81018 
41555 2950 
41974 77597 
53002 39265 
51389 91262 
62916 18656 
2970 66976 
81322 95003 
50815 58186 
95899 52243 
3434 74781 
94592 40906 
8983 454 
57844 47478 
16567 23717 
23601 97898 
35157 41738 
47088 25541 
7119 64270 
74323 66117 
36834 66093 
23455 77200 
66594 10732 
21199 18487 
71713 95659 
73025 70360 
54720 49730 
55208 12985 
54538 47318 
4448 35908 
50684 90423 
46498 99016 
34860 49956 
49079 19709 
42662 50493 
6336 18269 
86709 28964 
62188 13673 
9142 97065 
58146 25457 
76204 89625 
47520 3765 
70577 86721 
52408 79324 
98117 56028 
52465 97857 
14863 73718 
85163 79315 
97403 47136 
6104 21313 
25172 80578 
4919 48294 
16711 96669 
97400 93187 
63648 50166 
17694 86706 
35893 48430 
15795 20947 
89485 23421 
24980 48570 
94534 83710 
1484 76589 
14901 11859 
54396 14697 
13497 62434 
77628 42046 
27528 59005 
67775 63516 
56532 84660 
61768 36791 
32723 9883 
56475 64912 
97928 4095 
78716 65500 
94329 32709 
58664 47454 
87252 50255 
22180 48694 
77393 61935 
58352 14406 
27180 40921 
37389 24221 
21357 56768 
50929 8922 
5428 91512 
21993 32503 
97243 94322 
84981 53800 
46815 53045 
67485 23402 
27340 41529 
15151 16195 
76459 35294 
88433 47628 
70919 74967 
25798 72686 
10132 96805 
11772 20554 
4477 42721 
10237 75071 
12781 8402 
23423 71349 
50040 87442 
15315 42299 
91237 21831 
94517 15303 
30034 74734 
86086 28920 
12126 169 
34469 12247 
52238 96004 
70361 45445 
60995 91657 
43191 98951 
53338 39926 
67889 31005 
83671 53580 
59688 8397 
54596 51655 
33946 3707 
75873 57846 
29319 13809 
8154 23933 
72079 39064 
12080 34903 
36978 60338 
37476 89219 
75788 51908 
29684 37629 
78467 72290 
462 7003 
3912 82158 
9436 31839 
67324 48791 
28733 65423 
99462 9846 
18207 45058 
99372 85769 
21613 41342 
86700 49786 
5065 30180 
22250 87159 
98322 88011 
6199 1285 
66709 25680 
82208 53210 
36888 44476 
72672 53267 
23246 18993 
45406 58785 
53302 85854 
65324 70225 
70351 44723 
16004 59558 
99435 58629 
85489 9379 
98814 74310 
98301 88974 
83217 70097 
41335 44426 
97488 78798 
75186 33894 
39610 26119 
44384 96281 
80660 71343 
172 1784 
5880 36301 
27621 96202 
5858 61115 
25275 17362 
79695 30763 
19959 31678 
73109 75206 
12001 11583 
63544 57616 
36821 50482 
21663 30220 
97716 90854 
24019 55307 
71610 23273 
65201 60157 
14659 99371 
19457 18961 
97824 90138 
31540 32243 
83853 12467 
74461 4862 
16598 41470 
97854 7355 
31206 23864 
4821 42222 
9412 8569 
37421 26661 
98038 14718 
21347 46363 
80763 64350 
18920 31135 
43323 17349 
66128 52468 
538 59564 
24285 45579 
59892 11538 
59737 14038 
80873 44908 
76135 83792 
51884 16302 
62895 35181 
47251 54422 
90802 56528 
45692 65014 
81105 30901 
88616 50561 
97957 88888 
31676 76772 
65785 34498 
96257 56338 
92869 78775 
58913 61911 
90402 96248 
26236 24916 
12293 53070 
30247 24530 
5126 42475 
45122 22059 
50026 3150 
69899 49952 
98524 89181 
43801 21809 
53117 6406 
60910 89983 
19810 29360 
29118 40802 
64778 65390 
74682 83871 
40154 38139 
28126 61603 
4984 21236 
39875 77859 
56588 64890 
64705 20441 
4799 22997 
22939 31217 
67003 6451 
93316 59760 
35427 59536 
17529 21647 
69762 80596 
99656 70951 
98023 85612 
65088 87943 
66447 43898 
2974 77671 
65250 98803 
53851 72815 
71253 23124 
19826 35131 
90637 48904 
68531 53746 
55541 54298 
74026 45755 
26709 86449 
87974 74786 
81074 48580 
62556 16583 
17953 81978 
53025 17176 
438 29099 
12207 8826 
59585 72718 
51883 71678 
28184 7877 
86718 54956 
38179 18293 
95211 517 
11186 96993 
29170 43719 
95144 72114 
78256 1817 
51740 73113 
49407 98465 
79075 100 
52266 14424 
61925 39547 
91250 99189 
77996 3343 
52442 26009 
52730 54952 
39266 23664 
47504 26395 
54711 72335 
86471 22841 
49860 8070 
75836 57776 
58583 40583 
46009 61025 
16457 52493 
51870 54385 
18347 14637 
99289 95132 
3532 21704 
27078 46421 
69880 25194 
62713 45351 
9269 16587 
87448 4474 
25339 92614 
91860 527 
41594 16631 
76384 75419 
32989 75393 
53075 98766 
17368 18851 
34608 18759 
24441 62142 
54436 58673 
19491 23550 
48075 49 
96568 69971 
39622 30375 
71689 42301 
19920 23049 
356 37166 
73187 60465 
15748 28540 
7443 7249 
33962 23053 
70769 90011 
966 56170 
90164 42392 
62242 52930 
52737 29765 
20572 96551 
59946 76655 
10021 70972 
24802 81720 
54906 69282 
49217 20119 
1357 88983 
14095 1144 
6091 67158 
38295 70158 
42074 43901 
14249 18251 
33998 80690 
7838 90413 
67840 1941 
17971 63629 
28239 72584 
27434 99968 
5027 72254 
40648 66573 
75973 77575 
96342 54380 
16646 18023 
63485 20476 
10281 27983 
77409 25203 
30612 77849 
49696 34396 
48888 30420 
90166 9643 
72602 35348 
12266 14956 
57974 43994 
54130 26988 
50775 99837 
36797 47715 
869 35443 
98322 83453 
64622 85997 
87947 72148 
56373 11557 
78016 12074 
35202 5407 
52998 69369 
16483 54297 
64742 19309 
79049 7844 
1040 6760 
98279 8997 
543 94965 
72988 35236 
61314 8613 
29753 1036 
32520 67104 
82150 76151 
49211 46960 
94322 81375 
68669 8570 
48442 33727 
93448 71707 
43816 26348 
21031 26772 
61737 44926 
42942 24222 
14687 42098 
27162 93365 
61045 13998 
56892 3520 
7218 49048 
65955 95468 
37945 48054 
6582 79185 
12486 46801 
8810 15070 
39530 7638 
42432 70154 
96855 84848 
72184 68247 
93135 10181 
4794 33537 
78759 89494 
62526 60846 
118 49236 
82033 32574 
57545 22377 
29618 42271 
70950 17380 
44385 77904 
79131 70972 
69340 64006 
98890 45673 
7122 61263 
48256 96481 
41859 74526 
94503 97569 
1534 25764 
22092 89490 
96287 7234 
28294 80168 
57251 41891 
44957 8783 
17788 43053 
53713 60698 
24405 83365 
8934 3710 
38180 54335 
7805 1113 
89166 21993 
50123 45502 
76035 61702 
11773 48710 
61154 85673 
15319 17906 
97280 60486 
18709 45647 
36252 48670 
58872 42552 
12345 98390 
80768 45253 
63327 48323 
54489 39436 
50845 11013 
33045 48019 
68380 47304 
31752 47894 
79826 46889 
16426 95170 
14644 85592 
72118 58486 
56586 38674 
86673 82698 
2135 91284 
24158 31156 
32093 2117 
82014 83751 
35180 44390 
22807 72 
46001 69467 
46494 92265 
11441 12756 
22395 90529 
79302 88949 
31372 25745 
10932 4256 
78213 98313 
55603 46949 
21802 50055 
88576 4380 
36386 6911 
7072 94550 
61091 14147 
98778 93383 
16824 42961 
46041 85068 
69781 7578 
5574 62109 
99008 95331 
8302 54211 
81827 78744 
56828 70651 
45376 48213 
59107 99518 
45143 76694 
26024 18979 
22085 3635 
77875 40711 
58762 4429 
50160 23674 
1903 93769 
62642 67602 
43905 96567 
17250 19918 
59006 8433 
20253 7193 
71196 59279 
81960 32868 
90436 88171 
33321 66616 
91308 35369 
12892 87569 
23995 58316 
19964 33549 
41292 82402 
32 51532 
97337 4400 
27339 40745 
23871 76763 
75871 29129 
18017 14337 
24982 26328 
81948 81545 
28721 51943 
39278 37738 
88982 46478 
15599 41146 
11746 34206 
11323 37762 
92989 22160 
13824 90474 
76209 87474 
92855 35902 
47089 26534 
98313 91654 
82465 13683 
32638 75077 
50539 44685 
1496 36111 
67210 20713 
55849 51439 
49407 62311 
26139 74940 
70499 29611 
14992 90271 
15102 65015 
58760 65443 
51055 67615 
90124 66383 
84835 54841 
34123 46715 
43376 66107 
48185 94377 
30008 15692 
73075 82197 
35167 7656 
96164 39188 
43558 84269 
40999 32051 
68599 91269 
87899 22284 
62273 8179 
99141 43278 
93926 10010 
69255 23916 
65075 97844 
46084 70452 
28957 60114 
71449 6811 
13324 3856 
71625 64969 
2923 25742 
87305 11696 
24112 76424 
70329 95694 
88226 8522 
90171 48 
92607 88535 
87023 88907 
48611 96008 
80304 44450 
4430 29500 
91495 427 
57260 88203 
68453 91963 
4093 491 
4665 57815 
63336 26283 
31428 50880 
10522 68737 
23485 35540 
10477 92672 
99411 76275 
95664 62007 
16858 51003 
35772 76594 
59779 54724 
67203 10021 
89803 94301 
2728 24252 
87198 13590 
21404 64436 
38173 29636 
46734 17776 
34768 5275 
57087 54035 
41161 31249 
36562 52076 
45960 41806 
66768 56779 
63872 41767 
80389 3740 
72141 80171 
45956 95341 
67228 65866 
29884 11121 
5426 83780 
86649 87779 
47469 37131 
60857 9755 
61641 10443 
46020 9981 
52513 21003 
33994 92244 
73147 2265 
6331 51525 
47444 41713 
64197 86751 
76312 77834 
67068 71593 
26396 46080 
52028 73245 
3367 52110 
35337 86581 
93087 42077 
55795 81634 
13447 34384 
5510 46044 
57292 75045 
7780 40936 
22543 79723 
44163 78623 
19487 29457 
3130 73615 
17173 94273 
21305 14579 
40964 69104 
14923 54234 
61497 19809 
53910 16596 
21660 53620 
13936 76559 
32677 47944 
52790 75479 
32971 94212 
96613 98262 
44216 39360 
88795 52385 
77822 36495 
49760 57348 
42074 48474 
19386 74245 
75255 83334 
5488 79471 
83289 78920 
41564 13998 
91795 95559 
64901 20255 
31914 20229 
62206 12291 
66875 33468 
94061 11776 
31985 41118 
1789 22275 
4562 26997 
20744 7342 
42333 39764 
72548 84152 
28878 87438 
85492 43708 
42970 76455 
97059 61099 
24955 98626 
25487 64869 
47839 39011 
58280 93214 
13309 50446 
94763 76578 
83671 16369 
97058 51134 
29489 2584 
49258 25715 
19743 80715 
98116 95950 
6366 91394 
50240 23664 
58272 3559 
30539 77072 
81335 17780 
64613 57824 
20232 56143 
33779 24681 
75689 78974 
65618 60407 
86356 69572 
65182 18401 
18431 32118 
62443 28656 
78076 55059 
50064 38847 
11798 2519 
12270 15625 
88187 9668 
349 33679 
60742 74483 
93254 35664 
95981 57963 
92779 54797 
13665 27619 
41974 53744 
26632 4932 
22724 48337 
86645 6488 
83847 52775 
39584 596 
74587 4089 
68431 36508 
10041 98039 
55722 41672 
74849 95987 
28474 23993 
79388 42899 
58081 60709 
18734 70313 
75258 3214 
48824 44903 
25858 78062 
86545 63249 
37191 18389 
60863 86446 
86505 17104 
90664 54424 
63330 53471 
41626 19115 
95652 8071 
19232 88094 
66202 47643 
87934 75859 
79638 30929 
67538 18595 
53984 59401 
46994 20136 
413 72641 
73125 61707 
24315 67115 
17174 26163 
27567 99250 
95624 58581 
16994 18963 
23403 9417 
27272 68140 
7340 83853 
47841 70131 
45698 51534 
2878 30886 
85598 54601 
70984 70160 
4335 88724 
46949 2077 
22873 21774 
41827 88337 
30189 57877 
89493 94502 
95716 50739 
77987 90023 
73745 19470 
52156 46085 
58482 22590 
40438 1802 
31308 1427 
43146 88976 
52894 12852 
82150 28348 
91917 33079 
52647 36166 
49449 29223 
36478 8896 
33493 63355 
33500 86032 
61670 15003 
42567 26209 
21714 82349 
76905 70205 
99246 49832 
30045 5933 
90160 90402 
17909 95132 
51052 4403 
10262 69231 
5217 83841 
30468 52749 
14076 30764 
46340 26579 
44280 51518 
96811 637 
9268 94872 
99312 25630 
40751 1281 
60903 37052 
50320 83025 
72599 91021 
74358 60527 
767 21236 
56401 38817 
2106 19021 
10310 19974 
79411 14379 
24861 12262 
64186 14911 
15798 14795 
59149 41638 
4911 27718 
98752 85986 
7365 62242 
89076 591 
38308 2261 
69803 28066 
7657 99925 
449 66530 
58051 71140 
10614 68413 
15066 93865 
69761 69975 
61107 1964 
25867 52939 
14792 10465 
34250 46800 
96179 4253 
47999 90599 
84831 71553 
69636 86360 
32542 65997 
70003 92856 
75400 36623 
64821 28026 
949 73869 
1982 71116 
65334 81421 
53349 81484 
22631 98719 
23694 80015 
23943 67012 
86363 71234 
67404 53002 
30370 19449 
31874 18482 
56843 30633 
6904 51780 
94066 33253 
39466 57396 
9889 95914 
53952 33929 
87809 67392 
66139 57166 
98803 75543 
4082 25201 
44813 75581 
69309 15466 
71751 95313 
20235 49780 
50024 85212 
36364 62837 
98756 44573 
26639 21967 
86262 61478 
78204 51617 
73802 73977 
2890 74641 
82217 32587 
27871 94342 
51801 20136 
94256 6134 
34585 63958 
72768 45754 
5201 57579 
79201 52162 
1584 94292 
74009 47565 
9987 3401 
60171 14452 
90141 71397 
51382 80104 
95858 24994 
68636 2699 
83989 50671 
37476 90002 
20327 26257 
412 71510 
84967 44128 
29461 88047 
51523 12655 
22282 58955 
64769 32856 
92042 36350 
69456 60548 
15924 58385 
49410 80803 
90120 68967 
20508 41158 
50167 80143 
83688 12769 
54650 15112 
84924 74568 
97589 84816 
47891 44518 
10227 19108 
42057 14153 
36472 94669 
24023 77872 
17918 76213 
43141 86823 
4132 14894 
33817 98705 
11841 28458 
26355 39479 
92636 21325 
95795 40700 
33026 89644 
33947 67061 
2922 96257 
73637 2789 
89052 93638 
16174 22586 
98348 18997 
13142 33142 
92998 85105 
31838 34566 
23660 42812 
90026 17611 
60204 96815 
80165 82200 
80434 14891 
15831 35507 
66370 82678 
23819 3717 
74960 20972 
74221 70618 
95507 625 
87784 38278 
79632 61278 
84908 90338 
31250 64507 
43909 26814 
73819 89397 
17495 30815 
70050 9114 
15866 22204 
55259 70746 
2491 50999 
59770 37497 
64282 84167 
37980 42266 
11766 43485 
92188 44694 
36834 59273 
77765 79977 
5709 15034 
2930 37029 
93043 71456 
91182 6052 
69358 74678 
57341 91114 
38552 73423 
59183 92031 
84769 92280 
25827 21687 
28654 34350 
31304 39825 
11887 15457 
77160 52449 
25818 64246 
71466 47154 
75177 57749 
43281 9007 
21000 396 
11400 89054 
78303 95919 
34105 78102 
53492 6253 
2715 72094 
94090 39286 
5848 2232 
89082 58175 
83618 42943 
2063 58974 
11397 3824 
41277 20414 
1301 57937 
70812 89973 
86223 58097 
45374 33716 
56020 45270 
7450 43895 
48373 58748 
20127 67958 
57871 16461 
21435 95322 
16037 45613 
76795 14184 
12284 8744 
75025 29633 
71223 88434 
60306 16443 
75251 64998 
17612 65209 
23041 45879 
32342 68829 
44301 82884 
26230 87890 
49123 43945 
31079 28086 
76238 89815 
99476 60595 
18684 42904 
67356 17204 
47661 25403 
77125 95973 
25755 86916 
42052 20364 
99278 38018 
82701 5002 
86080 55449 
94421 94645 
30029 27118 
11266 59397 
76221 60661 
16150 48875 
32041 87960 
9698 30752 
18362 59875 
90921 65016 
82417 40369 
21724 94265 
39344 77280 
44227 62475 
32887 48170 
94959 9980 
57435 54020 
13218 30728 
63336 60956 
72248 19406 
75362 70787 
71332 80665 
90212 34801 
14534 20410 
83111 12081 
67489 90011 
45849 13590 
27563 8288 
99014 66258 
64604 43258 
69700 77584 
89653 95888 
2642 80519 
87188 91461 
77511 90864 
2815 50686 
38012 14983 
12808 82306 
99451 4310 
14489 11697 
90635 64969 
67158 35849 
3198 95733 
82149 74123 
66908 45648 
7522 66289 
43015 53819 
78059 54620 
29370 58183 
4384 75198 
826 37516 
56434 75073 
66349 81523 
55953 66574 
10299 67506 
30271 27783 
99493 58968 
95377 59121 
79965 31408 
30127 9933 
57724 73666 
75397 96141 
56379 9344 
42100 40255 
71114 32159 
40214 78431 
93341 51514 
47277 95755 
63203 148 
19343 70572 
18197 64422 
9921 31417 
45286 59592 
3201 56010 
11227 87390 
86666 70750 
41162 81290 
85215 41303 
39148 66001 
53968 80095 
95882 32101 
80194 34948 
8729 54111 
76101 64555 
47002 60913 
53755 51149 
31559 1080 
60942 48462 
61855 32532 
22545 13948 
15956 5843 
75832 28261 
69361 3610 
10045 62086 
27058 44484 
20756 10699 
39893 59766 
67701 79993 
81089 2937 
81126 74217 
91708 58030 
96173 5305 
64835 71462 
7424 16430 
27465 43761 
26437 88281 
96332 82539 
93969 75589 
29340 36174 
45537 3530 
67791 98808 
54085 38915 
66259 1613 
76729 39426 
36763 82715 
13916 75692 
91760 58718 
48792 15602 
56579 4487 
72176 58016 
36004 84626 
14273 3924 
62063 70086 
98080 57084 
20446 16337 
1432 53323 
51538 75785 
64736 27920 
48688 66402 
9640 43883 
31150 20990 
40257 20424 
52018 97055 
83021 20575 
12513 35976 
83857 79636 
93168 21947 
22072 82024 
79696 6147 
19202 23104 
56787 29608 
18058 24701 
66570 99493 
82275 8252 
80165 47789 
19920 67938 
10529 28850 
66033 27633 
2702 92819 
68486 10143 
73597 5632 
9100 94959 
37656 73116 
57725 91620 
46940 66664 
788 9801 
94679 40997 
7840 64365 
79801 80753 
99686 13845 
6650 11926 
59933 94259 
98867 66646 
88110 76600 
39332 95340 
27036 46017 
9091 79010 
9645 73445 
87361 6193 
61255 26302 
91978 44078 
62084 43909 
85084 51364 
21802 85389 
42356 51595 
42997 43067 
85766 10055 
53672 2774 
9641 34717 
70210 23954 
87675 52343 
11746 7111 
34626 94489 
24465 13877 
10560 65005 
90068 5873 
97785 50557 
86511 72524 
51055 78766 
41071 25130 
20136 24739 
65908 44752 
70494 16111 
94518 84825 
82653 89113 
43794 45957 
93679 3804 
10922 59951 
55267 35245 
76896 42899 
22108 19242 
29206 3008 
51444 46214 
35040 17892 
90174 64804 
93381 28139 
49387 78062 
69425 29237 
17858 89316 
67990 82335 
45846 82317 
33939 5787 
38420 789 
77100 54090 
33580 26223 
6768 38549 
4625 39558 
26602 94913 
18462 92331 
84571 57197 
1996 5974 
94576 54069 
17264 64071 
46481 4396 
22623 61777 
99498 51959 
2121 28966 
10216 45827 
78041 49305 
81059 42511 
82700 56112 
27531 78797 
54692 97662 
53336 39987 
42086 29583 
91316 27340 
40488 10007 
15114 10589 
67397 44378 
51575 36677 
75985 51085 
27103 54255 
41152 96576 
62570 4945 
8695 79150 
90815 27044 
84398 24315 
8383 15077 
54041 91425 
88883 79483 
67624 81258 
79174 54730 
91471 77228 
71575 11289 
30462 49172 
95391 37135 
49258 97910 
99263 67835 
76204 21265 
2200 60783 
56484 37757 
75631 28769 
32142 12922 
81403 70824 
65744 94970 
31375 64164 
91753 81481 
53113 10063 
75065 6891 
43157 58595 
79740 61688 
64432 72467 
2571 28604 
97591 28530 
5950 48473 
87435 97043 
92402 9044 
35021 83434 
99170 83686 
73678 65008 
55408 33771 
32848 5969 
36842 28440 
37544 88115 
73125 28538 
13187 51677 
11691 27687 
65651 1051 
18556 42791 
84612 93548 
1284 98687 
74616 95768 
72277 57260 
52751 61859 
31552 99992 
64430 60670 
37364 84756 
59498 54667 
50268 62602 
39707 12520 
81684 58338 
35622 19358 
51514 89922 
96073 33976 
61042 25971 
76510 30637 
17143 58161 
93974 54629 
1710 95833 
75843 15349 
66261 73828 
67148 38457 
45859 1397 
76938 99522 
28729 69940 
38042 65559 
88399 80441 
26552 78028 
83717 47612 
37430 21080 
58742 87116 
40887 32242 
29317 94644 
50506 29214 
26019 81220 
18582 46103 
74233 37765 
36714 95159 
31249 63812 
60448 95951 
67563 10156 
95575 42943 
74985 53322 
80706 14548 
7684 40919 
75788 61987 
13950 21266 
19513 54667 
96269 98097 
49859 305 
45180 31750 
91518 2625 
28439 41921 
1534 67239 
81187 53864 
30229 17183 
35063 69902 
98293 33601 
44662 41128 
12956 94168 
18238 60414 
46177 42136 
36228 97128 
76086 82233 
45953 46416 
49206 66172 
53766 71478 
55468 136 
96948 75940 
20667 79374 
66817 55254 
11660 30925 
71794 41001 
18524 24463 
74593 70030 
24817 93430 
11212 81556 
2215 93822 
1101 69673 
68980 16442 
87626 96160 
33122 59852 
5892 99027 
525 65977 
60995 15963 
65952 17986 
13965 78622 
20550 1012 
14912 23675 
3313 30245 
93329 9566 
95958 58081 
14010 24158 
10744 82231 
33743 17735 
49001 90133 
48668 98267 
14470 91437 
5153 81437 
50055 10030 
58047 96597 
29138 29780 
99330 11646 
73390 14076 
47476 54763 
87806 48236 
83246 78991 
697 85984 
41179 36868 
71454 16470 
17676 6608 
82140 6645 
36396 38783 
60275 15357 
19568 73014 
89708 20117 
49871 7893 
54014 45277 
71677 94134 
22612 31205 
72764 60944 
33627 38080 
7990 78624 
49512 35029 
74971 6633 
61514 85607 
28455 75642 
97330 3977 
24882 4577 
42602 22669 
21521 59178 
21416 82421 
15597 17315 
93537 27351 
98025 18127 
16837 64597 
13597 36962 
92256 26564 
64918 46198 
55544 56039 
70911 93177 
5201 19705 
92360 50842 
59197 43945 
66771 74073 
14438 58336 
52699 25310 
42402 26885 
69786 16717 
91958 44762 
34841 52996 
86133 79228 
36645 48848 
93405 37404 
62536 38202 
26096 50684 
88364 88473 
68525 75857 
70094 82467 
65813 26346 
30091 32965 
10571 63520 
14040 50596 
49179 97631 
5499 94308 
91957 70693 
24231 95536 
52267 19507 
1753 62140 
58405 46025 
22945 36235 
79144 54390 
46101 1215 
78865 49219 
65465 7626 
71454 28117 
60079 14941 
73466 42861 
80668 26883 
66557 48368 
62359 31633 
66768 6285 
15131 45069 
63961 60937 
36249 95110 
38577 59354 
9279 78349 
84833 44248 
2865 66289 
69592 9050 
59084 37876 
34350 67495 
65987 67411 
4145 56763 
41838 2517 
1647 62797 
19620 25541 
77306 29171 
9499 3537 
57142 86777 
34267 96983 
78615 20596 
78148 15400 
31990 71927 
62938 79249 
49701 59742 
67054 71820 
89441 93175 
32907 42221 
38068 38683 
65876 51199 
22864 30 
14234 35156 
54302 67011 
33507 601 
40200 89702 
81059 51161 
4963 39027 
57081 92393 
19619 21580 
6707 55787 
98437 26858 
24662 32702 
46129 98474 
58583 11385 
46010 37411 
90121 65827 
63929 64992 
83914 53857 
5426 96032 
33728 43741 
4240 98460 
2316 3446 
39195 44775 
46962 54831 
73411 92758 
46231 16207 
84928 68167 
95068 31009 
11036 60489 
15229 7800 
59939 84358 
35867 77345 
52878 3837 
35205 6242 
47418 64553 
98335 93351 
58337 29535 
38478 15262 
36396 68606 
49479 80064 
87245 8319 
5805 94897 
12810 9678 
3003 52068 
35751 4257 
36343 90972 
23898 85843 
48301 98594 
66060 24353 
36548 70106 
63218 41532 
3286 62837 
89786 63809 
44056 41879 
48535 46710 
19558 33633 
89693 47337 
27532 74801 
89858 6678 
93451 68640 
89592 91916 
28526 37739 
69880 40373 
61451 93155 
7146 41377 
36345 23413 
84094 90091 
83517 43715 
49362 48216 
11946 35633 
12850 50486 
42809 50621 
35524 3013 
1881 46896 
22616 29761 
15348 78520 
57353 36864 
8299 57993 
18711 80933 
88121 69198 
11130 47203 
6028 16266 
96771 66059 
29136 55710 
61569 22407 
22747 74152 
65223 41325 
37966 41999 
22208 65584 
23263 94656 
36022 75872 
30272 67136 
62063 42921 
63917 35402 
5925 42269 
34834 98332 
73331 6991 
8124 67883 
75559 41503 
6611 21852 
59898 70411 
19073 13575 
78561 50398 
84330 25974 
31419 30238 
70588 3535 
18041 4334 
46129 95144 
12736 68487 
42185 93134 
32646 53172 
41777 59451 
3404 79179 
89323 88569 
39484 53262 
4964 68573 
47076 97292 
4877 66780 
26174 83439 
74206 84338 
95537 30017 
12840 95430 
89290 97888 
75854 11028 
77127 15705 
60278 84578 
41465 53766 
47738 7579 
4335 60893 
98540 26685 
34414 76485 
6961 50806 
80325 30808 
69758 6599 
70154 50533 
90351 43812 
89159 93731 
39637 88162 
97672 48725 
21092 88696 
79486 44616 
42554 9069 
17320 37792 
80048 67722 
76452 58355 
29988 40625 
40192 23168 
85302 2084 
81610 48076 
38288 94047 
74755 20897 
8408 82399 
45595 28869 
16800 79943 
38001 69526 
80897 90078 
23312 12327 
82373 52608 
13375 19891 
69527 53716 
46425 82298 
91239 95789 
2760 65683 
23817 9635 
72901 27230 
44317 31544 
44770 2669 
24355 60726 
98376 29507 
66920 58850 
96631 29490 
85420 52723 
39104 37163 
28909 53586 
1897 27894 
90418 12068 
21272 68370 
96294 86551 
91291 85317 
63651 14480 
36419 24079 
30300 41134 
88911 47691 
6939 78396 
47756 9219 
74923 37299 
21085 15376 
54602 2401 
57120 87833 
98974 93507 
50137 20101 
25335 90813 
67360 22548 
83646 83236 
80318 45808 
74463 36533 
99895 73770 
71607 67710 
8187 81296 
75123 55333 
52218 58988 
18636 11516 
14688 17535 
81865 90693 
5127 97586 
13825 12711 
21208 27571 
55200 33352 
14414 91547 
59349 4090 
56862 91879 
50610 24695 
46819 17446 
25840 7239 
9284 57089 
526 38132 
44978 30115 
24357 46012 
56190 40945 
42800 57596 
31155 3375 
60988 51094 
99965 21405 
74187 97309 
84515 58232 
65084 12256 
52561 72772 
32343 31956 
51701 53909 
7151 59978 
42946 36739 
34862 31405 
75484 42129 
47417 83053 
44398 41246 
28865 19115 
51254 10016 
81072 13834 
43882 5032 
29663 98371 
46108 62025 
71224 37742 
798 90783 
51998 15488 
40319 16278 
85560 8705 
67348 94756 
62384 54128 
75928 15698 
77748 77135 
67805 85776 
6071 79866 
22243 79344 
79584 62111 
58932 31494 
87127 79141 
93004 44317 
94902 24398 
18832 74802 
5184 61746 
74975 73647 
11265 21935 
36480 48284 
77326 20991 
52743 30540 
70450 54452 
99218 39607 
98675 70668 
39471 44381 
63746 28832 
467 45731 
20156 2981 
48384 18879 
43078 1884 
14926 78842 
46979 36566 
64748 57751 
63966 82147 
13523 11881 
86341 48743 
3110 8330 
1358 97376 
15386 76578 
97873 11145 
59563 48488 
4314 59353 
99093 51865 
25342 72866 
93806 67270 
80601 82650 
20475 5576 
13119 60260 
749 14622 
27178 39003 
9233 77305 
35945 87542 
56460 20614 
47605 53925 
41634 15331 
95489 97322 
48179 9531 
22389 77199 
11555 5488 
62234 75224 
23202 59247 
23283 83899 
47135 54875 
66189 7714 
16377 81249 
87547 87573 
45310 18302 
64958 77300 
40982 21715 
93194 72234 
21483 80348 
42668 14223 
52767 9039 
1240 74790 
96610 30943 
18284 48788 
21892 98180 
55958 74568 
68955 97339 
66817 33488 
72566 87239 
59164 71558 
42789 20386 
81946 29036 
75123 6648 
59559 60033 
11288 87983 
33566 73467 
314 6364 
23116 29163 
15910 63614 
98782 78446 
70575 91456 
75551 47296 
29501 72835 
69861 21913 
68046 81480 
32889 11511 
35409 35629 
67661 31215 
84092 94027 
61135 69114 
99861 57500 
14043 75870 
20106 77841 
31061 42694 
59879 17209 
41802 14083 
74347 45891 
59147 15399 
73988 14033 
45606 62185 
74595 83795 
50661 58061 
7997 62445 
2482 81105 
41367 33974 
85921 4809 
53102 47105 
15354 99036 
91474 80949 
15737 8819 
98591 76041 
58140 14433 
16694 88144 
57054 34842 
6409 94935 
25948 48470 
97291 61607 
4814 70135 
59846 50374 
18860 41117 
35194 41033 
1051 60458 
83628 14984 
12839 9962 
16557 43470 
27234 2762 
57652 12322 
96259 15922 
38499 10120 
10871 51209 
71661 4419 
75594 4992 
59766 31600 
62398 18180 
93093 29866 
78755 20158 
60096 52077 
83356 76886 
45400 5338 
9616 2630 
18047 77652 
11888 97250 
19076 28441 
32228 26524 
42050 39387 
96554 71681 
62679 44767 
88247 36141 
14463 86373 
14492 12387 
26100 67069 
76079 79975 
33375 9220 
74933 26870 
53357 59417 
45272 60606 
61948 19364 
74101 3243 
47166 24250 
84665 44599 
20039 34582 
92483 62003 
52559 55206 
7801 1561 
77886 46107 
50521 55913 
31829 43614 
64139 66506 
36614 67725 
63712 24617 
28039 51554 
29555 44642 
5330 92261 
63152 35651 
39390 89352 
54674 2746 
9567 5824 
72527 68461 
51694 60435 
74530 16256 
90858 35221 
57574 23104 
1225 61398 
8076 66225 
82185 28919 
89017 60236 
65217 50203 
1062 5266 
69080 96943 
85016 4060 
2263 20386 
90793 36651 
71149 60122 
24112 64853 
89893 44171 
96279 75683 
3771 84035 
44718 62717 
31594 72370 
62309 87489 
4746 98094 
72142 59206 
30527 3973 
10938 20385 
35659 25114 
39182 28456 
52225 63309 
78932 78933 
92718 71784 
91286 24461 
23521 47674 
44660 5847 
86842 55426 
92315 26144 
39978 33317 
72972 66890 
77755 67429 
71908 66855 
79091 52662 
31557 57883 
71854 98740 
80466 79941 
41520 80682 
57313 77990 
18627 77831 
42786 17023 
67620 93289 
76239 38408 
65367 96493 
26342 20632 
1541 85648 
5363 599 
54963 23889 
65233 57828 
153 63294 
90222 63215 
76533 34216 
5830 46464 
9072 43959 
56414 41853 
3656 98404 
65106 30711 
53040 32978 
78726 10768 
79973 15214 
17700 87509 
12941 60180 
96376 712 
36926 82144 
52703 70561 
86705 91153 
27854 72008 
53398 31520 
66198 23536 
56369 50768 
63910 7024 
92012 82177 
80560 19095 
8570 21854 
42173 91176 
71875 82107 
6537 5403 
80713 6923 
31949 76604 
62507 42473 
89129 66755 
30112 65818 
82681 47656 
8738 88374 
3271 29960 
48339 67196 
14612 32333 
21336 76763 
90352 73123 
68064 16722 
55160 28823 
93128 56890 
51564 18470 
34647 49865 
49505 41270 
25375 73677 
39122 15848 
39751 2198 
98930 43919 
74186 39408 
11346 48548 
39229 95078 
5413 17779 
51707 24129 
42639 18091 
2573 99606 
25986 28938 
41879 40142 
4366 89611 
66167 66758 
65389 42676 
15518 20989 
57654 4485 
87627 36571 
60524 92523 
54471 20315 
24128 91846 
23482 64279 
35224 48384 
19642 81002 
25601 35613 
77469 26291 
28865 52889 
22627 49962 
8724 78695 
91708 93901 
27315 20108 
85737 38984 
95627 70995 
78014 87611 
49764 15753 
171 57014 
26552 92855 
11621 49979 
69920 63032 
17106 64280 
85504 10599 
34581 99855 
75112 43280 
31469 23631 
24929 45789 
41098 55927 
91803 85516 
43157 49488 
30439 64861 
42076 42433 
31028 64053 
5468 79812 
91595 20759 
31124 14959 
32277 48325 
95510 21447 
69769 3224 
99316 69204 
9340 74047 
66360 44268 
79100 79371 
70935 20588 
26624 29863 
65730 24491 
21551 31192 
57497 67618 
59460 78625 
30902 62558 
42094 21638 
52304 76889 
16919 57427 
94719 25974 
95037 45901 
12795 52608 
30646 25554 
62365 92495 
37497 49557 
2966 78539 
38237 54475 
43734 94053 
91049 20200 
93115 45258 
14659 79024 
51126 86811 
37563 84201 
39186 607 
30253 53911 
97053 97739 
40235 65255 
88977 86236 
38806 84697 
51910 23096 
5840 86327 
87466 48125 
24235 27385 
46282 79218 
29219 21665 
78544 33985 
59376 75758 
27657 30994 
86010 30501 
25391 15410 
55418 80607 
6296 48430 
64645 29094 
96790 97691 
5466 69994 
50042 66674 
53627 82740 
91618 5165 
50783 64683 
12826 49921 
25105 24416 
98807 55006 
23199 7883 
6631 84557 
80749 31663 
15008 57335 
42217 53453 
51691 51958 
50966 18383 
67259 4545 
70330 81691 
64678 56316 
63447 23165 
12891 37736 
55063 36863 
69657 7903 
22079 799 
13965 3142 
11248 5603 
41560 87137 
62222 48602 
8479 36446 
22067 80336 
16953 39866 
73385 24217 
25636 37875 
62358 76851 
31860 79248 
5297 36496 
17418 25961 
72710 171 
71412 94614 
98408 16148 
3743 82859 
37866 77868 
41081 92715 
4813 97750 
53475 29120 
47935 4948 
94267 21743 
90641 69791 
48530 90798 
45949 69457 
76009 53500 
35902 74381 
3376 46792 
90260 52953 
67576 24129 
72820 63265 
37164 69308 
85312 24970 
41712 58783 
28663 41774 
20774 95332 
59284 75624 
63296 30628 
64091 57375 
46031 92005 
92141 55509 
95181 29562 
23024 14440 
89365 3796 
22585 17001 
93989 41056 
35068 21882 
67170 94355 
87447 76139 
5609 60498 
36490 5303 
5142 20936 
72008 39200 
95180 93425 
778 40288 
68845 4296 
74796 63120 
71317 17047 
94788 88491 
27787 81940 
15340 43901 
89345 3447 
1501 43144 
50260 57619 
38432 52147 
43314 29843 
75402 15649 
51211 84957 
93380 59852 
81546 26310 
21497 19867 
40418 48117 
91794 27615 
5500 36351 
13991 35769 
43225 27375 
72400 46384 
36702 90707 
95627 59075 
91112 62506 
26416 52897 
61513 19790 
23713 68529 
4359 51871 
61990 62949 
88507 55144 
53860 67441 
14068 50096 
11225 91630 
78209 95312 
77421 81154 
95820 52223 
8303 54668 
29980 36504 
53678 17054 
12216 77246 
92226 70028 
35790 93457 
2765 18788 
86587 88892 
12684 3898 
35666 60881 
50363 71306 
55114 16572 
42578 30205 
34569 90869 
40174 38387 
69652 64362 
25693 97811 
65468 86680 
55182 39285 
48501 20926 
13062 24510 
8378 38272 
13737 96122 
97398 8257 
66513 61992 
125 49980 
31455 8693 
48001 32138 
32936 887 
94611 35725 
64968 38300 
86119 22210 
17760 10054 
58329 82163 
78523 7272 
66962 74527 
11186 29240 
10916 5129 
99466 45802 
39678 34511 
45667 59260 
45484 49812 
53600 42747 
28434 83173 
88163 18824 
88520 10008 
96462 82032 
42313 14510 
95680 62173 
84101 66872 
81513 71290 
11294 16958 
87614 76642 
12200 72550 
31262 94392 
70574 96793 
13420 4311 
75844 29075 
2346 44493 
40505 6373 
19100 56866 
16892 37924 
60573 19256 
74405 65117 
41059 17824 
45202 20633 
6955 84860 
71518 86090 
80809 51264 
90941 35846 
20727 40477 
77371 46119 
39069 61185 
14816 43199 
10392 39814 
18818 62295 
12753 70657 
35990 89427 
88789 51398 
46016 62781 
83373 14892 
62436 17085 
13208 64219 
78607 64794 
50367 67374 
33514 21275 
56565 70383 
78373 97670 
87879 43196 
9522 4759 
653 81419 
95626 33883 
28486 48739 
67991 6871 
67488 59864 
61603 15934 
2410 71836 
91492 6592 
29760 72792 
24122 91975 
85717 31561 
56715 25204 
66406 98901 
48782 98075 
36021 31788 
59598 78886 
54327 45819 
32953 50009 
19210 87647 
36249 56675 
12253 59260 
4831 32474 
55710 19040 
64454 24154 
37786 30670 
4834 98606 
39804 30329 
55516 78269 
3617 35007 
71577 17697 
10516 20372 
71198 3675 
3961 55301 
79724 34006 
77579 92006 
25539 5983 
67191 75615 
1961 24551 
31009 55159 
56300 22312 
75720 49076 
92356 68763 
87787 42699 
75814 34534 
59121 72589 
13389 67918 
54174 83183 
36002 35595 
51517 24895 
53898 77205 
7178 99628 
67322 24320 
29245 49604 
10218 38350 
23678 28467 
76409 29067 
69821 89842 
27772 25664 
10724 77801 
12190 85653 
98213 6163 
25386 43425 
15537 69121 
35214 19903 
11441 34351 
49592 37467 
18715 31614 
49987 10256 
97514 64768 
31180 8879 
39165 43204 
85063 30783 
89737 49881 
41265 42699 
4269 37476 
30660 27 
22376 71604 
69148 89494 
63820 20603 
68569 86047 
78725 25112 
69213 62721 
51213 67444 
54115 43066 
47569 743 
49150 39754 
20437 90926 
34952 80099 
29072 70656 
96749 79468 
12363 3873 
16432 86969 
56096 11862 
67547 94274 
28852 17410 
8337 68085 
21978 22283 
80585 39497 
18199 45084 
12728 59388 
30768 11477 
94538 7982 
421 6849 
37677 28840 
10954 72660 
61491 42816 
85920 52046 
46655 85859 
58682 67689 
80626 6076 
66020 45531 
78327 50089 
1489 81610 
99080 66464 
78900 86076 
96542 54886 
98574 28453 
32239 93745 
79446 51198 
55255 85926 
18602 14882 
747 72868 
66525 87551 
88176 80307 
61079 93356 
6478 75654 
46204 91016 
57891 36554 
12296 61443 
94744 52961 
34430 45639 
24224 10908 
51869 88915 
75013 35192 
27684 15558 
16622 285 
50889 79280 
97389 54063 
95121 9045 
20296 37314 
27687 97384 
7122 23493 
70727 58818 
10924 47816 
52249 19719 
24428 42536 
48985 87767 
97646 46145 
15273 89087 
21862 8217 
12589 54217 
59136 68760 
2909 80259 
96529 51191 
45702 95881 
82518 71429 
43176 8259 
59389 32094 
11289 16647 
39875 40453 
15080 35927 
88918 61479 
96032 85325 
62133 93294 
36460 62400 
21411 31245 
51345 40514 
95086 69018 
71549 99139 
75157 70428 
84005 20711 
47308 33913 
24300 65158 
30792 63256 
74913 63811 
64744 52701 
8469 58086 
15062 92360 
29499 45148 
91726 719 
10471 82710 
60284 95023 
88300 48192 
3187 17465 
86046 43629 
36761 45368 
51201 87078 
17842 26894 
56720 33673 
80412 365 
93883 25072 
27092 74862 
97106 74714 
62897 72559 
79971 58137 
99428 59107 
29037 92523 
76488 17398 
97410 57738 
45093 52154 
63562 32299 
30962 48062 
72585 92017 
50765 42534 
56814 46530 
84774 15677 
40691 69482 
19039 44715 
70765 11801 
57782 17806 
75878 74359 
72464 53131 
54890 56216 
97785 23106 
9684 87737 
6894 40692 
89747 4054 
98139 25053 
91269 13651 
3942 27182 
58495 69315 
88726 62605 
67970 54243 
37273 67926 
37361 54785 
47527 70713 
89686 3144 
32528 38109 
21079 38264 
5077 48556 
65619 51216 
65625 13154 
24303 52605 
39060 58408 
26873 23789 
9215 70541 
25030 91195 
81316 93002 
73444 93546 
62051 63457 
41027 95519 
84515 74312 
9093 38181 
21046 41665 
55291 6457 
20782 71617 
92647 36994 
80767 19992 
31555 85944 
9512 51755 
59217 25526 
70152 19822 
85855 40641 
96676 99446 
89862 52422 
61203 33977 
5171 4250 
32842 70588 
33213 7618 
9420 90389 
29163 60127 
22212 66400 
7574 16025 
10750 14947 
36013 10814 
39927 41319 
37011 15836 
84807 18909 
98388 26149 
39897 82528 
99946 65589 
19137 61273 
548 26587 
434 24014 
93774 49155 
34291 61498 
32603 83368 
79957 83046 
44021 72754 
54461 62954 
2943 42183 
80012 31958 
11547 73173 
93468 72514 
34852 1968 
37906 43135 
76327 81302 
90843 26660 
38324 5475 
96186 70088 
1306 10150 
57785 59493 
73100 23260 
21255 52508 
4864 61457 
17743 73057 
43929 37717 
68379 58193 
95391 70069 
51414 35344 
94085 58814 
15353 99735 
46489 30197 
80896 56387 
88145 28169 
12085 88867 
16333 72708 
52772 17823 
47 93091 
18381 16341 
39682 87591 
4903 56318 
47442 57252 
27173 70248 
46074 10730 
26671 26255 
38361 39603 
95479 30664 
82712 19139 
47459 92056 
21198 98204 
30340 3502 
45567 3785 
13120 25542 
54052 581 
2017 81482 
47190 14143 
35214 8727 
34407 47266 
81700 45086 
74783 93634 
22761 67416 
55203 80164 
26004 41407 
17010 50074 
31289 86022 
78285 32370 
55513 3773 
63093 30281 
88946 78973 
41258 1100 
99639 39 
2685 92976 
84419 19109 
38766 50354 
5059 22440 
80053 99128 
26458 48465 
44204 74967 
30002 56890 
81073 63870 
9742 21811 
62883 82684 
71645 94625 
56568 39140 
46870 58363 
32659 75900 
98888 74073 
10488 21179 
51234 2042 
13047 39699 
87766 65849 
6459 2029 
80544 15675 
28837 67846 
81778 38758 
71211 9171 
75772 59525 
59213 83363 
24387 69703 
98408 2450 
55273 29547 
88414 35327 
35955 85387 
81382 22412 
48853 55758 
58933 78543 
32388 48697 
28305 9217 
81560 86110 
93277 67719 
7753 27664 
38293 36241 
41940 6257 
75307 22794 
28128 9885 
41979 27533 
94545 70609 
7167 47050 
8957 50306 
35058 53254 
21454 45059 
82820 4663 
73168 65244 
58319 22235 
2562 86785 
44213 89312 
12335 10555 
2688 15811 
69414 11496 
11072 40510 
98123 6823 
42791 32054 
92345 23536 
359 89284 
16316 99467 
27550 34552 
85699 9226 
76394 39842 
20658 66662 
81340 24889 
40873 18829 
97671 18881 
28805 12955 
94210 82932 
21975 87541 
51361 49164 
7626 11470 
4687 44106 
83851 70887 
91549 29009 
20140 82603 
3683 7769 
97240 94928 
22190 24342 
31343 22073 
13014 95839 
90838 46642 
90821 4937 
95192 16249 
17055 5814 
45023 54908 
84033 81494 
70012 7622 
51038 27319 
97013 37446 
40727 25194 
34599 98325 
74512 16329 
42221 14132 
24159 76376 
2273 4579 
83482 46205 
41578 12058 
18801 73966 
55152 99972 
39746 79682 
69575 12745 
43025 62305 
45912 10450 
20930 30949 
62810 16885 
93633 57022 
39306 48912 
19761 11966 
53787 27016 
63239 76580 
90692 2302 
46074 82158 
99744 73502 
96531 71150 
83849 9092 
10069 45619 
41276 34235 
76416 5435 
75340 90034 
90356 64982 
50504 23424 
56070 77109 
17695 20091 
15269 86074 
53580 49875 
77917 77489 
58665 54417 
10996 92520 
37271 70154 
45530 26096 
38832 46294 
95024 34415 
74395 87015 
39492 35731 
34821 19902 
18412 228 
27891 68491 
93225 89730 
20399 85827 
85426 26052 
18252 88036 
69797 38006 
42709 12187 
4029 61363 
64129 11106 
5729 43552 
35914 89267 
45754 35414 
30838 78577 
12816 36022 
19520 50561 
18482 93420 
46556 62382 
53981 54039 
53632 38106 
80619 96652 
70960 93762 
34166 82876 
48420 25000 
50211 5605 
26082 89523 
72292 19135 
50053 32990 
87499 90362 
24143 26686 
45292 19088 
50373 8037 
54436 37309 
52128 40922 
20236 12295 
92565 41719 
79672 46325 
97875 49169 
15560 87159 
70104 51399 
82537 37608 
27438 21804 
57431 80049 
41229 57014 
34528 12256 
48490 54783 
22232 24636 
6212 17404 
61814 35767 
19534 17125 
81218 43079 
19705 14049 
17285 38574 
89688 74131 
88334 85702 
35405 95125 
75645 52775 
78806 11742 
77220 50810 
5321 17750 
30084 29189 
32703 12403 
58420 41272 
80898 51324 
94025 3881 
13251 57850 
32803 39522 
88275 29855 
36480 8297 
8107 59192 
62221 7613 
74932 66146 
4509 42151 
69846 39682 
63416 43970 
49990 65751 
11325 53200 
19254 20578 
16184 53474 
65448 3582 
93533 93049 
72562 85471 
1831 12527 
10595 51059 
66038 43135 
77368 23476 
12907 35733 
16891 66695 
28132 30016 
67025 76685 
269 75836 
95557 88002 
99267 74120 
68266 42251 
48458 13562 
55163 87616 
88049 41082 
21809 4524 
95420 18987 
71454 81527 
22943 89820 
732 97598 
37591 91105 
6711 2303 
98233 36484 
36373 23684 
86346 7197 
880 75201 
13723 78422 
86518 77687 
66847 38674 
81759 60060 
11726 47300 
5645 53381 
75286 15016 
66498 46861 
39824 85527 
1996 31573 
35553 42455 
51677 17836 
92944 65103 
91233 75648 
21341 9042 
14233 14045 
13246 93064 
81447 84878 
34700 32738 
70495 69273 
51347 72628 
49291 80897 
57057 34161 
65602 99175 
17392 14213 
91992 27727 
13724 40655 
90555 58531 
75498 15451 
65017 10740 
17895 53288 
49187 4516 
60069 54343 
40158 24959 
85169 33442 
22301 28876 
17517 64694 
43791 48081 
34591 90635 
1250 46891 
1888 87972 
60093 98605 
17247 78204 
88220 56029 
77920 20732 
8960 4476 
38411 28495 
85487 2168 
10047 1737 
33417 32617 
64280 84210 
20908 16288 
40855 7929 
56260 54749 
29291 7533 
81919 9513 
87517 53381 
90715 49884 
85046 73694 
55291 39409 
9721 10378 
14875 68888 
56871 80599 
94932 85407 
27601 96757 
44667 11497 
98999 31174 
64977 96260 
93186 98664 
65143 91189 
64420 70057 
30450 97422 
43898 22846 
4825 88284 
30394 81288 
92753 71229 
91587 97641 
62902 16683 
45651 78626 
92253 47779 
25653 66791 
24024 54617 
90296 45145 
25225 69411 
33731 45225 
20468 14816 
64424 3739 
47433 16654 
68496 30949 
26439 54473 
46477 25189 
61591 8553 
14072 92197 
94268 50402 
87341 5417 
10993 15259 
30574 73955 
67281 89775 
31212 68585 
26561 45764 
80298 93033 
29098 51837 
79238 77661 
99585 98689 
64072 15800 
74130 80982 
36959 59113 
77416 88995 
21288 37737 
9037 76582 
11557 73354 
4386 88529 
72124 8936 
19917 49962 
49930 87584 
55207 43279 
5476 74701 
64988 23909 
33614 32683 
33125 55234 
41118 25380 
77533 75114 
71554 50766 
30094 41744 
19597 74570 
88867 44915 
56759 65077 
71234 10267 
98389 9846 
6096 68769 
77834 28829 
90830 11387 
57825 85133 
4435 99800 
1426 34658 
12157 58010 
45303 48890 
18844 26851 
66587 91309 
28377 23611 
11304 27219 
44761 12409 
57070 99211 
6787 57434 
15729 6065 
82675 800 
42581 81577 
63673 79532 
8066 81619 
86335 72046 
4997 52664 
82048 43537 
9909 73100 
99329 41770 
90562 29837 
69530 80053 
53345 17017 
89820 32546 
54088 21089 
78622 58554 
53713 87089 
18204 67081 
86166 44629 
36680 30697 
20274 8936 
97437 58617 
39407 62217 
57807 42918 
33280 63696 
30823 98948 
94730 32851 
33960 31214 
40981 99706 
37002 69445 
33706 18470 
27524 36004 
55065 96380 
96931 25468 
7986 98301 
12630 99946 
48069 49441 
82595 29571 
21814 73502 
37462 36624 
81257 71628 
52240 33876 
68652 68727 
4845 82962 
16490 28035 
21872 37021 
87926 62266 
93361 73297 
90604 50212 
47808 66062 
32910 1398 
66259 97957 
55809 98173 
80022 58718 
65770 84589 
40440 34280 
14621 64455 
71070 46364 
20771 17190 
12766 62919 
2856 39358 
50356 63145 
1677 72264 
65964 7366 
99186 81518 
98494 31614 
4342 13186 
1395 59556 
64777 62951 
81545 281 
80534 59660 
70948 79450 
41535 82697 
29890 33458 
83972 3791 
5330 81497 
62462 68230 
71495 78803 
64630 7847 
61008 45853 
52642 8740 
54355 62939 
2292 40366 
33084 17253 
24378 89465 
17860 90551 
95394 32232 
6349 79423 
94988 21179 
97861 47345 
46152 59373 
41804 17939 
80781 84005 
75201 32259 
8017 83718 
20891 9391 
45725 29675 
2476 69324 
86438 9043 
94720 99777 
8326 11383 
68783 74553 
8978 33374 
10542 59997 
35230 35381 
87237 78264 
5787 4549 
12740 31346 
75066 53436 
15009 28213 
66445 10621 
40608 98887 
11046 40321 
40656 23939 
64193 61705 
70174 55613 
35838 25442 
98505 57702 
63576 44936 
72342 45264 
77220 72783 
94867 62418 
52496 59172 
84609 96718 
28045 28270 
55831 91961 
64710 61068 
18636 87814 
59021 78728 
31418 84246 
83773 79187 
50921 1534 
17824 91548 
15848 82467 
44449 77770 
68855 62395 
43063 29216 
68699 14883 
72609 76806 
69424 65985 
46608 57846 
46711 58557 
29622 60054 
32809 39491 
42805 93846 
81011 37413 
52264 27653 
18170 96138 
28079 57873 
59516 30025 
4153 74950 
53864 71428 
39453 30209 
99282 87518 
79732 4203 
19374 54048 
45504 26693 
18576 86972 
26811 789 
41200 49367 
48242 39367 
43414 70719 
78686 30562 
49995 38384 
99474 10954 
8349 46930 
11851 39998 
71201 20048 
60117 37333 
36276 51876 
70317 65774 
46448 49808 
56024 17130 
6995 99252 
22550 85413 
7995 12311 
8800 92579 
49338 66965 
42061 65642 
53461 91125 
45148 50788 
16582 96764 
27630 90104 
93127 23377 
13251 79553 
29947 7112 
4222 73060 
67069 52202 
59703 96859 
99929 44684 
70571 90721 
54378 14895 
45515 98212 
60235 24890 
84478 86865 
21753 29644 
4701 90934 
74090 36804 
1819 34351 
83717 68756 
73964 9574 
97679 12895 
10285 59204 
71718 31243 
47000 31567 
10483 88948 
23878 58889 
34405 52676 
31930 37282 
47295 4573 
29163 71417 
16309 15190 
15379 83604 
91650 19679 
99302 76935 
87230 45534 
61722 85188 
15473 47320 
16884 38430 
19569 14051 
1001 22520 
74668 28286 
71567 13191 
35886 72487 
84042 20944 
95455 97848 
23540 91673 
73942 93512 
8275 69770 
11191 20030 
48839 45391 
41494 99847 
42785 75622 
34453 89813 
7508 90506 
58110 95888 
6101 69164 
74145 28655 
638 98727 
6262 39718 
75237 9336 
32403 23713 
7302 12167 
38975 18396 
29512 54251 
41048 86170 
17380 43812 
16285 14409 
57652 92888 
22369 29047 
1319 70226 
67780 76195 
81699 56721 
83986 89891 
82819 48141 
3486 30602 
76234 55428 
82578 48742 
5474 11567 
20368 196 
86438 5820 
16218 16749 
9379 31076 
76701 13294 
73499 48127 
30102 95847 
58723 41876 
31590 19627 
40892 68786 
45426 34868 
86374 72346 
71898 49500 
20030 73869 
46177 32490 
46483 29647 
73844 79374 
18819 82295 
83609 62405 
91116 24063 
71545 91723 
61624 32958 
83166 21103 
11934 38709 
29760 42085 
74161 24926 
63613 23658 
12924 76248 
43109 71188 
91833 34836 
3158 97910 
5221 39258 
9023 25034 
95027 80640 
12302 52434 
40009 25883 
46704 70846 
99886 25827 
98214 18681 
20539 47418 
59341 21758 
58067 43277 
30370 92691 
59263 99467 
61875 8139 
44011 82881 
42245 26757 
71113 43304 
21548 58454 
33233 12063 
28797 46441 
18931 79096 
83526 77532 
146 23352 
24540 93330 
52067 17610 
78849 35149 
88939 28142 
71941 18917 
4174 82058 
36981 2812 
36032 80777 
14929 80002 
41185 96711 
50212 1625 
47600 2112 
77272 11009 
75527 43936 
62199 49150 
60711 96675 
10586 73596 
87556 96276 
77890 18119 
41571 82587 
21749 8963 
20244 55236 
17115 44932 
99402 78367 
14477 43242 
38125 53402 
59092 50784 
19471 15771 
4834 21351 
66532 1529 
50132 63355 
43774 72804 
95442 69727 
52116 87262 
71791 51917 
52904 46043 
18149 13297 
10683 57100 
91749 13782 
27609 6415 
79928 97107 
53358 38268 
44673 74950 
93562 7565 
71774 87977 
7086 82125 
15332 92875 
77854 40966 
25351 56589 
70497 35749 
21228 74215 
30727 56899 
27182 65383 
71139 73352 
17020 45481 
91065 95445 
25107 12674 
15103 44145 
67980 39459 
99156 96647 
86820 8350 
45049 18310 
64782 85295 
85240 83950 
95216 81572 
47658 37718 
76858 15145 
87363 40099 
90328 45848 
76515 3021 
66605 25276 
77045 19600 
92619 71875 
81446 53778 
11707 54499 
96288 66904 
67395 43546 
60318 23237 
7825 67841 
34429 34459 
15100 97503 
74327 74426 
48942 58335 
98360 19747 
97263 71635 
92783 49188 
7603 4819 
54631 65478 
32860 12908 
58404 86805 
62341 48644 
46945 92053 
24864 19918 
89147 93845 
44535 77168 
17573 56453 
1731 20553 
57577 71879 
1978 26942 
86188 56696 
83607 10168 
13804 34704 
1411 44462 
64651 25991 
8019 646 
42992 71718 
17298 67392 
11249 85735 
74794 55750 
73457 39080 
79103 14142 
52913 51502 
95007 13149 
76382 85303 
74331 94687 
28923 11151 
53686 18510 
23143 42918 
29606 80533 
34623 19202 
21079 22048 
91289 42845 
17048 96698 
68655 76616 
72205 12925 
35160 33122 
58212 23626 
12227 90129 
99499 91886 
62190 8620 
22858 21893 
93943 30264 
28278 7525 
80884 83396 
44823 17627 
18695 32180 
69824 6570 
11504 62318 
2244 11511 
64137 8485 
71823 73578 
75469 93604 
34416 99268 
73268 68160 
50956 60433 
4489 8914 
92541 16516 
96619 60733 
17372 31037 
35448 82644 
46633 45889 
62584 89846 
25842 71573 
82042 67046 
95852 49304 
79385 65349 
13338 41759 
99215 84837 
54522 13281 
97205 88071 
7807 67447 
81371 85913 
11111 20184 
84005 86400 
17920 99988 
60408 99832 
82420 83299 
93523 48818 
38531 92737 
94575 40689 
10278 8618 
28990 21533 
31652 70096 
64170 46030 
72966 71234 
31068 65336 
67667 89480 
15100 56453 
8681 19231 
43531 90847 
36590 21602 
16309 67517 
73266 42959 
35198 16264 
64099 99464 
22100 10629 
79499 72588 
81642 16777 
92138 11448 
55353 44517 
90192 91833 
35185 59776 
8839 38891 
52676 63954 
62376 80731 
36691 44996 
37522 63544 
37480 57363 
64824 25375 
47689 93742 
19568 95298 
12013 69945 
16191 57485 
6317 56332 
50893 95574 
84356 53975 
16032 11706 
35625 31901 
56818 96757 
71406 12896 
65956 13533 
57741 19703 
15082 43077 
43852 70866 
3199 35746 
92416 46054 
61784 3326 
4173 24383 
93859 86247 
43469 36061 
39989 30785 
13656 57649 
58084 15191 
1642 24267 
75797 70780 
9466 28287 
24450 54298 
17383 23360 
91614 41229 
77775 55075 
35827 26244 
22076 95093 
91414 36594 
73966 64330 
53964 87017 
1223 92534 
77730 30611 
5929 76574 
35092 89119 
48112 67814 
85169 78201 
21470 40135 
73784 78533 
51462 64491 
40195 41945 
65834 43318 
37355 63306 
95585 38687 
81952 93514 
374 61787 
38052 16674 
76565 78126 
3904 65455 
98373 22799 
15325 2602 
62977 13220 
1033 53708 
59036 92926 
25409 36627 
54652 39347 
32387 96252 
5665 20920 
60517 19912 
18021 94451 
33726 78276 
59041 92342 
44886 9375 
1534 61116 
40038 39259 
2017 77607 
79954 11812 
59687 87248 
2694 82345 
76350 80093 
35929 14886 
39155 44508 
10995 11419 
77773 15929 
12016 92876 
5566 68630 
52896 46258 
40340 82139 
12570 50082 
14414 50783 
74652 91158 
26045 94742 
11432 89773 
54639 74091 
24170 57425 
60736 3487 
1732 21564 
18384 14476 
87818 65117 
82345 14838 
53402 45127 
75444 49951 
55463 74435 
92436 79856 
25682 73105 
55922 47504 
73511 22147 
27103 28625 
6874 81142 
69621 21720 
70696 63438 
88221 57855 
78618 97907 
15662 84279 
66402 44577 
1072 3306 
26949 72997 
60865 28469 
96273 56790 
89359 53675 
47402 85630 
90406 17853 
14883 46736 
83627 87584 
16434 81998 
59252 73234 
60227 83963 
4101 40306 
26428 54179 
97906 77062 
89797 10752 
83959 31882 
6535 98505 
50968 39415 
23015 24724 
24063 13255 
76639 16260 
52030 94698 
49788 69611 
95149 12072 
6687 44620 
63422 23207 
89942 34576 
28505 84791 
78673 30703 
34325 16688 
13309 87478 
61145 6729 
73524 86641 
55757 32040 
55233 92466 
26496 56702 
30162 88548 
15967 2297 
87255 87295 
6619 77891 
49002 7281 
84738 99034 
27746 20760 
86968 21568 
37162 83895 
80107 65337 
2253 75632 
79720 5344 
17640 87655 
96047 63471 
88323 27483 
6668 42548 
49728 19528 
94595 6399 
4576 14810 
57719 24414 
32927 49027 
90959 67281 
28780 20820 
65992 61682 
91632 97296 
85113 86098 
54709 92292 
65540 17282 
62849 4335 
18406 17548 
22541 45891 
22715 86716 
34212 43260 
58682 89337 
82556 37334 
57183 7808 
4567 69465 
42443 65028 
76915 93786 
93612 6432 
64377 17611 
27568 30576 
49276 34902 
10042 9878 
18235 84302 
35092 48682 
17006 32866 
73965 84499 
96734 59353 
83579 50130 
65773 86861 
82108 79259 
29958 93545 
44586 56225 
51267 12329 
44966 81845 
79875 15744 
72749 51478 
17821 70424 
82065 18973 
53885 37285 
88998 50695 
68702 88049 
19006 57530 
46788 6512 
20415 29581 
47828 43865 
2276 88190 
83452 1350 
25263 13030 
17693 20667 
72859 98151 
59420 72830 
56683 40222 
43242 49506 
64660 64630 
1759 77415 
43592 50670 
16485 95963 
18752 25753 
97374 61062 
92286 60367 
81600 63957 
29464 10487 
61091 82878 
37271 22165 
45298 17479 
63331 34255 
40749 91272 
94832 89528 
82213 45637 
16913 91863 
81578 90503 
97859 27803 
70086 21420 
4510 4399 
97123 60495 
15444 42149 
14498 29546 
91768 1722 
18992 17826 
85768 16257 
47937 63811 
16220 47206 
22671 30779 
15788 81014 
12943 19310 
60757 36357 
51695 26330 
26242 57242 
64112 29929 
71043 25956 
87428 51992 
45493 41658 
48718 26496 
32913 75373 
36718 80379 
80718 30191 
50723 15990 
50735 6675 
34694 69394 
19963 97802 
7927 7181 
92789 15189 
84981 15929 
43584 78943 
37054 33111 
94643 87144 
84574 65970 
48577 17800 
26496 45794 
36572 6048 
5662 68992 
14327 82453 
81525 83532 
36014 54423 
31660 89538 
63282 62106 
31705 36228 
21087 42554 
69698 13874 
95068 91512 
35289 59105 
76190 20886 
86862 14611 
97573 71750 
40360 10203 
75685 57709 
42428 61176 
63491 81482 
87478 12052 
46697 88777 
13366 89037 
65871 97836 
63607 62913 
27029 70486 
35381 65561 
71161 71055 
42083 47980 
9223 93279 
6745 15396 
93281 22052 
68385 25924 
86769 36894 
27202 93284 
17232 57015 
76481 91175 
43489 74100 
69199 17164 
45753 18196 
45517 37343 
52104 54580 
3716 99494 
47551 15027 
31597 72146 
73005 25572 
27951 39646 
10619 4716 
34448 59256 
69240 70936 
67139 65294 
29143 16435 
83708 87447 
78728 75268 
47763 35669 
77536 38274 
54619 92427 
9733 44718 
64420 44573 
50094 11077 
47890 81760 
50592 41134 
87615 86050 
69808 98313 
93482 38260 
9727 11191 
84737 70598 
94826 26118 
63103 2243 
26950 17136 
51505 4817 
76105 12650 
1157 58038 
22082 785 
76119 72377 
44752 30896 
8921 75143 
71893 37426 
83406 79206 
32570 74078 
41727 79413 
31390 61260 
31220 50783 
54336 17784 
3893 54678 
40459 69017 
56350 94421 
5316 97987 
51182 174 
81883 33399 
92226 64448 
52534 49067 
35557 94183 
81743 82979 
5660 93154 
23316 71001 
51988 39273 
68234 30206 
24911 75418 
19624 19839 
72084 89519 
29887 54150 
56324 19881 
11683 40629 
74313 85117 
39244 69629 
11822 4578 
89438 86910 
5572 44752 
32967 39361 
94502 99911 
75337 95932 
33884 91135 
64427 10785 
14616 46840 
26972 13730 
76971 10092 
69767 84177 
33185 3214 
83072 89203 
16487 68593 
13473 43719 
55532 96096 
31394 81331 
32657 42108 
4446 8153 
21981 43004 
1998 48671 
19107 26695 
98617 82661 
68002 29938 
14441 15283 
62639 36194 
29095 18611 
51054 59093 
32393 32211 
97713 9932 
29886 12812 
66408 4147 
4204 78668 
70416 81314 
44183 2921 
99196 36010 
92927 72073 
71674 82709 
33246 40634 
84974 6938 
24310 81062 
24466 87004 
26897 49312 
76042 5882 
6290 60631 
34826 11230 
81631 97670 
35804 22983 
98484 53543 
41378 32643 
37370 46187 
8426 86088 
35206 27141 
23177 92652 
88870 47861 
36056 57189 
30516 39707 
50629 88990 
12799 9959 
20878 1669 
18834 55516 
89245 81506 
16500 48398 
54258 68247 
9605 52704 
90996 61986 
99456 91403 
60258 42513 
59565 93123 
33045 63379 
43472 14076 
25768 61947 
91099 48287 
88609 8822 
72589 10521 
14538 5301 
10211 587 
39718 25866 
48746 35168 
87368 94256 
2632 63878 
66650 76270 
94211 69925 
75716 70216 
11573 92614 
73790 76785 
56780 98817 
81006 34162 
25639 73646 
36689 11284 
58784 96733 
96878 62423 
30418 19834 
80085 59659 
95901 63939 
76672 36287 
2271 9612 
21657 93861 
76792 62984 
93392 48313 
47827 41650 
41266 16465 
19582 39646 
64421 73261 
17699 98751 
60466 42176 
46200 34565 
38256 16509 
47951 40114 
42028 47642 
40591 17182 
65529 77864 
7806 66128 
44267 39975 
61813 98657 
1572 93644 
57144 24808 
89920 19375 
28046 5374 
12798 44935 
42270 54038 
34348 36235 
12515 19695 
84168 44899 
83497 78748 
42823 68135 
17353 19601 
49995 43042 
33041 7166 
11673 67093 
16409 73844 
95365 9309 
6755 95300 
93048 52491 
83033 74279 
435 85923 
18206 73763 
8063 50038 
43836 11987 
24872 19834 
68628 56115 
58098 2184 
24449 28856 
54703 13689 
71244 72834 
69013 366 
78300 1237 
58835 58199 
13494 75 
28048 14470 
14413 37333 
27519 33797 
85672 77347 
98159 19911 
65266 94956 
90018 94491 
29489 33257 
19584 47722 
60689 51287 
33742 71779 
85084 63454 
33373 8028 
98862 81294 
72127 61534 
39990 29915 
86671 62309 
30385 26424 
33511 81749 
8578 75725 
4510 44848 
96469 60244 
68278 14018 
95490 74471 
37869 58728 
87239 82636 
96536 66667 
21576 58408 
22790 96803 
11192 99211 
43598 22400 
15858 94531 
10283 63008 
91790 67578 
35519 58373 
2029 2692 
51820 94409 
32239 17096 
51975 51570 
32999 34908 
50156 9384 
14444 73766 
58724 7383 
52021 59993 
10259 32320 
23172 46897 
66942 74281 
83893 22664 
50108 70226 
11428 59181 
91680 32455 
84759 71253 
56125 41642 
48065 26827 
6709 69343 
4033 73170 
93009 83242 
13639 21392 
18034 79913 
36949 62258 
2737 84519 
35538 69943 
3325 54592 
71255 87178 
52493 25944 
78377 75201 
89537 42750 
56576 54968 
16301 20983 
30696 62297 
65991 4610 
49949 88911 
115 87378 
53972 83794 
55171 89483 
16058 44862 
45141 98064 
84946 39597 
88508 3222 
85670 55164 
69152 87125 
7305 93414 
59420 52779 
804 94302 
30563 11174 
33711 92386 
50867 80755 
135 85430 
25034 91557 
64213 21547 
59685 27848 
23156 91913 
49361 87751 
12036 49737 
64979 86062 
36612 63031 
92427 77372 
12790 48624 
12825 30601 
11722 27972 
37971 43169 
58081 91463 
14549 43310 
5701 57272 
88950 92387 
19576 63240 
80858 65573 
26103 35822 
48255 58917 
54504 38842 
39083 43542 
81501 16607 
15537 63593 
8636 10886 
5789 53609 
47007 49294 
84934 33043 
57739 73859 
12045 20989 
98172 2824 
53433 2486 
53533 96199 
3582 69321 
91754 26148 
74659 52857 
65161 36965 
63147 64167 
96889 16239 
17838 57655 
32188 88728 
27275 38308 
5175 87530 
16717 39908 
70144 53344 
94785 11723 
73179 61914 
18186 64638 
94631 82212 
49233 44139 
75896 23445 
65388 17224 
55005 37707 
42612 83054 
74658 6885 
75069 43047 
93648 57377 
12545 95106 
28021 14239 
93937 48816 
71848 27593 
30254 93695 
99150 78408 
43800 90954 
28308 98248 
1555 740 
38195 18111 
90243 1448 
61286 95188 
68162 5463 
43204 53217 
94613 26543 
50394 11977 
81543 8093 
28065 74621 
34075 78674 
59065 87664 
46616 61376 
51000 87805 
99510 27032 
83711 2183 
57537 47788 
82132 74234 
6009 77141 
40572 46023 
72851 55334 
13636 39714 
75745 14856 
6294 45814 
2272 39830 
40987 43865 
77976 15154 
53234 52469 
2347 86561 
68825 29841 
35948 41118 
45507 23520 
3289 9188 
19948 98444 
35465 83510 
86813 56288 
14234 48823 
50961 95764 
94892 16305 
36024 53540 
79173 61135 
3074 8499 
81354 68599 
31585 28246 
80861 4401 
41592 86080 
82898 38266 
90709 79112 
14929 66366 
62585 33754 
71386 97764 
74413 93501 
81492 92836 
70277 45759 
15882 67468 
34384 59392 
66506 5865 
53658 72737 
31293 56937 
82710 93032 
10143 24440 
15832 42515 
72045 99497 
50484 13889 
84453 25556 
34625 78413 
5545 30528 
26292 23586 
27567 8567 
57968 84193 
25199 84848 
90611 70420 
6724 50703 
62557 89824 
87756 13592 
87124 6135 
7372 66653 
29327 77167 
84736 45961 
96971 66574 
70618 10087 
14236 29751 
82718 46250 
6953 32853 
26286 80027 
17892 75760 
92239 41532 
87702 54702 
93859 19943 
82521 18386 
50085 20389 
22835 42609 
48555 22476 
69807 72677 
24730 28094 
55100 60410 
74821 77665 
98107 53028 
79690 8614 
40549 74968 
54491 27586 
42572 80452 
54562 68849 
26726 44576 
61893 15275 
26668 3780 
48508 65472 
95908 52723 
63153 40843 
58638 53912 
15951 39782 
39409 18881 
41979 62660 
91396 75281 
9256 50946 
53952 42924 
99171 6504 
9388 3656 
28146 83030 
76141 64854 
98144 70570 
70928 84435 
60637 26205 
96036 46438 
53712 39224 
59514 50554 
25244 57519 
15856 6435 
86403 43390 
22666 4171 
49225 71628 
44813 66016 
89585 30466 
1773 71253 
42641 36871 
46109 86050 
81641 31666 
81484 23206 
52982 77089 
77099 2877 
40489 39657 
12149 84705 
10128 4568 
88638 94208 
42684 34408 
83830 71834 
96427 54508 
74635 31811 
54396 20122 
55395 29712 
1625 96392 
87818 2602 
46503 61151 
67214 63720 
47442 22670 
62737 4795 
31084 29782 
90969 83479 
91552 40121 
12009 50744 
41565 3785 
95092 3722 
45714 14307 
86836 33124 
3799 76614 
29358 71192 
67853 42497 
17791 36093 
70319 68150 
57133 11719 
12822 55449 
76912 98059 
15067 48880 
88800 16604 
51644 73457 
27093 57720 
10826 15398 
94886 12458 
93965 67033 
49815 39990 
36646 80120 
2387 83639 
73516 97631 
67208 63473 
87527 63113 
2830 41417 
81327 38791 
99478 76114 
83609 98908 
25565 59016 
56469 3105 
23703 50667 
1156 96211 
54819 16680 
69088 25389 
25020 96632 
72582 13382 
94022 25881 
55493 77448 
56218 70285 
27791 37592 
5915 26837 
90070 14839 
46744 89457 
74108 80529 
81969 78460 
3784 81005 
27156 84695 
37041 28564 
19614 84888 
84028 19181 
60016 43441 
9166 10245 
10809 27727 
15604 67461 
93261 28885 
79383 69034 
70459 98168 
47577 37419 
77045 80114 
39818 54153 
58197 48085 
95786 1663 
10091 25211 
92633 67457 
72048 4292 
15767 40734 
6547 63943 
4006 29192 
17492 15066 
5866 24712 
99379 1665 
77559 50562 
80432 23106 
25289 29954 
21303 41105 
44483 25970 
57599 84043 
36872 16318 
29283 63649 
92637 82834 
22897 74662 
9330 15296 
63604 56774 
81886 51878 
33203 59962 
38743 4425 
57534 69277 
17941 45764 
2148 13205 
74064 68372 
38595 925 
81958 58982 
95387 8086 
56391 72096 
87462 58184 
38184 26869 
25874 27175 
6787 96455 
45495 32654 
66894 6664 
52654 55756 
22405 11669 
86926 83854 
94891 68472 
11706 55225 
65687 89019 
96723 33011 
20845 9044 
32323 35165 
56396 76174 
20127 99463 
57715 26252 
17572 68258 
1260 86540 
74905 36354 
39550 17156 
92331 17157 
20979 78018 
42310 47234 
64896 87553 
47431 67475 
59367 21564 
77776 90214 
74117 85896 
33411 86026 
84400 84938 
7364 1319 
82857 99471 
82407 48443 
15925 82039 
969 93677 
18938 75736 
61679 5346 
39802 63212 
38308 14182 
34943 56692 
87312 81169 
93246 46915 
8699 64279 
93751 39198 
51590 24807 
31129 18146 
10663 16504 
49300 99103 
42557 56208 
8013 44008 
42334 83423 
69834 42100 
59301 78071 
35677 81816 
98728 20610 
75897 69175 
51452 46766 
900 80127 
16858 70307 
90352 69564 
36421 21640 
53277 98084 
34732 77401 
22681 79094 
72903 36831 
97822 93475 
55227 34367 
34832 66792 
94144 64744 
52127 54878 
30883 36807 
60883 37677 
29498 65319 
52844 78308 
10608 56238 
77787 64602 
67785 40243 
21258 13732 
14314 61755 
49458 87044 
40974 36231 
22711 31860 
26520 47228 
91477 39739 
31694 66541 
79646 86596 
24904 45654 
28666 99049 
33092 44828 
23035 73536 
84855 37315 
42811 59943 
14569 50521 
91961 9915 
26007 83391 
32793 81496 
71885 69822 
16112 86375 
91798 41645 
34391 63787 
65162 81495 
40958 65968 
78057 45849 
72022 44098 
73308 81581 
80380 30766 
51630 55563 
39695 25281 
18362 66164 
6506 1474 
25075 7937 
33428 74219 
38278 16354 
11528 80443 
78428 28147 
82403 53236 
11683 54601 
1264 93464 
44060 80133 
51128 72373 
63095 66505 
5232 30739 
95649 64260 
9859 75404 
2139 7243 
12992 12419 
7269 93549 
95564 97492 
75267 36768 
71541 29103 
73617 5125 
10679 57373 
33502 52906 
3504 32675 
7398 88507 
31931 71956 
44715 16513 
30901 77892 
54882 37405 
26496 6234 
3961 87808 
14259 40090 
95640 56633 
97742 96392 
20376 18037 
41816 59419 
17488 80808 
7848 9010 
84166 65612 
28602 86981 
82643 86461 
49535 24240 
42190 30853 
10155 33272 
26118 4199 
64204 55857 
35662 28485 
40634 44320 
52357 62564 
28721 46077 
78483 42018 
30100 55896 
21140 20234 
58133 98020 
79717 29170 
80729 1206 
38767 68190 
96573 33718 
38738 72453 
6725 72443 
95534 8510 
93614 90563 
66540 94076 
47691 61592 
15524 41416 
88355 94071 
11758 79298 
10231 30885 
9718 17222 
48482 69866 
94884 77381 
97550 88283 
48458 34821 
36590 82768 
79218 74271 
11807 68395 
94259 93350 
1020 15878 
32050 56155 
39001 44201 
60994 28675 
13474 27551 
54608 8043 
51141 19994 
90477 91345 
690 49144 
84271 16493 
85480 80911 
62441 47636 
42422 11435 
97570 70640 
85567 99458 
78940 10346 
33005 12598 
67494 80666 
13887 24415 
89189 30972 
28763 65629 
53617 57843 
70857 2501 
45849 9903 
28536 88114 
28551 25294 
79940 8214 
8787 6291 
59572 22223 
69256 53619 
23647 82210 
37312 54216 
66073 97829 
66715 40520 
40180 3631 
36913 16796 
22641 76642 
32487 78561 
15509 46760 
51511 34895 
19908 40234 
5658 80217 
30609 97404 
17237 52043 
94593 9870 
88704 54340 
48664 29385 
18759 22234 
1276 11019 
65785 53194 
51971 66540 
14171 32225 
48137 20432 
81979 34182 
63330 80616 
19449 94993 
43929 58698 
86976 5432 
11676 441 
68514 95969 
28462 16145 
71745 49352 
26719 32787 
89887 98710 
83846 24991 
51699 43326 
72362 20286 
65983 41643 
48773 15635 
74856 21659 
53664 86809 
66027 82514 
83093 19971 
58532 47946 
57098 45691 
68640 72190 
54964 9622 
83057 91974 
8898 71200 
15085 64462 
47819 81983 
96063 30316 
61227 58624 
59203 93465 
9439 31964 
5824 14762 
40965 23391 
5051 75390 
90389 72322 
67188 77702 
20852 14589 
48254 16096 
44067 90474 
88608 68637 
97776 43293 
62091 31282 
85666 54680 
13792 40923 
87959 51080 
94333 10859 
32277 7495 
56470 32923 
73806 69130 
65836 84147 
71428 9360 
91830 12673 
62187 43295 
86926 67564 
30303 20251 
33095 80237 
38924 25537 
32565 1419 
42924 32250 
46793 46861 
29229 57116 
42341 7468 
37555 90951 
85210 35087 
98879 93925 
36275 23870 
91578 68570 
39563 68962 
55882 49359 
62475 99185 
26145 76671 
42385 48480 
37408 55111 
17647 52041 
37824 31379 
72664 27395 
91736 65284 
6476 28134 
89546 8990 
42226 38557 
90001 54213 
30900 11183 
8090 54849 
66899 35901 
27497 83377 
25286 69484 
60390 33402 
50958 47230 
99296 37812 
78530 44717 
5917 32306 
38380 56946 
59962 57391 
9087 14623 
47412 58487 
9405 62845 
2117 13380 
83953 86214 
27223 89037 
25949 76144 
13625 5656 
97625 1143 
41531 64848 
54349 58856 
98160 80969 
52024 59882 
69706 39859 
18987 17680 
68929 97655 
3436 96340 
41077 23820 
65288 98516 
50306 87172 
67453 59575 
86381 81457 
35617 50769 
47153 87867 
97954 84225 
46145 75934 
86586 55581 
66585 51347 
81119 56315 
33273 69489 
1293 37111 
1948 46869 
10517 6060 
72110 19157 
75004 1035 
13779 14105 
34259 84330 
61234 30448 
77788 69376 
67507 39712 
90253 4396 
32263 56890 
22635 5827 
12664 58064 
70559 55609 
1912 58305 
92560 50697 
13377 1558 
80871 20645 
39601 55738 
5216 9621 
64892 50874 
86136 52969 
97853 45900 
18522 65181 
55913 60582 
58329 96147 
77753 63039 
5840 5568 
61512 60496 
67401 51645 
26750 1113 
54193 89437 
76372 58143 
81403 26770 
91043 34164 
64058 91088 
23140 92762 
66825 19382 
69833 97789 
54244 95116 
95647 16215 
5139 21016 
43701 19580 
365 34672 
21761 1188 
66585 45063 
74386 11443 
60434 92470 
55643 2095 
7200 11645 
98208 61679 
66083 8695 
34171 19057 
80109 45829 
60427 89714 
82936 64926 
57291 40359 
77102 70814 
62786 51373 
68634 38250 
77069 63768 
41502 2737 
21510 7594 
82053 44673 
5206 22102 
18342 78735 
58027 94456 
22199 15993 
73780 63452 
32875 74914 
69675 57428 
327 79267 
8985 61430 
13417 95844 
52661 37726 
73773 33007 
2624 55851 
99555 42245 
74539 23662 
95037 39255 
91140 49225 
1727 88487 
18469 4882 
54610 75676 
76922 9463 
3187 26559 
46528 92378 
21087 16805 
51681 54174 
20379 58125 
54332 92177 
7054 38586 
6645 16955 
62730 41344 
14243 45577 
14286 65360 
39335 21060 
57877 24050 
29421 73844 
36763 3425 
91707 10836 
33345 19972 
45980 90239 
25017 30309 
79401 16325 
70698 9616 
95534 67283 
40330 33916 
96888 51406 
73163 72441 
65374 72141 
52299 20662 
8255 70895 
12765 81995 
18564 8015 
58283 36755 
58412 36958 
47959 20628 
11199 24446 
28239 71755 
64485 70268 
27809 95436 
79115 84402 
3484 38563 
72150 86254 
23702 62067 
91296 1057 
2871 48961 
86681 41874 
54622 88046 
92255 82135 
14918 28866 
13480 43266 
97009 12233 
80651 44732 
79391 42420 
67849 89696 
95197 82088 
96410 88481 
86866 19073 
38772 54178 
13476 75349 
13611 39971 
49779 2784 
16475 26157 
95762 37792 
61404 6302 
23480 67489 
18525 66658 
23915 93701 
20234 664 
80814 67979 
74235 51274 
90706 10683 
65625 27838 
68735 20323 
52142 1396 
28464 25480 
56792 42504 
477 30979 
40328 29077 
59392 62420 
92353 18252 
61786 18733 
14338 45904 
58603 1127 
80403 90174 
34747 98603 
52470 11294 
45860 75160 
95210 58948 
67701 21866 
83202 20582 
47054 8199 
17810 69287 
44786 91317 
74514 58302 
91429 19428 
82758 647 
33599 95933 
99886 67054 
35570 54756 
78300 33100 
14516 34061 
40717 7341 
30176 25511 
72241 76232 
20165 19283 
9948 8767 
70619 61255 
60762 73994 
38585 88087 
6647 37996 
97320 8357 
62462 23360 
58570 53501 
36322 33851 
36953 30962 
4886 69715 
60727 73812 
56729 84947 
484 96002 
75802 66837 
82764 30524 
33939 50255 
79076 48885 
36502 14383 
12506 34691 
18433 47978 
3857 11505 
19380 10759 
87179 5766 
75984 63138 
60592 59214 
57063 84267 
2458 92103 
33102 49258 
75241 58398 
15356 90422 
59807 27262 
21795 24533 
11454 71286 
27266 88326 
5620 41249 
33423 87882 
45992 59656 
50372 33993 
40678 70829 
16402 5271 
13098 44054 
94811 53513 
3447 38071 
77532 41687 
33847 181 
94133 83947 
55722 91239 
71706 39177 
71465 99085 
16306 94846 
24130 27189 
89769 66319 
78652 22799 
37128 28276 
76029 39409 
79300 89527 
27921 12063 
23310 20250 
33288 60839 
58065 41580 
40964 27777 
97500 91454 
52492 95610 
4931 87768 
58063 32815 
82516 20153 
25066 58849 
37977 15034 
13561 25853 
47043 35175 
75848 68687 
14600 94515 
8414 83843 
75 91858 
63618 59610 
13355 92874 
95829 94779 
6350 18854 
12102 11295 
82306 32798 
21015 87386 
20061 48677 
24973 12074 
63659 28068 
81051 89388 
59096 69892 
63348 1157 
29428 43587 
95900 70982 
67079 63828 
89310 58768 
87912 55755 
6574 55166 
35470 13711 
3976 38326 
45748 13579 
41468 1558 
83006 99104 
33603 59814 
35292 25919 
16881 95349 
14731 13550 
42275 8475 
42116 25247 
62740 98029 
7886 68300 
74669 7977 
92365 83322 
89540 41528 
96928 70029 
57420 62192 
84755 79160 
37513 72413 
54947 85413 
12605 84719 
76965 44702 
74053 77777 
93734 30479 
61855 60301 
61205 38562 
30397 49467 
29778 47601 
24614 7275 
88706 23244 
93593 68289 
88448 58037 
39064 35189 
27913 46227 
94752 14829 
43635 2910 
59221 16740 
66139 50306 
59628 38533 
15113 10502 
6732 18154 
89453 63570 
12505 41685 
70887 52772 
80879 57174 
551 44422 
49442 59927 
6791 78970 
55302 82768 
59400 82025 
21866 45950 
610 39260 
14971 95724 
56398 77559 
96542 88020 
62975 36218 
11911 54253 
52833 56693 
82932 19954 
32317 67114 
43197 33757 
48390 88649 
43956 4200 
86133 44862 
79734 34880 
60488 12256 
31179 94662 
65828 10528 
99351 59014 
25203 94384 
10424 10907 
37408 75286 
2699 95370 
54543 71147 
68849 80394 
35282 54713 
15495 88775 
9843 47270 
19478 30369 
61443 83323 
5609 82326 
76049 53999 
44225 36066 
37290 22210 
68519 54045 
46645 90961 
41412 56849 
30359 97715 
59646 91672 
54004 2350 
68797 16949 
3228 33983 
77088 74747 
4914 62841 
98143 12415 
56863 67329 
23265 58106 
6058 73615 
22318 50944 
65669 55269 
98990 75942 
89203 93887 
80966 56213 
26509 18145 
8486 10575 
70869 58332 
95752 93363 
68963 76197 
78863 95055 
6242 55790 
31194 97269 
99087 70005 
22568 43761 
22095 69658 
22112 10240 
73943 77171 
96324 30120 
38492 5338 
33691 60797 
29159 63134 
35080 55587 
14025 55148 
45189 40147 
6789 29021 
64478 79042 
74358 76078 
73298 58028 
55738 44414 
20358 729 
8853 80786 
76172 84530 
2019 77919 
28822 19876 
45023 67226 
4147 9555 
11102 63442 
25357 10157 
35594 37288 
88155 76557 
89629 65055 
16547 82112 
17939 79858 
81864 72185 
98751 28336 
12888 26682 
30638 18671 
98540 78490 
76366 31089 
86214 58992 
96951 50359 
8668 19320 
90506 71318 
30254 6524 
9944 23083 
89328 57561 
71154 55360 
27838 10825 
79060 31136 
41356 24844 
92748 74057 
53265 36886 
22876 25907 
15300 90375 
4643 79865 
63350 9331 
17833 68604 
12181 526 
31793 2782 
55658 19562 
37684 75120 
50089 45818 
92917 68001 
97458 72995 
43448 28430 
12616 36946 
8418 3156 
53893 70538 
8615 58925 
20145 96489 
95326 48075 
68893 43435 
89381 18047 
90017 97929 
71515 4915 
77349 85630 
74675 95648 
76585 8645 
16475 91577 
52049 52790 
75737 56432 
7171 18496 
60897 86283 
13911 22120 
40027 95897 
54943 60657 
2338 76223 
59012 32120 
99216 41150 
14732 56333 
69235 48139 
80940 46420 
86030 46992 
72798 39992 
80524 83758 
91978 10826 
79723 62665 
86557 46776 
73145 47955 
71640 97743 
64918 69652 
15304 68699 
94679 82529 
96069 57079 
13619 15914 
67922 11309 
83406 43504 
26817 17800 
25121 96960 
58607 7418 
83026 44821 
62527 9269 
83614 59147 
86634 69577 
64327 96329 
82020 96499 
18227 25582 
81148 87902 
51053 48960 
32313 48473 
75292 70038 
77036 4920 
72249 84976 
40084 83669 
37580 89257 
12862 24057 
88335 16182 
50086 61928 
50288 49050 
66899 33417 
63190 77997 
19052 16802 
38529 4554 
72267 51493 
79499 32266 
18574 47533 
26102 20079 
77200 26445 
19632 16717 
25500 14799 
90303 38891 
41442 45595 
59330 3935 
3344 9356 
12545 78356 
84805 36763 
46445 57766 
3240 87743 
9543 50820 
28896 68109 
62018 19 
37949 94160 
54843 35614 
98026 78098 
85952 25375 
7425 12683 
25457 52583 
70328 92241 
14542 27386 
79480 18947 
33362 12525 
95080 8257 
2140 23444 
54035 25433 
26634 44926 
17276 56275 
24203 91641 
64496 39515 
69988 28397 
75432 65751 
84007 57367 
94759 78387 
39480 74183 
63663 95703 
10284 92585 
15355 10032 
91143 38147 
74036 9935 
18046 15628 
67269 14352 
88315 61624 
60223 3874 
29867 4445 
46927 83623 
97440 66523 
88458 14662 
79881 61163 
70882 6393 
87089 55073 
66826 71155 
47777 90866 
23704 3979 
89979 89609 
68894 65454 
95031 82484 
17607 13697 
12755 52782 
92693 52615 
673 4670 
17298 37970 
3289 13583 
21081 10190 
18823 54572 
8597 3449 
10278 49581 
74494 14214 
5282 22380 
14326 99289 
94899 750 
72094 13308 
85441 59536 
85978 88728 
79280 55290 
42348 7515 
60764 63511 
24698 13097 
41564 92830 
49034 63523 
76120 17030 
10075 32414 
92330 35392 
23705 22911 
95229 44628 
40276 71694 
92121 81524 
20613 85059 
56477 74450 
12025 67117 
94875 23979 
35123 71365 
6387 18162 
93945 31201 
26990 76335 
51621 2400 
32983 6880 
71787 81112 
36812 58956 
11933 44665 
46342 46000 
69056 99257 
74312 19661 
20286 8554 
78577 76819 
71538 20298 
85695 89520 
25795 4202 
527 57842 
9274 63733 
32736 99149 
48531 86832 
77420 3662 
74457 56171 
71588 5897 
40148 48253 
10774 44309 
78806 12464 
50836 7322 
95113 36147 
38792 92950 
78905 69809 
13560 41344 
53544 7787 
92534 34838 
23030 93991 
13175 98462 
61659 49823 
30121 75394 
97993 1878 
77814 96427 
80882 20785 
96230 10323 
79500 69327 
83011 92766 
61587 97926 
79166 5646 
14543 18645 
17465 35547 
22523 35073 
62754 536 
89358 4726 
51636 77765 
1921 63100 
95330 70860 
61436 44021 
43950 5753 
71301 89676 
23101 16305 
59128 55481 
44365 57006 
27999 79932 
60117 58993 
77350 7603 
80083 27800 
7424 24680 
92151 66459 
22898 90730 
33156 96007 
81067 27825 
36730 36895 
87896 58742 
44756 9489 
31266 69619 
6586 9545 
54898 9279 
5883 15469 
18763 27385 
48810 88145 
62137 96628 
19267 31261 
84045 60367 
56947 90299 
82470 96440 
42235 81759 
48500 90328 
78317 60669 
94499 66381 
45304 54065 
6401 34556 
63831 10895 
49420 71890 
46269 44658 
23728 72903 
32544 74109 
62076 71167 
4555 99485 
84854 55504 
48239 86952 
79771 78536 
85592 72372 
53096 82823 
30284 36972 
7323 50325 
29975 52138 
36161 14655 
46048 38307 
91900 62402 
87194 33812 
72497 89725 
57124 23531 
96138 73509 
98675 34333 
79558 62545 
16638 64558 
13065 93533 
39914 78137 
30012 89133 
39895 60501 
1341 853 
56467 3001 
46896 18275 
95649 55366 
44331 77910 
53552 61564 
33739 69939 
90244 73478 
61535 59138 
24045 18884 
80667 7502 
41891 85530 
25874 10385 
24617 71445 
12511 35411 
67366 43142 
65365 83989 
34798 37995 
69919 78946 
28376 44823 
52686 18624 
58716 97604 
39511 27698 
9862 21228 
11162 78077 
54282 75342 
74064 49415 
27513 52594 
90668 48078 
99592 949 
68772 5866 
86746 56259 
91984 35344 
31310 90916 
84573 27340 
40425 7137 
43108 37959 
14788 29338 
34571 27444 
17585 79052 
56039 81239 
30703 47949 
74567 64829 
20417 19823 
17558 38233 
87966 30723 
63710 83483 
11791 97978 
92508 78970 
97670 93430 
86294 88239 
40580 84002 
43099 17635 
67855 13547 
50695 37135 
77042 53999 
92751 51774 
3831 10896 
6498 57260 
55539 28667 
87989 12695 
23850 4420 
45793 15745 
46849 85467 
36907 71200 
24880 95479 
79681 2515 
7339 6887 
27716 67778 
58243 53048 
5994 6462 
77265 52684 
55889 61412 
99894 1228 
9250 91675 
25471 68998 
13427 16141 
25098 34437 
58854 5359 
62733 72231 
18756 69501 
22274 10691 
96562 74096 
71042 70571 
90760 52011 
5770 98356 
29230 70077 
21070 11068 
95493 51819 
12335 76761 
67852 53960 
75086 65136 
19056 43669 
91057 16071 
78911 25976 
97603 90388 
45171 26322 
21528 86794 
39059 41943 
21006 31677 
40968 37559 
20001 74340 
9132 75810 
38432 49249 
79495 40936 
18312 98987 
68535 35392 
21171 86889 
52463 3402 
25323 66679 
75985 62912 
82846 17960 
51755 7936 
5659 1023 
47654 77020 
37644 32206 
23204 70340 
35502 31887 
68714 37897 
24868 51243 
21154 54334 
20204 40986 
79300 42116 
