43589 92665 
40958 27844 
48278 65884 
88263 3428 
4364 34420 
62463 93618 
75537 26715 
35985 51489 
67028 54852 
30427 25108 
12189 41796 
37012 20822 
73531 38005 
106 66439 
20721 63099 
94764 17834 
66932 37305 
24618 20624 
41878 99479 
90018 59714 
54993 43813 
27944 3852 
55417 45685 
5033 79766 
26799 88600 
52941 91028 
64416 48841 
71324 30456 
69684 42161 
87869 21733 
62879 87756 
57080 65806 
58716 98740 
99964 60726 
71421 65490 
35262 9789 
16017 58470 
29558 32125 
50784 40535 
98375 42348 
62175 45204 
23266 71433 
27968 47029 
10958 59694 
7022 22948 
9767 64521 
94717 79369 
15773 90520 
52032 98760 
46673 67723 
63151 41629 
34740 74760 
1623 25037 
92019 28181 
88296 87177 
30613 36559 
5605 39046 
78889 48588 
92273 98858 
20423 8063 
80060 2624 
96677 65450 
49936 85170 
56700 85699 
78910 29911 
7523 35028 
20684 92783 
17492 25565 
13440 16019 
51414 46096 
36259 60829 
71188 9577 
42042 4530 
18494 3641 
79256 67330 
7177 39025 
77444 56699 
92068 52670 
12139 43155 
48342 37154 
83695 10277 
90841 36239 
41505 53919 
86413 67435 
60163 40816 
63892 6871 
27387 75180 
6199 99152 
34821 63370 
16910 35475 
72341 11358 
89697 76955 
14079 37470 
73192 86936 
50086 33745 
16118 76006 
61431 63272 
97941 56487 
58476 38002 
98827 49378 
2186 81754 
39356 86037 
6552 46544 
25218 99331 
76538 16872 
65045 4556 
70455 6183 
90543 29108 
88254 22553 
97275 61702 
77949 56439 
41708 56906 
21236 22417 
75566 48783 
6340 68900 
72048 98645 
21228 55122 
154 26245 
3537 83026 
33108 51177 
64927 63221 
34836 1779 
67031 88779 
54426 32597 
63775 88419 
72710 28219 
40563 31483 
87361 61264 
74681 61131 
93327 15367 
13225 39295 
13949 80201 
14963 97210 
64770 74872 
30792 98676 
86835 58498 
3743 39765 
69183 42313 
54017 28264 
91272 26362 
77091 8933 
55248 45635 
23680 26527 
45216 25464 
49172 47513 
46149 14055 
17145 93594 
78526 81205 
16650 75339 
56519 46610 
6187 52655 
57291 28564 
28635 90302 
96893 84458 
50871 21311 
44291 48146 
69427 78885 
69187 56088 
89228 8280 
11620 94093 
26325 24130 
81711 89585 
7507 35839 
46469 20477 
39759 23902 
37234 11070 
768 13391 
16104 37833 
58031 57362 
72626 73480 
58574 12557 
83042 56465 
43909 62525 
53568 84811 
35557 19179 
86439 98161 
5346 12798 
52882 29968 
91614 62616 
30723 82970 
47602 5392 
65959 5377 
11507 47741 
47460 22672 
69013 99496 
41826 10470 
38629 40017 
21498 77578 
47692 67102 
33363 65220 
82701 79043 
97380 58321 
91414 44373 
95173 47834 
86169 20967 
7057 79247 
47964 96445 
82640 71767 
59058 35153 
84914 95079 
98198 33559 
30674 46184 
17063 5489 
61117 77469 
79094 41395 
15664 89021 
82625 11736 
49302 13099 
9053 13529 
29167 86778 
33778 91300 
69632 29951 
12727 98869 
16818 20187 
10514 6820 
73212 83408 
67615 1993 
61020 99893 
13436 69964 
58903 58809 
19720 99251 
10883 81302 
54483 96824 
98539 72108 
40517 58550 
87968 52711 
44456 95297 
11565 75277 
22502 75683 
21319 15891 
27153 9848 
55101 98091 
35585 65117 
90332 3234 
94844 74044 
20476 82935 
91594 68119 
78935 632 
44870 46239 
52211 94277 
89165 66111 
69640 70205 
62127 28825 
30494 9446 
36258 12148 
30946 92038 
37201 96411 
83152 22358 
72599 18409 
76630 69052 
54919 83342 
18138 16820 
39287 62583 
431 64159 
13079 5938 
92541 91070 
67840 1063 
14648 63841 
56133 19849 
59149 40179 
85948 1809 
46169 87290 
33580 37911 
56573 27964 
62201 34791 
68435 85251 
17835 58898 
33937 5049 
37045 82903 
72874 97708 
41349 82560 
26173 54711 
12252 61222 
8302 64558 
37734 11338 
20916 73165 
96143 57521 
41818 8410 
96662 64142 
83024 15908 
26859 31917 
19703 33642 
67315 52589 
27737 66787 
20919 38544 
31845 10878 
70127 95092 
58491 11406 
19353 57150 
8192 41000 
1613 69178 
10402 21538 
28657 47494 
774 17856 
42028 27446 
65436 82157 
78851 64454 
29773 33788 
629 27538 
30280 17754 
45891 96715 
97197 97139 
58313 51523 
92927 99565 
10715 16941 
96639 55863 
92381 15080 
99002 40349 
52177 56320 
72661 46385 
93215 91877 
13828 8369 
96143 41371 
8304 11855 
7604 3523 
61257 17199 
68010 55902 
44247 58933 
68520 50509 
55288 73024 
20914 16008 
58126 47244 
96080 84494 
65469 86038 
36890 71012 
57536 30646 
79474 47356 
82119 77615 
23263 68221 
65218 94457 
74623 27390 
72372 39871 
51513 44403 
99966 57766 
77328 8031 
43063 29270 
10904 31867 
81749 34985 
56687 9512 
51474 905 
74117 92039 
14581 75780 
58526 48838 
29951 15103 
97185 14429 
25641 27505 
13631 68460 
15409 72991 
959 43868 
64170 89310 
10534 9054 
99747 62662 
6397 23923 
88651 52028 
17616 26788 
42179 22585 
20937 69362 
95795 43014 
64309 80466 
9498 53899 
98206 5574 
69845 20054 
16141 38941 
35296 38226 
18353 37826 
55713 83500 
3408 84189 
14152 42653 
61244 38252 
84467 754 
88226 10438 
71799 18521 
69816 63465 
4685 62263 
79738 44734 
77289 25650 
25826 40678 
98190 13152 
32233 39339 
88176 38661 
85282 85226 
83678 29631 
85948 11354 
44726 17016 
45813 37391 
36765 34337 
35322 29959 
54169 45434 
43241 31396 
79957 69728 
34458 76648 
31021 76308 
99623 34487 
21061 73685 
74561 28866 
84470 30772 
70038 18972 
43567 26456 
93133 42432 
68867 40061 
60366 55118 
77488 63090 
99660 33132 
38312 33798 
13342 37797 
4207 70488 
27594 82882 
71375 6850 
85137 84760 
73818 13226 
47359 20852 
56945 21399 
59748 69455 
38494 57282 
175 54932 
57245 25864 
73439 76244 
30393 85810 
37450 53936 
89005 97311 
46526 90942 
37615 26104 
75511 5945 
88834 39003 
44748 64553 
56728 31886 
440 3154 
53778 89719 
17505 13091 
25376 90071 
82777 28648 
73110 26485 
85223 41389 
63496 46129 
86859 45459 
92345 67371 
73104 3772 
76634 67211 
84561 13333 
75499 5968 
13551 39500 
99912 87156 
8202 83567 
56626 34214 
64497 45854 
86125 2534 
2382 47322 
96618 35192 
15939 76775 
66508 13860 
59519 37806 
86313 52542 
81921 79930 
37681 31122 
48844 11698 
61906 68137 
239 10105 
53287 87757 
73635 60232 
23690 44653 
87130 81813 
23837 32232 
16433 25303 
74139 14686 
19220 49009 
53283 91346 
57026 21008 
16346 23035 
39982 24795 
65830 24419 
72956 86000 
78839 53821 
12980 79023 
1502 12490 
57319 17049 
57781 99055 
69167 76668 
83986 51671 
13620 59204 
92576 50318 
20491 44865 
89256 44806 
12447 52936 
15899 20174 
37083 81518 
68503 10557 
19747 63672 
44153 24971 
10296 43347 
3886 54079 
31434 44087 
99390 85668 
48847 76279 
615 68401 
74138 4566 
78686 28320 
80342 76073 
43882 60682 
56824 92208 
12011 90872 
55443 92057 
74160 22457 
83071 3778 
74582 67902 
76945 11889 
59384 88022 
58758 82992 
44748 49938 
1021 90211 
67526 50113 
54941 77518 
23390 39018 
82913 9103 
68083 26991 
10676 56100 
55875 47103 
64326 83213 
15994 104 
85544 11175 
22563 9011 
24793 47471 
96503 66441 
96675 97397 
88899 66484 
44276 90261 
34473 74738 
99996 81435 
31093 5062 
49270 19950 
96684 39668 
502 3458 
78402 50374 
39675 77665 
40618 53147 
1297 75673 
38048 55505 
18700 34208 
88248 36921 
26180 68336 
93764 36069 
73068 33996 
28351 5543 
75534 58600 
93998 34647 
75786 73917 
75859 33915 
290 42604 
70787 21199 
8740 30002 
41760 48497 
3726 36191 
55323 61121 
27395 69791 
92070 86367 
5878 14651 
81204 7576 
14849 13289 
99393 91230 
30307 66863 
91425 99734 
97516 30406 
15569 40549 
98015 64251 
90078 73568 
19706 87765 
18950 22921 
38251 69925 
4820 16849 
99357 82775 
14802 9848 
50991 38400 
51093 24974 
12194 27853 
92353 91032 
80840 81300 
14127 39272 
76581 72695 
67004 67351 
87148 99410 
89738 74426 
36323 77473 
61217 20643 
20068 6500 
49940 66656 
63690 74861 
2602 4441 
37361 95275 
24378 99299 
29933 83777 
42705 24811 
21687 20877 
13604 87425 
15542 62732 
25026 5411 
83155 2301 
75216 28141 
57532 15667 
55777 55939 
56900 67135 
48865 48207 
56008 88185 
55896 88087 
30458 90002 
11149 5618 
87278 17060 
97830 48159 
60683 107 
76423 26789 
95782 20912 
55609 60478 
65005 58262 
84511 85976 
62099 44938 
21724 737 
96758 28802 
41372 58586 
69310 97601 
69316 43430 
39375 96760 
3706 5011 
14955 42147 
63208 52490 
79198 5711 
23530 66620 
40884 30868 
48283 9305 
41671 16663 
93738 80565 
78240 94970 
68725 97216 
685 13386 
60658 45024 
29858 27966 
96647 86669 
95841 4584 
94623 91534 
37328 25464 
73613 90144 
17393 98279 
34572 46053 
5011 69253 
93569 81000 
43637 48810 
47697 85385 
78251 68565 
80705 95398 
40521 1846 
70147 20616 
98057 96426 
40762 61408 
58220 87783 
19814 64199 
79530 83954 
89300 24477 
84469 38927 
97208 62325 
86283 60526 
85428 63372 
39399 30862 
15435 99225 
98136 52688 
24545 15750 
21647 73374 
25312 5049 
94338 79700 
68568 57497 
40516 1341 
26604 23945 
99595 8609 
17195 4967 
93929 40962 
81427 23999 
65157 56739 
48698 34277 
76969 51735 
70818 55664 
82238 54496 
83770 36783 
30746 69555 
60491 90318 
50030 6368 
50945 54885 
66376 1334 
66790 95607 
45582 13009 
57095 67305 
23823 46539 
38868 29188 
67805 42318 
91537 17969 
50381 46017 
98093 57538 
52865 62375 
17242 7645 
8552 83527 
699 31456 
83242 74150 
27687 92467 
48097 90339 
14709 74892 
37708 6857 
72850 58496 
2009 28321 
27132 68773 
54495 63853 
82863 66444 
91194 51876 
22455 36420 
4924 31976 
42848 85721 
47608 74144 
98451 62250 
99745 92200 
97447 61930 
90625 87842 
10308 354 
75472 94510 
88558 86956 
16402 16140 
59098 54629 
32967 84879 
54796 65791 
84995 93968 
65616 37085 
25542 97248 
46196 99232 
15016 5133 
95575 35969 
18844 48383 
32676 26600 
20565 25649 
27205 50359 
69790 98518 
9759 97610 
50230 48659 
77246 72849 
96815 65665 
30102 67537 
12905 91352 
26369 26986 
38704 6476 
14305 34831 
195 9256 
10026 91084 
24265 1564 
19561 65294 
40179 68297 
65758 65065 
120 8160 
69623 71988 
42290 50027 
52963 61962 
88863 67994 
74629 44999 
18079 90396 
86154 30728 
74873 83313 
94293 50202 
87630 77466 
47707 41991 
40027 98895 
22973 41162 
6393 58464 
71133 93393 
96591 52973 
140 53325 
72197 31546 
10870 16161 
89546 84955 
74754 74625 
97215 22689 
39627 89540 
65626 12819 
77073 11654 
54631 73076 
39283 94732 
31325 18095 
76405 95538 
34800 87377 
76367 64996 
47133 1295 
28318 96657 
70643 18325 
78132 13522 
30287 95720 
39820 42346 
17053 87952 
50225 45744 
63280 52492 
6042 56723 
94084 70909 
1997 87722 
30406 34738 
96913 66789 
28666 90228 
70438 87236 
29606 83796 
97367 43920 
54645 943 
58774 69226 
31880 45338 
29581 74924 
55884 61946 
30731 52233 
85519 68306 
10773 81770 
62204 21464 
26488 57468 
87451 14542 
25056 34157 
32930 66575 
91326 67154 
68929 42012 
12895 24045 
87807 12111 
33001 13786 
67862 49514 
6641 96297 
70049 29382 
48843 6942 
85028 95745 
65706 54573 
51293 40078 
88606 29292 
46453 30645 
89844 86615 
13212 25761 
44087 58445 
19207 1884 
14097 78060 
65565 28328 
81514 96265 
52899 24394 
13896 8930 
85445 41835 
57737 12317 
44116 25838 
73841 51931 
87489 21078 
86230 33055 
46093 5899 
98670 16705 
59813 57319 
43913 33427 
70862 72288 
69950 9183 
25448 96543 
34823 12503 
56160 41355 
76976 159 
14031 649 
51639 59792 
94349 16196 
75426 22257 
53524 76950 
1082 43879 
45623 80151 
52259 39395 
16723 26383 
84201 80018 
82761 68577 
398 57922 
82328 85817 
47566 58335 
39699 6785 
31684 73542 
95326 64853 
46385 39262 
61179 27044 
81652 73179 
36473 2495 
85545 47870 
75743 2529 
84607 35919 
35622 94100 
29619 23707 
39345 61109 
22550 2175 
88677 63980 
97827 7816 
21831 66872 
76443 5204 
62922 84063 
84991 73552 
33568 82259 
33343 84136 
515 63988 
74481 32839 
14480 48725 
27920 22630 
54884 63038 
34173 74523 
32759 48788 
21869 82321 
19815 99294 
11448 16447 
65514 37387 
49730 25187 
35978 56401 
68220 77891 
58624 55404 
84647 43977 
84680 13341 
22042 4027 
88066 63284 
2560 44845 
3583 47598 
84274 99014 
69979 57595 
48360 51325 
84171 87111 
11347 49389 
91725 58468 
32524 23794 
35731 11400 
10146 44387 
61224 80763 
11728 13555 
25608 27262 
63495 24827 
96820 26886 
31981 95693 
30493 69422 
66800 17215 
4942 64125 
37769 49832 
58533 1534 
91840 34696 
17843 74410 
75742 82942 
26997 17914 
18721 51497 
88648 89376 
46456 13329 
5298 71414 
2028 82506 
66021 48635 
82675 59963 
58098 77806 
62170 24624 
95675 44123 
57764 6264 
48302 72077 
17947 41529 
21021 38444 
52686 32505 
84676 17031 
1343 98499 
80202 70076 
35102 35961 
23866 89578 
20575 78926 
21795 83338 
29111 82953 
61589 95106 
62403 39169 
86423 46016 
79139 61920 
72748 85326 
49717 83384 
26572 42527 
36479 31664 
85253 79981 
95421 64970 
61853 55519 
22024 83909 
97299 17809 
18630 46273 
91986 73795 
43679 64313 
72874 87153 
14189 73190 
14779 89452 
71993 21070 
75262 11598 
91541 46313 
21345 72124 
2510 75254 
23308 91047 
23942 95251 
65852 33228 
58364 32033 
80205 23602 
74059 87770 
32042 18085 
11626 76899 
9577 58660 
86954 30401 
43813 88834 
26930 26058 
58608 56602 
66469 42146 
92104 85997 
55873 25112 
53012 55474 
76037 7926 
75368 81619 
35735 15183 
13571 70044 
29924 43409 
75886 61847 
71005 10616 
29045 73632 
65925 27871 
19199 1852 
1246 57395 
45183 38098 
15526 86715 
88904 20983 
83810 66423 
54637 32381 
12548 30290 
94114 31041 
44915 40806 
97515 4983 
6294 80667 
11804 15566 
77609 41269 
7351 779 
70200 42993 
51346 3023 
90125 58859 
62265 87558 
22028 3074 
13478 21788 
33153 89072 
26059 92670 
96594 57826 
40979 49813 
59538 26536 
89038 75182 
37061 10233 
83316 96862 
94916 24405 
43299 83924 
95810 85455 
22527 82223 
22823 87592 
52269 76828 
60900 49725 
32605 95767 
12765 93985 
99260 1937 
49135 38674 
69650 55252 
44783 62796 
24784 65481 
31761 26728 
15058 97771 
9032 14169 
87423 37411 
83789 94218 
19006 68224 
83867 89197 
8003 69784 
72991 73840 
16498 92708 
20977 24483 
81831 28381 
29545 83105 
13249 49715 
91071 395 
68786 62959 
62385 74428 
63664 77031 
68630 7145 
96000 66521 
13239 59483 
88168 77226 
59241 97837 
32917 98994 
64391 89481 
2178 9622 
98038 22626 
23480 75713 
41171 97996 
53959 81633 
72750 63124 
85226 46091 
75201 37988 
93638 77371 
49891 11206 
10045 12877 
19396 69667 
20649 86397 
7581 61333 
26361 67381 
30747 80826 
81857 20523 
3547 10561 
7532 41071 
61904 46298 
17650 31543 
31790 85356 
36188 98910 
27566 58165 
78241 67789 
46446 39360 
59318 24855 
36696 83376 
57462 32403 
56364 91258 
93840 74880 
6580 30390 
16310 31218 
18904 96873 
67435 97924 
99743 31511 
93511 23125 
86473 74642 
4407 50166 
49743 72537 
25361 10843 
84319 28603 
91331 52998 
66844 26373 
22129 34948 
23102 38040 
82262 70096 
39601 72246 
73262 59087 
74743 7927 
28265 3987 
73364 7158 
78678 59239 
65086 99309 
41030 37489 
31720 81229 
28401 54934 
61867 83759 
25348 70420 
71877 13558 
77809 45304 
61528 91055 
40198 26971 
90027 70252 
90761 37872 
3378 44220 
73225 34130 
17684 11257 
47865 82957 
64611 1058 
38365 96545 
35023 37636 
42151 51593 
14720 46333 
31390 18221 
92233 95935 
9425 19853 
32796 3728 
3132 46438 
54899 21270 
65560 47463 
16241 61727 
35154 38285 
14427 25791 
47988 63598 
34417 32561 
27636 75200 
29535 64144 
83669 97761 
5727 88358 
34240 75896 
89817 32585 
30796 18614 
1664 43628 
3718 83084 
17396 83390 
66493 68677 
6331 78248 
13029 24361 
47694 61185 
17799 7769 
84952 20060 
1738 72677 
55312 92851 
58164 3081 
39891 31239 
42444 56744 
16065 87642 
16762 28784 
57690 67568 
7030 96808 
21155 29152 
72859 63052 
75644 4759 
13470 66150 
84525 65773 
32511 95393 
21432 50963 
62991 3717 
9399 31295 
9867 82179 
4316 89607 
2320 28279 
5014 52263 
60319 13273 
61423 21702 
70820 29486 
69581 23769 
37795 77624 
87624 1755 
17241 36240 
80469 60279 
73432 40746 
2535 86443 
95891 87743 
57644 53171 
97916 71950 
33146 40161 
76957 57639 
91365 91602 
54740 84235 
15593 66620 
30769 6625 
50171 28350 
76658 74717 
44600 60602 
70756 63923 
10148 97279 
22586 78495 
24092 99034 
64868 63013 
71519 14058 
97233 73842 
97505 15518 
50220 81999 
53554 16781 
712 1607 
61304 27451 
10743 64026 
83827 28124 
80406 86726 
90229 9879 
2585 18108 
22825 45684 
82351 74732 
27777 35230 
37036 25786 
89933 92139 
24404 21144 
20441 23060 
55756 3978 
81811 81864 
38457 96642 
99224 68955 
58046 99445 
99169 85659 
53970 95904 
36936 46734 
64952 15229 
22968 206 
20079 63007 
34800 3085 
29952 94480 
6051 53923 
88554 71270 
16867 88783 
30996 12052 
71235 5830 
4868 20448 
35776 95624 
3672 49253 
31859 19087 
79642 39147 
18356 93222 
246 52153 
75820 15832 
37734 5364 
4596 84804 
84363 98833 
79108 44971 
67233 23041 
58501 26142 
96161 25960 
39855 19544 
15634 17516 
54332 76779 
47562 90093 
48910 5327 
5447 37774 
66774 77662 
32518 64096 
37963 67300 
66512 78379 
18521 74347 
61966 94061 
71226 5616 
7286 58975 
63808 29904 
58261 67120 
71697 37730 
72368 24262 
11403 96669 
68857 65545 
98007 8307 
58523 52322 
15572 40977 
83992 7529 
12884 33564 
86476 84191 
88539 40024 
68160 21 
9230 11687 
50740 12569 
12943 94987 
40106 54033 
84850 55947 
94739 92559 
57829 29564 
61150 37784 
81821 32187 
83503 62322 
26663 68047 
16563 68088 
31543 7278 
71184 86541 
90914 12093 
99796 65369 
71468 40229 
85679 60587 
87690 60317 
34304 22698 
24537 72557 
77601 38274 
84972 39858 
92743 64237 
57328 99580 
5891 71088 
42937 44053 
98303 93485 
57939 29257 
57316 71803 
24903 95358 
17939 56721 
99622 60230 
22122 40342 
36404 77669 
82267 72020 
81176 35699 
73116 14798 
95907 7165 
91899 99248 
60122 54778 
20443 35504 
65699 35826 
94966 51421 
19676 47957 
39303 35024 
96448 6766 
45613 72814 
35527 48340 
92904 91980 
63953 5518 
78216 34219 
33446 15264 
97893 11589 
1614 76414 
57094 20736 
53734 91970 
4543 20804 
57116 98196 
86490 12490 
63529 3947 
88958 90954 
26864 38004 
90563 83664 
82990 29596 
79555 25773 
46660 27885 
98183 70244 
16360 99865 
65106 77702 
42168 32951 
92278 81856 
3947 8471 
56586 80362 
67653 5338 
8503 58095 
36011 39377 
103 10085 
86534 43099 
93003 94728 
94600 43143 
63178 14394 
72243 98186 
54017 90179 
14325 18810 
41631 70324 
32931 2633 
67118 87658 
78114 82938 
59351 60476 
88516 7120 
18825 13355 
88941 32456 
58198 79685 
53599 51015 
98371 36065 
83551 32958 
326 10209 
4758 8077 
72386 98655 
79210 89076 
30172 28312 
35746 76928 
2263 96747 
69474 78596 
68387 30151 
29095 10451 
88973 5016 
10005 56924 
34972 89833 
97648 3247 
55086 76492 
60454 63570 
23886 87560 
74538 81307 
98781 65261 
73414 87282 
76389 70727 
55124 63012 
79591 47945 
46464 71462 
25388 35887 
19403 85628 
20664 44362 
78330 66519 
8050 44455 
88413 16425 
37300 62749 
95157 60787 
68953 10050 
93137 92560 
26522 19952 
37930 46657 
1028 20366 
59437 58864 
77463 11949 
27044 3564 
96569 81461 
37519 97685 
87320 35122 
45044 4457 
5582 97356 
29455 69906 
92649 83657 
3557 77414 
23712 22828 
93269 11304 
50759 73462 
85415 79020 
57049 52302 
27111 53369 
30981 67992 
78005 61167 
36053 32716 
62030 62738 
572 6385 
38847 37902 
75871 13259 
16862 18374 
15012 59277 
59420 83982 
5313 69876 
93752 70642 
47478 62710 
18252 21748 
11758 67419 
17815 51413 
17240 5505 
39292 77993 
74242 47343 
49468 29337 
1762 70506 
96574 17436 
82004 53840 
22935 29439 
42262 55072 
31197 84461 
60755 36292 
89449 61157 
77504 21214 
71620 9747 
53931 90941 
68657 23977 
65578 50774 
73315 63446 
31199 29667 
36760 84809 
78448 6019 
18764 61535 
21481 88759 
4882 46233 
79020 21067 
43837 56992 
92763 15574 
66205 49757 
15506 74502 
81558 72430 
25947 95974 
15368 83241 
92837 18601 
39268 55833 
55029 10434 
68660 86609 
5910 65545 
50222 66041 
70843 31700 
38508 75006 
44410 56008 
65610 19606 
10664 1910 
40795 23529 
3999 60516 
78033 55686 
80915 52039 
38500 82678 
63613 88966 
92447 588 
85253 51593 
50195 18664 
13651 8703 
85593 38632 
55298 1404 
76908 97728 
44812 96523 
19916 20945 
6270 7458 
25861 58582 
32350 75028 
3005 68853 
64803 98606 
34614 42152 
75507 8687 
8564 53494 
41192 76083 
24109 72727 
76900 60020 
99921 58300 
43355 7704 
34158 9682 
71615 31283 
22106 55986 
54755 4635 
19856 13895 
40779 42050 
53496 56691 
23566 43628 
12472 98016 
69386 18076 
33062 8903 
35344 22619 
73299 54717 
33123 91842 
4220 59817 
66451 62560 
94004 82065 
23973 40160 
41297 6765 
40533 93399 
21982 50166 
49367 9240 
49652 96356 
35280 87082 
14229 78211 
64630 2606 
55437 52964 
11760 25475 
48258 16072 
23515 32244 
26037 43214 
63579 16094 
43558 49585 
56559 58387 
87190 8099 
8140 93536 
72135 73660 
12056 68315 
27814 19371 
67262 69496 
61626 2361 
19391 69563 
8548 41842 
9427 19270 
19519 10096 
59516 97939 
15022 8250 
50916 17629 
31985 23058 
52316 65724 
21884 38307 
38109 61946 
15844 5055 
95656 461 
58583 58598 
58208 45491 
27176 6871 
15844 49714 
92937 4942 
50646 68755 
55094 73303 
14307 52188 
73491 13884 
16455 1716 
54197 27005 
20215 609 
96692 34934 
47852 34926 
94215 73291 
83846 46745 
89883 20212 
25315 82314 
30362 95029 
70442 23963 
26145 73130 
54410 23595 
22917 31769 
39317 87712 
11997 62751 
39632 99179 
59544 62250 
18003 99324 
13962 35473 
17537 95455 
58869 34416 
6182 3519 
15032 80675 
96415 83369 
58823 12096 
69168 75011 
17028 31957 
74782 98157 
18282 32479 
5726 34602 
29889 10631 
35956 73142 
85505 93520 
99965 60156 
13888 43091 
40968 65483 
11885 15436 
92094 42837 
65807 8706 
67098 36761 
14549 45413 
27793 64017 
65074 99883 
64276 76291 
16290 99671 
70971 93227 
20887 925 
26634 80068 
16377 62040 
89671 32553 
86330 17344 
1464 23212 
70744 83162 
49899 57863 
30510 12255 
82849 88821 
85072 49488 
77127 32260 
84718 31497 
62235 41122 
49284 16189 
70245 92146 
3641 24126 
33207 55795 
66973 23130 
77732 31286 
7627 89909 
72737 45381 
58266 38055 
70797 33278 
97032 10474 
46170 42650 
39655 96104 
73271 27795 
54660 45740 
8210 29829 
9297 29825 
33007 71016 
77304 2290 
97171 26568 
91306 8807 
44555 75611 
2419 5300 
44770 74555 
17552 33078 
57878 40694 
20926 30693 
48712 81649 
50485 49410 
32876 57118 
92179 79130 
80338 13432 
75487 84673 
24482 88507 
2091 98512 
24613 45077 
16284 15378 
8098 53428 
30456 86593 
74700 11408 
51931 17540 
80128 59065 
18467 30389 
28401 18053 
38866 66019 
93393 61820 
52454 63983 
58722 1577 
66583 77471 
12165 55207 
4853 51396 
55835 51489 
404 16039 
96618 10437 
98421 26149 
62693 32006 
89892 5945 
51429 20090 
84719 44163 
51573 66472 
46407 20111 
98328 20254 
52876 31634 
13812 72325 
18326 38951 
57328 91533 
9638 34529 
59985 59489 
17437 98473 
46433 64307 
96742 1334 
52822 30096 
75035 71840 
34567 78633 
36606 55706 
20097 42422 
31216 53524 
7496 74191 
22364 40664 
19777 26930 
85906 40187 
31518 10645 
93260 40955 
54685 67307 
65125 27449 
24670 43826 
61413 15247 
58951 84388 
81005 66665 
70229 8126 
80975 94780 
3505 85859 
89090 50855 
32276 80482 
75687 30118 
92892 69630 
71411 23942 
58069 26351 
65864 92643 
50662 93761 
98868 32419 
77021 53071 
60804 62437 
15610 50843 
51439 63593 
31018 20983 
7660 59183 
96123 9719 
99709 39558 
95861 87714 
12775 97730 
54912 12429 
76259 61017 
78598 86020 
76494 74964 
21373 39286 
90421 20112 
497 60560 
7483 19629 
53873 79957 
64902 26386 
445 14005 
7556 61727 
99200 73448 
97821 15040 
18518 37878 
43036 3146 
21452 4884 
78650 31596 
44515 28494 
43658 96164 
97637 71974 
11579 12137 
41182 13416 
95029 61446 
2242 59043 
24833 3240 
76940 38799 
15676 2207 
28033 81539 
69444 90761 
27837 93021 
34676 96147 
15368 88889 
35998 31596 
33521 66992 
10894 71832 
87266 38605 
42874 7578 
16986 76528 
59852 1131 
12520 79522 
74484 45630 
2857 97178 
79226 64376 
44101 7070 
73045 73328 
93987 86912 
89011 69869 
5131 78462 
12378 4014 
91120 97028 
27340 34377 
19686 686 
7261 70593 
65399 96708 
68004 56269 
10692 29203 
36863 52160 
18471 61581 
50665 37918 
12189 40235 
85743 62596 
89968 1698 
39785 39028 
68211 64526 
30964 95273 
97114 29314 
53294 67500 
15574 95482 
28816 43008 
16247 91856 
27002 39512 
72808 9573 
79673 37411 
40990 20474 
5774 65419 
82522 61881 
74490 76766 
76867 69568 
77489 43141 
79455 44698 
51474 36573 
57113 47675 
90787 65665 
81485 22056 
16422 81919 
89442 65113 
22638 74300 
25855 78076 
5256 25789 
68551 48766 
86724 14338 
97890 42043 
92272 2478 
14113 99409 
98673 74753 
24462 78076 
72610 50237 
19036 91957 
39146 18573 
29476 52300 
72460 22289 
17740 44028 
80801 35584 
73640 15404 
65532 70369 
9230 3218 
70140 73986 
25777 63479 
99294 69915 
94727 28471 
80267 32652 
37965 65016 
59497 81056 
14617 65938 
75560 20634 
21742 66971 
26506 64542 
94493 44715 
54288 15550 
47668 17780 
1942 96747 
35045 42853 
60167 77491 
15495 70206 
9171 52894 
5579 99023 
78891 98 
67213 51926 
96127 52642 
25907 70238 
60648 5439 
40240 16729 
94016 87166 
46402 61014 
34626 14337 
83022 14241 
10391 71886 
60958 74365 
6539 48776 
80304 41035 
60125 93971 
12640 60013 
55180 48045 
60342 61046 
62800 48772 
76778 60227 
69025 5236 
81320 8169 
60024 84307 
31272 78650 
88883 55766 
19241 8927 
31185 97963 
48877 22530 
47642 74530 
4550 88103 
11171 54532 
71239 93734 
23094 63360 
79761 45236 
38566 19734 
49430 28941 
44866 35398 
75352 14858 
87826 28366 
60766 14394 
21489 28058 
26197 48362 
63975 31218 
36666 25617 
78586 1180 
75787 80413 
63313 89895 
61312 67477 
24233 2048 
40528 67759 
28663 13681 
25889 14984 
82478 3899 
31360 13366 
52677 57601 
48161 80222 
61048 49560 
54978 13745 
7700 25801 
92144 55796 
44264 56864 
41911 92367 
5729 49404 
47660 10194 
27163 67478 
73728 7066 
16965 32972 
54518 35446 
31861 45785 
6642 44309 
481 88719 
81095 72479 
72161 59464 
13763 38227 
25526 2618 
92090 64552 
57424 98404 
93285 77299 
86970 1531 
65202 14159 
51720 13597 
14856 86584 
43415 15523 
41514 43807 
29276 82646 
1408 98378 
31480 54480 
19329 86035 
92234 33532 
68703 49205 
34786 43181 
26247 53090 
41733 83279 
69870 66016 
11145 83970 
29228 61629 
18336 73163 
17190 29498 
6473 41155 
67417 12850 
52813 7093 
78404 27375 
8950 66288 
17497 53445 
93301 24819 
69801 35600 
21927 8457 
26329 67749 
99844 66597 
93354 90326 
59117 78737 
70654 76500 
22350 10959 
90173 38538 
90556 62940 
28613 42574 
2955 92225 
7541 80249 
92887 1793 
72859 9113 
68836 29395 
1787 40147 
82446 82710 
20017 20412 
6463 23067 
24279 31578 
34691 12267 
96273 971 
33327 2021 
62795 763 
18478 63549 
3835 93097 
8147 26104 
35526 64132 
98705 17489 
98057 78448 
45574 77066 
60000 76676 
85833 42355 
9973 33913 
26415 93973 
44174 94196 
35807 80509 
74014 97203 
19375 34857 
71965 17348 
28890 36600 
45669 42572 
55359 71230 
80488 30374 
80919 86308 
18869 92028 
20324 47101 
51268 72401 
65512 49801 
77837 12450 
57708 59147 
62678 4212 
50733 99029 
43192 73979 
96457 39675 
75896 58367 
78726 93007 
97061 70095 
45657 49009 
51612 85576 
41844 60222 
96961 24757 
21785 8948 
19782 35203 
33786 72303 
13230 36996 
99604 33939 
49674 32805 
79254 78104 
49763 38364 
2714 41599 
92480 42578 
70640 92326 
32813 63617 
74764 49230 
93760 27626 
65283 57836 
77641 60025 
97364 87965 
97981 45916 
21774 25804 
67766 85705 
45682 91194 
92415 44834 
78862 22817 
6577 72367 
97773 38897 
62670 42212 
5452 99102 
26094 52852 
38632 64534 
57109 6737 
75218 76990 
62617 78872 
24993 56135 
82426 75611 
44352 43788 
34045 79328 
1906 8220 
77655 72372 
35952 58164 
78635 34596 
87075 6199 
38857 12753 
59583 64217 
39943 67185 
64002 49890 
91771 11479 
19504 32355 
7744 74145 
49945 47792 
34682 27883 
90099 71125 
49668 51617 
29690 38762 
98776 13244 
62011 79140 
93339 86925 
71178 22724 
98249 47727 
87502 31241 
43770 18590 
63978 7065 
67430 79814 
78556 18029 
45785 89657 
46648 346 
7195 6134 
36235 82918 
26231 44739 
13966 9979 
87918 54561 
14807 25846 
75748 46150 
20083 25502 
81249 58484 
49166 67775 
54860 9530 
18588 94099 
17965 35133 
99045 95137 
34159 84350 
5504 20000 
94171 5860 
88562 28355 
3335 29686 
56249 44409 
73106 21253 
44586 83581 
8831 60649 
72550 87593 
54837 78987 
62459 21801 
4881 65877 
80350 59775 
11082 47292 
52587 4428 
27700 21456 
44705 72478 
7457 31935 
46409 99549 
27589 51683 
92704 6948 
60384 49606 
65256 7943 
18722 12044 
60407 21312 
945 95593 
80636 3029 
31382 94814 
4842 3093 
42941 18642 
19435 3872 
76405 82653 
47050 98744 
77418 40898 
92568 25393 
56612 601 
37213 76821 
40938 85800 
50588 74924 
84975 41861 
57875 6455 
29841 1841 
94766 89247 
94303 67751 
6267 57745 
57786 95071 
97170 31259 
48195 7227 
21758 55727 
78816 8234 
8241 90405 
88038 6366 
49440 44552 
23227 9438 
55396 56009 
75814 3189 
55878 43516 
18502 78238 
61167 57662 
17475 28231 
38018 1583 
92576 2035 
34392 91795 
76663 56235 
91289 82044 
81689 20665 
12977 78574 
13520 59366 
27900 33939 
90113 82085 
61739 18275 
8389 37339 
61365 31911 
73997 97040 
53854 41258 
55125 24842 
98247 91095 
46608 5593 
89413 70700 
33830 1660 
3157 88718 
27231 93430 
29615 42210 
97736 55867 
28022 49029 
80990 20805 
50106 49486 
34031 75508 
21621 73205 
21864 52040 
41978 10134 
83378 69130 
60427 20876 
76153 98443 
13947 70806 
27900 40575 
66750 74907 
28669 12572 
74227 95790 
82386 68419 
5218 46084 
98910 96692 
95609 8192 
48505 65436 
73588 99329 
19489 13353 
92266 77856 
16766 18501 
28924 8101 
14079 10960 
61803 75157 
26013 34304 
15141 68624 
97144 2225 
71058 34807 
15206 41267 
82947 30562 
42716 58406 
89174 98827 
27265 23067 
18177 25805 
94487 7203 
96464 32806 
49726 84142 
19559 2001 
14484 47225 
22574 34601 
1998 72577 
91911 92457 
92589 16897 
92466 79617 
3963 10763 
45785 79080 
64168 80710 
83735 71807 
85703 9211 
19588 29971 
8078 20703 
23780 94526 
23107 63922 
65178 18328 
22323 46066 
80330 80393 
9128 62695 
62957 54296 
99607 58755 
23865 44286 
95464 50772 
57488 86398 
50072 38005 
65423 48624 
64412 31199 
29627 54200 
43469 31645 
98320 95069 
15674 306 
46214 98837 
68037 67090 
97310 61792 
77874 43689 
53319 63053 
28351 19911 
53668 30440 
79557 43088 
4059 37381 
29412 2863 
49755 71950 
39430 69550 
37016 34122 
19229 63283 
1537 85344 
60611 63266 
46259 95750 
87181 1720 
22610 8654 
38659 25478 
8987 69385 
40403 49707 
88225 46109 
18139 72838 
61817 3978 
5473 69565 
2831 80728 
57501 29626 
41718 51853 
27671 64119 
99664 66465 
87026 58190 
32623 81236 
65056 9226 
25880 19036 
69609 53031 
83723 31418 
99651 47001 
91765 49578 
99153 48898 
90461 67193 
12977 2633 
87522 10277 
96326 18294 
54248 14209 
98230 12687 
96163 46100 
86453 58792 
61909 81877 
6336 77767 
56011 71789 
69313 95530 
50873 5468 
48171 77450 
51342 18234 
15601 49296 
51135 64058 
206 10369 
34663 17380 
49816 45586 
19991 55937 
85842 47339 
9162 19815 
4357 65022 
10573 38146 
29694 10420 
24827 64158 
54571 60523 
40190 61765 
7104 15798 
66768 42410 
69539 91632 
49499 59604 
36135 43385 
39241 30392 
38350 51361 
68518 67930 
84323 21032 
73897 77425 
56639 85975 
30493 88877 
87437 36220 
15778 74379 
83150 33091 
99643 25174 
2535 13157 
65564 44238 
1086 28478 
3791 43836 
42558 18145 
81590 24330 
44023 56960 
87901 50456 
64746 81107 
70155 34340 
71139 47807 
29534 80739 
10130 46189 
17632 49275 
1539 40005 
82238 40920 
16372 89299 
42894 21495 
42428 67795 
37896 53705 
51218 65492 
73583 20975 
70904 41871 
24035 91377 
38824 74082 
74714 87915 
54138 26635 
77116 2706 
76227 54378 
83161 16858 
17702 38885 
57833 65307 
62226 49933 
26509 16449 
96821 18340 
99411 20078 
85938 4191 
29819 13967 
30291 45391 
4945 69372 
47285 75432 
38785 98792 
81865 6459 
34781 45535 
6699 83899 
12839 23923 
98832 32363 
49955 81446 
86288 28996 
66690 9706 
42591 60077 
2712 39715 
69745 39459 
63818 18905 
50961 93277 
90113 82162 
73253 44377 
90451 97256 
16999 62062 
11757 86231 
84664 77958 
63532 98646 
94103 7243 
97616 39973 
93209 55935 
51186 39062 
62146 39588 
97020 72239 
57004 86503 
9212 48442 
14425 49416 
44786 99729 
80625 3664 
62114 14573 
50175 66925 
45524 97527 
15 35894 
82186 38182 
82428 98658 
42129 24773 
96978 47995 
45158 43346 
95973 90483 
59470 62110 
90543 19051 
65935 12385 
15184 92480 
39296 42543 
77454 44356 
42931 39348 
66484 26137 
7385 82352 
19050 74213 
64521 21263 
45210 79234 
38925 43703 
96803 27502 
56121 31271 
21645 78807 
13171 85594 
83786 42894 
71417 42792 
45982 17587 
73378 84779 
4323 55612 
56258 98864 
36981 34305 
33028 33305 
79098 12620 
38722 45798 
64095 73247 
94369 44315 
77989 64147 
23881 75279 
57824 73454 
70281 22742 
27878 94415 
96771 44068 
8058 62962 
25481 82545 
47725 79478 
62089 65434 
35186 58463 
78092 17130 
8153 85061 
74131 91464 
43730 95785 
27576 54579 
37814 42276 
35483 30390 
93265 41577 
65 54356 
23815 64126 
67990 68065 
46402 61597 
27091 27104 
78446 90670 
84502 87747 
78591 45983 
98738 84183 
69496 75750 
14937 7312 
59512 16907 
57230 48603 
36413 53170 
65147 78051 
40820 68995 
21969 83969 
39575 45205 
12132 14180 
10009 17909 
62043 23092 
14939 1356 
64096 47218 
95160 57486 
57212 2912 
31332 80211 
38869 24358 
30347 50807 
13397 37360 
72653 12332 
39211 94980 
16444 5606 
23681 84808 
92243 7029 
28520 54449 
37131 9404 
90838 91745 
11704 90945 
35434 39334 
14837 24750 
52410 19323 
61412 91309 
40885 93184 
16397 69966 
74343 84406 
85013 1773 
26074 47018 
43193 35797 
4199 71777 
55145 93710 
84922 83649 
65533 13335 
99961 99123 
72669 60872 
29485 79999 
86045 33621 
75449 41456 
46665 10285 
41868 46534 
41842 44321 
28350 46606 
77464 37296 
51135 7973 
80235 73853 
41897 98423 
89971 47630 
38754 94392 
67746 58359 
76197 9326 
89567 14380 
1065 36887 
17194 31925 
90229 48858 
37828 82797 
22311 86915 
42628 5421 
60534 39855 
70346 60783 
36736 3470 
76850 84367 
87594 78908 
3910 57976 
83264 77226 
11320 1205 
5944 62725 
5317 61309 
81276 85786 
43186 62376 
39003 27054 
19072 59945 
81015 99188 
39223 35585 
64658 29802 
76248 57478 
67103 79797 
51434 27650 
82618 34989 
31773 34276 
18724 45729 
44079 28326 
99536 79177 
2398 47878 
54953 91947 
16913 20487 
72938 27021 
2632 84317 
18774 88175 
34372 82067 
79952 47571 
889 98271 
78287 97755 
95503 30146 
1870 67982 
43127 4932 
48627 86610 
4377 82565 
40554 86254 
16234 11473 
63100 16431 
25766 37480 
7690 49659 
48438 1016 
47073 41247 
35847 96213 
52927 30485 
68992 6989 
73107 51503 
2699 79832 
21898 55739 
74422 40759 
870 34807 
56346 14812 
60143 72461 
73571 60429 
30333 47458 
33137 88195 
3962 55267 
8740 93699 
21772 15928 
4207 97622 
24194 87787 
75167 52675 
61087 12406 
22791 46639 
13954 74622 
86116 3516 
73952 73578 
50155 60665 
36330 65461 
55851 78819 
17324 56752 
44925 24004 
73074 98010 
97741 45612 
1807 52491 
25547 63306 
40276 91367 
59787 66874 
23404 97886 
40680 27856 
62067 46471 
44813 19444 
8163 59609 
7265 42089 
18342 35297 
87599 56235 
98237 80891 
1035 30715 
7531 85399 
86223 25625 
32870 11555 
9251 41850 
90429 91477 
9871 85922 
2824 65264 
80405 18541 
6109 10582 
30381 77798 
81776 73104 
30676 94080 
75918 22615 
49796 42576 
63177 27654 
91888 11489 
36586 62756 
21178 99265 
56109 36684 
10752 92573 
68456 57462 
84958 18229 
18646 30614 
34144 6932 
9858 20675 
68091 54388 
32236 92884 
40188 16320 
73629 91887 
18261 27833 
45623 7369 
99921 94744 
6809 22693 
70433 64754 
41819 41982 
79281 49687 
59524 43476 
67990 36562 
6644 12604 
16217 94856 
54066 66869 
85737 60107 
2356 96486 
32652 49842 
70191 9633 
27026 46872 
74876 89259 
66090 67070 
87652 39581 
92284 14042 
48126 24694 
30621 11459 
51980 79209 
41188 95333 
84004 1350 
42096 43143 
54526 22656 
95772 14471 
11504 85262 
67223 78684 
42786 47642 
56722 9221 
53497 82793 
81379 31136 
2016 29023 
30124 18845 
4687 2801 
44864 54368 
74168 85608 
86933 72883 
39272 52259 
32400 42030 
5140 16870 
2434 44153 
51797 34474 
75616 56558 
36375 11198 
47950 53856 
59748 44030 
3299 88602 
81818 32329 
32066 41677 
21378 77620 
89160 72268 
56246 15600 
13642 38767 
47289 4880 
41907 6574 
45980 30664 
33874 6517 
9290 68390 
97359 58501 
38015 92302 
39665 28984 
75037 6968 
97393 48026 
48555 25985 
95580 71886 
21983 21399 
65477 40547 
16998 19813 
6652 46042 
9138 26748 
13554 97067 
56361 19476 
99285 38156 
10171 60389 
40045 57541 
76176 47892 
32551 96829 
36356 39893 
3742 57781 
18874 56130 
37119 86691 
2890 89917 
83350 5289 
75660 37301 
4093 48546 
17082 82235 
57440 64436 
72902 60011 
71034 28423 
91950 58050 
64589 26356 
45057 3067 
77407 63418 
13724 26724 
28467 63956 
35135 98025 
86743 37215 
16778 60080 
57637 97429 
88724 11265 
97772 43189 
44504 26396 
54833 20662 
32596 22207 
91787 17970 
99650 33254 
95481 63932 
53904 79312 
88516 33365 
12627 73364 
60232 93274 
20979 40526 
7756 59521 
81313 92520 
31273 71919 
11764 29779 
59047 37235 
60854 23818 
87172 34186 
40875 66206 
6640 22280 
7000 57284 
56039 47226 
1321 47718 
82032 89655 
1461 39045 
11751 60999 
61896 95559 
41330 10648 
12834 19192 
23022 71887 
86251 91506 
89711 40590 
71586 92465 
90071 50322 
64677 64335 
20248 80204 
62625 917 
28664 7824 
74596 7204 
39356 98434 
63972 92677 
86290 3844 
10787 32591 
76134 29644 
85051 55971 
234 17793 
51363 96429 
97867 83084 
83099 72528 
32322 36662 
50510 48071 
78953 27498 
61238 59525 
40092 33603 
74007 87743 
95513 38788 
76700 94194 
69169 37884 
18535 38104 
42964 23603 
12728 40251 
76596 21595 
80809 61565 
98809 56756 
92680 20273 
19901 53492 
67523 80016 
77913 95353 
39833 3173 
71650 95390 
62145 78582 
52535 57533 
11416 903 
44270 41468 
89570 63 
34374 78700 
60384 93541 
34889 25903 
44642 61695 
40899 83143 
3448 26886 
24971 49198 
75566 50871 
93231 33935 
98872 51715 
94510 98621 
38229 81464 
17836 48997 
62567 98833 
35539 63124 
62434 17396 
49300 96224 
75976 9066 
74738 68145 
96075 95082 
56449 5562 
64288 62324 
39887 80678 
18265 1406 
39086 60918 
48482 74893 
29940 60004 
37421 88854 
67593 59806 
99717 59080 
73488 54472 
15347 34462 
62692 53618 
49596 64359 
85369 69725 
83300 74198 
37597 6396 
34803 44159 
56195 58754 
41079 69436 
49857 35019 
79642 17434 
34561 9178 
55145 87159 
35126 18671 
44988 19155 
86702 28135 
96777 524 
20143 90507 
97159 58864 
43362 50181 
86299 41440 
37186 49379 
75243 31428 
68644 18577 
34374 61791 
87257 54534 
60377 49147 
10602 15371 
96400 84950 
24272 91172 
75499 89335 
18342 40648 
81004 54222 
57518 19742 
69096 76532 
35405 66347 
78668 9860 
94647 46880 
61458 43483 
4183 15042 
1485 51290 
72461 80872 
56947 40024 
41148 39065 
50078 66187 
47771 59539 
50811 84004 
67647 367 
48685 33045 
45582 63425 
84047 73416 
6047 76514 
14427 28882 
86870 52191 
24832 3833 
75968 43196 
51783 98712 
43230 87093 
80042 60331 
50399 8649 
88283 68441 
90639 27446 
65369 78010 
56441 382 
92422 7808 
59628 13955 
87548 90274 
30452 29590 
39839 75029 
4092 76811 
17226 8995 
62365 83648 
18745 99772 
36046 31439 
55970 5713 
88924 22087 
90643 86117 
98550 49788 
25937 88002 
20633 76426 
47331 42118 
74108 20053 
35726 90161 
12156 79256 
30228 67641 
50770 32729 
922 22342 
10954 72980 
3015 57090 
93239 55873 
22849 47287 
43912 73573 
93628 98673 
91214 87470 
54047 78788 
26726 89782 
46603 76850 
82261 97805 
3990 21031 
5816 23134 
51791 9603 
71461 99713 
63562 92950 
67535 99157 
40473 77164 
95115 9609 
51801 6742 
74428 5192 
64870 23848 
755 87191 
13437 94674 
13316 35198 
2073 39620 
40741 66692 
20721 3331 
64967 66940 
48419 53063 
1701 17589 
58088 99445 
30129 21938 
95303 92347 
17085 97656 
93140 56435 
71666 83581 
2471 95881 
35093 86232 
62491 15817 
57599 73795 
9790 79260 
39250 10628 
25965 42602 
14776 13647 
53511 90158 
43886 3536 
67687 18850 
27981 18283 
78056 7814 
11793 54342 
47565 44489 
44204 1591 
59331 68737 
66317 42235 
31683 39570 
66873 90978 
80576 25282 
95159 63995 
55122 67076 
49795 77645 
26790 68733 
68148 94360 
95732 20437 
25569 52766 
88720 73538 
16250 41860 
62353 44893 
28255 4942 
92452 44325 
44071 87995 
26017 86833 
95045 79343 
95598 72362 
73145 22676 
47640 90270 
56713 23903 
16121 33069 
38236 13789 
80718 84569 
51602 72985 
84784 81261 
83954 73794 
52545 32594 
22925 43889 
37264 25725 
33929 11241 
52470 33397 
84131 46590 
86934 89803 
29815 80092 
80707 98589 
62115 32124 
44327 89600 
62392 64749 
36213 46550 
53030 29973 
74303 86468 
42029 63660 
47145 83603 
50464 49876 
6938 95407 
80774 59421 
72431 66291 
30761 48436 
43137 56015 
83338 88239 
27939 63920 
5232 85911 
21004 97639 
69234 46657 
15788 65476 
74042 23603 
33970 55361 
73345 98439 
60306 83 
41522 37204 
16700 18457 
97176 69491 
79144 65135 
77685 46517 
39802 17982 
8070 43717 
43072 81232 
35694 86924 
79340 85100 
8632 97703 
2970 18075 
60072 73005 
52175 36826 
23652 37114 
87523 60457 
45401 29683 
33151 70799 
76775 22695 
149 8483 
30274 91306 
95134 75739 
54188 98771 
68658 31171 
36287 94042 
37928 89220 
77588 62133 
26173 17562 
86806 11972 
97079 59412 
33710 34201 
26824 94495 
65308 12297 
48583 92414 
32656 24354 
24724 5171 
98028 30021 
50513 91840 
92313 97326 
69750 67660 
70706 87519 
87585 22283 
71114 82539 
98648 57484 
14182 9371 
9674 53300 
96412 88288 
24963 83421 
18613 7864 
80293 65568 
60727 8651 
56324 50667 
61074 39531 
76061 25838 
83145 36018 
92599 30496 
56307 58149 
3170 62342 
58113 17139 
83418 80566 
65394 14555 
21853 97278 
38918 15570 
48607 85005 
22099 78694 
94901 18030 
28104 68411 
90027 8416 
61675 84272 
1209 93748 
72087 50231 
48340 82946 
61865 21425 
80393 68939 
82254 82066 
83222 72561 
30898 27770 
99475 90712 
29784 48382 
80535 83663 
2219 53251 
57667 51300 
86482 9895 
14970 16191 
20732 99154 
70262 52528 
8878 25136 
21689 74348 
30323 56697 
97642 23834 
87856 18651 
55458 81096 
97417 95566 
10432 50517 
11087 58735 
40821 65551 
30346 77811 
6807 93826 
10521 32578 
41796 17435 
79288 97472 
22965 9547 
92217 31719 
4629 27706 
26549 71334 
2790 96720 
70763 85710 
52121 59521 
1940 31210 
17716 33134 
55556 6853 
33032 18671 
83030 93127 
52808 79228 
61219 33935 
55089 17617 
65032 3814 
71 57059 
39397 87824 
55107 52288 
10089 89883 
25017 35952 
54223 76826 
84749 35757 
10730 60092 
97484 81499 
48705 14705 
15416 57958 
27252 36083 
2746 49525 
74296 39231 
90821 65572 
83801 11977 
73909 31677 
80930 44180 
80721 81225 
32921 68232 
11624 84267 
89771 62639 
14357 6140 
23328 90139 
82125 97020 
95953 64541 
97094 75385 
30676 66357 
9602 83353 
73569 56301 
38792 59850 
36088 67869 
3945 98843 
80179 95444 
47413 34106 
62209 32766 
89852 19505 
83103 58126 
66387 54275 
1553 7222 
28326 36541 
54762 22431 
59251 15061 
96904 18081 
46578 49188 
9333 55336 
70068 80070 
58542 77427 
17355 62302 
77983 16229 
13159 4580 
28056 44530 
53695 20334 
44956 14889 
70645 94878 
23510 95568 
10140 34326 
91759 86795 
1329 73321 
25730 76504 
6414 83571 
21738 73670 
89428 43258 
90476 39521 
14584 98575 
62292 22146 
86663 72949 
96261 88388 
75716 56973 
66989 38441 
26239 42625 
62594 83169 
37051 49023 
64869 61940 
12218 23834 
98394 79647 
25706 94328 
29173 45565 
12802 85203 
65365 3868 
99921 16432 
62789 55834 
11049 43768 
66068 87184 
43869 6914 
22662 30489 
91530 6001 
91489 12194 
97040 35640 
30443 56597 
66444 67692 
87835 44965 
34216 88797 
41636 56995 
69710 66799 
27355 53941 
37057 41363 
70523 97997 
72546 8442 
92925 40902 
23310 95643 
93112 56219 
99063 6149 
11178 34397 
24653 42518 
75385 7451 
45366 8512 
93946 21010 
29197 27045 
99122 25431 
30709 5396 
72767 14877 
29659 25052 
82539 3439 
34189 32827 
36233 90824 
43215 62365 
18033 36584 
95515 20712 
4944 31528 
94066 33301 
74286 27685 
83365 52535 
3827 64087 
74704 93 
34997 4628 
59833 31146 
16596 86392 
26928 79850 
71501 62101 
94500 69820 
32104 8694 
8598 50724 
71556 65586 
6634 52688 
17372 60744 
37152 33915 
71545 80505 
39031 33719 
77039 39916 
25912 33142 
64376 14406 
92029 68352 
84019 687 
54176 38244 
80329 85092 
71190 96964 
91113 10875 
37123 24530 
63128 52563 
27181 24272 
58357 25019 
86547 4530 
88506 77682 
91363 63839 
55860 50295 
78431 13789 
97507 95441 
35606 41814 
26899 5360 
68381 37337 
41820 15727 
9841 79044 
21052 97511 
20926 8477 
63391 89473 
35871 95705 
32106 68551 
43717 36545 
55580 3086 
60954 7587 
534 84753 
42626 45257 
78144 89047 
99672 8177 
65288 71314 
38762 28312 
23284 65564 
17603 55681 
74684 16686 
13428 53869 
55056 43181 
35314 9124 
91141 97178 
72025 74550 
69380 61220 
56183 82666 
49531 97219 
42929 24611 
46929 41960 
46575 12280 
53929 25671 
52342 10912 
96168 75435 
21886 53935 
22498 53584 
41152 29339 
8792 72741 
16960 57407 
15303 23782 
14795 63306 
74844 50753 
44410 84889 
4797 7674 
42157 45984 
29772 36125 
69349 68503 
73762 9679 
44514 92909 
30686 1482 
54046 25897 
50459 44651 
40540 36578 
84094 71686 
51034 78023 
15757 38704 
38381 19713 
72371 63061 
48164 38277 
42008 28817 
90830 28802 
51227 43480 
94148 67114 
48430 61623 
54609 74575 
15448 26196 
58082 11291 
82769 16754 
19769 51050 
55169 35307 
1482 71875 
63998 5151 
231 29787 
49941 5757 
66334 70157 
45826 17723 
1487 71001 
72873 5744 
7694 5617 
85778 24735 
6461 58160 
2093 94447 
24324 25072 
29613 51339 
45567 87719 
61813 52944 
65911 47154 
45849 79609 
41958 70627 
40253 51228 
20366 11258 
70151 52501 
48000 27254 
56692 39198 
9716 45100 
44359 80106 
13974 82359 
74908 74523 
48125 70019 
59919 73595 
55030 91772 
85288 25267 
40532 88183 
40470 57249 
7399 57394 
2847 10171 
25445 20812 
23375 33959 
89892 12191 
53447 64473 
90392 91581 
24941 4592 
11688 81789 
45469 44162 
13556 74337 
99108 66613 
92438 54340 
49206 6563 
10100 49265 
24360 42342 
85688 15279 
31237 30126 
86695 36646 
78638 12259 
21654 28625 
16065 61333 
32787 2360 
87006 53730 
10347 71458 
72261 1592 
2092 54254 
51850 10543 
71071 53221 
45399 72021 
62852 73529 
361 43665 
79320 76476 
85037 19013 
20366 50285 
9079 38583 
47062 20771 
38009 48463 
40299 17362 
90257 69641 
77462 56242 
5310 1559 
26304 1617 
49819 46760 
60029 18604 
84810 10017 
30457 36784 
51663 94915 
97216 2157 
47092 93667 
28 7049 
48091 41785 
78489 52470 
16665 88252 
89100 15485 
61120 13948 
42883 65353 
55812 16368 
88557 96489 
24441 67018 
96042 23789 
73359 39401 
52950 16358 
20806 116 
72792 29445 
5608 53372 
27759 31147 
74578 30061 
61229 10413 
41713 16579 
5574 95952 
84250 25680 
29358 11813 
90762 21918 
64693 44751 
4658 27615 
20291 912 
12833 51776 
68673 84951 
13684 4029 
7024 43383 
61276 78397 
30339 75778 
23203 17601 
22805 32363 
8511 97598 
68760 84654 
19034 4184 
8106 76932 
52583 8733 
12726 40696 
39670 88549 
40223 81667 
26757 78792 
29225 29483 
28552 87567 
36515 73909 
59407 53532 
80441 98228 
19646 76252 
47292 60375 
56474 3522 
37796 65499 
41093 17037 
79381 19771 
3754 18000 
6536 54626 
46699 77682 
16370 63029 
11278 84424 
39391 94938 
10026 88197 
26560 17829 
47056 16621 
42822 59966 
40857 12180 
74630 19023 
32450 19411 
4356 36760 
8790 32954 
78036 11622 
96440 2604 
94555 45453 
83738 79899 
74159 97975 
11041 82260 
22096 53216 
28090 45358 
89213 85790 
55153 32098 
45513 51745 
311 67527 
24941 18619 
79101 72953 
70096 92425 
54731 79699 
4095 95478 
67119 13165 
83463 98294 
47305 51266 
40736 11209 
20068 77788 
8336 96976 
82096 70868 
26356 74249 
5634 89525 
76016 43697 
58257 47075 
47846 83439 
48280 89255 
49090 28538 
2267 26994 
78312 70508 
56213 9067 
46877 87069 
95198 58192 
6776 39882 
7640 35677 
52125 58489 
29774 44332 
97762 62451 
43565 27121 
2486 60430 
56981 69902 
96781 4941 
39413 70620 
95278 74556 
7003 94431 
22744 1524 
52717 94500 
59044 62101 
94249 41590 
13305 99317 
69171 72065 
70436 53481 
41229 33556 
14162 34399 
94275 80304 
19932 81128 
81050 46044 
28314 19993 
62874 1342 
54900 49688 
23299 84383 
66315 53462 
63827 79493 
53529 62710 
93078 6036 
63513 73732 
2092 71842 
8141 49982 
77950 39955 
55312 25824 
45484 55222 
21403 64648 
42572 78157 
26460 14093 
28368 77482 
43945 44247 
95773 39909 
75380 50845 
9567 65946 
6911 54812 
19844 33928 
59568 31960 
6725 30940 
27952 62175 
96811 68963 
13061 96165 
54429 27288 
94178 99617 
91450 88171 
51998 49590 
58308 61659 
50585 25999 
75807 27670 
9297 62265 
42421 58670 
47472 93520 
5004 24648 
64441 68173 
12168 23612 
25365 69244 
79078 25443 
59414 25532 
79998 64717 
40964 79530 
50631 68961 
16790 18911 
26191 62834 
62624 71504 
63049 45836 
988 9849 
91962 1418 
88888 10735 
29063 58723 
88712 67606 
27165 94720 
68599 59219 
84409 34100 
39603 36688 
39855 77061 
26081 2846 
76367 60995 
83093 22778 
19983 41092 
19931 22474 
71920 56998 
62506 3734 
34479 37924 
88922 27750 
95328 86982 
2394 97278 
15995 77022 
63538 97823 
29861 84889 
90146 42014 
92570 88743 
46657 98090 
43461 54002 
87878 73436 
30493 37432 
91891 67111 
23113 46075 
15606 1542 
87605 97935 
33114 92845 
27667 44717 
71745 21713 
99343 33452 
43673 22326 
93891 3421 
81924 15487 
44750 37594 
28816 73945 
55529 13631 
92146 22873 
64753 28548 
79837 46460 
60103 3229 
47307 92848 
29950 8247 
43472 43884 
93253 90848 
21089 43668 
80184 24412 
85043 60386 
45364 46384 
88236 89650 
83163 98384 
48873 94356 
80246 33108 
55243 16043 
84399 6618 
44497 85755 
90643 31769 
90459 8655 
45726 28741 
12166 95912 
50329 72074 
19626 69851 
94658 51 
46175 73900 
97553 21940 
77874 77585 
31871 31363 
79525 78621 
9606 9899 
34181 69089 
69048 84086 
58435 50766 
53277 81067 
29310 55868 
94376 13418 
60216 53757 
20955 12043 
93254 1645 
87953 17553 
33029 27848 
87145 35146 
33186 19888 
34359 55792 
61041 26494 
45174 47371 
7948 72564 
4675 23448 
83492 29149 
8838 4466 
30074 76764 
5208 96433 
21186 49623 
88762 25505 
61383 50830 
15180 83423 
88935 84148 
78244 58357 
93142 56636 
60661 48479 
97452 68279 
8339 81449 
26830 19657 
96998 92036 
73223 36791 
56952 42189 
96495 33468 
97017 3132 
49875 5689 
21710 57474 
98751 80308 
67254 20770 
9539 20494 
91377 26642 
21402 24367 
39492 67316 
77745 39930 
75568 32277 
86722 59413 
9849 41809 
348 49160 
77544 29249 
50414 17421 
22717 86085 
56007 21708 
19838 47391 
22243 69822 
21773 61593 
82741 74213 
57493 58189 
99379 78046 
15373 99810 
22056 83148 
38661 80880 
28450 74956 
28561 14129 
9183 57651 
97341 28362 
37336 83856 
38971 86123 
62924 87603 
88020 18281 
2704 6684 
18895 64068 
53636 11106 
96973 99717 
44311 38043 
30767 36625 
52856 70478 
90004 70825 
62084 86712 
48339 69554 
93088 50933 
81378 87854 
56996 11272 
820 18371 
91276 21066 
33718 90914 
1757 1490 
62220 54830 
14459 19299 
23629 96887 
52323 62101 
33198 70109 
91146 55408 
32824 34875 
16254 80632 
87646 42618 
96908 21300 
49498 24574 
18926 85903 
81309 83288 
67713 30155 
89736 22965 
33620 28851 
44667 96259 
19523 28088 
73712 89712 
66495 42313 
7388 17835 
77649 47464 
16441 46656 
12470 61414 
26577 21619 
44409 96014 
17857 31801 
23021 11191 
16117 2695 
58579 890 
61974 73175 
51922 93108 
99352 78766 
25161 51790 
59911 32967 
69928 27091 
32384 71134 
19000 12311 
96524 97315 
64433 30726 
70239 53404 
90729 93658 
65430 12157 
65104 42261 
73188 80815 
28596 9854 
2184 90511 
61517 19062 
75470 38080 
54671 58588 
50363 41597 
3810 68142 
63684 68631 
58937 96849 
20343 97178 
2357 90429 
37132 73153 
99807 5479 
25515 35515 
67494 45394 
47360 90309 
24567 61789 
5718 28323 
55306 67690 
39169 97530 
88251 64381 
72651 61131 
10484 92436 
40368 94779 
74493 79311 
37025 2413 
22282 70800 
72525 59165 
46838 1736 
2233 21911 
34575 82497 
79988 83306 
84054 52192 
34290 83512 
76048 76872 
99434 35329 
77945 51629 
42811 63089 
1512 99185 
17229 3394 
97188 44359 
32805 66688 
60389 83752 
86839 12641 
45702 63053 
12037 49453 
33356 20576 
3581 27445 
69081 54916 
63722 60680 
3178 27112 
58964 76865 
87585 13201 
19336 65395 
50744 81809 
21897 66193 
59219 83186 
91285 17834 
92323 1060 
19019 62474 
1414 36760 
50210 87231 
99042 66210 
11425 66902 
24819 34766 
56705 61299 
64624 32262 
90049 11980 
57728 21227 
82181 77784 
12383 74915 
36973 46326 
64654 18606 
78680 59500 
57502 57582 
24921 95028 
87561 18243 
82376 53229 
65601 25024 
52217 8435 
63277 85094 
60546 97865 
73626 55241 
35453 37259 
95602 20938 
36761 72213 
64051 26263 
7153 96911 
85621 55161 
54079 97821 
8435 79482 
90685 8930 
48747 57293 
60998 97231 
21326 86161 
49687 32408 
72000 90403 
29929 33060 
90545 48763 
34288 23312 
90045 49520 
42963 78274 
74857 93745 
71363 84573 
83499 54213 
4698 93069 
85045 37453 
71116 94847 
28029 89454 
66885 8737 
89407 31753 
47235 28838 
47751 13937 
74663 43916 
9688 21055 
72896 7065 
51446 79961 
69144 3601 
98460 67354 
19881 37975 
55111 34040 
6130 36320 
13974 24937 
53063 40279 
19364 92367 
75695 49869 
33492 71396 
77552 58419 
55210 10286 
32438 10969 
71118 26583 
60729 9037 
76688 89895 
71139 79280 
91140 16157 
76470 21354 
3915 94940 
7600 51114 
32911 61354 
43799 59340 
45047 67122 
49437 13280 
88258 1622 
57256 38565 
10662 62978 
66581 32423 
97473 81772 
31224 75631 
39089 55453 
96260 30262 
54863 60268 
5507 33058 
36196 69322 
42224 20109 
39899 20316 
84397 47543 
58154 44603 
52980 5070 
14975 90371 
6514 54443 
90689 47080 
88807 63309 
55785 5731 
67686 46417 
3344 70107 
12305 70771 
5344 67823 
44112 29081 
82257 96810 
62255 36747 
67658 82857 
88111 61586 
69982 16835 
95552 52690 
82071 86465 
93679 95005 
65861 16794 
6975 79645 
44290 85973 
54162 46420 
65462 88525 
61559 24713 
65117 76946 
59274 71596 
42607 24333 
99344 81914 
82899 15653 
3755 24140 
2491 93335 
97245 37856 
70703 54079 
4912 14029 
59428 18054 
97837 67598 
4249 69141 
51327 3399 
17716 95409 
39799 71091 
81601 42731 
29983 2489 
59160 31232 
49789 25596 
10637 74243 
4080 53627 
65748 82457 
80521 54456 
5319 32215 
38812 16148 
31011 26128 
4802 37640 
56766 76728 
97356 90139 
38574 99351 
296 14410 
70166 9206 
54356 41902 
11418 79348 
84791 53543 
83516 31254 
99156 19013 
60362 97740 
86714 91465 
9225 19172 
26048 67889 
85294 8209 
60678 63712 
64599 45800 
33806 91732 
7650 51675 
82823 80087 
82199 6313 
81771 11757 
37669 88128 
85709 18928 
16114 29622 
74749 19589 
4934 89256 
17533 40850 
85156 82024 
73987 33708 
5716 11019 
35434 47385 
18980 94720 
56496 97862 
45640 90288 
67653 34868 
98169 71872 
69991 84301 
81175 34716 
4311 19006 
4271 60818 
55699 89755 
88490 99958 
1570 30483 
20835 91087 
36320 37025 
13160 73401 
8953 7014 
51432 13869 
91383 20095 
79262 8526 
54570 32229 
45697 98565 
67292 55635 
61364 79056 
48028 96776 
49396 68065 
94301 28809 
47929 47028 
85799 82050 
19545 79395 
7694 46257 
49647 63922 
68782 91907 
70582 81370 
95443 34156 
31204 49001 
66865 82793 
42619 5897 
19599 44251 
70021 13985 
90214 67642 
7789 74566 
83681 55730 
70460 28221 
52082 93961 
55694 27172 
43340 85854 
87024 43467 
32889 21476 
23981 3811 
82551 47223 
35058 22452 
80348 49736 
65057 37177 
2607 14568 
92481 40336 
5391 71067 
64956 36722 
96180 88962 
21046 53219 
58674 49263 
55380 71304 
3701 72337 
60660 52837 
97417 49404 
84918 81965 
74355 90205 
75267 51589 
77345 69202 
40477 81487 
78915 25467 
53818 67030 
29509 47243 
34924 22361 
46726 51202 
94843 99973 
6726 48546 
1958 39812 
24064 75330 
28135 25349 
9435 52803 
64238 1515 
76160 35030 
52063 39942 
25707 95706 
65766 20654 
80152 3823 
90040 36176 
45198 38741 
84560 13953 
81221 99183 
94646 96055 
31789 67856 
66610 11324 
9183 3596 
52930 24430 
64696 46373 
47158 48777 
77806 36934 
71410 65710 
82810 72550 
50290 1227 
14108 43046 
44276 73171 
92021 17179 
82883 36838 
89911 78460 
33322 25002 
20315 41603 
63905 99549 
52914 16073 
13121 6220 
30390 21562 
55082 51421 
79544 1737 
59944 606 
24561 27233 
83963 31444 
96860 26611 
87970 61795 
1730 34878 
75388 12447 
45773 3194 
61263 57665 
51167 70475 
32370 62749 
82841 57909 
35069 7163 
92893 10729 
32419 44194 
42919 78137 
4918 53706 
99403 91857 
30316 3208 
9906 76595 
67073 44307 
58518 1524 
83353 36526 
67888 60939 
18817 8558 
62118 54343 
40054 38213 
29905 21494 
52111 56610 
30528 76303 
58400 59644 
66644 74991 
19139 40298 
7315 48540 
44561 39060 
82288 27213 
73234 46549 
84274 85827 
28163 82354 
9823 42426 
13734 17204 
41357 50174 
15097 1725 
23034 32500 
88255 14414 
11315 24939 
83891 43842 
87484 3601 
30909 75728 
3821 99827 
16655 64150 
97726 23353 
39987 28035 
48838 42181 
80622 28973 
73009 96349 
23607 54483 
43991 54943 
1295 52044 
8769 60914 
66864 33528 
15724 46685 
93215 97103 
6133 44998 
98974 94247 
28990 64098 
39373 3208 
26742 44109 
63951 57056 
5250 62325 
35273 14404 
45122 9149 
23316 53980 
33552 13538 
38664 20369 
95897 57072 
44355 47604 
84433 79138 
90962 39710 
38090 42229 
52454 92860 
61440 95979 
1368 2524 
83793 51318 
51014 10774 
50012 52005 
9711 13873 
63457 9800 
37462 68332 
48498 51676 
69012 4816 
25078 12696 
68886 83590 
91077 96604 
13810 2638 
89543 17642 
55796 174 
97346 31754 
5241 76911 
9400 63096 
87527 321 
8333 32628 
68899 43034 
3311 99593 
17817 50578 
93718 33809 
66499 29893 
63472 46929 
64051 99325 
40006 24260 
67341 43276 
58243 15168 
98705 70246 
54437 59770 
10605 81684 
77271 52370 
36496 20896 
44390 67929 
74490 86189 
91362 6924 
45760 60503 
57036 46034 
93209 30966 
24373 17368 
37566 46141 
89035 77314 
87853 86146 
59388 67611 
11094 1426 
1009 15855 
2153 9631 
26438 70418 
58773 26862 
96577 15628 
59137 49515 
44044 67074 
59719 95988 
50716 4008 
79712 63737 
11831 56102 
14965 56459 
97204 25162 
29185 88631 
76495 88930 
3019 80213 
9920 3719 
82727 12986 
18381 95398 
59247 31846 
37764 4091 
25812 39280 
30931 27001 
7616 49356 
77964 85853 
30633 38714 
90287 30746 
98291 56385 
97523 80553 
74523 31695 
37288 91524 
29625 50093 
37597 40373 
91377 50400 
19158 5889 
58036 33833 
60546 33989 
72123 65073 
63114 75119 
24303 88724 
24432 90066 
55219 80686 
79198 30474 
49784 3308 
94735 13747 
73224 35606 
14569 28521 
81084 5397 
28045 26532 
46436 58916 
6532 79423 
86678 65267 
87498 4958 
39631 68023 
6576 96087 
34008 64344 
74723 18436 
22903 13192 
72669 77060 
577 48502 
88064 91671 
2630 657 
52100 61057 
97539 10138 
41843 42031 
13579 50940 
2106 16019 
9321 68149 
6432 67260 
88162 74020 
20577 50591 
77774 39956 
53895 83944 
43871 67998 
84079 60905 
84383 24717 
18970 42089 
54885 72893 
15482 50566 
9043 41868 
10151 66229 
98895 36214 
28445 86724 
68918 94130 
30647 98446 
95131 71940 
21031 80134 
65900 49133 
93965 43682 
74629 19565 
15711 2080 
96192 58782 
43906 42751 
48750 34829 
68034 76062 
503 60519 
13718 23426 
66951 68789 
91206 7140 
58414 29614 
84184 5011 
79849 16870 
68881 36816 
55386 76630 
25409 56759 
48572 44528 
53383 36356 
75954 9199 
32067 35561 
66419 21175 
71671 76429 
1620 2254 
86878 53268 
83857 18998 
86273 35965 
16943 45852 
12083 49055 
52849 58325 
83483 38121 
52368 64729 
93673 67210 
31543 6162 
86073 26241 
17280 28743 
88147 65734 
15339 59559 
12784 17699 
1828 98316 
46561 6158 
85336 70428 
31877 98526 
51014 74042 
15633 99949 
90195 93474 
80983 46704 
39566 44593 
672 11910 
2409 63858 
50549 97015 
1126 52060 
95 45957 
15022 36247 
53120 85343 
90242 18870 
46293 63668 
69787 41892 
25733 35315 
80703 5425 
12626 10985 
32802 45364 
37697 75173 
28723 92606 
71294 53480 
58621 7595 
1003 97766 
54489 8261 
11862 45549 
8865 86870 
5655 1555 
20592 41856 
55201 83948 
16353 34404 
27162 75525 
10848 16385 
22615 21048 
10752 66138 
78485 15877 
38043 11723 
44906 38202 
46779 17413 
3672 87423 
34096 58524 
21162 4620 
964 12144 
35481 67536 
1169 46834 
62017 72137 
27988 3149 
64227 35580 
27239 18543 
77162 81265 
92610 65264 
90137 95689 
94638 37823 
91856 78923 
18206 47885 
56471 45792 
35094 58690 
2222 73233 
17932 18589 
85679 30776 
9765 33836 
4083 75771 
99521 54456 
65853 42678 
17806 33858 
55097 6674 
59739 62751 
59747 55794 
61967 71049 
54978 62972 
9507 37593 
33623 9595 
24747 46860 
53538 75562 
95713 84262 
28203 77348 
33615 67204 
21350 5196 
10726 67774 
18967 83320 
18816 94722 
42770 52878 
5620 67377 
38094 56468 
92275 32159 
16095 85064 
48139 43593 
55286 33498 
1121 55992 
70626 99056 
91402 49467 
39751 49185 
34337 44450 
35390 78976 
44385 42640 
50615 76849 
86059 69061 
19304 17708 
60166 79908 
28021 6873 
4039 43876 
87527 5214 
82976 896 
82181 76151 
76780 51502 
43779 8595 
20059 32487 
2653 86367 
37875 90093 
53393 94303 
29357 70653 
35102 73981 
91044 10429 
66849 67883 
39037 21324 
97813 19832 
84404 37231 
28586 31645 
39877 6936 
35225 11224 
87474 93859 
80821 85651 
16524 70305 
30745 94409 
49439 74514 
97173 22411 
8641 32451 
26111 80345 
42188 33107 
5839 90671 
17959 86038 
19574 91621 
16632 82914 
87089 28702 
2251 31044 
40154 63437 
25834 26181 
54857 92451 
22238 84321 
20246 36544 
93449 57800 
57175 28979 
32447 19677 
13841 5016 
31006 12203 
55242 70547 
32041 20122 
32611 6750 
32535 47620 
65859 49755 
16625 48919 
97157 69600 
59 86837 
77030 61134 
97055 71082 
25644 51008 
78471 58590 
71474 19550 
76259 81955 
7127 34046 
3306 8745 
17814 90852 
86 24526 
31809 67753 
89921 75399 
14224 95118 
23206 2104 
75502 64649 
17612 47043 
94276 7911 
56060 18000 
60566 93326 
87166 47930 
29781 9934 
83902 98863 
40578 29009 
55377 19785 
90358 60460 
73916 83306 
81010 49968 
75036 94000 
44529 94951 
11453 82456 
33167 92673 
93909 73456 
12075 72229 
31388 44076 
23664 3595 
91225 68111 
2447 21619 
35611 76906 
6699 50526 
55185 53488 
98971 65430 
12681 16841 
51395 81324 
30003 46221 
73634 17175 
643 41619 
61468 42961 
86009 15779 
42207 80927 
59034 65626 
49490 98774 
91313 76524 
94469 2187 
41092 71485 
13021 6807 
88557 29239 
59302 45670 
82178 60058 
84858 47128 
5265 46257 
89421 381 
45430 25497 
54685 11027 
51309 19350 
75504 37397 
90676 86995 
84378 89964 
82011 14506 
24490 70717 
57595 33876 
64233 27180 
30380 2734 
61807 96598 
79168 65657 
82389 19847 
37024 61046 
42297 11742 
66423 33727 
4696 84650 
31233 62747 
79606 35747 
30488 16289 
87318 24695 
41756 1183 
28805 88200 
32974 83196 
69309 60635 
40789 16080 
81998 95800 
80692 32328 
17451 13897 
49688 16618 
61695 29917 
5741 4152 
20604 54909 
59923 20382 
21714 99957 
96958 6093 
55841 54212 
47782 52325 
90365 52944 
73758 3379 
73637 99349 
86356 72894 
15702 54692 
18388 57981 
74361 65423 
83306 29444 
97585 52969 
7589 22291 
73363 52218 
97932 50100 
16342 48044 
9701 19193 
76894 25760 
16065 24189 
92780 20993 
38217 65151 
16146 27228 
86288 38396 
39311 95178 
77806 17962 
11666 37090 
46012 62778 
86969 31271 
23817 55816 
65412 7359 
90915 5774 
98076 81215 
1281 19302 
2719 99868 
66259 82367 
99325 51526 
54425 72996 
11440 93442 
83610 64515 
95040 51314 
22726 68278 
50523 47863 
91468 8011 
45393 25415 
44492 14022 
25299 37519 
53319 74907 
19322 98035 
54022 86781 
51733 92635 
11642 95634 
56939 77276 
63331 37136 
56920 10956 
41365 39976 
1177 95961 
44470 73824 
88079 27795 
21302 91017 
83445 89126 
53458 32297 
27313 57328 
77076 41226 
73063 33583 
61828 59358 
34407 43016 
74055 54799 
25237 99937 
86820 70498 
64920 80068 
63798 65406 
87339 92455 
36228 61596 
35848 97814 
12553 3498 
48263 77169 
8911 81602 
36112 14886 
65296 72282 
40613 23612 
16998 97857 
4143 5103 
23844 16545 
30505 10573 
20786 10691 
19830 36944 
42552 53430 
54725 71258 
92363 98924 
83093 74502 
70110 59334 
90035 78259 
48958 2935 
76353 52807 
90952 32046 
64371 93711 
22042 76918 
33158 65417 
44801 72286 
44710 35029 
53192 66974 
60228 27153 
27859 53766 
61370 31623 
32735 96688 
85199 99886 
4155 75931 
53507 72974 
22186 66812 
27318 94250 
80580 18507 
45572 73462 
26499 717 
13355 85188 
24108 42006 
89502 4343 
7142 92234 
86009 4202 
24728 3323 
32401 68256 
52016 37542 
77061 96220 
32602 80566 
94485 16664 
43230 57733 
42546 53954 
22964 26271 
67046 35606 
88752 43693 
82210 67641 
67273 93114 
65218 50152 
8943 79954 
90514 53070 
14140 1301 
95288 22969 
94004 29140 
11453 45773 
8540 41740 
21337 47360 
73337 83657 
94460 74273 
2829 34156 
40968 60196 
62843 16268 
73644 50282 
38077 84286 
4886 25109 
81173 86189 
17655 38747 
99240 9288 
40098 61346 
50942 82353 
22415 95611 
72677 25518 
61500 18682 
25934 10477 
43996 86212 
59534 17793 
81611 23762 
10295 55569 
93906 22185 
23512 34316 
53226 48283 
60748 76535 
44050 79763 
76524 76358 
4751 74405 
87832 14497 
13626 87383 
30775 76882 
52983 57757 
97191 21488 
35235 95465 
70763 87222 
3105 13469 
36920 41156 
22453 66271 
23723 15962 
70661 75581 
41988 98107 
86147 46729 
32034 89164 
85274 5250 
91755 77551 
71786 12107 
56099 26080 
60870 48121 
21595 1865 
15026 93442 
61215 49488 
42186 66280 
54644 35735 
37825 26602 
66952 74795 
62314 95149 
44684 76506 
32357 85869 
62549 47043 
71051 738 
46183 11384 
4996 89956 
16850 19968 
18824 37632 
52508 48131 
77621 93315 
36295 96242 
5952 33112 
68317 50891 
68524 657 
49475 73046 
32014 47785 
7162 37796 
179 67557 
21775 62109 
5082 88138 
30299 21975 
6134 75041 
28616 78362 
95593 71383 
67737 2631 
34300 91043 
40809 16335 
44618 67998 
87533 37803 
68899 56624 
547 58452 
61302 72351 
4354 55472 
18331 59849 
91539 84352 
69234 76789 
43312 84635 
41234 85197 
31804 75384 
86510 49607 
102 13007 
8001 51413 
42650 33420 
49265 42250 
63444 2972 
20017 75684 
72341 58107 
13432 76180 
90858 22439 
33878 27023 
77976 51734 
94495 84763 
53772 72233 
62867 56769 
94089 45812 
30002 10590 
93000 16667 
52950 19076 
41496 68544 
74601 83613 
50579 48939 
55547 19291 
54892 97308 
62376 30490 
69010 47980 
44362 53108 
32725 65290 
96229 90521 
73890 8415 
48520 24396 
37850 16422 
49088 38582 
80972 50262 
99287 54578 
2494 27753 
86711 40432 
93659 40010 
12637 21464 
16035 43401 
46830 90791 
81950 79728 
54932 90426 
99118 89223 
34428 9579 
58851 45829 
63973 25796 
92615 62342 
17889 96707 
95270 84154 
22698 95396 
14958 14681 
35808 70806 
39411 92982 
7794 6068 
66351 74631 
49213 42295 
31683 50642 
60469 33121 
83372 76001 
98968 96162 
31130 69347 
51677 31553 
72500 88397 
53127 84869 
94422 81890 
39044 41976 
76057 68157 
53994 56753 
73391 92857 
37761 29102 
49101 73989 
99677 70329 
22152 50980 
52717 15698 
50780 16459 
19864 69869 
29814 24287 
44138 99900 
78652 35457 
30631 22668 
19802 84679 
23986 68768 
99506 24794 
78009 43368 
81792 33574 
5397 45980 
55178 48060 
5105 55742 
27300 25265 
52414 36559 
46904 14890 
2519 67331 
84912 69637 
2290 56506 
26691 11782 
26841 57307 
76190 20858 
57619 60255 
49259 6592 
96984 2981 
38268 83725 
70557 3820 
63039 70869 
3119 95319 
84140 94268 
66417 6532 
43762 89150 
87982 18870 
16672 56275 
78878 99259 
99147 49374 
85312 96502 
37345 40368 
94096 71998 
98200 33534 
25199 24323 
15745 77282 
25971 58728 
3650 52730 
41083 47185 
10817 1971 
69835 22413 
11027 95750 
38201 50162 
59904 30195 
6834 28052 
22908 85323 
8218 66394 
76568 74228 
56262 16662 
11835 61184 
99834 26681 
23240 29317 
98119 18082 
50428 34095 
80106 1222 
49680 87545 
13154 65499 
12210 79955 
46277 8896 
13287 60730 
12657 99572 
71656 68153 
72854 94457 
22269 19006 
55277 75057 
56981 43285 
3724 99059 
67677 76726 
73115 7820 
34181 4398 
24046 74476 
35340 82322 
54368 25122 
25857 50884 
71717 16432 
13693 93768 
54795 7077 
93311 89171 
73142 17409 
38532 46290 
35252 32171 
35459 19355 
13112 64339 
40704 43950 
47581 64721 
83052 45908 
73516 31565 
87748 31767 
16109 47183 
91739 81605 
689 44466 
35500 29985 
87018 85190 
62473 38816 
86135 14124 
30686 37163 
42871 38205 
42788 27286 
70403 68443 
30508 33700 
4533 53693 
87458 2568 
4883 30094 
30250 42449 
67772 7692 
82042 34234 
31275 16683 
14908 28057 
46802 39677 
57859 88004 
63518 63538 
75864 41676 
22025 94609 
51871 40942 
81921 94489 
58631 42678 
14251 10059 
90029 73855 
74278 91060 
32662 54018 
32649 11298 
97562 10032 
83727 35426 
99256 32892 
68704 2236 
64751 94478 
48118 27563 
78578 63320 
33437 65115 
21691 32756 
40658 1956 
41790 2300 
60165 6840 
556 33614 
46596 94266 
79329 36173 
20055 14827 
88891 24503 
35716 33347 
21341 28847 
22745 10282 
2433 34153 
15399 58996 
51279 68497 
99294 11777 
31000 61328 
74030 90838 
78688 44419 
89729 47040 
35928 73918 
49502 98731 
62199 10639 
82455 75817 
2612 7492 
82592 50075 
98730 17950 
77785 11731 
76634 57467 
39975 34428 
19924 20994 
72875 56001 
37010 84022 
16632 90811 
61836 92047 
90306 80933 
85073 73907 
52431 88098 
98884 98134 
97597 26051 
52492 28281 
22634 33872 
58079 23128 
89904 94786 
56967 70726 
87108 12157 
54546 41457 
33178 64582 
59088 94563 
7992 75389 
14365 75079 
90038 48347 
98901 93639 
70598 41043 
75728 90348 
75638 70096 
15669 45690 
67306 68293 
84449 16424 
15781 42721 
79374 42452 
29214 15094 
24818 91861 
4552 60740 
87443 85638 
15321 1083 
51845 71014 
83734 45949 
5245 92938 
93997 26691 
15874 46911 
91277 8834 
53846 83170 
76507 23848 
95622 72224 
51073 13668 
73565 34733 
87366 38676 
80620 84985 
1325 60155 
16820 36490 
81274 71566 
69099 70678 
83744 19531 
48803 75242 
41407 25021 
72329 17367 
40876 87999 
59483 28906 
18832 34661 
41419 45477 
93792 45400 
15461 59567 
97800 83777 
57603 18883 
97429 32000 
5190 25517 
96695 26829 
52024 68949 
95837 81295 
56078 56447 
39395 72277 
46032 88150 
24597 71715 
26985 60910 
56818 130 
28014 74917 
32685 85118 
4633 60213 
3416 14614 
7759 36357 
21037 84979 
57443 67871 
98379 57343 
14401 80476 
20084 52137 
25322 58760 
26320 31379 
28920 54550 
53527 41024 
48899 97120 
57203 11588 
67251 11290 
60615 44236 
66746 17536 
70284 41663 
54987 9432 
74183 78361 
34078 78052 
91822 43217 
59717 80403 
76733 28934 
41472 29543 
81339 87333 
71994 17691 
81808 17429 
37100 70500 
26180 3964 
50962 70570 
12936 78164 
80999 81357 
29146 29564 
75656 48825 
77397 58014 
84894 57510 
98975 18363 
67978 70094 
57090 76826 
16099 85161 
78408 67643 
78383 6501 
63765 11425 
68986 29135 
69646 32439 
50283 12189 
30876 91096 
32567 26798 
41924 30034 
4176 38418 
39331 17443 
7686 7240 
30997 59650 
7527 67852 
99398 46506 
52343 79832 
65287 87716 
21418 24687 
36034 96033 
58666 61329 
78463 74111 
39969 42253 
49912 65793 
90041 35633 
93218 39776 
63559 94734 
51391 83822 
31927 65380 
86014 1069 
71860 24643 
89714 16502 
34857 99472 
67544 21277 
87688 22706 
24696 5340 
53155 45704 
38705 54654 
47709 41771 
13153 18369 
7873 2633 
6815 83389 
20993 51407 
7361 29032 
27470 69811 
71865 72890 
41442 64821 
87792 60460 
44750 80543 
17560 95779 
45116 94737 
77397 58029 
53565 26297 
66919 99975 
28449 19870 
9713 78078 
53813 66913 
87189 21279 
68399 68655 
48036 5693 
38233 45748 
53862 65825 
70525 51848 
77955 39436 
99524 53902 
8530 12809 
36017 654 
20488 5917 
61292 12656 
70370 12879 
63700 92026 
38097 92095 
61351 68284 
86009 82570 
28006 67753 
30849 8202 
40891 18348 
27544 20184 
98961 79015 
44981 19173 
18020 13648 
73471 93503 
95174 13002 
41143 7489 
49213 4941 
32304 74725 
85861 83280 
94576 55306 
7164 28595 
93639 23012 
82912 90507 
24502 58766 
28569 50299 
16424 40040 
89022 85170 
74979 12392 
10357 10969 
89220 48953 
92893 88965 
94496 26434 
57876 44018 
22197 72088 
27531 56465 
86565 65087 
13549 58086 
55644 7891 
32653 83722 
28592 18440 
19533 4419 
94753 32387 
87216 95436 
81267 46075 
92874 72993 
5446 75618 
3079 67339 
35764 55180 
16686 86559 
31009 48419 
95828 65426 
71004 1096 
75870 86731 
14293 19942 
73768 8680 
18240 23160 
90881 31258 
35265 71299 
11100 86937 
55250 53750 
28070 46628 
98646 75736 
96298 90510 
77383 63429 
90107 5141 
31438 80707 
71705 33243 
17737 30055 
14999 20589 
75065 92257 
5367 75611 
13725 44776 
37235 81693 
81936 87091 
61101 79515 
42304 92778 
89549 67419 
51155 2730 
57843 51419 
71129 71691 
48842 13338 
63176 81134 
34266 55457 
97889 35533 
54756 23150 
98150 66195 
59694 3164 
75105 77093 
54431 44523 
47737 80481 
57329 51462 
42650 86635 
51957 53389 
55144 31623 
30805 65541 
15252 49822 
66033 15826 
43161 23741 
10082 28286 
97246 72734 
24349 21682 
14954 74294 
57698 2882 
21852 46900 
48212 9072 
37386 61747 
1394 80233 
37235 92200 
5926 23890 
41630 54445 
84131 67854 
86602 40556 
38447 83475 
831 96085 
47507 1855 
54634 48284 
85819 38582 
69603 48179 
89596 88671 
77480 50011 
67918 52783 
95106 14889 
63225 8175 
38608 92038 
98016 43448 
34476 643 
5700 34815 
97762 8041 
32671 53449 
38379 75900 
15997 58414 
25300 25009 
86480 47720 
85449 51472 
20442 11279 
39171 12295 
65181 53815 
77373 86789 
92883 33246 
66805 11687 
95654 90614 
29396 82494 
20381 31326 
79172 11378 
56302 54305 
16006 32755 
30423 15561 
69285 51729 
36358 55787 
56570 37705 
20690 17761 
72406 75713 
77610 28644 
50675 1372 
57380 24742 
50222 61942 
77076 51809 
97959 65511 
33106 82716 
86262 3150 
54136 56086 
62175 54719 
390 54466 
64810 18036 
10636 8647 
64276 33228 
21764 35957 
30594 9355 
37488 94658 
14264 98763 
2492 64013 
51496 6140 
46273 40172 
16592 63857 
96932 71705 
31576 52959 
29365 45424 
8865 16 
4553 73094 
46650 34084 
77093 22677 
18613 45119 
96623 83965 
99700 45472 
5461 57757 
47909 99451 
39580 10193 
18385 52447 
72923 39410 
20587 60755 
6110 60383 
41908 95966 
89762 25635 
51824 73689 
89931 64427 
69514 35371 
48548 41123 
24867 94095 
65325 4609 
67875 40516 
29229 24947 
84653 93448 
57404 90918 
59645 71141 
57343 72642 
83099 53893 
14149 37180 
40424 6418 
18877 41817 
35825 29258 
96227 19685 
96425 12527 
60296 15441 
75066 72422 
25598 24916 
20085 61167 
27240 41941 
8561 54446 
58937 18048 
45911 36898 
20421 96248 
19157 25841 
76887 88836 
53795 96192 
72229 30946 
64919 95380 
5143 56551 
12098 66095 
72557 11649 
64489 26825 
8402 40586 
57738 95376 
97379 55756 
77482 78982 
23186 28394 
35573 96076 
18565 18720 
14662 39457 
20550 97380 
44325 38323 
98491 96978 
37687 27510 
14693 72393 
61320 86321 
97911 41671 
33162 66397 
58500 25466 
43315 88398 
50658 2308 
70795 50596 
92007 49438 
25659 59004 
83641 44504 
80395 58299 
34825 62097 
67078 15540 
85689 10942 
7498 84562 
38526 22487 
12328 57935 
53743 19689 
32370 95512 
40020 66024 
69997 3825 
69913 19014 
62169 28990 
81919 90055 
27709 17262 
87911 42852 
31018 92033 
90924 46503 
52010 93808 
32388 36041 
67757 30568 
30237 23237 
45187 89940 
39682 43486 
16154 71732 
67023 20817 
56295 9623 
93489 82387 
17313 64190 
20921 56236 
68658 85969 
33982 41668 
89078 66845 
84649 50317 
11096 20854 
43889 77747 
62166 61337 
32687 80404 
65170 70393 
40046 798 
57820 88721 
59070 4970 
65682 89166 
23936 70634 
16733 35705 
10313 91811 
16712 71069 
69741 46354 
14016 20851 
4463 6436 
70459 49707 
53413 58900 
19972 56118 
52315 42319 
41138 46195 
51277 658 
91440 84149 
21790 99644 
51214 77272 
61697 51253 
3481 16688 
11507 44174 
32231 61614 
28301 83662 
56163 24507 
24551 2902 
27500 87234 
68299 19806 
16224 54258 
58459 78115 
68916 27871 
34391 29747 
78359 72610 
52441 86509 
25167 21240 
63802 93632 
55915 63095 
57844 55001 
43602 47049 
92937 70538 
35750 26020 
22887 29883 
33026 67673 
41190 43336 
57026 56862 
7671 80945 
59675 19359 
92413 33737 
98694 3525 
70482 7218 
53661 66880 
27560 6646 
85449 27847 
91414 75976 
48124 59501 
87034 7970 
46909 21755 
24305 51638 
98378 51167 
66231 5018 
89790 53457 
93030 96205 
53310 72793 
72818 23645 
67842 44057 
73138 47881 
76292 69554 
99246 1255 
59308 99987 
24869 9514 
37881 41059 
89022 99837 
86677 51648 
68563 3493 
27562 47303 
255 48143 
38493 73645 
18466 74757 
56817 68289 
94979 7175 
77983 87018 
15963 48535 
50758 30206 
7797 78102 
48282 68845 
28240 74479 
50625 36061 
72323 96756 
9002 19616 
3405 13813 
74377 63644 
8973 83854 
63926 63770 
98068 51151 
7673 18731 
2602 45069 
64583 83783 
18412 37617 
22491 56403 
23502 40107 
99480 13194 
40756 96915 
45656 8383 
70287 64931 
3745 38967 
2634 50977 
24543 79266 
38173 16251 
48953 88574 
80404 46850 
62216 99554 
41168 32452 
97897 2194 
94402 91438 
19281 48364 
41691 30072 
34082 15410 
7656 25758 
4695 83717 
66139 79997 
684 2809 
9177 95347 
2830 43293 
9905 92484 
8761 57861 
97841 98451 
9025 3532 
60378 5183 
99478 9478 
7884 18655 
70911 9999 
91432 93272 
70097 636 
42009 73569 
57769 16863 
7916 45872 
98517 79461 
3146 36241 
5191 98428 
43673 77853 
26118 78151 
40854 10906 
7294 20561 
41592 71199 
83674 80149 
53402 69743 
53783 84942 
69215 65055 
70113 940 
11529 82251 
34088 84010 
48410 38601 
18871 32864 
94913 93910 
55883 29496 
2629 55904 
11621 29346 
57350 35748 
50216 42443 
50271 66868 
24136 28926 
61668 71469 
60545 17589 
97651 83439 
14052 44472 
50392 13771 
37921 21 
10110 75207 
85298 67989 
43169 66506 
89603 36973 
64763 53528 
88956 66390 
76977 74311 
53359 92675 
13416 38328 
45321 68636 
30121 86363 
94724 39131 
9157 26713 
96925 69630 
96050 65885 
49479 60721 
75143 7536 
27285 1249 
97994 2055 
58613 35522 
19094 91059 
5147 45923 
60446 5954 
68045 81232 
22014 47844 
38997 93131 
78498 97194 
90351 78588 
54651 76029 
51586 64216 
51052 12862 
50792 10181 
214 41105 
9256 55908 
68924 95434 
64873 77531 
86861 57368 
65815 77948 
73848 41284 
19731 84350 
58475 5150 
5745 85191 
29399 16436 
56593 98849 
37243 3004 
96484 29598 
69856 71201 
76588 33001 
56550 78952 
84575 82494 
18014 10338 
17164 1645 
67718 9966 
95427 2489 
87963 377 
71387 49316 
49078 23799 
21462 49440 
13852 20750 
47380 57700 
70925 82317 
8416 69869 
70647 90362 
90172 71599 
94840 90482 
74551 4205 
77907 26257 
13221 6304 
10919 100 
22551 91248 
2586 16002 
11873 24249 
41407 2507 
28871 70253 
1884 10446 
56034 93865 
64265 29305 
20288 6008 
72157 68479 
84306 68493 
35176 5311 
72442 87320 
94902 10444 
46861 48274 
11517 22847 
90114 74272 
95835 61844 
69320 12888 
6797 31506 
54016 94669 
58079 93967 
34899 38040 
29095 62561 
43859 15041 
55473 93090 
7084 33587 
81994 32123 
72459 36612 
97015 14894 
40111 66188 
31547 92215 
90650 91604 
98474 5724 
49509 54374 
67773 23889 
47774 40296 
22155 97351 
39969 48926 
14205 91534 
17503 94199 
50861 6859 
12817 36457 
64018 2507 
23768 15756 
87053 98311 
341 29075 
46227 41242 
26558 69952 
93226 87826 
99248 28037 
50490 71957 
52353 28228 
14521 98712 
518 74266 
64034 29123 
78956 50078 
49580 98295 
37907 23635 
99199 39812 
9495 92739 
60672 73085 
2385 9901 
15139 47090 
95354 24344 
39089 23916 
94753 83184 
62180 28568 
92799 40949 
66849 87706 
13727 36880 
2360 29278 
63078 12803 
40699 17475 
1728 60895 
84656 52992 
50734 10271 
49450 77259 
95678 84098 
78429 81145 
99925 84790 
20655 33565 
55026 93878 
93588 13484 
93500 5247 
77639 50010 
64314 45699 
40992 49596 
24599 75184 
72909 16772 
32505 538 
11620 55453 
35542 81196 
88950 71508 
36379 53105 
77995 84114 
83785 47940 
22422 93375 
80234 38729 
46414 44717 
19689 123 
92784 76790 
69163 31802 
13464 38918 
85877 56878 
41348 16570 
18190 73677 
5373 8903 
72951 8899 
11788 61108 
44506 92899 
3677 66123 
91327 53747 
28117 15198 
15086 5673 
85757 94881 
43946 89700 
11138 99174 
46954 9449 
33723 49929 
9652 93548 
99408 95995 
82346 7522 
90190 92197 
71970 32718 
65699 42911 
86056 27534 
64452 31814 
53074 87126 
45006 49359 
37217 21765 
17556 72536 
37707 81134 
15084 47728 
12790 62118 
79820 76752 
96800 51025 
95558 8629 
85023 67666 
79283 95187 
45584 98357 
56602 77312 
80144 27670 
84620 30443 
95941 4614 
53214 12880 
70561 7958 
91028 28536 
87762 7527 
26095 36925 
97826 53540 
2605 17551 
9083 64468 
35159 23238 
48635 25367 
89738 37566 
39766 53291 
16668 85230 
31124 34116 
25003 30977 
78481 86029 
80040 42704 
23733 58890 
26113 87378 
37764 35832 
85307 74621 
93899 63733 
59417 62123 
16910 2521 
67278 89496 
8843 49840 
82458 12722 
87475 67179 
97388 70075 
85723 6359 
29127 22194 
51143 11135 
99274 73913 
53410 47668 
65915 3549 
54729 99766 
59079 96522 
23157 50037 
72772 4499 
72082 56478 
96506 28703 
90432 25535 
27106 56578 
87660 77274 
87633 64721 
15167 96101 
94424 37779 
41523 61294 
55514 42956 
52703 55658 
54142 42874 
20542 57721 
69566 25664 
32686 33151 
14060 80541 
5556 54439 
19777 49509 
8188 94423 
92045 41446 
9267 58834 
56730 3482 
22310 45797 
68415 6419 
64622 46133 
13481 15867 
64543 27262 
37547 88862 
48461 75672 
50279 56881 
14141 8167 
12232 30538 
50190 471 
88178 88639 
92779 23289 
59282 94872 
20242 20529 
22520 19081 
73765 12184 
69903 26906 
58096 55202 
32335 41492 
20058 49711 
93372 74056 
24620 35088 
26657 66278 
48375 80605 
87495 86808 
88503 38772 
93773 76615 
41637 96005 
64402 43483 
41534 24855 
44428 64623 
57031 14824 
35169 68231 
42514 34634 
64996 29708 
1949 57847 
81786 36381 
74534 65844 
21629 45706 
75066 27448 
9998 86290 
25423 42825 
81413 28476 
94829 30825 
61520 81835 
26099 33541 
41530 60571 
62623 9631 
89158 94682 
6605 88805 
82452 54647 
32873 63905 
23331 487 
54600 4126 
86183 62232 
87347 83178 
83530 8146 
86048 29563 
85557 59503 
35943 22666 
13214 66262 
62902 77962 
35618 66715 
91200 87413 
41673 15945 
17522 6993 
23084 82921 
88816 12303 
1358 84103 
68605 75349 
54931 42612 
51435 50811 
54206 36357 
38395 98526 
92085 25941 
17964 10393 
5469 33723 
5927 54547 
19266 79147 
85695 97402 
8566 62194 
56085 15041 
66978 26839 
37482 59427 
89473 29379 
9228 2060 
26678 82765 
51261 37932 
44164 47321 
41155 96025 
25117 90722 
14153 69107 
87621 45649 
28175 45190 
48898 52231 
88441 95795 
57930 84199 
77044 52016 
35241 22635 
1660 78411 
3976 59239 
24543 36851 
69983 82246 
58095 17729 
10250 22448 
16447 4297 
58827 14188 
93926 27424 
37294 56791 
668 62659 
62854 45579 
23304 19280 
81289 78415 
94327 71868 
14319 33690 
47611 88929 
81301 58723 
9525 20271 
53732 3717 
25180 15029 
27713 85764 
47573 55670 
54262 69812 
23734 9769 
50346 9068 
96458 21008 
24457 96022 
2811 83583 
89790 37083 
91297 70090 
5314 78752 
98445 11974 
80461 81341 
22550 63731 
2701 57419 
7358 17335 
98896 66502 
1770 71719 
21157 84923 
92939 3653 
55804 50414 
19626 30987 
90075 14581 
60277 6992 
35396 23328 
56003 35382 
98297 85159 
72500 49648 
10489 80413 
26905 57421 
78121 10648 
5698 10858 
86928 86702 
77964 27430 
4751 6427 
64697 51962 
55814 78626 
59288 20451 
2195 8444 
6933 58899 
57073 71258 
41438 26305 
71629 67065 
46717 89944 
82875 65425 
57287 3213 
83246 22225 
37129 41555 
74415 73812 
79527 40358 
97604 91529 
51834 70243 
90575 10212 
68597 79770 
7482 27933 
14060 33334 
51989 11057 
50790 72946 
16274 28658 
45026 36532 
89014 83370 
11307 72579 
93923 1969 
29064 1162 
47129 98280 
12027 84786 
76414 23457 
17725 88988 
28283 74239 
68751 32240 
99851 38481 
20113 47499 
71696 19087 
47697 3577 
85117 92388 
51718 63546 
2640 25099 
65999 89493 
14150 95170 
39031 38228 
2704 36155 
5984 30889 
63832 52186 
2175 20916 
80075 31179 
77992 29493 
88530 17604 
62850 65302 
43330 92985 
91499 96315 
67280 52185 
49831 95366 
7274 56668 
19316 38346 
56650 92061 
99304 94156 
84323 56684 
64624 8891 
15279 60158 
72296 53265 
39965 16757 
65614 71909 
91127 76873 
36466 45895 
15796 51757 
97495 55780 
87438 51682 
84520 11405 
48662 75685 
56641 96857 
48435 62294 
86528 64232 
39413 34911 
36631 98224 
30763 53005 
98385 65071 
49791 10803 
30962 54021 
51699 8884 
73715 17208 
30964 60882 
22195 14758 
30136 87441 
51446 75894 
12218 92658 
42287 93980 
61372 14406 
16350 83663 
3333 89272 
13903 41692 
91696 75273 
54807 69456 
89153 31091 
7444 34930 
83813 59237 
53046 74483 
19857 82403 
73573 60861 
89105 37174 
10145 92669 
25462 37344 
36002 92814 
67748 80298 
63050 38610 
8069 44193 
54306 84631 
22707 51144 
45868 80913 
90354 52194 
91525 33715 
38620 23502 
30724 3812 
23844 50031 
46323 88185 
41578 12963 
22416 84950 
85468 90094 
34473 98518 
20839 24706 
4165 2227 
15922 17690 
29427 39064 
78463 50159 
56701 7590 
78345 49331 
96739 49839 
97913 69195 
97966 30668 
40832 69237 
82114 73973 
47608 39488 
15692 134 
11297 38204 
37830 91214 
60475 79670 
90121 95693 
78201 33967 
97325 72865 
55482 77939 
29137 68577 
35661 67210 
32688 8563 
92200 82753 
63066 93444 
96456 42353 
54838 80274 
74384 57245 
71424 39575 
21446 57258 
41149 83905 
43608 4012 
38863 74248 
18916 61008 
293 23923 
28951 91911 
62590 36188 
92369 13881 
9048 31356 
43767 41500 
58526 41986 
40272 18668 
80870 80599 
45545 50769 
38460 13372 
36284 17481 
50958 5378 
99876 67806 
55482 38228 
43466 73182 
87602 39292 
14541 42028 
39935 3251 
41002 79579 
64574 31304 
34746 10626 
73181 61130 
66947 69528 
54321 11591 
15499 1860 
71419 20150 
5497 15083 
26737 8119 
12170 61849 
76842 69101 
72332 38835 
63262 39360 
55227 36490 
78384 75389 
76508 80575 
21099 33519 
180 65156 
9335 19233 
62449 88431 
7289 49673 
68739 67803 
94076 51850 
60528 28609 
47427 1220 
22202 32137 
41214 90500 
99771 32892 
58775 7008 
33099 32472 
5366 88306 
61186 28024 
62546 20551 
46091 36924 
64881 41715 
75243 16125 
95115 12719 
44158 84592 
87737 23513 
92017 282 
2929 8292 
61070 39337 
82900 54262 
77502 74451 
30884 1765 
6182 51841 
59410 50074 
14627 21809 
38923 2798 
92545 86548 
40439 9588 
12479 90709 
6635 86707 
84368 95150 
4618 28062 
52245 42359 
10613 50373 
4825 43258 
51866 51460 
23402 89382 
84333 98973 
70252 21885 
16016 8416 
28662 69392 
95333 13917 
41720 395 
71478 82992 
61183 22725 
99438 77383 
10013 2555 
6227 16092 
82573 68469 
56816 53839 
55037 12323 
58368 48437 
55196 97926 
19618 53946 
45653 41027 
38541 42992 
7295 29660 
25977 31231 
70968 12564 
85446 49736 
34450 95262 
60116 86919 
19089 48261 
26740 650 
65887 49969 
63351 83314 
44362 58045 
42581 47845 
49148 27291 
5741 91130 
89111 69557 
54076 82685 
31651 81774 
53155 21143 
50890 51851 
83903 98823 
42636 89046 
89518 15573 
11257 15321 
61380 87025 
4034 97285 
79008 99581 
67106 94498 
69230 74679 
23751 49250 
77964 18262 
30552 45347 
54322 47885 
49912 19015 
31274 9541 
88393 13724 
49647 18996 
89547 32546 
13008 88352 
37162 56610 
79798 27528 
20268 66266 
96060 42490 
34797 22788 
47217 87311 
48423 42741 
60562 65531 
34919 24579 
21473 17774 
92263 67634 
75847 77216 
94762 57296 
78841 22265 
93632 77066 
15714 6669 
72749 48046 
64449 1284 
86691 89526 
91764 38870 
56744 40529 
74250 13523 
77192 81458 
14580 49740 
88986 47465 
79091 22611 
10831 30696 
17503 80264 
78725 27298 
38146 92447 
34175 96845 
2784 25005 
18578 66814 
73974 19010 
76690 32793 
94869 35439 
45611 76311 
6474 11548 
7394 46458 
10584 63464 
13179 28968 
67989 61020 
44628 56931 
80984 95501 
64521 1051 
46846 58697 
22483 14153 
84639 52569 
24140 94589 
31576 52806 
42385 76262 
77115 56715 
47975 49178 
53096 56102 
63359 63751 
26415 89209 
98386 74531 
47107 42271 
9490 34581 
89156 90873 
34962 60438 
83981 94049 
98083 49390 
87231 79955 
37178 45759 
38401 90934 
17065 20934 
69741 87923 
99902 53097 
96019 49416 
5107 66900 
69946 38575 
67779 20791 
19391 53569 
13019 10247 
92007 20863 
99504 88879 
20472 38943 
49910 96185 
87290 30809 
77998 20646 
11917 17611 
42632 19969 
4987 82907 
7505 66432 
34466 57276 
62033 84623 
26830 16415 
63629 1311 
82674 52334 
94527 32735 
20654 46906 
87311 93300 
76253 49770 
62496 21488 
72583 38481 
38786 83728 
49290 17786 
22041 35035 
82598 97043 
52516 86416 
54612 70059 
91607 53381 
33261 9996 
59119 37293 
5552 83494 
89975 21908 
66347 82793 
65322 51109 
2396 72397 
87166 90676 
27166 47693 
7929 66867 
15767 6932 
96744 17650 
61328 45143 
22847 88625 
24212 88760 
63057 54987 
73721 3156 
95166 53309 
28266 21761 
21915 62530 
84470 65086 
81318 82168 
88247 40712 
38229 17644 
41640 41192 
19326 97523 
58052 85826 
49129 15534 
75445 84372 
68163 11449 
12230 36038 
66068 79194 
3741 15468 
42232 18018 
88579 38924 
14430 23114 
23551 48529 
31988 45762 
93544 150 
14165 39905 
48401 91415 
26708 51985 
42685 20337 
29962 3958 
76234 22151 
80444 65565 
33467 92243 
44467 11299 
97649 66398 
87145 9892 
72654 96130 
33078 99772 
79257 26452 
55993 62580 
5559 56234 
43822 18688 
81898 37149 
2953 33590 
19424 46212 
10827 42085 
98499 49076 
99553 68411 
18191 56454 
54917 44738 
21326 64467 
44912 7937 
90935 61169 
49833 85060 
73406 76187 
52039 61677 
21215 48111 
57603 64036 
63884 85186 
64402 75942 
9619 98857 
61571 54326 
52071 96817 
43799 3657 
6767 32516 
50610 18684 
29960 21407 
95537 7416 
79026 50762 
33025 61827 
57967 29477 
21935 52455 
54222 47080 
83660 84901 
13671 36992 
20176 71144 
19596 68126 
52742 36681 
38309 21039 
65511 5678 
69281 40071 
89957 80644 
90802 91328 
45837 60572 
23567 97842 
62280 22062 
44065 67884 
38664 21631 
67204 80137 
69084 64245 
83384 40357 
46492 23011 
79031 78106 
83033 88090 
91604 9307 
31595 69028 
50177 50597 
70277 74059 
30914 34870 
16259 42351 
13117 43845 
68465 10742 
55984 43200 
39452 55214 
28828 78501 
26098 59136 
18215 66064 
85980 25298 
4333 91900 
31721 66779 
45884 13993 
29109 82911 
37878 48442 
86493 50898 
9932 8370 
52695 41122 
14029 55987 
98630 94682 
10172 22859 
43828 85472 
95933 51155 
3246 25845 
41677 9544 
72000 64921 
87020 41413 
36109 71611 
26117 10193 
95822 90654 
59419 16858 
14820 9260 
17809 78020 
63302 74403 
71333 69559 
5943 56377 
19243 60346 
96696 62909 
20657 83379 
81588 69946 
65856 17537 
77957 50181 
7102 82138 
93969 48429 
64817 78633 
75787 74182 
76 49036 
21458 55967 
97578 59025 
80311 29584 
34609 55204 
64638 12855 
20984 90605 
36396 53236 
82570 60286 
95886 21412 
26670 39755 
91618 63985 
71453 72940 
90982 21405 
43543 13580 
99902 63485 
47993 84144 
96282 94166 
93103 79765 
46854 29645 
8872 11204 
9955 59522 
32357 50452 
87777 59345 
45798 15357 
80802 34711 
44115 5537 
14426 42069 
77197 80843 
53180 49392 
59410 55753 
91481 71098 
63812 68359 
11536 35923 
21829 70955 
28769 23884 
30450 80770 
3077 39011 
28502 23986 
80258 68278 
41156 3975 
42084 13907 
7525 25514 
85824 76223 
82 10812 
24386 7266 
16586 50230 
96815 51567 
75303 40904 
5521 39824 
72543 79806 
51425 3636 
67857 94320 
21079 35029 
46743 12996 
90896 23206 
73276 1960 
52759 62756 
85827 18267 
32561 42509 
7863 60542 
68659 92274 
42800 29363 
40744 85926 
96990 45082 
91290 73570 
28121 9185 
61536 42998 
47680 36769 
71861 91203 
15590 32371 
12455 20394 
52733 29108 
74327 59805 
62789 61986 
43016 54487 
98676 240 
97730 55387 
30846 20684 
7221 91169 
74783 64314 
90336 1575 
13287 81771 
13974 64550 
5451 39814 
34097 54930 
8744 30515 
46467 31181 
53177 97721 
2949 58486 
97276 71132 
66513 41439 
64421 77411 
23448 57642 
5083 79819 
44876 54720 
55606 83168 
91284 97566 
67366 29223 
83591 30079 
61533 99215 
22173 46227 
24102 34751 
21304 48946 
93462 86145 
40639 12217 
8509 98100 
37633 51586 
79139 46645 
35219 51492 
12945 48393 
97587 93909 
82023 73401 
33587 82177 
42033 6332 
2031 56299 
21992 17087 
76125 51570 
87759 21736 
35240 61087 
44774 37306 
91457 24500 
86312 59870 
25538 80319 
12393 24399 
2449 87155 
41439 36944 
60044 40443 
11872 4990 
16209 85550 
24075 30187 
19549 55578 
4478 69177 
76587 42753 
83011 12868 
24522 45989 
62757 82241 
82699 24016 
26368 89678 
8279 23413 
67643 68785 
1984 43957 
58653 32835 
58314 49878 
62891 82170 
31326 34932 
83139 44332 
91825 1658 
89108 97156 
84730 20726 
4362 94698 
56432 94998 
44648 88639 
11088 64725 
90477 13668 
72120 55255 
45629 84354 
70552 86686 
80257 33157 
55411 36093 
82345 4464 
23010 67269 
44487 7929 
91782 20376 
94340 25902 
7199 84448 
36526 64339 
47354 59393 
11402 34371 
13970 50961 
91804 52557 
35849 32065 
32746 51880 
82205 46935 
61010 2648 
81858 30763 
41659 52726 
70921 66809 
86751 9915 
46405 5391 
77852 5783 
86061 24732 
58431 99878 
5843 22363 
14819 6027 
65497 87535 
5135 48293 
98 20120 
14429 83148 
50759 29450 
11261 56595 
91259 67830 
56044 168 
99006 27698 
64686 8163 
98550 58902 
62426 79945 
13743 43097 
72225 55783 
691 95971 
69680 22454 
97825 54826 
2134 15715 
21656 48974 
13523 736 
57237 43481 
38454 68751 
40858 92976 
29129 48402 
9178 41573 
56927 93644 
93770 57376 
86820 76595 
72973 95610 
57274 83315 
53991 43137 
10866 83286 
47305 8882 
11592 19215 
12788 89684 
53670 42801 
2307 59125 
13633 4239 
97113 98097 
22586 88470 
40020 10168 
38736 79585 
92122 42263 
81652 26288 
1724 61736 
49174 75941 
59205 24602 
75497 42483 
25670 6519 
4684 74396 
65552 58029 
47684 92867 
83731 88678 
62944 77468 
66259 80776 
50759 86882 
50468 82905 
79763 15630 
4990 35728 
70277 4212 
83151 38186 
43748 39737 
24229 70906 
10054 6864 
16232 55414 
5222 74733 
1112 42736 
10930 34607 
98796 92980 
84140 35039 
49871 28751 
300 96652 
28504 19493 
66796 27001 
56900 81366 
94666 97470 
60538 57767 
26056 88807 
39464 79357 
2509 59644 
95068 89210 
24909 43235 
44058 58700 
99706 31629 
71765 12763 
88086 63656 
25437 29394 
74786 93329 
24851 77529 
51517 78657 
72334 9928 
66286 97371 
77234 33225 
24392 65684 
70875 36007 
39458 8967 
77218 67606 
23593 9100 
21719 25209 
74615 32259 
6311 25000 
65259 23038 
51921 4181 
64359 36036 
11659 25091 
23253 64453 
87549 30043 
41975 16709 
41600 26093 
89294 86749 
78065 62623 
88244 61444 
87868 1458 
94521 9381 
88484 69165 
88953 99333 
62964 24249 
77257 3828 
328 68162 
40350 53505 
66202 78338 
6734 21304 
87392 43943 
24827 32053 
16943 40546 
97545 12634 
57334 88659 
4091 20685 
58549 2879 
74592 15645 
75112 53307 
2081 64974 
61550 29008 
73300 10501 
9273 14438 
74905 55109 
79565 64110 
84843 68342 
67117 88180 
90066 51028 
36467 42237 
81176 43636 
9753 48229 
62229 10836 
48324 60332 
79613 85628 
63057 29434 
17805 10381 
8630 13053 
31733 69278 
65547 23631 
85621 66900 
90338 7519 
46373 71075 
19202 99355 
35928 4604 
43205 2154 
81475 40126 
34224 2083 
15025 25114 
89982 38732 
64550 39902 
83774 16628 
47759 70615 
49947 61793 
26532 61033 
9681 98358 
5169 92644 
43304 44555 
58778 30552 
45163 4837 
59537 64380 
54965 65465 
27983 67961 
45551 84572 
74112 99343 
61227 4540 
8785 63531 
43045 4476 
99779 64384 
47862 53616 
18809 79207 
66516 22702 
75925 99856 
73137 59675 
65928 97518 
92375 38485 
57785 84866 
54274 45364 
42504 68890 
17503 75629 
17517 10486 
80870 75862 
26366 32734 
70289 81291 
91284 48823 
83798 66235 
73310 12712 
768 46688 
69600 30833 
13085 48410 
10866 11579 
15882 81374 
53215 70773 
3312 41920 
68107 55969 
50881 97738 
21792 185 
30024 97549 
1265 66540 
92883 87339 
87656 99288 
85682 8037 
99928 53847 
97592 95749 
31867 38691 
28669 4955 
83558 65356 
65219 27515 
44891 69295 
83862 85923 
23130 33967 
66589 37904 
19138 23290 
98288 41291 
47632 3455 
35473 93058 
65617 14135 
80384 74429 
20197 31206 
68152 5209 
51990 48403 
76369 34769 
93645 93652 
96226 74579 
84287 87395 
62243 7736 
80184 44779 
23692 94631 
79540 21400 
54946 30717 
95042 3118 
44296 2282 
1608 44504 
71163 29189 
58804 67588 
80185 79744 
57455 42827 
87318 92173 
68206 87607 
7865 39619 
76158 34091 
79260 31138 
70156 37836 
62490 49891 
17892 21396 
45154 91490 
98759 72960 
36494 80462 
85169 49111 
40101 10809 
60089 62906 
13569 77864 
33597 73748 
75994 42951 
74500 33861 
4035 99791 
4424 87739 
65138 92173 
11214 65511 
72582 66097 
26127 58975 
11134 26409 
74981 19870 
74427 7892 
57318 74025 
75551 63847 
29550 2100 
40888 21380 
68228 97910 
73908 51940 
67730 78713 
80390 58081 
83044 88320 
79467 82999 
62812 3537 
85929 8079 
30345 27185 
38361 15504 
61102 26847 
64998 57930 
73928 57461 
24577 95273 
344 88044 
33001 29880 
21271 38051 
88301 95634 
63790 17280 
36156 34023 
31901 54727 
76143 20734 
4689 96409 
94925 90049 
72944 49963 
26760 41132 
958 54667 
83960 218 
94109 59558 
70392 55817 
24797 99459 
89603 80200 
19380 68939 
85829 99781 
37024 7661 
10946 79426 
77675 27044 
93309 41305 
40880 27800 
95463 47584 
19747 80669 
86894 38078 
55085 68539 
25237 28909 
93585 17169 
34805 46313 
90902 73822 
94798 90896 
75579 28407 
1258 1977 
42976 10092 
46575 19092 
79728 33837 
68296 18294 
28714 15968 
54997 34591 
92133 25618 
61156 68651 
35975 89770 
75243 15888 
3070 23645 
5656 49054 
63826 15275 
97661 31719 
33884 53390 
71156 39268 
66146 51111 
73880 16542 
80975 84438 
77568 6789 
32822 34168 
5615 45280 
24162 92619 
69961 22782 
68325 72418 
12191 88992 
71655 33618 
89264 84133 
52414 27536 
17806 58086 
38932 40954 
92584 60744 
92743 12715 
24535 64738 
83772 86227 
1657 12226 
4137 56059 
62099 61143 
44708 64510 
82937 43121 
74294 4958 
30417 35237 
55177 92789 
87862 90793 
689 71811 
75952 70551 
30615 34340 
6785 65139 
8440 46521 
67864 1805 
50787 86922 
15108 84243 
83902 26120 
64995 22917 
84587 97689 
15116 75135 
83757 36939 
89692 29039 
29606 92713 
2043 33777 
4362 49701 
49489 99282 
63705 33992 
7878 63428 
21126 12926 
72664 51754 
30883 41860 
1423 35522 
32670 55053 
48681 27567 
8683 45656 
48126 42206 
69557 30648 
89540 85435 
29419 50580 
58201 34671 
52333 11115 
53047 13531 
52483 33595 
76548 66426 
8662 45270 
94016 90205 
9998 6283 
92997 85643 
84311 40198 
34428 50249 
73081 7541 
76383 45730 
7760 37764 
68553 38308 
10981 14008 
60969 28256 
93192 87176 
44057 56105 
40368 81111 
38738 97381 
91633 38989 
85102 35109 
87020 52627 
36064 29923 
25015 10944 
48471 91292 
7193 1645 
78281 90210 
62911 1025 
28710 43608 
40925 90819 
70666 43852 
26728 48138 
53323 2843 
94547 64810 
49341 29578 
31106 65784 
34025 62471 
74668 12801 
80634 33272 
97295 99133 
65074 48162 
20888 63970 
12384 33359 
98283 80882 
84690 7575 
9527 3831 
5731 11669 
20431 86290 
40586 47084 
25605 24313 
891 48933 
51376 12775 
25622 47072 
25371 45476 
95439 49038 
28991 34479 
74596 12440 
36622 71759 
38617 61196 
11136 7164 
38191 39963 
69088 70642 
70172 94153 
50992 23867 
75090 9143 
32149 86619 
57252 41590 
87729 46663 
28281 28193 
82148 28372 
7872 62851 
87276 64968 
76559 91792 
46565 92029 
64460 88141 
92967 55735 
77247 32261 
97314 8411 
6003 42332 
70815 45963 
41150 70784 
70444 27144 
12315 6521 
59188 2891 
5759 338 
54485 75536 
68928 61475 
57657 2279 
97711 56946 
94729 55104 
16133 82116 
14767 50156 
540 60915 
85691 63648 
70685 77168 
99513 58440 
68716 34688 
49035 55756 
73683 93122 
66274 99803 
53994 28953 
19214 79635 
43146 26655 
47981 92184 
35095 13659 
84101 53153 
34797 14642 
37272 88344 
66722 15556 
52866 66996 
39571 95900 
40416 70838 
88941 8931 
48380 27810 
71367 63812 
13754 77803 
62930 91154 
46393 79237 
23551 53963 
17437 9966 
24117 99691 
8769 63727 
97736 35934 
46220 94233 
68728 52213 
83028 13020 
33344 3394 
22075 4282 
14749 16453 
65479 80183 
91475 81629 
58397 63520 
3323 41445 
50184 51097 
71596 96646 
30562 80824 
31609 6782 
11050 98288 
64555 75003 
12601 94434 
33094 71546 
89283 64987 
70459 68493 
64764 24398 
46396 29535 
83500 92308 
34905 22830 
81732 58962 
38565 2443 
64733 27442 
82099 34476 
36245 25286 
73896 27620 
63621 75750 
48367 64750 
77916 19893 
44270 22061 
2036 84655 
44586 5357 
71985 99220 
2043 29266 
66411 72213 
1035 14484 
87793 55680 
61498 80601 
45047 38257 
73190 67594 
71728 29619 
59865 27814 
76648 21010 
11988 92065 
64427 32556 
93942 28337 
82366 87057 
27051 79821 
46974 82098 
73319 90019 
78607 67550 
96414 97078 
25881 73927 
56228 6928 
92875 78568 
1251 35360 
91613 41237 
59027 42869 
29913 88488 
89125 72925 
10411 77024 
55344 44246 
60411 20285 
94275 40734 
34198 19614 
5887 88923 
29540 1637 
68457 12104 
38315 26820 
84947 2716 
7586 731 
855 60201 
21863 89113 
94589 158 
29945 10655 
30571 52493 
30416 57217 
82576 31178 
98741 70276 
80218 76310 
85869 84487 
5012 40338 
43347 34487 
64132 14666 
33186 9495 
99743 70259 
62048 31713 
49709 16458 
38809 29190 
61516 65893 
92146 71576 
75392 30211 
513 38031 
34921 61263 
80742 90601 
53820 95478 
53439 33483 
66125 55322 
53479 48847 
13653 11072 
82108 13274 
79421 8576 
3506 15379 
58596 24232 
73154 14789 
69599 17100 
47924 5441 
47125 9902 
68552 72001 
26160 45591 
23989 57241 
21442 34226 
4108 90330 
30393 26110 
22333 61232 
39173 21434 
42979 64820 
91318 54136 
79463 79778 
86315 68234 
38972 92019 
11520 38588 
76818 20098 
74961 74866 
89413 50958 
98889 87438 
18630 48383 
54308 86949 
62329 53623 
65283 35581 
85873 57961 
88473 67265 
7727 90299 
78119 46579 
88557 29426 
79624 41632 
87718 20190 
55921 44926 
63631 45594 
39943 87980 
85262 82695 
23836 60488 
90763 49195 
40944 62798 
76309 29739 
70128 91737 
23269 56191 
93655 84078 
75070 4541 
69673 19437 
56440 62595 
38180 14898 
87227 17221 
65470 27414 
80553 7705 
46154 16791 
30807 92619 
24176 12055 
90816 81621 
64623 67030 
9513 90741 
6694 87168 
51518 89951 
54832 58981 
48265 25199 
19811 15860 
36658 13592 
4480 29657 
25722 30049 
39924 26055 
94296 26474 
16912 83617 
63545 50416 
24850 91305 
6922 59156 
5803 7349 
57171 57294 
54748 83532 
45078 21181 
48822 93275 
57867 11908 
68161 29338 
36530 20051 
78806 17532 
40816 30043 
84199 26527 
98221 39744 
15956 40645 
19024 21713 
26877 2481 
3303 66641 
69573 25260 
87780 6571 
92622 21023 
80493 75764 
62835 90057 
9477 30448 
26965 69421 
68024 15213 
59161 43995 
73515 33410 
1436 82158 
69462 51698 
93643 70026 
91090 44734 
6676 83121 
83647 65041 
38088 52413 
9607 5168 
2782 52844 
6024 4561 
53169 66808 
56502 41903 
92896 52444 
23641 45213 
6214 77213 
47223 46609 
11066 60897 
51065 6385 
58133 8975 
17147 31960 
40378 7288 
79485 21232 
48015 91953 
62194 67008 
2390 4683 
36278 69448 
28900 93000 
97905 16819 
83873 17249 
77290 11367 
33242 81895 
71746 36758 
91876 17286 
59106 86266 
71589 99868 
88406 96795 
53144 13786 
63573 62788 
92976 24866 
32862 36255 
98877 59181 
71837 54352 
60571 52689 
960 74369 
878 65909 
10167 37453 
21069 38140 
72295 27043 
50079 89435 
14828 35741 
71360 65340 
85141 5219 
93481 59384 
88269 57766 
50983 41328 
98213 95224 
70502 65409 
43885 1282 
13887 32112 
49005 46508 
14772 29447 
61635 62001 
58008 85288 
43491 17135 
12376 20993 
1766 9688 
16177 8381 
36945 52451 
32560 97042 
48912 19488 
36884 97050 
90638 97291 
71924 73338 
83840 71366 
8403 32287 
14197 67136 
78114 58564 
5105 55572 
4802 90760 
28370 28593 
44024 8120 
47876 46997 
57344 37436 
7979 64613 
88529 79130 
72201 36329 
79805 94630 
89818 24802 
64767 93311 
17980 30891 
1220 6611 
55268 86256 
61974 39356 
48911 63052 
84569 43914 
22383 75277 
91904 71463 
32666 69105 
34928 16501 
7229 25382 
75835 85653 
29575 26502 
25588 89896 
39226 71983 
73184 80518 
87074 62330 
95669 23453 
40272 9139 
17750 34041 
62190 70927 
97738 74889 
2403 58759 
52585 53124 
19323 3533 
98953 40222 
23761 27659 
79533 77473 
75591 17842 
64237 23257 
87636 52853 
64428 44469 
91009 381 
75011 53757 
94349 60478 
63986 46679 
25762 99577 
61994 98449 
80729 88730 
65393 38635 
11841 32417 
55587 33990 
86972 50221 
54609 74529 
11301 52592 
82353 76049 
55623 34131 
54413 83463 
58420 93006 
61123 83640 
72468 73551 
98189 13898 
8010 20555 
77219 82839 
84088 28413 
30473 3932 
37155 66049 
38337 79042 
51846 59387 
50293 59064 
72637 17187 
40583 51884 
27067 93146 
38285 44063 
41321 87459 
98190 51983 
57190 4384 
33641 20610 
65755 98875 
15431 43625 
57642 64975 
51863 87326 
52262 41407 
4240 62557 
9207 35678 
59375 3846 
43781 97042 
76054 82996 
65659 752 
45985 5571 
34729 41326 
61397 13035 
81416 70904 
61220 40743 
70138 60296 
35730 62546 
93986 4932 
5551 86474 
76358 45692 
55055 52753 
20974 25472 
92526 25389 
95553 56333 
29820 61590 
56406 29232 
22819 89496 
21296 58558 
90623 24009 
76145 17108 
36215 2955 
57499 83610 
24234 31360 
87160 94561 
32548 80357 
47960 64864 
83449 98987 
80412 17668 
77607 62178 
48782 42786 
99301 96188 
72128 85211 
35019 94029 
40940 50508 
49127 57680 
43224 2214 
90142 81361 
5255 17923 
59024 20691 
11646 65314 
56954 76245 
7040 57178 
44198 56849 
97390 45349 
83991 77889 
62690 17459 
15725 92980 
64971 67567 
317 53517 
85468 21963 
7244 39979 
53106 14830 
67560 11257 
32777 24942 
85 73879 
26377 4221 
29020 81678 
2152 51714 
50369 38264 
8632 12435 
71879 89617 
48270 9530 
46570 62167 
82903 50339 
43504 22934 
18212 82184 
51074 12597 
67600 12107 
87888 29839 
27272 46261 
4247 25826 
3735 49309 
93220 1432 
22560 71920 
94518 86586 
12971 45349 
66613 21090 
6663 96081 
23001 49313 
11226 90639 
77000 87351 
18651 80936 
16174 20577 
87627 83903 
32224 41927 
94663 95646 
65125 46843 
83563 10003 
81314 59495 
55367 84139 
94877 76698 
31605 69675 
57996 80901 
92540 6882 
92319 91689 
39071 61561 
6422 96415 
52045 69526 
46252 24915 
25975 41942 
55154 10688 
35462 76317 
78063 11499 
52159 12543 
30414 46039 
67646 71150 
66548 40107 
93350 11817 
24608 65723 
2478 54176 
95396 99625 
50908 10093 
61145 23817 
64063 86840 
76851 40155 
5049 33976 
21578 73360 
45654 23239 
30073 92469 
46291 70390 
26053 89391 
13568 30702 
17694 15046 
44891 25662 
83118 88537 
88339 87469 
69120 62851 
43048 40024 
49875 51766 
407 70373 
44051 96991 
79630 82941 
68518 81971 
42576 70402 
14777 79380 
82190 79640 
70250 53010 
66528 99047 
70731 21567 
86040 44238 
62607 31852 
95652 73308 
73834 81853 
65149 19856 
41211 80461 
51451 92267 
18152 29860 
84626 51122 
91941 69066 
15792 43108 
72352 22661 
9563 39431 
74574 57455 
76280 99477 
8515 61641 
29989 56374 
3881 25928 
26989 70 
45781 24214 
86714 15715 
69211 62564 
21858 20348 
62366 89541 
7824 29308 
58569 38427 
2976 75257 
54465 2386 
90591 97353 
78216 27358 
51058 15860 
45542 44256 
88562 8363 
83786 51998 
30344 7750 
74540 5965 
88603 49260 
63962 62674 
25217 4158 
16516 80756 
87649 50959 
42703 80796 
90789 51631 
14219 22129 
3934 19860 
91050 63402 
64712 91171 
24130 35515 
82470 30619 
64526 70494 
12513 42738 
5472 97931 
79531 80593 
7144 41796 
3672 85993 
5717 24761 
35913 31358 
88031 14596 
40756 75179 
21093 27804 
73738 87681 
61703 39287 
88835 51033 
35617 33730 
76567 89336 
67983 74265 
77473 37613 
67160 57079 
37573 16169 
12597 66820 
72545 36934 
74076 46950 
85571 31778 
94452 51660 
40150 59303 
884 51519 
23636 16226 
70619 23706 
49888 52248 
66548 69525 
40098 63155 
75024 66802 
89761 15923 
23850 82867 
76670 41709 
31886 44986 
89969 17886 
43377 89450 
63477 48639 
29888 87945 
77866 45142 
647 80418 
55752 1000 
48127 27317 
11333 56332 
69872 30929 
31961 44815 
49829 65463 
62851 21970 
52891 98591 
38131 80105 
84869 83363 
51519 65614 
96777 48718 
88133 27668 
67101 19260 
45303 43861 
78637 50534 
54705 88013 
17507 74715 
80762 28054 
61127 13477 
10954 67821 
89198 29690 
72534 75598 
47181 57731 
7137 74334 
15265 73317 
9835 3773 
87495 38140 
92448 3060 
45510 81990 
62241 3929 
19253 65633 
16614 69188 
63055 1409 
42024 58967 
39635 95305 
71033 58100 
96872 14236 
95301 51977 
42603 75300 
54246 95368 
71216 99988 
19256 78947 
72505 75629 
71489 61638 
58007 18811 
27720 3411 
72975 41063 
3103 2771 
23153 75786 
12354 15945 
34693 37250 
1565 10659 
82850 47387 
71712 86387 
70471 84193 
1897 75083 
10857 76758 
5446 21685 
71224 96220 
55233 32013 
62774 69423 
95921 67250 
21308 72601 
20301 58745 
8329 46092 
24503 14719 
76764 7948 
72578 91254 
87701 34184 
94786 4004 
34966 16533 
15911 64169 
32881 4728 
60025 32532 
49209 89670 
6328 98746 
20100 86265 
77043 9551 
66724 30301 
22848 89235 
44333 12401 
33866 18409 
93669 33926 
45024 63039 
31886 84645 
23372 74686 
15585 10017 
21999 15041 
32105 57188 
60197 93070 
26843 63056 
42838 41503 
54196 75241 
63182 870 
47600 77344 
42900 23923 
40192 23586 
50613 61065 
31778 74709 
6021 38234 
90070 66989 
20533 92757 
94574 39268 
47263 89747 
80037 89091 
13378 1946 
13029 28372 
86003 99222 
40011 61439 
79210 60496 
78165 13881 
44133 90455 
81287 99298 
96814 96194 
2201 22909 
29119 54783 
90441 85859 
16922 81791 
9376 72179 
86701 92884 
30445 71523 
26826 35914 
63883 15124 
32992 59267 
15049 79861 
58655 73736 
13435 45883 
744 59851 
47413 76929 
88571 70302 
51979 29328 
59544 78013 
39025 85542 
99159 24401 
30068 51262 
94712 29500 
49918 51179 
2268 35867 
66421 7932 
54655 71592 
16188 91138 
44578 34202 
39160 78990 
1457 16917 
55845 83594 
43147 21427 
60277 53052 
24458 27294 
69004 78195 
23217 17021 
61807 99997 
1597 88010 
73437 34836 
55534 17870 
47253 9127 
18278 87900 
41493 22257 
15454 11097 
86762 37357 
78527 55654 
29409 33099 
11092 2673 
59576 36554 
68209 27703 
15029 97065 
52793 49690 
72267 54175 
55065 48104 
84938 98821 
61180 9199 
6277 26344 
35336 25804 
37032 32281 
36050 41497 
73278 7502 
61744 99670 
89546 47912 
33375 30747 
81860 5784 
12589 86677 
12542 74713 
22691 10842 
44081 18252 
86737 13659 
22881 23489 
22119 9376 
75365 85125 
34250 57986 
8696 3074 
33302 47636 
66298 7153 
57435 47586 
74377 6140 
23513 59492 
29813 95275 
42085 95682 
22086 46237 
27203 17087 
52285 46693 
3650 70645 
10816 52692 
64252 76201 
2057 66516 
58136 26356 
59012 55023 
97199 79196 
73914 79098 
52472 43451 
81771 13500 
74697 78425 
73007 98233 
14133 56865 
78626 77493 
33480 67997 
66758 50319 
4759 70041 
12948 78253 
56093 36789 
58255 69660 
87563 81215 
48963 87761 
6654 80586 
59653 10030 
43271 72149 
37412 290 
91922 36268 
69093 41640 
94372 34720 
65865 18320 
19922 25893 
79662 27656 
22443 35740 
14705 49439 
53402 23605 
73910 99402 
88307 45414 
84798 45887 
80393 83234 
82423 74396 
89799 79811 
87862 43364 
49119 89488 
9995 86351 
16901 32744 
15557 80760 
39545 20626 
57888 21283 
89008 97461 
28304 7434 
68810 35500 
95715 78879 
84100 3514 
29857 9692 
52823 22864 
61454 3243 
94577 19222 
18634 13103 
71279 75829 
93099 52187 
69527 95102 
31827 42283 
8371 79368 
20489 99180 
28190 48660 
23316 44809 
66452 23747 
70799 87123 
54389 15944 
41381 10881 
74920 81789 
66238 78069 
6683 20237 
97250 45387 
41585 12849 
17448 68039 
4024 33281 
40487 74008 
18799 81392 
41130 61073 
71662 29440 
82234 89998 
81593 3070 
55412 21658 
57088 58167 
32329 73293 
40102 56190 
31471 49667 
50759 85183 
41315 38572 
33540 21452 
4927 46962 
71385 77755 
63350 93927 
77987 37859 
75527 69785 
534 34460 
81039 16770 
65256 87688 
48626 86094 
76333 84834 
58198 78628 
35113 48406 
96997 81976 
81012 9278 
11579 75457 
68098 74427 
46462 86274 
82076 54643 
17550 45126 
71230 96607 
13883 7581 
11861 45846 
94766 78699 
53855 52345 
51016 2731 
95234 18946 
28837 57165 
15896 84214 
72743 20925 
60217 26035 
30003 70261 
95789 69982 
73204 92652 
91291 87370 
39853 99011 
50342 71927 
58338 57519 
10142 91101 
28072 68639 
63819 18344 
48360 50148 
93630 66016 
45261 3488 
8477 55121 
28669 88284 
63725 77675 
22830 40591 
3849 30276 
52726 32232 
9202 23327 
35981 83524 
47030 99357 
25404 9791 
23828 26015 
70800 3197 
11227 64587 
20324 25811 
70842 53229 
61474 17209 
