90950 85859 
93645 2413 
49510 20023 
16199 91331 
41450 41750 
71113 68164 
34490 91984 
66227 77899 
36294 22662 
28062 73549 
1070 60754 
98343 18258 
58147 33765 
93512 59562 
37947 45882 
77313 29130 
2108 35511 
4427 1877 
94012 89532 
29181 82025 
13537 37375 
37522 70515 
85608 98895 
52709 8104 
35938 14026 
85606 81556 
9356 39329 
48997 26526 
66176 56793 
31975 60038 
70328 3634 
35286 27934 
39288 98341 
1376 58186 
60320 7844 
33958 69712 
90162 73431 
91054 98107 
45988 88932 
52762 64658 
64331 3665 
10404 33100 
51631 4813 
97262 69710 
75170 19097 
82729 46713 
46364 62043 
81544 6368 
29750 54612 
87637 33689 
70465 21596 
28179 69454 
70612 83954 
47581 31945 
60647 58115 
73468 5845 
5734 79298 
87066 99727 
59034 73027 
18985 69830 
23951 9254 
18025 57069 
15597 86913 
95425 86716 
18100 13199 
29896 35718 
18816 61523 
29784 81343 
63146 14824 
87910 6638 
14343 26823 
31878 53128 
21567 62780 
68093 79262 
96418 13471 
41219 4295 
73249 11331 
82522 91610 
81818 16110 
270 52928 
92168 78883 
73328 35430 
1087 37868 
45078 87478 
17126 47301 
78973 85486 
66837 91451 
29324 44375 
88793 89886 
1315 27158 
3857 57234 
22785 15384 
50336 40915 
26978 1460 
50820 23723 
50234 16346 
33890 44628 
81533 11658 
68339 60791 
61790 73933 
80141 46559 
20024 60587 
13145 1070 
50741 12080 
63291 15094 
82338 12841 
63149 29901 
59840 44711 
18656 6151 
66937 962 
3154 9221 
42108 6421 
95186 8873 
1478 19760 
5982 85781 
67146 77731 
80144 35223 
13826 77926 
68789 59088 
88978 86586 
68238 41374 
31980 1062 
89320 9468 
16441 92702 
72450 93777 
66428 5272 
91879 11617 
52130 86442 
98836 17813 
53442 85463 
37783 84065 
90928 58820 
32573 91902 
62841 87481 
80055 49912 
94119 24307 
7490 74968 
98713 58237 
47126 9246 
80116 3067 
56385 80157 
46647 92961 
65319 48624 
97808 94256 
64364 32687 
45955 23714 
54867 38020 
73549 97038 
72483 74724 
90426 18314 
59243 90604 
47797 60953 
3955 5180 
86109 83803 
92562 85776 
42427 72271 
10187 67318 
19658 93608 
14816 80820 
24730 7989 
58910 22060 
15739 82525 
69721 61579 
59113 14096 
11676 69874 
87021 78673 
44926 7544 
62510 89748 
62979 9159 
5276 66561 
39360 71739 
4536 84007 
38267 43986 
47077 403 
47484 802 
18384 36772 
73117 79110 
92648 11822 
95200 45645 
13482 20540 
20830 65127 
81344 81087 
87197 38090 
5939 64657 
60719 81685 
52302 66025 
50497 33863 
7774 68672 
4350 71619 
23767 7740 
83963 47353 
40972 36459 
22003 63913 
89614 57293 
48528 28501 
67347 87733 
36624 48382 
36575 92465 
57929 57236 
50263 28609 
57525 89952 
10696 18768 
54697 55836 
89207 87836 
51104 95442 
86529 73818 
81171 44596 
93230 50355 
70844 70730 
17585 79235 
80304 91216 
84288 44820 
93872 31201 
71558 9194 
86027 29278 
46478 66714 
36319 53356 
78831 69771 
87935 46215 
62198 43714 
44769 80484 
47792 8234 
80062 66160 
1241 74937 
86052 20288 
25467 96402 
28507 78062 
53847 707 
82649 97340 
6982 57235 
17681 84465 
23710 84493 
65971 48277 
22381 28774 
59942 71335 
21979 13643 
44787 72614 
54307 84587 
78376 24334 
28253 50572 
11052 77068 
65066 54851 
97495 41918 
9587 91028 
30419 76287 
36580 17221 
1619 20668 
13532 11095 
89682 37870 
51768 51616 
45707 13223 
76217 9551 
98429 84573 
70836 78071 
28394 84232 
11496 77246 
67164 91590 
81027 21793 
62014 14683 
72167 50122 
9169 41795 
23317 74557 
99365 30033 
99283 27522 
38361 26841 
24599 46588 
1983 52504 
575 62430 
60426 7011 
88844 28075 
59694 2952 
23996 55286 
79480 67698 
25779 4439 
96201 2687 
17399 8005 
67529 35419 
20581 94515 
20488 50648 
90381 19852 
69001 41241 
73109 5782 
8791 76313 
19285 31810 
37595 44520 
60191 25779 
26901 93733 
61393 51076 
27742 54844 
99476 93844 
27584 7097 
69324 12338 
87913 15051 
18377 22332 
82860 43198 
21644 57462 
28064 33246 
56605 61434 
35920 11204 
10709 40231 
58472 76676 
55823 26753 
82445 15120 
53758 87789 
22223 65374 
14935 33763 
16092 69333 
18270 75408 
68634 28453 
14515 8310 
97906 92626 
77600 96248 
39856 10944 
38900 67275 
34436 81063 
37910 32717 
67937 44063 
49463 88553 
74313 85122 
2409 61101 
4607 16815 
87581 14491 
58054 41473 
63924 46093 
31046 11797 
10805 57911 
80861 34794 
41810 6850 
19904 93120 
90764 4875 
53183 90015 
4215 61244 
46844 59319 
26305 33320 
68802 20370 
41727 79922 
73863 99155 
50385 91712 
15205 81666 
83396 6838 
51663 13192 
34244 6855 
86024 8146 
71179 27875 
13341 89040 
17359 14998 
80289 30336 
33784 94219 
56653 43164 
16700 35379 
98273 282 
25971 32112 
37128 67136 
93810 30351 
68689 74544 
24286 95629 
19294 41228 
83214 21218 
67009 30361 
95275 44118 
58279 3239 
10681 53940 
9666 15362 
77174 50949 
9053 85440 
54853 33834 
33908 56217 
41099 75206 
85585 57531 
30747 73418 
98065 76625 
22750 52961 
17170 38506 
98664 22531 
62002 21 
40647 89784 
74190 65302 
27005 74884 
32519 37400 
41906 61114 
60596 31140 
62512 70165 
83460 85642 
41577 52137 
95342 31435 
86463 35854 
85307 86731 
46567 93817 
30070 80175 
60313 37876 
4012 23266 
80138 76716 
75288 84654 
89320 34246 
53844 50638 
48032 49240 
32325 91451 
57658 50831 
14010 91286 
12205 31958 
53310 41546 
13534 23384 
43813 41394 
63204 4634 
76455 97464 
7830 74985 
56129 65455 
7203 47609 
8901 30339 
14779 23020 
33940 79055 
8704 44170 
54400 79782 
88200 34860 
99717 45304 
54923 75566 
8082 24454 
31795 76361 
72405 35268 
32885 65283 
65594 26223 
87033 22335 
71773 27828 
35226 54240 
18858 35812 
67132 23128 
54903 49331 
35733 13542 
35731 72805 
90663 46454 
94577 78436 
637 26424 
45815 17923 
93276 38613 
34333 66536 
26656 96033 
79693 80454 
21078 74249 
79951 49165 
21835 60688 
33860 28720 
34173 88768 
12138 48758 
70165 23255 
58603 96485 
73881 12581 
30172 94166 
46027 26281 
91102 3179 
72143 51293 
61281 7325 
69450 29532 
81025 50844 
6650 80991 
95512 32447 
18220 71556 
80866 85687 
30180 52759 
30861 8147 
37840 21944 
98307 37119 
27687 25576 
38429 7886 
15371 55900 
32859 72192 
79645 71726 
82371 99112 
8156 7773 
44058 28308 
35155 23867 
54396 96513 
43447 85194 
23467 12101 
23353 57893 
7598 9745 
29960 50457 
67770 77369 
56608 30738 
99368 11050 
47356 776 
75199 19963 
4047 17255 
78163 73137 
4683 4072 
12583 52516 
38912 15318 
73893 52724 
83779 71924 
25267 46899 
88262 13279 
76697 20137 
8657 76320 
87182 57299 
38552 38927 
13862 60340 
6895 41859 
13311 61811 
75581 34091 
59665 95810 
54028 70037 
81845 85433 
62341 24021 
37896 6623 
16986 77258 
38261 92350 
83283 75690 
1825 48161 
37562 53216 
78624 60407 
8503 64161 
1384 91823 
21946 71282 
34342 75653 
56379 91160 
72331 39125 
27343 7542 
5671 9850 
58161 24987 
7151 84591 
61668 50125 
16216 68842 
53040 55915 
92474 27819 
37363 5453 
85701 24665 
67208 86216 
22769 60112 
45328 33075 
43271 69294 
55418 98949 
25068 76067 
39998 65700 
28599 52926 
8574 74655 
54515 85512 
51564 96091 
53046 94669 
55851 50103 
45469 26182 
66379 37441 
18166 78549 
14875 38222 
27961 2525 
41535 88895 
13794 72711 
68464 53355 
44242 1023 
44652 62835 
43006 34716 
71462 10994 
25210 57430 
34878 55583 
46195 90811 
16162 96113 
11465 76307 
26125 68161 
21552 2077 
9856 19260 
28771 28249 
98554 8746 
64198 55336 
43008 4534 
52676 75195 
49316 33453 
71238 41709 
51575 78598 
22074 99213 
98585 7111 
85013 10723 
1995 54857 
86456 35141 
91876 90641 
71801 12845 
52348 31961 
96628 32494 
64681 86700 
58240 68343 
68211 50746 
73658 97005 
60421 220 
72738 25365 
96725 78784 
15816 87206 
17755 95493 
64137 95121 
27386 16655 
28275 66434 
68236 56425 
94891 77059 
93075 45104 
85336 35659 
10338 81622 
31030 11934 
89843 57205 
59946 97508 
50884 70929 
76177 25648 
18974 44692 
80274 26898 
29868 85072 
21868 51764 
79827 32577 
98104 48651 
69700 85048 
11465 45574 
66986 81212 
78826 47489 
14889 82894 
39908 27622 
50230 99924 
47768 60804 
53174 60474 
36580 19560 
40831 41379 
52659 29581 
34125 37944 
3552 60239 
72708 70793 
26971 7876 
26227 98509 
6463 14925 
51945 29150 
63909 56235 
78456 1132 
40319 15518 
53187 34566 
35829 69444 
77379 37826 
17457 94678 
66435 90918 
18822 14008 
15774 17181 
49956 1752 
22758 97918 
7257 75731 
13802 80742 
23747 13366 
52419 81726 
28034 42816 
58738 83914 
86697 76613 
53965 90287 
89314 74844 
54272 98002 
97930 47692 
77757 22498 
23496 33052 
95416 15047 
10651 13904 
52485 85364 
9201 72279 
10004 62088 
85733 11902 
8175 98282 
82035 19978 
32821 56501 
58343 80070 
74192 88590 
68891 92692 
3379 59037 
4865 7933 
55780 47516 
5557 25372 
3331 6229 
82386 70485 
17621 40684 
22402 13935 
74569 28773 
38017 60327 
27965 92299 
7892 96453 
84004 87559 
10301 55500 
41814 87168 
84716 23359 
26042 83962 
69996 85914 
26700 59684 
58277 92065 
78786 26054 
72472 86254 
59561 63922 
22325 46381 
54963 57374 
19006 48257 
48224 43988 
31482 66124 
13604 79883 
49242 10255 
56033 48751 
75436 97314 
23488 27769 
12061 46864 
33113 60115 
14575 98335 
94357 73715 
87156 46724 
82802 28960 
61801 2470 
16942 74294 
54548 91166 
16756 37893 
20330 22177 
77785 86119 
34336 71708 
77254 34958 
12196 45524 
39895 9392 
43924 9261 
30206 7431 
57272 146 
5244 40490 
45003 62951 
57391 89864 
87536 85141 
122 40236 
77556 41422 
1430 25487 
6368 96270 
49362 49484 
3137 54541 
42024 25140 
27637 94874 
30459 8672 
4706 68370 
6949 92854 
54349 95886 
23587 62969 
15276 51314 
46358 12232 
81611 75326 
98544 59676 
72644 24319 
23867 12766 
33687 22685 
4627 69494 
22460 53029 
2970 60232 
69906 88573 
54458 88334 
16917 44776 
32289 40308 
19195 3024 
17782 1274 
81311 38305 
58167 29547 
27987 64861 
66242 15332 
45748 99116 
18133 72853 
31288 27496 
35161 92684 
64258 58325 
93747 11597 
81656 31563 
93322 40960 
68581 57919 
26335 31511 
95864 59775 
36797 42280 
28898 90310 
24147 24515 
4010 14399 
47807 27641 
18763 45071 
14434 83591 
10841 42722 
84649 28327 
6503 748 
18975 74875 
4050 60931 
93696 60960 
20367 24633 
56558 56081 
69327 51757 
59492 27843 
59662 68399 
942 35422 
96914 36314 
33955 39228 
49164 72476 
47800 90143 
89435 45493 
10702 89163 
59066 17063 
69180 88831 
5768 41318 
35508 41543 
37718 82676 
58976 86625 
731 63648 
68930 8017 
29436 8107 
97948 87475 
45325 2617 
42094 24382 
74641 58688 
91784 92587 
37333 22206 
71667 57119 
14591 42769 
60738 79204 
37009 85333 
25035 96695 
47977 39268 
84347 78843 
87644 55854 
51697 19280 
11649 24218 
29757 49153 
5764 77863 
21886 23526 
82727 9174 
17150 58518 
50727 57686 
38447 74030 
24380 29386 
815 27551 
8493 98956 
12972 8145 
22520 44626 
69362 96622 
49319 66163 
22219 87758 
85694 40557 
93594 13555 
44152 77064 
85822 2692 
5422 43535 
75561 60640 
49490 49349 
31318 57365 
99268 86736 
77309 65097 
95469 51954 
37493 97343 
83883 90497 
32833 62135 
36940 36406 
72074 57440 
50316 44768 
71763 4745 
52315 48594 
64780 37990 
38829 6550 
8278 39369 
99933 46359 
81743 40944 
35502 50232 
73789 91583 
66714 73290 
92322 22431 
37890 33698 
96890 30939 
68879 64120 
44314 43412 
61988 68101 
59087 9103 
89486 82105 
88595 25085 
87777 4204 
79845 90428 
62553 13789 
19190 40669 
65624 73162 
9442 19114 
38542 71531 
19797 214 
30785 44645 
33165 92073 
90952 79205 
32777 10069 
98286 90202 
15348 31668 
48809 41434 
91625 13666 
35453 64731 
36783 77445 
64795 21781 
82947 45239 
34343 43971 
4007 41003 
53803 80261 
28939 53134 
31354 80894 
33991 93152 
61667 45586 
6406 74346 
46274 68891 
42731 77492 
48843 22514 
43319 66923 
38031 24640 
91282 69550 
98799 59708 
58940 31877 
99420 28551 
67723 25624 
85893 28489 
38515 81244 
38065 85670 
8587 90472 
62486 87872 
58564 33935 
15880 94951 
88262 57982 
50067 36282 
3781 46015 
44299 39760 
29891 3974 
44157 75331 
41549 7051 
57544 37524 
16266 35256 
67751 36059 
45106 59179 
11186 11410 
4254 24098 
33071 43018 
81352 20510 
78273 71914 
71253 22251 
96384 16593 
4336 19543 
40290 21264 
47209 73646 
15667 38963 
20425 72197 
95212 18526 
10692 69931 
45868 34064 
16176 58127 
29920 68289 
52564 17971 
31543 36981 
64923 77951 
29247 20842 
35742 13463 
81624 53128 
53099 98028 
18910 96717 
4580 39790 
36086 32623 
92303 14442 
64606 73495 
22380 36284 
59288 10250 
8133 92806 
74533 97763 
40552 5001 
19734 86387 
21802 65561 
77594 10118 
27931 50183 
41046 49303 
65541 93378 
74565 96099 
13777 69525 
33885 64205 
97822 22325 
84475 952 
22971 41397 
43612 79432 
9399 93433 
33480 71100 
6908 77162 
73441 25185 
36196 86297 
58488 10226 
98634 32724 
67846 5183 
20053 3361 
22794 62849 
45704 98458 
66000 6630 
83343 26523 
66011 63291 
99308 11650 
60007 78900 
8477 2698 
35540 12916 
63168 60595 
17681 56310 
38319 39986 
71860 73538 
30714 74495 
54658 25386 
38515 21083 
44895 89895 
64077 18289 
65591 62010 
87759 65571 
63730 79061 
93384 36568 
49201 88831 
87015 97737 
6937 49711 
39902 15706 
86942 28340 
3702 1551 
45779 39102 
91525 58347 
60059 52000 
91860 69454 
57553 80691 
84121 89399 
14792 50809 
54317 76585 
51349 40252 
67275 37665 
10495 77699 
37875 37105 
53477 83402 
57914 62255 
10442 37163 
77511 24233 
24832 62421 
10352 17922 
73 22489 
30642 60664 
7474 35252 
56262 78458 
42464 25999 
67433 10985 
22668 54578 
93088 62299 
5762 72685 
8194 32745 
67668 89861 
24424 29467 
22376 52630 
23865 67810 
83499 70245 
80858 44001 
64674 52604 
40604 80655 
91006 61191 
74815 21014 
46953 12227 
14507 75217 
17445 12768 
67900 2510 
88453 55089 
67460 46966 
60860 42449 
54266 31116 
97179 70219 
150 51828 
64536 40349 
88519 15851 
59292 44293 
23241 98596 
98776 9751 
11678 9096 
43841 69967 
72741 96478 
72276 80844 
53696 38878 
57601 80735 
569 14414 
20362 60550 
16073 65632 
9769 87694 
56337 33815 
42352 6326 
63069 57573 
71312 18612 
1367 1352 
85313 36840 
75023 3810 
38701 84687 
20954 13434 
96477 17413 
42318 9362 
36823 25386 
25895 89041 
91580 83108 
3478 41197 
20810 6764 
59299 12509 
11387 87365 
55938 19448 
61584 73634 
49685 52956 
63680 89070 
92986 72935 
24850 81004 
76400 91950 
72960 15945 
45399 3153 
78326 55155 
38359 16082 
85142 67159 
31295 25840 
86962 59746 
42125 56077 
99493 43041 
42699 84287 
80924 67359 
50349 79088 
25101 14789 
22359 53524 
6104 61849 
56585 65805 
84111 72064 
9309 79520 
91911 21908 
77492 29027 
9026 11372 
56717 22535 
96134 61224 
78438 55343 
6313 53099 
50505 98778 
11619 25628 
73531 76541 
83592 116 
82283 39500 
44529 72624 
66078 2417 
62671 75831 
55095 11656 
98974 83684 
20500 71592 
25692 4577 
25506 69300 
27742 84707 
81713 2002 
66657 22236 
10531 29834 
33926 75027 
82993 47697 
45590 29980 
12938 94251 
33202 90361 
8336 93570 
67616 29029 
43420 55528 
11515 50097 
336 44691 
34210 99307 
43181 64298 
37957 64293 
29589 91854 
38882 9891 
35417 45939 
17585 801 
66643 59997 
4577 74149 
59234 88233 
93955 37887 
22513 71131 
85032 87448 
64511 43726 
36136 52750 
48762 78414 
77385 10327 
71217 15926 
69964 21325 
13190 53016 
18275 85028 
21707 23496 
38314 29764 
92113 30419 
60716 98271 
79503 61564 
137 22978 
45280 47775 
53997 28171 
53091 4304 
3048 40644 
64417 28991 
73892 38174 
48228 17920 
89214 16055 
11439 99151 
75426 5919 
77293 78176 
19319 38208 
87316 34943 
65475 99905 
79192 11622 
24365 2525 
97640 82708 
17458 41858 
28330 4637 
20077 590 
5882 773 
75400 17689 
36162 49450 
43677 24301 
90374 7689 
19609 24934 
73854 21266 
97795 84813 
46018 43031 
91257 69557 
69551 5643 
11277 71690 
96747 72389 
98114 50031 
58779 20261 
51664 2618 
9748 93200 
48705 91555 
91496 220 
49098 39109 
27466 23048 
87164 18320 
24302 41016 
16430 68561 
58402 77095 
26032 76719 
51327 18321 
75287 78068 
92719 66254 
99288 47363 
52316 28723 
22870 70383 
33682 72774 
82856 8827 
61421 20560 
99249 97414 
60936 84861 
54871 40994 
85215 8983 
39910 11638 
66634 96971 
92961 80899 
23454 94399 
23338 60847 
30455 7434 
30812 68958 
71085 28432 
48382 76585 
24494 70034 
21283 48475 
5036 96530 
1183 31696 
64067 81193 
78331 6320 
84287 11385 
96422 67353 
45434 9392 
95026 67658 
16745 36277 
2657 14967 
36455 98485 
59903 82637 
71437 82500 
86513 63369 
11200 1526 
18929 67913 
39542 50014 
35489 46647 
44525 26768 
55347 90899 
72766 5446 
44159 53044 
7634 2462 
84663 9646 
52585 16599 
73510 80283 
30630 92106 
87043 6228 
68876 87597 
18210 87740 
23093 16776 
24379 76534 
11430 63818 
41547 20824 
68676 66189 
14300 64353 
2892 740 
62822 7986 
34753 5123 
58387 52636 
26620 15857 
6953 55722 
63127 6860 
46857 49844 
27993 67794 
51057 91973 
32808 70266 
86984 34251 
92673 31771 
27778 33312 
10897 2163 
27528 44111 
30345 65546 
70126 76306 
32558 71636 
76420 26561 
17449 84988 
7586 38444 
76135 67903 
33991 83173 
77414 93410 
48275 99025 
24387 18401 
88997 75025 
1918 33816 
6902 15388 
27897 48723 
49708 75191 
41681 58189 
63303 14890 
11633 91047 
7324 81546 
20315 32970 
61311 88003 
90711 72699 
53995 27763 
49738 24863 
82731 32938 
86346 41485 
2696 55404 
50679 36114 
56189 27174 
58032 9447 
81230 34991 
6778 83390 
85605 26294 
92943 21663 
97627 48948 
5798 39420 
8081 15508 
18590 81749 
99198 74306 
46478 81517 
15941 64258 
29742 90697 
72515 28060 
14525 16139 
2714 59303 
45623 80688 
56581 63067 
56271 73616 
17810 16654 
38402 50523 
66452 27384 
3505 92193 
39657 97779 
99005 34310 
49587 24921 
28005 35527 
2069 80441 
31239 60056 
22174 40319 
29274 12776 
33613 59575 
90268 79790 
57720 15925 
84001 95424 
94724 78596 
6442 77872 
25148 93774 
10763 49978 
22361 16513 
60503 89120 
98688 60444 
28489 30689 
16939 81260 
1175 83399 
86807 57699 
12184 1418 
31332 84622 
21164 98312 
52459 46801 
74450 80810 
46686 99147 
32573 26631 
21916 39370 
26309 29897 
44829 22439 
7757 90117 
4445 32708 
95837 26287 
12031 99222 
76626 56352 
70090 12448 
8142 94065 
33885 76563 
96419 80254 
57841 10448 
55188 83558 
66070 92644 
34955 76876 
11440 30796 
8980 20102 
90766 24482 
33390 57166 
65095 81833 
56637 65941 
93491 44973 
39478 83305 
26371 77073 
60860 64419 
20108 64666 
27372 25277 
28520 92922 
74308 60587 
98792 58645 
44963 25302 
49514 96079 
61407 17372 
36701 3921 
54784 1779 
20052 78507 
6101 71454 
26131 77711 
59485 49379 
67800 62879 
9062 97987 
19910 92011 
27905 16925 
70139 66366 
2873 78296 
60813 64840 
62752 69701 
12674 35685 
38707 89711 
74738 53549 
75903 67839 
75782 91276 
23004 61661 
62433 593 
62343 17405 
96454 43505 
7678 67171 
49529 67146 
88764 75849 
77708 68797 
62356 43915 
79641 54957 
37824 18436 
42824 58559 
82171 63948 
60312 41834 
74103 97322 
56686 78821 
9625 96273 
96558 81148 
22754 49894 
61472 3457 
74035 31373 
71785 40748 
76872 38030 
98985 8887 
77079 61852 
60835 81678 
74594 24907 
16867 43152 
77959 38331 
84942 2079 
11954 21018 
80973 7254 
56691 44731 
43344 96687 
82491 56008 
41177 11643 
59047 62088 
81335 7287 
59648 58000 
22854 95753 
51657 15039 
79513 64545 
62961 47033 
41330 23462 
40787 20127 
73985 46584 
74052 74258 
61546 92393 
33314 80048 
42310 4712 
93464 63536 
50210 19910 
43408 93004 
14926 31681 
54322 37068 
92703 93739 
73438 71283 
96851 72873 
33865 31715 
71999 70 
22625 88218 
9393 5802 
28839 37632 
31874 67054 
1939 97658 
86664 38327 
85789 15862 
71657 86578 
58782 95098 
86649 959 
2251 76537 
44804 2204 
39946 14610 
1588 33656 
39864 24317 
58543 76168 
46381 80702 
77459 92501 
15417 2715 
96875 73333 
58280 59265 
77307 26646 
60854 93945 
14178 24975 
33998 76735 
48193 920 
68236 55932 
71691 60303 
11320 1612 
76533 64483 
60691 3131 
14145 18604 
64598 7484 
41580 90927 
55366 62786 
8796 79893 
96261 61691 
1829 40207 
9384 63283 
94136 76972 
66234 8765 
74099 17794 
64838 36221 
10541 76775 
87758 42801 
90066 31442 
33829 38857 
10131 43907 
43142 87884 
40007 70960 
89558 28556 
68088 24246 
97963 30721 
38524 61379 
54506 45893 
42726 11519 
17218 74621 
72014 64902 
1697 88036 
56551 84730 
11956 8950 
12641 32035 
10069 79071 
95596 29332 
69897 13223 
8595 27276 
39976 68886 
49287 80043 
48560 39954 
85387 79772 
19820 17278 
38103 48182 
34411 45415 
17944 34317 
59842 44897 
1316 21428 
96551 62442 
58293 3086 
34083 57698 
42039 48886 
88451 34429 
28566 43508 
96530 76512 
51892 49353 
76261 54647 
14117 12652 
22462 28405 
62514 5672 
97204 80040 
16511 73520 
91017 81437 
96210 33071 
76563 13623 
51141 53650 
49989 29486 
12985 34371 
56793 74631 
99252 81405 
28871 58765 
76248 79954 
17256 565 
49126 50344 
91169 52671 
84423 75386 
88105 50262 
86201 87067 
41987 16618 
40764 4584 
86834 2140 
16890 22928 
31912 29480 
58619 61414 
31002 66759 
35860 94992 
23212 53298 
24418 7616 
5651 57830 
71540 26646 
9352 57884 
65640 19942 
88935 90822 
69624 63244 
3863 41962 
96046 14402 
64472 3298 
99336 63170 
39560 57490 
35413 60505 
73937 16139 
92216 69730 
44138 68805 
26067 23385 
88415 79765 
48202 14242 
83153 3228 
93455 96709 
2016 74530 
68765 25727 
86413 74767 
23037 14253 
76289 59403 
1871 47590 
98782 87568 
50752 53028 
88931 88092 
8526 86677 
21430 50746 
89339 65867 
65316 36745 
85678 45104 
34521 61240 
37761 6349 
96364 12368 
5238 10246 
17380 36334 
46014 33946 
71247 36109 
53986 3277 
7138 2479 
32570 12302 
78479 20531 
84126 11649 
61874 72067 
76736 38520 
53868 85040 
9260 55912 
19269 64781 
33186 66345 
78878 78582 
5540 66243 
66801 55187 
40925 11153 
57897 3767 
2774 69100 
64466 53175 
23972 49614 
27935 61561 
75238 9379 
86083 48925 
5999 51929 
79269 60671 
66968 58456 
70150 79010 
86220 9543 
90536 60782 
11305 83530 
96317 95295 
48771 46199 
6817 43776 
29436 78625 
28447 43263 
2867 25250 
14198 32074 
17722 82674 
90310 81409 
75983 91101 
89341 98249 
58560 35051 
64916 98354 
7347 7683 
27583 35041 
14559 43952 
33498 9300 
13983 81842 
78062 79922 
90783 68018 
95170 38484 
26594 84537 
39405 13345 
74831 36583 
33267 19266 
17539 7743 
94477 74826 
89527 58946 
19386 68485 
68171 19935 
87721 65991 
17972 98049 
71152 16732 
47800 8059 
73596 34736 
85741 8961 
4704 1184 
1554 18873 
89623 59637 
9967 67548 
47938 52620 
69391 37550 
32576 78744 
50104 39731 
5516 33288 
83546 66434 
41306 31919 
20113 66710 
91645 7238 
16653 91834 
14739 10834 
46854 66559 
71656 49781 
77837 51764 
18542 35790 
84430 77573 
78401 27693 
79018 42492 
58989 3482 
19271 93753 
94462 6836 
18704 26816 
27534 74870 
25704 67838 
16216 68802 
55535 31943 
44609 97268 
56789 82252 
40746 43245 
68850 49860 
56163 79823 
80176 13376 
41636 87535 
28528 78093 
61458 66503 
93758 39522 
24646 70364 
21386 63753 
75633 75739 
80873 68009 
79295 40965 
6391 38735 
55557 873 
89839 81722 
67368 90569 
95949 58987 
42491 90534 
47570 30554 
14351 37739 
85540 85726 
59 53099 
42047 18123 
94824 94238 
78969 71488 
51058 54371 
33409 59133 
27818 93055 
81487 38921 
41617 2613 
78428 7807 
23156 85237 
58065 65189 
86228 40091 
78139 82745 
44790 37168 
79066 9886 
72141 85246 
83379 38623 
82153 84931 
596 49368 
26679 94660 
18015 60111 
45545 27402 
51795 5359 
75942 38934 
4613 78409 
26556 64703 
26335 80753 
48460 11635 
2325 35780 
89556 13677 
382 40488 
2271 15443 
91755 48485 
85257 56995 
24303 384 
78975 94644 
66564 43500 
2374 7563 
60368 11835 
13246 8104 
16590 69405 
98386 94859 
63727 55253 
51354 61877 
12243 6854 
75422 4835 
28914 80140 
57172 45567 
24941 28979 
92290 30031 
49151 54700 
9221 41604 
43348 87167 
28659 11550 
60723 12855 
17247 1568 
70196 22557 
42405 79511 
69676 11581 
11846 8694 
9430 28675 
86152 23645 
83113 36439 
85665 70715 
78472 15586 
74009 50665 
92353 18195 
89687 12163 
5340 50957 
14526 10043 
80217 48425 
13106 60289 
95416 78421 
50880 94847 
49705 6984 
331 43727 
77603 38635 
74313 49274 
96336 39247 
83614 48055 
64655 43414 
1833 39520 
71402 45992 
34820 97380 
87437 78344 
34189 69620 
8425 73836 
64871 56101 
87882 34258 
35153 48915 
10060 19096 
24361 69980 
80409 92961 
98097 42768 
17723 82982 
83861 90674 
16577 17606 
90916 63186 
11201 40997 
97442 52853 
12726 23101 
95269 80979 
10523 14454 
77918 98054 
25381 26946 
81204 66094 
77336 56978 
37326 64416 
84182 5881 
83132 87778 
38079 93901 
71173 86423 
17101 8750 
68208 31197 
76195 77432 
89941 73810 
27727 951 
13107 12156 
65662 45500 
26389 63763 
9359 40885 
30222 96565 
43104 97149 
72157 65555 
5695 13782 
9300 56284 
40748 22386 
22183 41765 
52879 73290 
65526 18000 
27493 49372 
30459 95212 
62656 66233 
10080 86752 
30352 96837 
5640 55753 
31421 40915 
84167 50783 
33547 44622 
8 86073 
84918 64370 
22554 99315 
77498 60229 
70326 50625 
93348 98935 
37618 9928 
5002 44279 
14087 16850 
16670 13560 
39923 87156 
26837 82756 
9675 82810 
64839 30219 
36340 58954 
4079 18941 
13951 50398 
82763 30829 
71737 62672 
69395 82916 
95787 88238 
94739 75070 
5228 77176 
34556 41537 
9054 53439 
68130 4481 
37037 82763 
56474 56760 
33594 66328 
81054 33235 
26948 55504 
58984 65214 
37671 57310 
3849 50986 
70392 27652 
32682 16912 
40438 29992 
29080 88167 
23167 70769 
60043 35987 
77918 9721 
9848 19137 
90815 83203 
38114 91349 
1027 71654 
91180 3570 
23669 88553 
96037 90151 
59150 67534 
44247 91466 
83585 76771 
29663 31950 
47783 95281 
38197 42193 
73372 44539 
533 86464 
23761 80556 
9345 32927 
44949 16557 
71481 82808 
16584 64438 
12508 56904 
27221 54385 
76136 23095 
89365 16344 
64240 36853 
39717 84484 
44575 58311 
27896 16349 
12722 4020 
82982 2095 
32409 89331 
61376 76029 
94101 18163 
21752 32586 
25548 80986 
43291 91981 
60011 28906 
1925 56926 
17932 2060 
45975 51155 
86070 3852 
67343 32911 
84474 29111 
47364 32139 
96094 73840 
67396 68795 
96497 77012 
13463 71536 
61813 70733 
71475 30948 
51919 44089 
5031 89580 
62846 58141 
31277 92211 
17456 84767 
62014 94123 
16702 80450 
56987 52557 
5106 47590 
44227 7141 
13564 80568 
98344 88721 
30192 41531 
31814 82892 
15647 61759 
46620 14426 
23207 18459 
13988 11880 
5859 93978 
98508 57863 
92749 84676 
19585 29744 
95566 90072 
47958 88036 
61794 79390 
67924 75239 
26200 2257 
96952 46650 
24587 83045 
43512 66424 
24492 14261 
1257 67146 
96412 43363 
23088 89217 
96090 29507 
92155 87557 
53491 32024 
8547 17450 
67323 80743 
40168 88793 
85310 69847 
44228 8561 
9888 11508 
51808 15028 
6606 83378 
22116 44067 
8214 4813 
15344 57803 
1299 80773 
3438 8970 
54273 59442 
36624 10501 
95628 59858 
10207 29206 
79608 39253 
30948 24827 
82759 86269 
65192 11321 
59339 45878 
62030 25942 
46126 4561 
83857 53467 
47909 90205 
44039 67881 
53781 70159 
46772 21903 
31344 63034 
47759 35903 
21005 15072 
6017 12110 
5791 30308 
76863 27413 
63455 85230 
4088 38672 
17090 3291 
5329 68091 
88113 12360 
8826 23071 
21158 59102 
92019 44878 
94294 8267 
92886 73520 
49945 11983 
13410 62449 
81989 94442 
11257 75987 
92729 60698 
80529 54828 
89801 4848 
55349 40554 
27511 62449 
31082 8762 
9746 24816 
87167 72234 
62282 8708 
12794 80526 
51177 53908 
82085 60405 
70925 3347 
98992 12770 
51103 5658 
33732 5991 
33519 68453 
2433 83067 
53168 82072 
99512 30537 
15807 28241 
78390 40800 
2549 85782 
90270 36309 
47592 46422 
33026 14018 
29052 57743 
32623 11578 
84844 17448 
78061 92917 
15654 53366 
57463 201 
65253 37006 
97741 21573 
74772 94969 
93157 79671 
92021 2153 
19150 54582 
79517 63450 
66959 16747 
5649 16497 
1847 60226 
22201 17065 
43143 94833 
28481 789 
87873 76835 
97359 50194 
51376 32216 
91769 34349 
78125 53955 
31557 30007 
83850 35335 
80040 77682 
26121 34988 
7248 73897 
64685 56197 
52512 51706 
65168 62926 
52947 55588 
20118 48094 
26333 73961 
9954 15834 
96977 52795 
2995 38756 
31411 77197 
98570 3710 
7069 74341 
50084 65084 
71600 60738 
65988 83375 
63070 29610 
75719 38600 
51994 49997 
65004 73019 
35032 28230 
30296 35759 
57121 64550 
75666 73062 
63937 22878 
77135 32259 
89778 20148 
69196 24951 
67338 33100 
66220 25495 
5284 15064 
17430 64551 
17168 13029 
8340 14288 
917 76156 
63785 51758 
61993 50900 
78137 30046 
45296 65053 
96773 82979 
90966 13245 
99589 38478 
57478 69841 
92074 18124 
61758 71668 
92428 56017 
70533 32638 
14188 78746 
39719 75077 
83029 50085 
39365 88465 
93675 98964 
20547 55280 
8257 17346 
77538 15786 
21006 35826 
33719 78826 
65822 59078 
32883 24116 
23039 70733 
48961 82972 
89631 97816 
36646 29087 
13127 58582 
33014 58697 
53660 4399 
85939 90363 
30886 6255 
28965 68615 
32869 29565 
44265 12790 
12633 87103 
55408 12711 
74666 59236 
69885 36176 
58511 23064 
47702 79768 
59443 37626 
6784 64099 
87306 91052 
88592 47388 
53692 27322 
98008 7109 
94996 35264 
453 18491 
84225 474 
6134 40747 
58021 92037 
96429 7190 
87004 80236 
50647 3749 
47306 58904 
12732 11923 
9112 76594 
96976 86827 
44044 64487 
69365 38739 
67358 85730 
56965 87436 
73268 20865 
31529 62628 
92055 47058 
85544 30889 
96207 65056 
68994 39786 
9467 77068 
83355 83242 
27458 21267 
35683 8704 
41462 24128 
40119 6307 
67985 40531 
16751 42964 
25859 13378 
78483 30217 
69960 99392 
15406 43660 
86011 75862 
83144 43905 
74459 64264 
76757 84290 
3123 81026 
24980 28906 
88032 53117 
70941 46058 
69833 16746 
14986 86860 
89166 51115 
82798 6440 
28553 85998 
47765 36122 
80648 61867 
80365 68921 
23107 14337 
19333 77854 
28848 911 
59446 46794 
17170 87304 
29021 56996 
55942 63085 
86529 38904 
58024 61922 
230 68509 
76083 20425 
87319 60237 
89149 21396 
79799 84280 
91537 32216 
53140 15234 
40162 67192 
765 1074 
89811 73864 
62488 26732 
47625 67597 
18269 34929 
7766 16201 
39985 58413 
85233 6934 
53383 12385 
53754 11880 
14 93657 
6897 4553 
4613 33937 
3782 70498 
47292 58689 
31238 97738 
11853 10092 
12719 29087 
31640 2908 
21017 7694 
82554 95446 
6563 49608 
79238 74292 
35999 32715 
14866 71141 
46793 103 
47606 52768 
62778 37717 
77529 51117 
82801 1124 
76590 29434 
50087 34239 
31276 12535 
33440 44103 
32620 44538 
3081 70079 
1502 75770 
63690 13289 
68492 22076 
15143 72695 
36987 84355 
47469 67890 
45962 63939 
40701 15507 
14415 60284 
32593 66078 
93391 91460 
37585 1254 
73475 35042 
48911 37477 
95731 47279 
32442 81528 
92287 81770 
25616 35789 
39102 95406 
87710 56651 
37950 98950 
8775 28190 
57230 82377 
73685 25007 
51942 21000 
95055 3147 
52017 47381 
74181 75991 
55165 56168 
22700 3282 
85496 94268 
79316 45707 
82389 77116 
85744 14936 
65452 63319 
43912 79558 
80857 14596 
62496 71069 
71963 65659 
15059 70863 
32834 29586 
74296 49134 
97134 68225 
57334 69652 
86837 64300 
15575 70573 
95280 42158 
29192 80768 
7341 97444 
21221 33568 
65835 12529 
89064 95431 
77711 54123 
62274 35690 
16249 72269 
34651 25382 
16125 45781 
85955 68088 
77133 48216 
3953 33778 
89257 40566 
41067 87863 
66924 32149 
91531 81948 
33491 89513 
54758 251 
28332 14716 
58532 36176 
18421 58933 
51673 7281 
83839 85133 
39976 3631 
12412 44404 
31519 4524 
82507 84560 
77843 91603 
34976 66744 
46042 32589 
35375 26026 
33454 9167 
5749 75366 
41444 15003 
61694 18808 
57670 55439 
24805 9408 
57249 39111 
93277 60155 
22431 63532 
44108 92014 
97637 61644 
9228 82232 
42145 94394 
14833 58171 
16262 45592 
98307 67194 
38432 99624 
20345 41492 
80567 60017 
71213 68271 
26763 97448 
29595 70320 
6612 99459 
70032 99750 
28487 30962 
30699 48567 
80435 4564 
47132 83755 
36773 2805 
29453 21657 
6952 90586 
10760 66713 
89980 5397 
22581 52982 
52424 15386 
59608 43387 
30968 90868 
80441 61242 
71498 43590 
53618 51380 
55876 49847 
98991 94081 
34839 88532 
93292 23994 
80862 93223 
5760 38392 
98372 38629 
4762 14333 
80348 56038 
29586 92693 
80143 99820 
52902 28545 
75257 67643 
68912 51958 
35828 10725 
29734 31091 
74787 57265 
18374 80292 
48883 12154 
90399 9933 
205 89111 
38472 71856 
76375 77599 
33960 14528 
44211 46172 
78069 25408 
16497 36374 
51301 4523 
44356 6847 
84504 82873 
88782 46018 
87385 72047 
74055 83540 
61067 7318 
43030 95613 
90142 25466 
79697 17364 
56613 731 
37981 46665 
43250 47533 
17362 48097 
97075 86993 
55720 43170 
5070 65777 
67686 3529 
93643 10424 
42859 47521 
1012 98062 
32355 77340 
87376 25315 
94490 83898 
41584 61180 
40772 89648 
15011 76811 
21938 95761 
63403 55379 
20404 49376 
5735 98559 
70323 49114 
15416 62719 
9308 62562 
43685 77488 
76948 38165 
37625 22141 
14387 55775 
55947 61140 
86531 75019 
4546 69137 
43852 8756 
10803 7911 
64292 70055 
30697 52927 
67437 15441 
36023 5624 
72913 34629 
60366 69012 
82862 17492 
91927 8796 
4394 62728 
88928 70011 
92077 79496 
59020 70010 
82802 73234 
87979 42666 
15780 99948 
24943 65777 
78950 19426 
31545 63904 
99754 77185 
80510 42271 
3007 97366 
45643 73844 
91507 74383 
59602 31337 
66060 9807 
28449 28657 
90759 52790 
82685 12164 
26643 67274 
13349 21143 
2268 67305 
88700 18998 
63252 32936 
72123 81937 
44533 43564 
65115 20307 
38850 42935 
80548 99223 
92867 80667 
10892 19776 
48399 58794 
93670 19858 
60373 48680 
92132 54520 
65406 33559 
3012 19776 
45334 75070 
75165 90913 
28529 98300 
72999 56590 
98523 39193 
46863 43427 
34230 626 
78839 42258 
88965 18989 
56926 66858 
26517 51847 
93152 98722 
71654 59022 
41906 97337 
99770 64426 
93597 84394 
85746 54004 
15755 42526 
55677 86359 
88764 4398 
36741 66943 
36637 46371 
80293 64128 
84608 42442 
41173 26058 
84784 78819 
32240 90860 
38671 77219 
37323 69602 
11165 25875 
58056 21349 
74378 71228 
90463 32725 
41718 80410 
75721 60557 
52658 44903 
46160 95539 
46928 59084 
92366 57256 
23160 73941 
10148 36493 
11504 95799 
47182 59442 
2341 72720 
58278 60233 
63927 87058 
95544 13165 
50662 51699 
5074 94063 
50633 89624 
75379 11408 
46199 61687 
84403 72158 
64598 95879 
21765 24672 
76895 62877 
20774 51669 
63085 37251 
20808 69883 
98742 81529 
94788 29856 
34330 91126 
18794 99290 
32160 42202 
31245 56403 
97918 91617 
27632 15973 
93816 88410 
63431 60028 
48624 69595 
92616 47606 
86180 29613 
52105 33567 
78489 72350 
13506 35130 
92056 77420 
62682 46635 
36883 38304 
34953 17950 
46369 58890 
29152 80033 
13330 27142 
47288 22328 
82473 19842 
58238 1022 
52859 30755 
63672 84583 
75239 56042 
52304 23621 
38647 15402 
64646 65760 
28188 35171 
54540 23053 
1720 70459 
26081 39398 
76953 97464 
44932 98494 
42474 64163 
71549 59043 
6301 47903 
40541 3259 
73782 31733 
15126 37140 
3019 77864 
78588 86566 
20461 46260 
85653 91951 
91901 79098 
85886 16013 
34855 47758 
48462 44138 
27118 37950 
63116 74927 
13302 30770 
65578 69650 
36224 22693 
37469 53702 
23254 15907 
60431 40554 
39079 1881 
62165 79284 
75809 55726 
78071 10457 
88940 56595 
66381 51935 
3433 50331 
56920 26148 
7993 74492 
84077 83418 
27620 73084 
53065 72114 
14592 38530 
15258 55751 
26271 31822 
83114 79560 
64465 48275 
98180 44654 
35551 15967 
76627 56577 
53165 36664 
96009 76852 
45989 4929 
54140 21103 
52010 70132 
26464 15350 
77590 38170 
71794 43313 
74806 44984 
87942 91846 
43718 72351 
98595 29077 
97588 17895 
60652 30399 
38528 75925 
17302 1130 
78676 33451 
86275 31510 
7698 36586 
64978 59597 
51280 36600 
54653 10747 
87235 81946 
54207 28504 
85949 82912 
51042 11063 
20124 38854 
40998 19931 
45105 84543 
42419 32931 
85571 81724 
30393 72430 
76946 54784 
6389 51462 
629 45279 
35784 45365 
20975 39092 
31180 14623 
78943 2096 
32974 75796 
22415 45496 
40259 41709 
56412 30340 
74976 29573 
77795 12261 
20078 66202 
18501 22081 
58583 3254 
58947 75705 
54467 92171 
89000 7587 
58714 58507 
87702 26062 
94187 58331 
64971 95975 
71556 95627 
58537 64273 
15167 28924 
7658 57623 
32517 97807 
31442 97611 
43926 55552 
24134 98718 
4 2816 
42280 37008 
53711 79103 
99433 3350 
21047 83712 
2890 84005 
59861 65906 
63946 43523 
19775 45233 
88216 20176 
67899 97275 
5843 82486 
74770 67510 
32712 36964 
52900 56553 
63288 21772 
76308 53743 
83304 68772 
73612 82825 
56206 67335 
79504 63477 
81162 17240 
49876 85420 
42374 15175 
94377 38123 
69550 79564 
56846 38356 
7606 81840 
78856 50355 
50028 18785 
14523 98860 
24782 30201 
25728 34042 
34263 38897 
76131 19107 
41506 65888 
59559 76331 
63714 52697 
43837 45324 
81140 4769 
84601 78548 
94463 55261 
65341 23385 
66997 36885 
49686 17535 
69457 40918 
89840 55056 
4443 37202 
21148 64078 
25419 26637 
86897 74015 
80687 98599 
79764 40059 
6699 69705 
56718 35796 
67015 87458 
82742 20978 
83335 92589 
85357 40801 
33235 47267 
56776 15483 
95583 52868 
23365 34503 
9109 613 
13169 78544 
72176 21140 
91399 54009 
52520 24963 
1055 39924 
94602 54770 
41305 15092 
9154 2620 
39722 54572 
4630 80402 
26193 58860 
73458 70242 
96065 6596 
77385 23092 
58016 2187 
85634 18328 
98174 23433 
7214 44978 
56170 61044 
24449 16038 
1077 81888 
78619 81367 
15636 40890 
80609 61767 
45653 12652 
19522 87125 
48169 13240 
20477 84836 
76732 34959 
59121 31278 
75062 22565 
74888 48705 
11396 78013 
37612 2687 
74987 92665 
12842 31104 
73497 70839 
40039 14721 
15444 26640 
84825 81458 
35405 7174 
51531 21787 
21315 19628 
45534 81000 
33010 17065 
56204 85634 
59061 28418 
90768 55978 
44983 1798 
26983 54297 
40059 67104 
68250 19327 
52318 13809 
78617 41594 
71598 22911 
47146 41203 
19171 88203 
81143 20056 
9064 11326 
56050 73776 
61004 57541 
56079 65174 
87804 14689 
24194 80667 
91065 6521 
2599 13871 
38216 73382 
85655 46416 
61202 48197 
25960 25071 
12546 23739 
31322 66382 
38035 28382 
65448 55272 
76943 1845 
18384 42457 
80507 89867 
44107 86999 
47254 57343 
72120 34985 
9822 53105 
87521 73039 
72103 46400 
39731 46282 
87778 94996 
83900 84343 
91752 97973 
81009 36147 
44537 32410 
82760 74488 
26264 72503 
5585 94741 
21818 42102 
54439 98585 
71487 57202 
91531 23251 
22546 73641 
57727 49532 
6372 67043 
45089 97705 
82965 37010 
87877 99493 
40141 45624 
86276 16336 
8241 71509 
2254 59499 
52816 85025 
70143 55898 
37555 27603 
45895 95070 
7638 8802 
78454 87302 
29713 18352 
24242 60721 
38873 87272 
41539 25985 
85287 22082 
95315 41280 
43540 79215 
75105 17386 
46301 42902 
78590 12882 
30556 19136 
41749 82928 
39474 60751 
2850 61533 
5836 94237 
71955 76899 
54045 27576 
40269 22145 
96843 80227 
4340 29609 
70186 91311 
99003 25929 
45118 30122 
29901 77234 
79024 54280 
71541 69027 
20301 35162 
50043 3719 
60285 97672 
61101 40285 
34151 2006 
83149 45137 
8580 28729 
33312 71054 
58100 15322 
79453 31908 
24344 32281 
65472 94909 
72830 79929 
28988 69239 
10442 33280 
90628 30175 
3418 61629 
72373 81209 
40467 1962 
58758 23153 
18533 70864 
49201 68862 
89734 58284 
62312 14941 
97234 58341 
43798 57718 
44993 57278 
98377 19724 
91856 16772 
13120 35083 
33876 61954 
64742 27452 
40516 7856 
6544 2547 
40089 35404 
12115 68764 
7750 58664 
12327 94071 
95373 8742 
99769 5073 
56797 96539 
90506 35040 
64238 6516 
26872 31694 
82041 16686 
76982 42684 
62500 36243 
36776 6905 
55139 1558 
68575 93252 
75618 73697 
16532 44828 
63338 36211 
23805 6331 
67872 603 
38877 35034 
43496 88739 
39173 21700 
98368 76359 
18990 76744 
40341 49955 
85692 69107 
84910 50450 
83256 40536 
42456 51438 
15452 56372 
81745 47176 
72311 95429 
74533 6104 
72973 26185 
62190 79340 
25649 64254 
49385 40426 
71114 57009 
22175 72542 
20027 95186 
8262 12458 
16309 8476 
45692 6713 
58964 62338 
2952 34790 
92884 36647 
98193 6533 
35581 33305 
98218 46589 
41234 29561 
38931 37372 
16046 66548 
98054 3850 
89618 38426 
68271 88396 
15911 26505 
24300 82017 
24333 4878 
50984 49475 
66575 29329 
1120 10094 
8052 9667 
81540 13543 
94170 57135 
23865 80402 
81063 93185 
82409 61037 
58110 3647 
15821 3121 
5198 23212 
51401 8069 
21590 39146 
1384 99746 
35212 10280 
99046 24960 
51277 7590 
49153 54612 
27369 96032 
42030 56783 
68488 93824 
63472 68619 
20006 64991 
43720 2563 
99088 23738 
27926 84304 
45852 55097 
17766 34751 
94407 85295 
29318 76395 
60845 67434 
35824 65643 
20408 83297 
15633 26990 
99227 515 
5396 92359 
37404 65789 
66506 29504 
89689 59529 
8804 77041 
17562 84996 
79718 90523 
92311 15935 
19330 43893 
72478 80671 
2221 23702 
41082 17791 
35520 99726 
88079 98757 
59226 54852 
1758 76217 
99667 9626 
89129 83243 
59850 82355 
79817 78377 
91513 84399 
80581 4119 
82851 62054 
38293 2366 
13146 61432 
38073 9304 
70970 10739 
10237 34408 
6152 85606 
44807 13443 
87371 47399 
15583 13733 
66995 21908 
97087 61480 
12734 16354 
17183 55549 
51677 56373 
25785 29866 
86473 61422 
75760 27478 
85666 67013 
5995 53322 
20638 45258 
88580 79860 
20128 71352 
52140 90032 
39972 33008 
21569 55308 
463 82226 
20801 63162 
26685 84411 
69666 27909 
38171 28483 
68539 41588 
73417 23501 
5172 47465 
2060 22214 
36957 47741 
72939 80040 
98854 89151 
69808 79175 
62289 5437 
98090 21825 
23580 33998 
5906 24020 
31771 65601 
50466 22016 
75242 30577 
56981 37000 
34059 72767 
81393 30614 
70736 13286 
80530 23765 
75962 60243 
13670 44245 
7766 77622 
48069 14902 
62756 86840 
17631 93370 
96232 37833 
88725 26866 
64348 53048 
20016 91083 
95981 17343 
64270 40924 
14539 59549 
49180 12625 
20667 47329 
91630 81770 
15681 95967 
45148 99755 
92500 73861 
53876 2447 
45964 72735 
88045 9127 
57649 98973 
65704 7205 
91618 33975 
23392 48800 
97056 6072 
84444 68952 
51285 14280 
87816 72038 
92435 45067 
82582 22937 
84835 27291 
63655 22525 
32218 77616 
22845 43287 
3883 98955 
16008 50147 
67213 7870 
1830 34062 
26280 83362 
90711 41477 
50742 49120 
53220 91457 
41841 24041 
76792 34100 
23024 1721 
26589 18792 
61570 48617 
61879 8930 
24563 42701 
82811 930 
47660 9711 
34120 79644 
48322 52428 
72103 69771 
46523 9980 
9092 23390 
65427 28740 
85693 17453 
72116 74182 
85240 21891 
84183 63920 
97152 38905 
11838 56158 
56354 7111 
27165 84912 
34393 10391 
52252 93627 
34596 30592 
36142 82165 
48358 35697 
46906 48681 
62594 632 
39608 77495 
69400 16574 
73517 96860 
18127 56428 
42682 6359 
67392 29114 
52775 52722 
39902 73326 
24141 14931 
56562 12665 
26046 44776 
27952 18323 
50358 97370 
11075 2956 
14238 77675 
97163 99962 
40900 23665 
82385 66043 
5075 44570 
87446 81759 
45563 33461 
34359 14747 
41080 77498 
59076 53294 
17604 96240 
37206 14197 
5499 48711 
26705 78124 
92934 63265 
86205 8141 
28454 60824 
10568 62648 
10038 61661 
36271 22645 
60575 88684 
8406 15061 
30398 6037 
68353 28843 
86397 60839 
16598 88544 
44165 28029 
28696 71357 
74758 93505 
54054 27838 
70862 49164 
6977 94044 
88497 14922 
67347 63318 
89884 47431 
44322 19702 
685 42986 
20624 21738 
60540 92946 
87238 65376 
89688 4051 
98804 47766 
16433 53108 
28457 99910 
10293 5784 
77583 55457 
43919 92636 
720 75378 
63195 1980 
38743 53807 
79424 18874 
14512 89044 
10084 12203 
34317 15522 
85375 47754 
55761 57479 
6616 84173 
28084 83152 
89525 90816 
84527 9493 
50525 11764 
67941 31723 
97418 88661 
677 29499 
67142 46514 
67652 32003 
12779 41246 
67587 7980 
79592 65544 
1496 83563 
25583 10397 
9867 80663 
35924 83768 
40323 11750 
52567 94931 
26128 63082 
90454 23281 
82543 47723 
39964 3793 
82821 12131 
61574 77827 
58559 35699 
63206 77576 
80137 71273 
13298 35235 
12150 36536 
83383 33838 
6012 81043 
32812 45703 
87340 21806 
45197 36583 
19235 61472 
1291 48832 
74256 77489 
26206 15320 
27676 98085 
80249 97298 
92481 61435 
72102 84070 
52659 88115 
60689 40053 
15444 83730 
77794 35728 
95487 28560 
47316 52937 
64337 4118 
99071 12158 
47134 52741 
75083 29608 
25090 65596 
4596 75422 
7126 46985 
80328 70663 
66910 8349 
3006 30524 
2625 4092 
73782 33860 
65909 33153 
4885 75068 
23728 95201 
87691 33305 
62332 8378 
4365 76215 
15996 66729 
94344 528 
4893 39756 
90134 335 
96237 93991 
18251 45303 
60752 47027 
20607 45735 
82547 48164 
89245 79141 
94633 16622 
23030 53866 
54635 58225 
8782 89306 
45605 24522 
1280 99392 
85443 74508 
26685 76275 
55040 48420 
62131 84507 
10072 65516 
50616 92528 
24271 13343 
94746 87911 
23043 4635 
35536 45539 
5450 39870 
63163 43803 
19887 28386 
25411 52882 
54137 89079 
96547 51316 
24108 72858 
44439 62334 
97125 23372 
86958 39761 
65508 19957 
60062 74862 
94029 27314 
29417 40077 
906 10125 
65025 33385 
96136 57634 
64030 37883 
93260 3152 
50751 65209 
31054 16516 
4927 8517 
90208 93732 
69294 91021 
66651 67330 
65799 59454 
68048 13411 
6141 38329 
32824 36946 
16777 30493 
32169 75544 
11124 22240 
4597 73761 
32444 27105 
89943 44929 
59706 81481 
75068 55587 
15721 87334 
37108 38739 
41921 82524 
71725 66542 
7408 7637 
23645 90401 
1205 29736 
94640 87079 
16143 78056 
90170 33064 
70417 44428 
80061 66298 
28538 2114 
90854 84288 
77293 693 
17916 70680 
84267 1827 
43888 38607 
16601 30934 
76745 28382 
25864 33216 
75513 99597 
11277 38964 
14579 13236 
58003 62715 
48622 8089 
9791 83568 
79270 37598 
76021 79865 
91956 48180 
92013 20427 
26802 48168 
48449 46686 
70907 37663 
80855 15284 
11096 43951 
63318 9111 
65942 34540 
81937 66244 
23810 60473 
73014 20880 
49674 16235 
98560 98113 
87671 89408 
97430 55284 
78576 13165 
94241 16640 
31842 27749 
70199 5144 
40373 3301 
74 35580 
2835 75673 
37754 96417 
23122 99364 
89193 14451 
89503 27223 
46007 65833 
96983 85294 
65597 69882 
65610 22977 
74384 77927 
24715 83632 
39594 48442 
78500 58804 
2001 81883 
41908 60456 
87146 73839 
37390 69891 
15741 33565 
72951 99518 
15370 6383 
79778 34147 
94996 33136 
73776 2213 
81464 77600 
19517 64145 
32838 53638 
17374 95021 
37317 87892 
5035 81735 
78396 60947 
63113 51078 
97086 80125 
41246 94468 
10186 50481 
75856 57491 
49978 27049 
53641 17977 
75174 51043 
85920 85062 
65536 95427 
98104 13445 
53339 71212 
5862 42049 
63661 74772 
44937 34318 
32484 88653 
45135 18603 
46666 83581 
90638 1383 
3086 7743 
88609 53530 
15601 90955 
75929 50370 
7923 35909 
29986 80011 
18137 16497 
13554 21201 
6275 54057 
76115 31928 
259 96379 
54372 83051 
37429 81499 
63235 17427 
59041 28465 
45244 14328 
93286 60750 
51141 91369 
18766 34385 
57246 81750 
34816 12601 
86315 83300 
77662 1454 
87711 87623 
12135 36847 
50016 62591 
97506 92310 
64622 79497 
72962 59072 
32354 47377 
33380 35188 
6874 41306 
69231 48872 
98363 88946 
25832 32692 
18913 10159 
96620 59908 
37089 88212 
2711 51982 
23274 87907 
26759 67190 
9706 25913 
62940 84243 
59527 41639 
16887 1966 
37677 13185 
39495 86345 
3162 12230 
6719 9617 
96977 94130 
63862 42579 
82901 75103 
37300 80952 
9390 57045 
79216 9347 
99985 22331 
51593 32285 
46904 35936 
74619 30725 
77927 60219 
61583 34682 
90203 8960 
37470 37754 
96258 41518 
91658 17788 
7296 25439 
46502 69383 
86776 76402 
33025 98596 
43273 18087 
52568 77928 
95825 91354 
68942 10579 
37220 82087 
19500 6959 
41101 30093 
55509 33548 
7308 27660 
22287 54489 
16519 15693 
67814 49644 
70060 37767 
24864 59365 
23642 18034 
46170 75855 
84827 87587 
84750 73751 
33201 95714 
2224 48433 
39477 7407 
56818 9584 
5211 6575 
69706 59620 
18313 95568 
93459 71914 
21201 5982 
9572 72062 
18251 13106 
63403 16993 
7079 76985 
4319 61308 
4248 16727 
36461 98028 
50140 61522 
1228 61779 
20021 11768 
6466 86465 
38742 86785 
89304 16600 
95051 31760 
49657 81721 
78150 5908 
19685 56694 
13910 76264 
40793 47225 
61087 97096 
4272 59506 
38898 63597 
74251 35690 
96480 90365 
52360 62778 
2042 80098 
62373 91477 
24943 15998 
30023 33742 
7434 32581 
8339 42963 
74494 93893 
52029 19127 
9954 35596 
75812 22796 
35026 7912 
41047 26381 
61378 90163 
2642 78922 
55060 34400 
13905 11486 
39890 35605 
30882 64286 
89272 18990 
79678 73761 
4016 81115 
50377 18092 
50332 20855 
59359 83047 
36993 48717 
78214 76504 
43560 68528 
61882 89661 
72588 84247 
21266 75699 
87914 96453 
76276 92508 
18387 17997 
94129 35143 
51831 56387 
64685 65747 
17562 81660 
89691 33989 
57428 22802 
66059 69397 
15144 13233 
24613 18493 
31592 36436 
45244 94276 
19800 6493 
6986 3320 
7460 55117 
47267 16663 
77148 86706 
98426 54658 
4813 6010 
41560 63073 
95615 19201 
67872 68006 
42903 58435 
65900 10535 
90849 82460 
59361 78540 
64214 61377 
4828 72768 
39719 62342 
21030 66944 
72691 14847 
62314 47641 
59899 49110 
67634 48594 
14941 69228 
13428 26304 
56061 43881 
73816 58994 
57922 71741 
44791 89397 
98692 6145 
20424 73341 
41641 4181 
18562 40705 
26553 99006 
41117 23127 
10371 81062 
19739 53664 
88786 13759 
41545 97650 
50911 2299 
71524 31111 
67695 80471 
88348 43343 
91392 79592 
28535 3658 
48215 96192 
90264 98791 
39157 80623 
82615 17085 
25077 27439 
18588 28351 
61220 60239 
41012 84147 
63697 68592 
39260 42243 
35830 72724 
61697 1177 
55789 62851 
53856 16016 
28648 84345 
55581 54889 
35732 17383 
71719 47277 
72056 30266 
90393 69755 
48702 69309 
60532 12569 
51110 85012 
56000 71357 
86580 84162 
47571 12297 
24661 40590 
75917 66108 
32658 93473 
68915 16585 
35146 11437 
74779 62717 
81149 3100 
88875 49955 
85580 10308 
36552 85810 
22537 28973 
36919 77729 
87256 64270 
13225 57075 
10754 41863 
34334 82025 
6663 64919 
68772 44346 
53225 27840 
7919 40262 
65154 71983 
68133 3990 
89780 96050 
12955 44043 
69864 14433 
45994 67013 
51461 90449 
12726 21318 
79403 58255 
15113 44254 
15229 87145 
86853 49717 
32831 35017 
98981 51076 
95589 83978 
65710 73940 
95445 50374 
98558 76933 
39160 13984 
13189 65099 
99876 16654 
27876 50200 
13186 39386 
5065 84892 
86024 78657 
78253 73679 
4020 7741 
75256 42523 
68342 26820 
95890 31138 
66591 76904 
27206 57225 
83989 16877 
82628 90306 
90865 40424 
32698 64311 
359 40168 
54613 52692 
76322 10040 
65317 27616 
85506 13717 
18646 25630 
30468 36892 
40876 46240 
69990 84242 
50981 16936 
32380 78105 
62030 68470 
53641 65228 
88336 77572 
27326 40383 
89370 50780 
35771 51195 
65878 42704 
43448 57247 
86253 24792 
72346 78317 
61963 46539 
46550 81563 
9628 60095 
88633 25525 
34374 11348 
73980 7 
44136 35814 
833 75233 
57844 36050 
13648 1087 
1744 58807 
25227 77831 
97612 34755 
19175 53390 
34172 91400 
78337 89085 
78797 652 
77200 75673 
30390 76532 
96630 74582 
36330 95638 
67854 5448 
96446 73212 
29270 365 
55239 91078 
84424 97699 
39881 40175 
82443 53896 
36024 10081 
3213 10380 
6021 30634 
18765 64489 
44917 46688 
19626 58311 
38381 85997 
40286 17348 
33756 62364 
91477 42150 
60469 41475 
8615 80360 
39285 85171 
55552 84043 
1250 81438 
80674 87778 
96596 62040 
8438 26620 
11532 7430 
63596 49934 
26521 39503 
67622 76964 
43537 6721 
17291 83127 
81710 73289 
53892 2195 
90937 34304 
58186 78818 
61180 92185 
61053 8324 
11602 46203 
42655 56283 
28087 66528 
3958 58987 
80343 47009 
33670 67863 
90494 56741 
60886 15735 
43894 39509 
79164 50941 
29903 42293 
51288 6494 
75430 89322 
55642 45797 
87306 56476 
14886 53851 
50853 42416 
55546 23484 
41534 77385 
83178 19796 
94134 58408 
21891 92851 
39655 50506 
59342 48572 
63967 47520 
58690 80874 
64202 43280 
47556 14262 
79010 24112 
70681 5415 
46987 57055 
97762 4762 
3960 14649 
10871 84565 
64263 46807 
56871 98777 
43752 83016 
39420 51704 
73018 24013 
42447 17482 
18125 61059 
22366 70423 
73139 43089 
79863 57486 
13841 97254 
23724 68442 
5237 96758 
68965 36743 
36800 61383 
69459 34672 
18886 70754 
71238 10048 
11340 68109 
86864 48559 
71041 33252 
33513 35763 
98974 7355 
47840 35845 
39407 59405 
89215 407 
33827 94356 
69612 69903 
60521 16395 
3168 32755 
97050 77292 
51388 62760 
27306 59364 
50980 64085 
77468 65386 
50470 14976 
5882 13648 
49026 16218 
90733 65350 
26352 18503 
56373 43671 
76023 23983 
54236 39089 
6296 31672 
67505 33919 
52244 23753 
40067 20534 
50921 70437 
39725 32360 
67362 64699 
53261 54503 
23315 85042 
76652 31720 
72955 24385 
7613 45485 
90179 16216 
69575 88993 
80670 35366 
96330 29228 
8527 50070 
84809 8582 
32088 54411 
79764 5028 
76456 15819 
88645 39461 
31278 31002 
37524 91609 
51498 95465 
69670 61743 
56073 56754 
57201 94482 
65071 39604 
43226 63054 
89080 2376 
56994 97680 
86548 8468 
47764 30096 
34433 73842 
64492 17745 
15459 82370 
67869 5793 
11320 44388 
98878 82880 
5329 10674 
43717 87407 
40275 43993 
28830 25133 
47695 93439 
51724 66026 
63279 12970 
3365 98525 
69787 14875 
66163 32794 
63663 51324 
77914 60994 
24408 72754 
36512 2297 
76843 20498 
82885 83057 
75525 72912 
40288 28476 
7890 79169 
6966 71081 
8080 82989 
96149 13473 
96967 59719 
92460 18047 
15546 64544 
47018 34787 
98632 17020 
64892 19700 
43739 27681 
47999 41141 
66031 6197 
44175 18977 
94397 77338 
18848 92450 
56000 70974 
9583 66608 
17050 45370 
45772 44269 
96082 49274 
15807 10771 
42694 27567 
42310 2128 
79479 27703 
82357 53696 
37781 69758 
4069 96132 
78967 1546 
3579 38111 
82045 72126 
17084 51225 
95757 21940 
51542 51420 
98675 5888 
4556 53504 
84363 36849 
69071 60499 
90358 61470 
21746 37970 
19447 57475 
75195 15007 
59701 72330 
33785 48120 
95692 6773 
30256 82099 
17546 83557 
36161 42752 
76698 31672 
32970 429 
7704 59391 
2659 50395 
33925 85681 
46687 66341 
1614 48815 
70512 96729 
41696 13495 
77120 90133 
41442 53335 
97529 55415 
19280 94248 
48820 85285 
35147 66120 
50974 97699 
36060 25061 
52641 78545 
32013 76618 
12941 41195 
20815 51514 
61482 53757 
32179 59794 
12025 23239 
41122 76696 
36559 67335 
8671 94146 
16015 49194 
43899 5455 
71473 98250 
45458 77612 
45403 91107 
73101 5514 
46353 20452 
20041 35540 
92468 37106 
5587 92066 
89314 10586 
84102 39831 
55693 16915 
71171 67511 
67525 28920 
20714 83422 
24284 53909 
47877 72963 
55131 36351 
81641 79231 
72567 19058 
48412 33172 
50305 35401 
33237 77714 
49012 87186 
38863 1500 
38689 48085 
64456 22173 
69660 20917 
55658 36596 
25500 68528 
35499 85954 
50716 32702 
11773 67400 
83554 53252 
70603 60675 
40079 325 
8234 28134 
89481 36993 
23496 89628 
32558 36261 
91903 69902 
45402 86960 
69029 65495 
78566 36301 
25582 80550 
8314 33414 
99499 36515 
21028 57813 
61439 69426 
74473 39462 
29185 90243 
20294 3042 
33779 98682 
91026 97960 
35604 9050 
51808 7837 
12169 67750 
92156 68408 
91015 16493 
86302 61189 
80943 82640 
82019 91738 
62674 58703 
87282 5987 
36088 66705 
11722 45872 
85356 89927 
85573 96356 
15538 94500 
22621 29956 
34676 56372 
15683 12003 
3892 55386 
53196 90144 
54706 97482 
23757 54923 
77558 78524 
31775 24842 
18407 8794 
81884 78889 
81361 75878 
2366 32284 
24404 35516 
68527 27094 
52607 84897 
55871 88338 
58604 90964 
99828 78351 
33638 17493 
63937 67442 
74183 18995 
21579 27226 
38876 46971 
37722 44545 
68453 44585 
96595 48512 
67392 89535 
58827 40950 
60126 81688 
47277 21417 
76996 62033 
54675 1954 
95488 92516 
38117 13879 
60876 22563 
15593 19169 
37007 17382 
7927 52365 
92797 25585 
75865 35421 
12875 19247 
86528 27587 
31875 48188 
6016 95110 
31022 12111 
55705 11486 
2947 69139 
88610 27927 
86090 67387 
39156 85902 
93544 7371 
74806 78818 
12912 17402 
31220 8307 
33488 51530 
43948 22087 
64988 166 
99156 64993 
48133 37244 
13463 22521 
21482 14538 
18712 87116 
1255 53740 
71310 31439 
51263 79954 
27784 29967 
68612 86448 
28272 30545 
87496 19830 
7900 40882 
8197 27248 
12337 61487 
91298 12797 
28313 66169 
18179 8979 
52441 3996 
7982 80910 
12465 72441 
98577 45878 
23841 90517 
44403 8961 
11583 82756 
57656 86557 
52376 70204 
20911 14043 
95177 52944 
29072 11185 
99896 60178 
76447 9506 
93202 38522 
90786 29507 
78101 46939 
30274 32446 
49657 27574 
1755 61335 
63083 25821 
28881 28862 
72377 40003 
97414 6158 
7815 91382 
31554 15629 
88789 18528 
9976 33515 
74865 16616 
13150 63425 
42395 61837 
4555 50756 
36595 83878 
87576 69748 
89759 75264 
47129 29853 
15109 55423 
80493 16172 
82738 39399 
45362 99889 
59230 96435 
4762 28976 
45752 22013 
28306 36857 
80744 88439 
17141 87289 
82840 83690 
55977 7437 
97208 96004 
59764 47892 
74272 52558 
74852 48362 
53564 74599 
14896 80815 
47488 68505 
60275 88031 
19834 32519 
26499 34876 
32117 22279 
11803 42004 
87167 84754 
67110 77296 
33860 39854 
92502 39023 
9490 61701 
53564 76531 
86984 87460 
28213 59197 
63040 60608 
40050 22468 
70205 97660 
7796 90987 
21041 52632 
42050 3117 
95722 41870 
50377 38640 
65782 83421 
69649 81944 
6164 99713 
30606 36715 
85377 30088 
73743 44992 
39222 596 
77944 53325 
27462 2481 
33661 11916 
44728 37895 
90999 88751 
7095 1644 
39714 30085 
63947 81155 
32917 1069 
91130 73339 
49189 95884 
5845 36670 
98855 15419 
6326 19545 
19302 72369 
80106 31865 
71545 98564 
43459 55807 
45622 97390 
71656 23839 
5959 5383 
54699 27334 
59490 1360 
66465 57484 
9109 28932 
66528 21730 
62944 78770 
63386 23558 
5975 10714 
55445 41256 
4664 82625 
31803 92109 
7594 92808 
58750 22513 
25453 35923 
99858 21630 
22317 18478 
17644 16424 
26773 79313 
83002 69351 
76254 12930 
74939 66425 
40852 99098 
87664 53050 
33913 832 
74615 47744 
5869 4691 
49783 39766 
35067 42250 
35517 55656 
74745 49692 
92970 61827 
88848 93644 
96438 55616 
11045 15706 
16083 85556 
91083 25553 
54860 33150 
50515 3064 
44956 83067 
55910 53623 
46626 6398 
31762 97558 
8068 82534 
77656 64603 
38789 89201 
24599 7369 
20907 97320 
64022 43969 
32933 17627 
9565 89287 
88793 59359 
6574 36795 
1197 77810 
87144 8403 
62938 7194 
79562 98533 
2302 98018 
20188 380 
9493 4030 
83078 17324 
49818 92813 
38068 30467 
76360 86237 
71578 14497 
29956 72221 
56059 68389 
67527 67649 
33768 54879 
91141 53774 
88495 23244 
59692 50082 
14890 23572 
52631 40344 
59181 7568 
20952 15449 
97401 50836 
4457 51638 
37598 24690 
16304 99858 
81085 91702 
95940 22247 
54416 98526 
9744 75093 
28585 91983 
35053 4159 
74816 89951 
97711 87866 
67403 97294 
45894 36595 
33155 68891 
33657 32227 
64353 86749 
56541 71087 
57474 36277 
28500 55524 
13510 37957 
14547 64677 
37376 14994 
36723 23308 
3641 54958 
52337 79120 
13785 53974 
62901 93571 
56167 15760 
49794 48999 
94097 14570 
48393 75698 
49643 21088 
66267 6626 
21251 33352 
22999 74545 
71785 51007 
39301 76633 
50220 80467 
31316 45013 
65065 61054 
72325 78129 
10450 57699 
68584 7520 
56872 74519 
58584 97334 
57759 5379 
85766 99755 
90272 52507 
13568 18558 
44209 12271 
48646 65113 
96373 48444 
13218 26429 
59467 47592 
60700 3192 
74315 78641 
60150 17264 
22176 59291 
84505 32751 
69897 65575 
25197 82461 
24847 7741 
21463 42513 
68858 35522 
36498 51807 
60781 28970 
34586 30211 
45834 77181 
13430 9606 
86559 46590 
24133 55252 
34993 92932 
67629 21495 
98582 76543 
90834 55419 
13373 99364 
18375 34855 
27213 93824 
46502 2966 
12944 58725 
94606 40706 
77006 55314 
56766 522 
2392 47920 
20820 9962 
66556 97855 
25707 42189 
4663 96705 
9139 41963 
46482 55726 
57169 90215 
41257 51723 
4797 88149 
99048 66644 
52489 42647 
19318 48011 
57318 38780 
47961 60440 
29436 92343 
2501 94625 
14646 85592 
31829 49545 
72104 2740 
31667 6027 
62498 98273 
19829 65433 
46541 50767 
86393 35866 
56208 77659 
73074 10155 
41868 12290 
3329 94800 
17314 73534 
80208 17110 
21659 90490 
92410 59001 
92171 79922 
20745 40188 
95346 12550 
16942 977 
94844 45775 
34655 15431 
44420 45056 
28580 99352 
81548 63928 
1730 64355 
63179 3489 
73207 9258 
28908 26234 
59236 33057 
98811 56211 
8733 99960 
13296 57743 
11367 86273 
553 48329 
835 91365 
13512 67849 
9012 506 
12714 95827 
87636 46064 
84082 81256 
3370 25376 
71309 25360 
29371 98523 
71427 36695 
1897 7330 
89086 60097 
84014 28094 
70182 66248 
80137 94852 
38694 77011 
74920 7460 
41915 93191 
27917 69308 
68778 85994 
41470 83176 
43527 11235 
33451 70587 
12748 6197 
88753 69924 
37589 33066 
33853 11647 
74998 39990 
77290 65153 
81884 21064 
85574 1134 
4341 69918 
18815 15709 
20421 38099 
33286 18206 
89414 29053 
69142 93128 
23183 81287 
80726 8689 
35840 20137 
34113 59206 
46882 86615 
92014 96735 
9890 83895 
29662 28512 
13979 17291 
76962 31087 
58425 41916 
62000 59461 
32233 73756 
38882 10127 
39877 64495 
18934 30600 
2060 88199 
88432 54814 
26041 38818 
88351 83752 
83945 91512 
51982 23686 
59431 37888 
44859 40648 
23192 65535 
28041 89032 
75989 15579 
70627 24687 
54269 18517 
70256 18411 
27880 78211 
1414 44481 
32008 46655 
487 30622 
66168 8038 
13829 20805 
61943 69617 
80489 20298 
68126 39028 
94805 63607 
27031 52943 
95702 70242 
18942 10344 
59344 30708 
33038 55195 
29684 95655 
82594 47906 
7505 24846 
19846 62773 
32676 89399 
21659 49417 
36684 10693 
10949 266 
12841 62429 
50815 73267 
50186 58483 
98408 29238 
3675 98539 
33809 56679 
28108 45913 
85522 73342 
86113 67560 
58655 13505 
51545 74926 
34490 32642 
68846 66152 
50820 87056 
96145 85047 
91323 75052 
55360 80337 
9180 58360 
36015 69888 
85274 17758 
51219 88893 
74493 35235 
24001 28484 
25051 36538 
90098 51780 
65167 72568 
39364 8080 
39082 65854 
82094 52714 
40085 99197 
18853 20028 
32088 77612 
12824 90034 
73250 51773 
12198 35423 
55246 51483 
46819 35019 
50023 41010 
28046 92117 
12189 74676 
13748 1772 
19708 699 
61340 69770 
48121 34040 
80963 97831 
64266 94886 
18170 14551 
94314 88414 
40906 49630 
67900 83598 
79105 20152 
65236 34081 
66873 21973 
97306 72511 
67027 96746 
30603 1245 
15665 75639 
27330 96953 
10471 84531 
9589 44409 
80630 32269 
71808 15630 
18501 93500 
59489 14541 
23621 40684 
4360 14457 
8131 76076 
56079 25931 
39385 63755 
78889 45909 
50301 64266 
87951 55616 
30886 29979 
84564 54249 
25441 27948 
12082 38275 
99098 18908 
95044 62056 
4611 35958 
42908 44475 
75764 74549 
96716 18419 
97262 26605 
72163 55170 
52655 65898 
5705 34205 
31617 19254 
41755 70330 
85823 38736 
8427 54779 
58685 23623 
16936 14601 
78387 27839 
85448 45575 
95937 28428 
32041 27884 
70351 23719 
3415 90903 
51649 76028 
6057 53720 
88972 13073 
84831 31386 
95931 54692 
50283 63378 
38206 37044 
90423 90421 
69455 65151 
15361 78529 
30729 36460 
73887 65042 
45908 43054 
49923 80405 
91060 78179 
93769 81593 
89165 43989 
68141 18325 
83305 81685 
92241 41586 
71222 22692 
48428 55489 
42025 90076 
75547 8142 
41890 63093 
10565 14915 
9753 54581 
55880 8412 
66260 40844 
43524 13431 
9676 26752 
39458 52349 
70976 24959 
81235 96589 
6994 77469 
70559 93247 
65313 50215 
48582 12417 
37468 86890 
66290 80418 
28077 16947 
24885 86868 
6682 74512 
1846 79403 
76352 99894 
97132 88895 
88530 63446 
31033 60111 
57111 72707 
225 98008 
76443 98087 
51813 78280 
27681 79796 
66523 12221 
65867 59281 
51641 637 
16121 12123 
31917 59280 
71521 46167 
92362 49156 
77486 68609 
70730 99058 
7938 18802 
19425 64816 
87018 9774 
56697 30006 
86806 20729 
5193 16223 
36277 35266 
72288 37556 
9635 25624 
61096 3509 
23213 41911 
13641 47366 
59252 77162 
78415 32898 
52216 43927 
63379 71289 
18647 16241 
82443 62306 
85143 61946 
28561 58971 
70688 14708 
9797 43401 
9341 12477 
66052 92955 
57213 59722 
43654 10483 
13690 54460 
42555 90196 
1021 57907 
66657 91594 
88673 74542 
1591 97854 
19274 53413 
16278 42233 
91486 17725 
34683 96288 
81827 79059 
52393 27088 
42221 95019 
79012 47114 
93005 84660 
71827 149 
42110 24745 
88800 49231 
332 11709 
29657 58616 
29874 89124 
52713 90700 
58746 8544 
52014 70979 
17174 12804 
54513 9378 
3790 5136 
50167 4668 
69185 94949 
99258 177 
12322 91642 
70643 3652 
21309 51543 
52291 31858 
54239 69869 
41158 91398 
48044 49544 
63302 61242 
63746 71784 
97124 99558 
25024 39537 
72712 57731 
83664 64209 
98481 47792 
50242 18509 
22659 76023 
61325 83848 
71646 25104 
15476 79404 
19846 39926 
99536 71777 
36329 48099 
43929 29098 
22508 25144 
91148 1552 
1976 96529 
35111 81415 
48785 53938 
90748 20064 
43623 51539 
82956 56850 
28740 39550 
1967 45277 
91907 86990 
58214 45627 
47311 43282 
83946 90011 
97018 89261 
71114 15725 
50449 32108 
5466 5889 
51341 5907 
55333 72534 
11706 49731 
242 66596 
80565 48579 
39262 1758 
81558 38960 
1928 34596 
38020 580 
95608 52226 
66697 78302 
62321 80437 
62006 4468 
85339 40234 
11591 20657 
81287 48801 
80890 30071 
36979 82072 
79550 47017 
1940 90414 
75714 48329 
27282 86371 
55583 73045 
49566 3987 
35111 61342 
54293 62910 
18299 71430 
17821 57303 
62266 64012 
18815 29525 
53129 97923 
30719 81607 
18704 37676 
55295 23760 
4119 33913 
33923 58431 
14667 1117 
78145 50905 
86578 83469 
93850 42995 
80841 69346 
34517 25050 
7833 87713 
8117 93338 
81208 95547 
79540 84810 
68363 44427 
55831 99291 
51775 96563 
15049 90355 
40572 45777 
41246 30466 
74964 87338 
57800 33377 
47476 72059 
9306 47378 
24410 74680 
28210 16655 
88561 4334 
36575 44851 
39940 85750 
75618 84841 
85080 43869 
26090 21843 
17511 31669 
81100 13111 
42057 51251 
59634 96841 
23845 31620 
3833 85325 
49262 43085 
85957 12948 
70558 47857 
62050 18345 
68420 9150 
48451 1826 
7520 6987 
64572 14126 
78929 37912 
80811 614 
20237 7935 
33961 46253 
79333 63290 
24172 40979 
40999 41978 
87284 12535 
66845 70548 
44264 54427 
8574 75226 
65529 10319 
42153 24223 
52080 63022 
36210 68964 
27663 16156 
11803 5966 
56588 49656 
72705 38221 
50368 76452 
85408 75199 
2994 26999 
66321 73976 
99463 40758 
89946 90463 
75070 49288 
66295 79382 
64019 94334 
48434 54359 
65069 36071 
21726 95394 
69204 71625 
95218 69973 
39745 2076 
62591 16210 
8848 57292 
25157 21669 
55978 12319 
72666 19892 
63766 6438 
98970 18146 
4537 6607 
89114 64576 
96840 40673 
52003 60643 
85489 62572 
88499 25656 
40879 1656 
78690 24193 
43771 91380 
44002 74323 
20279 68748 
89962 64811 
18434 85246 
63602 22869 
72494 72431 
65888 90498 
84091 60908 
43981 87127 
60324 60120 
50788 58971 
88064 68194 
99924 41452 
91057 96021 
63113 89991 
11763 57824 
53983 66628 
83464 1657 
17334 5191 
9799 27582 
96165 16084 
48665 68730 
80114 33292 
5363 91013 
48407 50828 
75883 932 
8038 43589 
45365 37769 
93614 18472 
39112 66362 
39142 95617 
43869 79755 
54015 76749 
65693 67188 
35542 17867 
67326 2214 
28610 86903 
32833 58186 
99389 53454 
40129 63886 
24471 27361 
83076 70810 
9452 35625 
74000 15391 
41657 3049 
74734 24420 
50570 80997 
49729 29969 
96522 50776 
8308 31319 
33246 13422 
4775 65719 
93169 66044 
94907 27231 
25651 56354 
5251 3486 
77820 1703 
57674 83875 
45308 56625 
5805 29516 
35867 13823 
82250 85251 
82705 27515 
25915 57047 
16377 55177 
57275 74306 
54122 24001 
96106 5956 
93803 41733 
70961 1603 
5922 88087 
52620 84608 
1674 42541 
54727 32639 
17588 27091 
84036 43055 
98038 68400 
89938 95452 
75751 12797 
58372 91712 
47400 59707 
18746 75158 
16493 14343 
84170 4664 
28953 98870 
25056 87063 
58183 2758 
84098 51738 
5834 97675 
76630 84975 
72112 90012 
84562 28478 
15200 35011 
44346 86382 
63185 90500 
49862 78173 
63869 45319 
39626 21110 
57957 17822 
14400 25065 
39300 83183 
36055 35125 
22255 54769 
91458 62894 
70678 14437 
66191 6096 
55663 59400 
62053 67906 
99872 9174 
9604 52388 
35139 95093 
72404 30471 
47018 37071 
13141 42093 
5017 97474 
93503 24455 
80513 90395 
9436 33772 
35674 16106 
21324 58479 
26173 85091 
24694 5521 
98121 93829 
21175 78210 
75314 15353 
91746 54023 
26777 71646 
44715 13830 
76544 62042 
9401 70208 
67707 32041 
73150 91805 
21009 80376 
14114 23184 
34575 18618 
65115 55123 
55872 17255 
54969 9052 
19584 94965 
12777 61112 
85783 33618 
88020 46271 
31673 30613 
34652 51002 
47110 32235 
30972 24200 
59226 26998 
58669 10360 
64700 16312 
44253 36456 
79567 21308 
73988 64537 
25925 29300 
29458 55743 
62505 31103 
55089 78276 
31787 51307 
61210 31772 
40192 27616 
86653 53616 
9850 52494 
93438 18928 
40561 50596 
42735 45233 
98751 28857 
6085 65326 
6614 2615 
98772 37357 
39075 70767 
83277 19878 
48816 85705 
79906 51415 
30339 39683 
38950 39039 
2866 68233 
74178 78527 
38871 53411 
30967 99841 
90121 94890 
64064 56004 
66335 5298 
29726 50890 
2915 77702 
54918 31990 
13668 67774 
32290 57939 
62057 30931 
3785 87378 
207 55598 
38041 25686 
18778 37780 
77151 9159 
22759 49233 
26881 2447 
98363 61779 
91102 34322 
64384 3716 
5989 99334 
7777 40737 
12435 8467 
87656 93429 
16168 80579 
54510 26175 
24234 28258 
72176 68149 
13766 6647 
48934 56101 
84404 61858 
81081 20778 
69219 36789 
87421 74037 
30714 66494 
66342 92141 
48207 22649 
38502 32182 
10835 47285 
47598 63237 
66461 49596 
79320 41604 
40902 26480 
24292 10341 
34209 7403 
54647 57348 
21112 17236 
5889 23343 
31306 96915 
55736 11354 
61884 21090 
69926 12718 
79043 4357 
41261 31077 
99071 93259 
82666 55513 
99659 99908 
47630 6687 
1774 44907 
42124 55747 
79567 42199 
60917 94768 
1241 76521 
28226 19612 
77318 95353 
47684 71367 
94395 61539 
69869 70862 
42310 90233 
66972 72322 
479 24367 
63648 56788 
35264 86521 
10708 83735 
74360 81933 
4014 20167 
66471 17270 
44803 70488 
4986 42904 
9628 37569 
92847 22580 
48207 55693 
52531 83723 
55685 49423 
39787 4030 
72184 88969 
2723 45598 
46955 32226 
38853 56504 
67075 66435 
41886 21580 
91332 88289 
97303 59065 
48809 90303 
81212 27885 
58629 53406 
40472 31501 
2438 80970 
83761 78581 
34414 47842 
93033 88196 
44950 79501 
72731 7800 
3620 21027 
90146 45961 
94634 3384 
24489 8599 
23728 65349 
34506 67465 
19259 43456 
74897 82622 
72264 99436 
40319 46913 
60334 14888 
92433 19701 
78380 46314 
30208 69603 
55710 118 
96641 51530 
73304 56840 
76070 2005 
7802 46623 
25403 48566 
19391 53789 
99908 94011 
69679 7428 
79573 54280 
2572 96998 
75635 99987 
46301 37227 
98467 75919 
97948 94947 
97883 50265 
33168 82026 
44740 75897 
43303 13176 
8827 29729 
39634 25177 
2154 32978 
80296 54923 
99031 45123 
69171 77719 
14768 67377 
48103 14374 
23345 87733 
53828 25889 
21044 48920 
39269 27922 
97865 23064 
65172 73718 
61406 32413 
52546 73814 
68964 64179 
48957 43586 
62751 89355 
2463 95590 
70415 10324 
55797 22637 
28446 30131 
70419 49694 
9628 57476 
65110 67934 
87298 35830 
7044 2653 
49004 12469 
24593 8261 
80048 43840 
20604 28211 
73430 67330 
52494 5441 
86877 56333 
11209 79818 
59928 15463 
74956 63079 
24448 65808 
35600 38847 
90478 16330 
95682 95618 
66008 16821 
12271 63948 
74017 40264 
20200 95582 
63052 48038 
1691 91918 
68654 50051 
81996 61918 
72079 83763 
21402 65487 
20088 935 
42762 77322 
14936 69072 
80746 88394 
57269 65668 
64043 47425 
26288 67699 
45001 33169 
11299 16264 
72547 39750 
66717 66809 
63669 51982 
48602 19087 
66371 85319 
4963 57811 
22715 65980 
34374 24908 
34422 30802 
97832 87331 
5482 33475 
67328 60595 
86290 54103 
21282 97512 
72092 22391 
51742 54044 
14843 81265 
31197 99753 
92053 37363 
97848 49023 
38811 67597 
57381 51053 
89880 76854 
66546 91544 
97620 30902 
59261 27084 
88462 20719 
99494 94423 
95744 49699 
96850 11140 
59964 73565 
554 11657 
18836 64341 
95448 43105 
19012 14339 
59640 79263 
68922 43902 
7625 97573 
17943 27493 
34960 4217 
90891 6737 
992 85267 
28872 16157 
34689 8140 
87578 7595 
25265 96896 
22351 22674 
64070 57358 
45693 29190 
37161 33592 
77374 6920 
28965 36000 
19853 41108 
86620 93063 
82515 57771 
11884 43745 
46999 13940 
92877 5606 
12935 38131 
61483 24886 
88450 1543 
63899 39123 
93055 88896 
61570 60329 
21875 29312 
37712 17275 
79633 42256 
70618 79189 
30426 51352 
49112 19918 
25028 19709 
47817 71605 
61321 64445 
50296 59961 
5415 15201 
6661 9424 
51127 91699 
38919 55793 
23704 88765 
62098 6398 
40017 73773 
72096 43398 
21949 21049 
62265 74519 
22262 30569 
69860 97332 
62991 4141 
20803 58156 
5223 81275 
36598 54674 
66118 69062 
90787 52614 
74116 35659 
53977 61101 
6498 75326 
46277 38763 
84809 94496 
23873 83237 
13152 12960 
62511 90386 
31911 22025 
64829 56403 
25237 92370 
10746 35867 
64437 78325 
90540 61915 
91401 22447 
8774 80882 
46295 24496 
23898 53066 
21970 2303 
93125 23718 
83873 38545 
25109 73946 
28749 77022 
3968 19868 
67985 4856 
37381 40223 
12187 32826 
98731 77535 
2445 65146 
78728 76033 
80672 32041 
35449 90698 
16538 43790 
33378 26128 
11737 13253 
91871 41370 
83642 85407 
21313 87406 
89927 7051 
11319 27694 
93279 67598 
49466 28977 
81093 42733 
91335 99508 
48853 76735 
73065 94903 
27894 46390 
56117 8044 
88347 59669 
20668 8746 
76255 55728 
78771 1365 
50241 89281 
61386 24071 
67552 2051 
44385 22217 
31907 6728 
17812 90046 
56301 34763 
69950 89912 
12771 28314 
53182 26272 
38093 88811 
22133 72890 
39480 29841 
86273 25994 
97571 20436 
98928 83610 
95362 46362 
12555 31818 
11182 61630 
66192 52391 
1428 50194 
35119 53098 
64498 68698 
65092 61865 
21194 95120 
33889 19108 
68855 65305 
31461 48664 
66577 39629 
26637 87159 
87077 5399 
93103 3995 
27146 87124 
320 49792 
3061 6407 
36038 29739 
69975 5954 
16251 10189 
94973 28093 
55723 31711 
82379 17188 
17610 19945 
96837 97463 
34247 56727 
54795 63008 
92837 98341 
58269 5116 
9536 5118 
26061 93609 
73392 77255 
37131 23423 
27557 75327 
38382 35506 
69421 40860 
84863 21930 
93564 22232 
74226 29136 
71827 54235 
9265 80378 
63383 35845 
72432 48637 
74275 47 
24493 24722 
40761 72005 
45782 41709 
93635 67436 
23032 36551 
71788 91736 
47318 52432 
92392 62236 
29413 11285 
52413 90877 
57654 14952 
31524 32693 
20442 65555 
90070 26658 
90557 30899 
7369 29793 
21704 19148 
85419 72834 
39068 68451 
51009 46372 
15105 1907 
25240 60038 
9412 45924 
93661 4122 
17227 60984 
2464 82984 
14980 87777 
26621 82644 
13251 68822 
4391 81160 
27640 65932 
9244 9697 
56219 57278 
35082 24655 
8641 64287 
3508 56764 
66399 28258 
62959 61764 
66380 29323 
38653 9099 
90524 16263 
9616 9999 
13302 94690 
34423 4374 
5658 3239 
20872 97164 
19180 92665 
36423 59080 
77471 11117 
86060 84119 
83066 90372 
42107 26819 
7674 22434 
96593 25880 
71161 13656 
20912 57628 
30389 4431 
59798 52704 
92873 46495 
57058 52474 
42216 37009 
9051 77782 
12333 18853 
68520 32062 
75762 69942 
76226 63193 
17631 20854 
80698 64097 
51402 59738 
17462 758 
95039 6167 
58294 18138 
67028 61527 
8278 89436 
80484 72506 
23919 42188 
10568 76387 
49045 15891 
85545 32117 
16930 80162 
5017 79470 
46827 69888 
20224 10158 
71033 74366 
20774 79355 
64621 51150 
59774 33857 
14156 22133 
15025 83984 
53987 49309 
27839 330 
19103 80764 
82954 73591 
12112 3608 
93174 35969 
58519 39892 
30539 6012 
29302 73981 
2210 85272 
42668 5439 
3704 4765 
17925 80159 
94732 92014 
43548 64286 
33591 5284 
38827 90441 
74937 60655 
33858 23797 
82713 59713 
66224 66765 
35125 10858 
94320 45356 
1762 25639 
57098 97733 
54315 63028 
67900 16032 
31832 89148 
16101 76212 
19015 17753 
64407 27533 
11821 97621 
71994 3171 
38448 17033 
44018 56581 
75785 2628 
6628 24380 
51478 197 
33221 65850 
50005 38335 
2488 31619 
47502 92394 
51713 69603 
84525 85801 
99809 85034 
48585 88547 
53744 33177 
78946 98564 
79291 38287 
25097 20666 
12448 455 
87220 89904 
11415 73128 
42112 21405 
655 68458 
11227 7164 
38385 75044 
58848 21754 
46714 53205 
17888 43540 
79713 6620 
28398 45765 
68839 15981 
39590 62712 
77447 60245 
70036 90192 
16488 44147 
42675 36712 
22085 96815 
11341 1934 
72296 5648 
73778 22427 
25162 2071 
22427 91194 
93082 21334 
18762 27120 
29542 17207 
89532 43207 
93431 24269 
34021 38356 
73430 25393 
229 16467 
386 129 
34924 18737 
49117 852 
37537 40314 
32746 27871 
51157 90822 
22463 52140 
5188 49788 
83500 64772 
83727 62635 
4162 16247 
31313 20635 
8909 45020 
23405 69141 
88767 85193 
22827 92354 
52749 85959 
15360 30088 
2528 71727 
67764 92178 
59229 21160 
79763 49604 
26024 45790 
7829 97885 
53104 4439 
23113 7935 
82638 98380 
28445 2316 
90505 53970 
61 20723 
8857 14446 
38549 67506 
8978 30630 
10496 66209 
47448 61475 
37401 81305 
30281 69728 
41648 5746 
29489 25388 
90682 54389 
94423 10239 
89995 48034 
36303 50406 
63143 20550 
28483 90704 
22717 32433 
57291 64511 
80060 28154 
78712 5917 
63473 31786 
84681 97153 
14776 35652 
59444 43560 
12276 101 
11223 20843 
24591 49049 
97316 44908 
34206 15520 
21825 73258 
82256 64208 
74332 58761 
76758 93934 
95163 41529 
75349 1886 
98268 82729 
564 73661 
56272 15315 
70794 48388 
53953 11017 
33270 96558 
46131 40334 
66787 39743 
13919 32860 
81332 35966 
99269 28977 
79399 52268 
11958 50725 
59485 46882 
45395 9649 
36110 87438 
8084 12450 
22672 38741 
76076 21479 
73562 63933 
98431 76434 
10172 96204 
42477 86032 
61771 54761 
48582 54038 
36722 98338 
75169 12678 
2081 32347 
53874 98325 
90369 11586 
42044 19245 
71121 9477 
55160 33291 
21841 56906 
85322 74604 
8025 88987 
63579 42710 
35193 76486 
3693 94822 
67191 60093 
72815 62758 
14490 50409 
70590 49531 
83837 4241 
62392 47535 
46299 38669 
4624 60143 
24620 98387 
20499 1637 
22757 48920 
33179 96562 
20586 28573 
39868 98914 
34969 55368 
15204 4027 
4720 51712 
65223 31561 
91519 19165 
14199 16728 
1351 68456 
95814 58668 
21845 85727 
37422 39841 
39686 95053 
71547 48394 
49250 59345 
82324 6609 
88745 47065 
96229 32880 
43312 80494 
56237 42126 
35939 72861 
76455 20055 
86464 56218 
60325 90458 
56589 99744 
79626 31475 
14505 18992 
53813 86734 
46619 80645 
39637 60338 
15803 14447 
39509 80858 
15717 54228 
63748 68802 
98969 43347 
36644 44483 
63210 56336 
19140 68768 
63759 8214 
32033 17878 
83928 45641 
2683 55244 
34959 39987 
25576 78334 
76315 31408 
22430 86458 
44048 5104 
11124 36755 
50071 16250 
44353 29835 
68372 18407 
58712 94067 
55561 91774 
82830 17992 
62615 12246 
89182 14087 
82283 49997 
38408 83896 
42328 37191 
57213 94495 
98651 98441 
11355 69312 
4280 94725 
83769 42546 
30352 91780 
44506 25690 
93391 27315 
3985 87172 
99558 17935 
73940 51634 
51030 16261 
21500 84099 
72237 1516 
90980 36084 
4424 62697 
85262 95635 
85856 12487 
44051 1367 
81951 52150 
29814 51755 
54714 92959 
33899 65235 
64092 28031 
45076 24144 
75192 39989 
80693 66059 
4791 24472 
66644 69815 
78171 7288 
66523 20289 
83003 33872 
2617 25957 
898 13715 
81808 6349 
69181 9566 
37970 62653 
75545 71460 
29139 94090 
16487 28995 
82487 25102 
56750 71802 
63059 63942 
11476 67769 
53269 21995 
35391 91328 
69301 84917 
44022 60018 
7841 41676 
10857 6507 
12010 45594 
81258 45418 
68853 2731 
19100 29522 
2445 57224 
55292 28286 
6422 70658 
38701 3219 
67694 73115 
99460 99126 
69096 97231 
22255 18104 
22909 93402 
92892 94030 
79484 64235 
25308 39244 
75574 49389 
98145 92314 
35553 38177 
30127 55981 
15335 86556 
1675 77782 
83607 67644 
86569 92350 
67889 90410 
91917 14015 
53973 79920 
17309 41082 
16463 24298 
34731 9061 
75401 58533 
59695 9086 
19395 73328 
30980 69939 
9196 8342 
41497 87310 
77320 13550 
66016 72323 
69103 39833 
12815 82856 
28500 50516 
85827 95812 
17948 29239 
81408 76252 
75793 96376 
59617 177 
57065 36147 
23715 91765 
73782 79651 
13583 42967 
49517 85218 
68835 93653 
29596 6812 
45657 63867 
43126 43660 
77717 46232 
95902 19815 
55976 86212 
84330 51111 
64850 667 
59630 18728 
52845 11020 
38885 83553 
34695 96364 
54906 43599 
18959 3964 
60417 57906 
30143 89859 
53731 34691 
47658 655 
72858 8946 
15244 49096 
12920 15239 
83964 80635 
57760 95186 
39502 75981 
80806 65859 
30178 85466 
62525 15348 
55970 45103 
92234 84756 
802 81305 
70541 42094 
90435 71516 
5363 52874 
36550 91365 
99270 4623 
83941 45469 
58777 48115 
12205 48639 
17274 76806 
55931 96979 
52435 77786 
98102 44289 
96215 52476 
60262 78128 
80978 23401 
59999 72083 
38834 14526 
31364 75991 
72887 16983 
7088 94278 
48934 29452 
42804 94066 
14031 93010 
22933 79326 
34370 23985 
25532 65115 
59115 85138 
39082 86816 
59072 25448 
18061 83293 
59531 61853 
36133 17 
85114 72474 
45848 68460 
61145 20176 
82007 31435 
70841 27747 
52159 576 
50520 81580 
42207 51759 
16076 49375 
27657 87047 
53109 59250 
21811 17591 
70415 2563 
11000 50943 
11910 90818 
23987 98362 
45634 18216 
57705 52946 
122 55740 
34774 27799 
98215 30102 
99544 84949 
46303 21422 
68912 30365 
73014 47242 
41743 98172 
75545 87262 
36468 98036 
24081 43138 
70239 53705 
95198 20742 
15050 17821 
53654 68500 
66275 8353 
78636 4695 
37344 75412 
35335 19108 
50585 73682 
25597 39913 
28765 85350 
12469 15439 
4443 11159 
2602 72220 
54971 23105 
87741 75720 
39840 51269 
91985 38151 
64018 59455 
45000 89026 
16054 49501 
3027 48384 
32910 22558 
69345 20078 
24873 17105 
23723 53067 
53318 38107 
56455 2378 
91751 89489 
16704 58168 
16230 22951 
27216 1318 
65147 20173 
87810 87003 
80302 32592 
88638 53910 
91320 13163 
80849 6078 
33663 87924 
7073 16770 
96850 31662 
77049 59376 
83964 31627 
84777 79001 
26138 45985 
2711 80249 
36403 89583 
55798 21621 
6165 8591 
73600 75038 
44525 37738 
42233 30165 
35764 69098 
29566 97567 
43540 99757 
36850 92109 
21680 67201 
37924 58659 
936 25908 
3105 35756 
8672 66351 
69109 39802 
44145 28528 
8560 92221 
75939 16115 
73115 5118 
50033 74487 
32723 87167 
97118 56088 
10235 30763 
5981 60025 
15323 93912 
86133 99257 
14626 95913 
77318 18367 
36034 4566 
76154 57704 
94204 4461 
40869 35487 
41675 837 
3933 98542 
95386 31583 
69395 74430 
61879 31130 
96782 42969 
86206 14295 
76682 33580 
79270 25604 
84462 46335 
36302 30156 
58040 89250 
45155 5806 
83244 22112 
97310 33250 
85993 97999 
56735 70536 
24409 97661 
12160 41595 
45909 59068 
36875 64580 
24457 14674 
6807 95108 
21350 62314 
82423 61950 
19283 12199 
42908 28278 
63892 72038 
72115 20270 
9589 55127 
34944 26682 
7200 22101 
50062 87957 
89805 96031 
60337 61483 
10104 22720 
25853 70826 
57771 83259 
16042 21058 
38455 4323 
57278 89770 
27450 53157 
150 83889 
20520 48863 
6693 86150 
91954 69322 
22015 1858 
35688 83987 
87029 56534 
9116 96776 
69417 88096 
21244 40432 
38489 23432 
6907 23946 
86273 28513 
6985 98062 
1913 73665 
30942 70341 
39428 61161 
12432 70916 
79856 21002 
81350 42824 
78016 92561 
66423 6667 
1376 74716 
11269 28363 
13934 45147 
33835 890 
31564 20693 
84235 36153 
76921 54949 
59200 51514 
91807 46741 
12732 26999 
22776 63685 
62004 3855 
81834 68726 
25162 92851 
98217 74360 
43398 61630 
19524 39193 
33506 74389 
90906 64560 
89123 64329 
39521 45104 
98939 29532 
18152 76548 
78388 56339 
16653 26327 
17675 90775 
32802 28308 
33483 98218 
5182 71531 
74281 74247 
49852 14698 
69881 95503 
9892 73118 
34761 28368 
22269 92823 
31604 45442 
30041 47834 
76647 35001 
19568 70793 
21613 27042 
42175 54702 
78379 997 
87633 43991 
61989 84832 
12845 66913 
15227 3016 
93316 48001 
43673 81709 
57216 79326 
34039 73513 
82323 22330 
50526 21291 
84604 58199 
4058 40783 
3903 4073 
67475 65133 
96949 64816 
66090 60962 
80851 95650 
7522 95223 
31230 9628 
27286 4858 
28352 75766 
17361 97131 
61861 18562 
73797 87524 
50171 47729 
46389 64220 
4058 18135 
98572 53440 
65709 44271 
88860 48282 
84211 71014 
66568 55218 
46439 33004 
33961 7026 
68267 18659 
64631 88704 
65245 91664 
83570 23769 
64142 12700 
8317 72372 
87161 47274 
22456 99759 
39183 41669 
2919 83906 
55050 98369 
50697 44485 
18682 84755 
80966 91855 
48723 64425 
13076 14397 
56478 49196 
63456 45250 
21013 31637 
85220 75402 
93638 72967 
17092 9083 
39329 89168 
1251 89539 
46258 99393 
4789 58524 
86196 75042 
32709 51217 
88378 55339 
51710 69783 
97309 75787 
53522 23420 
21042 89602 
74103 70496 
40598 48993 
50776 49247 
43507 53165 
43202 37526 
64838 62914 
66064 39201 
67630 27938 
81460 55082 
71309 72259 
77169 59602 
41430 35627 
13378 71024 
87027 74309 
54851 72520 
72863 83390 
18191 14275 
43055 14509 
54507 2620 
69807 27896 
56690 61196 
86420 35661 
27459 31307 
37277 64442 
69424 63845 
79137 89875 
61653 43565 
97899 72765 
68575 77993 
62872 57405 
86513 77871 
26637 76196 
70747 53795 
92750 41521 
1734 54595 
15806 95781 
42946 76998 
68820 33551 
14772 83247 
11377 6028 
59021 73594 
18706 67235 
96793 73994 
86593 23906 
88819 15784 
9947 6533 
91857 3809 
43915 87746 
67330 92168 
95542 36029 
39090 12666 
61306 7684 
16084 30037 
21233 48068 
92619 30152 
23872 94273 
14066 82659 
48013 45766 
49034 57902 
6882 96932 
40413 19454 
68401 6040 
17141 58238 
1172 8838 
36164 81950 
19985 71790 
89768 24406 
96951 19936 
57317 93397 
24749 67386 
2397 32804 
67037 24685 
16474 34954 
7712 56581 
88384 2588 
15518 16178 
35329 26313 
73375 87012 
65531 13043 
82873 23303 
55268 73672 
43509 90419 
13781 54126 
23551 72558 
78344 72930 
84793 32715 
28793 10545 
97044 81167 
35897 81012 
79811 33069 
61170 4792 
38447 13154 
7084 93203 
19938 96122 
76106 49502 
99539 54990 
34580 89379 
23621 26481 
93210 84539 
76394 92479 
9720 37040 
8565 19649 
91280 99188 
64530 95501 
24344 64023 
71359 48500 
87792 64861 
7626 42268 
11619 38786 
53033 89473 
27862 28691 
30815 39729 
23090 21163 
94088 57598 
42461 43414 
74563 21766 
14242 71471 
7485 44516 
60629 33926 
70163 31811 
35817 30865 
23141 78618 
85477 25905 
22845 21547 
53179 10830 
82416 51452 
68719 86898 
93534 22309 
40968 54697 
86134 79537 
43520 55244 
95255 70839 
25323 59085 
24632 95723 
408 57244 
45207 96043 
70935 68141 
43369 89239 
16032 37961 
38535 98364 
35191 78492 
22599 38573 
69520 56032 
34785 78447 
36691 17774 
74630 6313 
6204 17898 
73092 96701 
10376 84655 
87184 90103 
33485 51829 
57093 70431 
46567 63216 
66370 48852 
58598 47150 
75591 40155 
36146 49605 
57788 48328 
3036 9034 
49977 61764 
69174 53839 
49284 95286 
53416 4287 
24443 6153 
59186 64646 
83863 54267 
33538 98478 
39979 72974 
90457 90249 
36280 66213 
7405 9835 
58184 50145 
10473 12964 
31829 13032 
47973 30285 
25911 75757 
14899 20524 
10834 97258 
31402 89022 
96739 84025 
97296 2002 
67374 30946 
41552 59008 
50319 41909 
60856 21229 
15738 52942 
94524 31790 
75582 8070 
14419 5606 
63147 18670 
17975 11019 
8839 70770 
42 13186 
92239 31570 
44998 75 
42787 46391 
24380 65928 
81845 10343 
7327 84172 
47434 45182 
91149 62014 
19570 11127 
37624 32350 
68962 35900 
56933 5102 
84687 48748 
15623 69731 
97536 65967 
57606 13438 
4869 86202 
17891 95437 
20087 18796 
77627 96680 
15275 86480 
55980 46561 
99070 14918 
59484 13358 
73489 45914 
12723 33578 
43228 88561 
75537 46838 
8856 53141 
11446 97587 
61366 96306 
9542 62688 
9700 42867 
77870 64780 
15152 39478 
20117 35345 
76965 38543 
79451 98518 
11971 6900 
83404 56955 
97780 3109 
51941 74420 
3829 69658 
37212 66299 
17465 41935 
47920 28837 
83343 84510 
73888 60673 
13501 27113 
67077 56118 
92821 87590 
54198 78630 
99971 37233 
53005 55052 
87442 85037 
39470 66469 
15995 31774 
66260 49872 
18571 72199 
64271 66360 
76670 4279 
68474 36222 
28205 38043 
96889 88992 
90027 83418 
77268 27466 
70575 36424 
59870 58645 
68534 76109 
76735 1740 
1918 30837 
7895 43570 
88642 71827 
93269 75133 
4441 44313 
85245 9565 
76913 52234 
71494 51385 
35475 71077 
10133 59646 
26214 75286 
10058 23498 
17855 31630 
58161 47692 
70530 27943 
42069 27643 
12528 77882 
42172 78970 
71879 66636 
69927 74769 
39416 79979 
10753 35415 
97862 89617 
89326 10284 
37530 51469 
12674 88566 
93364 10349 
62184 77211 
80379 94444 
99505 88042 
74909 26061 
23272 83215 
87663 71298 
63700 38456 
1202 619 
30309 96873 
99281 34745 
34388 2653 
98358 5850 
92279 23595 
2665 72734 
78164 94156 
43342 90462 
35751 36584 
29457 49907 
77123 46730 
34135 70693 
93951 63213 
62540 52229 
81417 73930 
141 61842 
28366 52223 
19449 66450 
58594 56548 
31349 94809 
17633 72132 
3163 51015 
86983 20822 
29762 86800 
73492 16237 
36307 80088 
65399 95332 
11626 60322 
68557 14605 
19773 67311 
36426 59439 
13947 29614 
85674 78445 
81775 949 
45542 21181 
83835 98669 
23636 27248 
8358 47055 
83365 87511 
54186 39959 
19017 74091 
71373 2307 
83264 14756 
34202 48028 
68889 69484 
94934 3141 
71624 52211 
68285 87090 
64192 29172 
26370 22834 
93014 16733 
41813 76755 
68515 96252 
2704 13175 
57528 61244 
37308 85048 
2071 13029 
28642 72360 
82569 25024 
69517 22842 
15602 2977 
7123 45753 
26334 78694 
52926 58863 
64013 88203 
88424 91158 
35278 1764 
80209 99387 
14477 92814 
28839 65241 
52805 55651 
15147 1792 
48785 7557 
74955 12737 
61467 40058 
28510 16085 
44705 16151 
14534 65089 
55929 45587 
30439 73562 
46121 8665 
60013 80156 
68968 40502 
77831 66728 
56712 32378 
55652 79640 
97770 54510 
60243 89629 
16931 55464 
24332 65849 
2794 47464 
92838 32725 
49068 43929 
95020 24472 
76466 75876 
69880 51455 
80141 77173 
76925 44970 
3962 95129 
57299 52633 
77396 52574 
71353 15248 
63366 60275 
27843 67804 
56177 54479 
37281 72248 
37443 13319 
67325 7715 
44928 87997 
51661 15080 
34310 69872 
5486 17042 
17095 2987 
30470 12367 
39264 43065 
49997 73496 
24700 58622 
1533 60412 
45040 67620 
27096 469 
93340 3935 
45119 73850 
32746 11956 
57396 87350 
63388 74716 
43328 15416 
767 91240 
20364 36653 
87157 32177 
4299 96468 
63880 19251 
86006 82096 
16787 93749 
52237 4911 
69864 61965 
17241 46783 
42637 31428 
99285 42160 
5852 80749 
71524 35609 
66925 38029 
40253 75783 
91711 78043 
55186 81046 
22404 86779 
36219 39467 
82697 83437 
9049 86448 
70822 34594 
78023 36938 
28670 43019 
28803 36006 
40944 44475 
45659 31490 
62107 99895 
48669 65503 
90891 27375 
4592 27755 
12212 78768 
41874 13008 
4573 28959 
5013 77353 
67364 12467 
16434 93648 
56972 11622 
75037 65068 
33175 73309 
9778 67596 
8047 7179 
23877 57188 
58431 97204 
10721 95423 
10019 40597 
95994 18651 
26169 13369 
62299 99946 
37813 50169 
42251 30635 
32168 17563 
23991 78721 
77413 54531 
99073 65232 
98114 51722 
96831 36312 
31897 41885 
91649 98855 
91699 77882 
39938 30492 
29927 81850 
2166 71007 
50932 59295 
31968 51492 
46439 85311 
69109 20062 
34915 86611 
56019 78469 
70328 62663 
8642 52688 
48364 12032 
11485 82307 
78863 55839 
74074 28569 
12119 79316 
81391 68905 
3619 44517 
94438 67048 
76938 62531 
8715 82095 
97688 51895 
58187 7348 
2809 51444 
60222 10321 
38920 417 
33036 78997 
51075 46441 
81310 66225 
28985 92853 
37955 64110 
61609 50858 
70404 33282 
72994 19114 
8333 58162 
12335 73630 
26395 98621 
49468 14198 
20323 60894 
83330 80131 
47653 16176 
5409 17655 
65399 53992 
72802 54113 
86117 69304 
36231 9963 
91120 47181 
37181 58613 
84996 27015 
35344 26203 
49130 99372 
52614 8749 
53574 12950 
23119 72428 
16411 46511 
20113 94259 
57656 31253 
90035 95116 
80789 92755 
61629 14707 
29149 18467 
13748 79087 
6732 46630 
79313 15223 
23321 15614 
34861 74299 
22434 8809 
75236 35686 
77220 79576 
1160 76880 
94216 43141 
53827 11220 
47806 77940 
15070 14820 
79247 87584 
54301 86916 
33273 36425 
44118 13689 
72612 86675 
85333 34651 
6110 33055 
79144 42785 
89739 52184 
59260 84911 
11395 58201 
50046 67100 
50192 83580 
48053 11494 
8852 84641 
33812 55488 
53861 4969 
8350 31998 
62169 16772 
14609 20435 
65551 123 
47798 11966 
4113 13130 
80695 89818 
48994 52260 
29977 85604 
30947 1335 
67925 36041 
16296 20204 
40166 30937 
4656 29620 
84597 12941 
83835 7567 
59229 62313 
66524 24084 
77432 75855 
50628 6595 
17870 28130 
90542 45792 
23431 85239 
40174 23328 
28532 26689 
30198 66892 
57385 19227 
71808 15687 
17211 78064 
37137 9856 
69797 45520 
52556 1168 
2436 14861 
55222 19013 
34995 28007 
5525 15751 
93694 79783 
18507 58504 
54183 68489 
75842 30674 
6557 42873 
6642 55791 
23213 8910 
80144 58725 
16781 76334 
36210 34883 
59827 44490 
90654 6676 
644 49810 
91535 8392 
50153 23130 
69847 55507 
33784 34026 
23465 22584 
99202 31510 
96716 75059 
45800 25674 
69630 74549 
95149 93234 
50673 4763 
52900 31438 
74729 45642 
22150 29450 
44078 57074 
15833 74039 
14319 20324 
81466 57310 
19434 25261 
95392 8209 
50652 84557 
5660 26663 
52239 2184 
2753 59463 
74065 22882 
75636 20390 
25536 41710 
66899 23580 
8429 58328 
75277 68750 
67155 19402 
66413 89669 
84196 4286 
43451 53135 
65680 74118 
97896 74713 
7535 22501 
8159 99634 
6141 37168 
78280 82494 
79091 6302 
12579 87782 
91460 80667 
3294 24766 
40865 33237 
67774 24891 
40659 41725 
9359 67597 
54755 56225 
91837 61361 
79848 4106 
11173 90740 
41246 27392 
20231 47347 
67006 44019 
12248 72942 
31787 73714 
97093 56181 
16574 71651 
10667 41087 
13356 68614 
82264 24944 
14878 25111 
47337 46036 
68738 68653 
33817 87569 
42389 98407 
68980 53090 
41025 9456 
50843 870 
43841 10106 
3153 59940 
75857 80014 
86264 88890 
12228 44310 
67546 80003 
19925 19501 
64434 55954 
77680 20599 
60833 54044 
79233 5748 
63305 43823 
17255 74572 
7332 77957 
65661 29512 
45900 33329 
26642 55633 
52752 59608 
85322 73686 
50895 15903 
19806 73655 
33279 42633 
47240 41585 
77036 85356 
47577 51175 
65281 60065 
95866 3452 
21185 25335 
51216 62749 
27883 5704 
95938 55325 
54751 92818 
91957 68110 
35691 36095 
23209 9401 
48268 23064 
22545 70776 
23919 41034 
39557 60042 
78890 6379 
91796 58743 
93195 45460 
55991 94565 
80572 12121 
98181 8902 
86302 30654 
12070 42950 
21691 60306 
33455 61827 
94132 87609 
25246 85615 
19891 66226 
82351 98569 
13097 40491 
88659 63391 
28892 8460 
69342 76097 
1293 3044 
20881 58844 
57058 95664 
68507 3037 
5656 55874 
96144 43077 
2466 32549 
17495 62327 
57385 57456 
8551 7163 
14256 10417 
1614 12453 
57907 26798 
48800 22337 
15013 72653 
99065 23895 
2633 60621 
96923 98105 
43972 30572 
3322 32422 
14782 72959 
59566 32388 
5776 30003 
63685 15876 
86534 70071 
5326 72861 
34591 93991 
10028 26100 
49780 98548 
76646 33620 
8309 92039 
52728 32632 
23735 29518 
81804 36314 
72631 11241 
73836 59809 
11674 66819 
95497 69894 
59780 29727 
50458 23938 
44067 92057 
21544 88102 
11616 17798 
76400 2153 
90364 84415 
96213 88861 
41918 17139 
73071 89610 
86711 78122 
35707 44689 
97595 73511 
5662 26662 
51857 45463 
56296 78289 
3598 23302 
45629 2650 
88507 18219 
20644 2453 
1295 59336 
45476 67948 
92405 85438 
88815 68414 
15069 26318 
16878 10914 
16400 30415 
77501 91795 
6920 21329 
28130 81373 
61767 94784 
55963 50297 
3818 99735 
61967 67288 
94037 82599 
32221 72254 
7588 11915 
99751 56240 
5624 42309 
7998 60209 
22083 21201 
23046 38382 
72489 89506 
5931 18646 
57412 78410 
48604 32489 
77128 58343 
97578 80018 
95997 53370 
37763 41745 
95131 94509 
85720 48213 
30212 48819 
46285 70922 
67596 27658 
19486 3602 
6379 47081 
5648 61581 
6647 86171 
45811 38796 
34882 64895 
51798 26932 
6337 42158 
25744 19275 
51165 16800 
42390 93002 
56185 99570 
69122 88009 
37386 12462 
28525 77753 
79630 63335 
66122 58223 
39477 38329 
72001 64776 
44651 52384 
19215 63443 
39399 99011 
24091 53224 
18835 44485 
4029 58965 
67333 18777 
6874 90603 
66142 65745 
12640 93882 
63591 28550 
63115 20073 
7647 62699 
57807 97821 
25002 88803 
65731 98903 
93518 19856 
41668 51524 
95545 23733 
2849 69708 
58491 10607 
17405 35404 
85992 67119 
79461 91121 
58121 94375 
97410 75237 
32322 45241 
1716 59533 
8058 97901 
86447 29117 
27686 47261 
34844 78545 
73629 43565 
43338 84812 
87666 58443 
50733 57772 
81980 12615 
99692 61675 
33617 56625 
6179 47640 
54051 56211 
89181 36241 
3843 97307 
17823 41814 
78647 92171 
65885 35643 
27376 37769 
24785 3901 
75865 50297 
15227 68013 
20129 75591 
55022 69 
22161 54195 
85997 83978 
88175 1981 
36409 44219 
34295 52455 
97005 88416 
47936 95290 
18577 87348 
34442 37098 
96853 46600 
98035 5112 
96512 7761 
43729 12177 
80362 53867 
2575 2354 
51929 83744 
76457 416 
90157 62972 
70626 95673 
53451 55369 
32279 790 
56931 88243 
41664 39666 
81589 7046 
8604 34924 
56904 30697 
11745 85203 
69555 27476 
80479 45205 
89988 93243 
60173 47296 
75912 28652 
20231 32510 
7181 80129 
61428 90896 
30085 30528 
54124 46418 
40699 99754 
92116 60005 
16748 43015 
78297 65819 
15362 15003 
67714 496 
90090 1935 
81254 32793 
44758 10237 
68873 52030 
33996 40585 
45170 27660 
40690 69078 
42039 9462 
9146 3528 
23272 98094 
89422 82132 
84166 79127 
53043 34284 
15572 80176 
73255 28795 
46278 80392 
23999 93534 
90208 74298 
40924 2271 
15661 67877 
5089 89489 
22660 63787 
55357 71955 
61424 74716 
9083 27070 
50118 89161 
72289 2312 
53225 2267 
50376 7527 
63246 15889 
28264 72404 
87906 6654 
74940 35148 
82631 58558 
41531 65189 
83811 57526 
64294 12694 
92165 49330 
54354 20747 
27554 69439 
54528 32199 
26634 63585 
70248 72572 
82995 31234 
36383 92783 
35777 40640 
64658 11062 
97200 83811 
27413 2109 
72088 62428 
72603 43353 
63143 21693 
32230 43131 
74609 78036 
81786 43644 
23917 18764 
31864 12774 
46003 86993 
84700 13136 
28225 3568 
68246 64180 
45146 19187 
68242 93752 
71906 34575 
14825 9171 
42537 74313 
44342 4748 
85271 50785 
49345 62556 
10752 8744 
50138 96383 
51016 98083 
69789 34941 
47245 82704 
71192 39768 
62462 56705 
19509 5660 
51737 5643 
66291 97053 
56911 20246 
12557 32490 
5466 42704 
97313 41070 
83864 1556 
75238 79775 
24567 70167 
92713 18598 
92874 65957 
44886 71606 
84848 92766 
98107 76374 
50806 17134 
91900 1695 
40211 60771 
92497 93991 
23252 86125 
56032 56591 
82018 49717 
73639 92830 
79893 98769 
12967 33862 
11627 90681 
41078 15168 
8542 22028 
12183 61908 
23393 63991 
30355 92595 
47664 14556 
52141 53019 
20392 94257 
76908 47883 
72116 31922 
83779 46344 
10123 9620 
13189 99450 
91888 61855 
58372 22387 
52473 53110 
27499 62562 
48595 89928 
60727 95691 
57188 58992 
38064 66408 
19504 21050 
93768 17344 
53138 32005 
60872 31187 
63847 7170 
5501 43937 
76623 92377 
74775 74360 
71195 56577 
74390 54634 
51003 74509 
12387 40188 
96645 25190 
94143 22978 
54894 92215 
30274 71721 
92610 15224 
23946 75082 
1226 8418 
36973 69351 
71948 31628 
95140 90844 
74404 72176 
82337 5097 
62223 71684 
90369 29827 
97842 10948 
36738 86743 
35838 48158 
36207 88441 
29152 90977 
13626 90972 
25832 71385 
75287 20074 
5230 83684 
13978 9655 
62085 40700 
8946 74805 
84522 970 
96139 78402 
87703 20577 
26388 40352 
58730 87303 
99574 81556 
40361 1894 
61408 90877 
31217 81497 
76054 52730 
8347 73692 
42666 75305 
84396 86059 
6777 15065 
96091 55838 
28539 1791 
83336 7006 
8958 30317 
58943 67965 
42569 99978 
87891 52034 
60387 50939 
91946 35094 
50517 67678 
70584 99937 
95476 94285 
82403 55320 
45033 33634 
62524 79156 
51321 83077 
60973 79956 
28981 92983 
74633 18367 
67277 21282 
11075 81526 
13400 97080 
66422 56977 
66574 99535 
21372 9993 
71151 4305 
59615 28432 
73486 49252 
91084 62617 
12237 23510 
18850 54227 
44568 89566 
22910 17840 
71837 6741 
46759 11502 
17475 36235 
63318 8571 
27043 72864 
65664 62123 
5888 66664 
74972 35278 
83341 68759 
83171 56129 
94048 60168 
51054 44268 
96838 99700 
63916 47450 
9421 57634 
6261 21556 
23247 85576 
54748 84762 
77019 9710 
4224 77699 
9657 24587 
35585 65406 
83871 7670 
6133 23998 
70100 71057 
93240 65220 
7180 16085 
50319 65452 
10922 59007 
40459 82212 
84673 51455 
97570 60861 
96985 28126 
27448 56938 
30656 75931 
1937 25458 
74712 33780 
18156 57490 
26298 271 
91802 76472 
92985 47701 
28566 41977 
37655 15174 
70973 47004 
87921 80997 
49282 36399 
39945 95127 
74564 18615 
22535 86128 
99656 90793 
51604 43912 
39444 48009 
97306 19474 
85734 1550 
6622 75905 
73992 88202 
72667 71153 
59277 12787 
18683 52318 
36959 29573 
69428 93719 
139 34674 
15627 16516 
60165 11189 
38147 86387 
69241 41599 
47741 97556 
74830 77782 
13480 16417 
4437 38061 
98408 76079 
26282 82780 
94497 84307 
56516 5189 
50610 31712 
86820 62785 
17011 64428 
87607 65767 
87823 16106 
1487 33876 
8912 77753 
79273 30669 
32802 20749 
26534 85137 
44535 78302 
22526 14581 
52783 33714 
45324 69803 
39070 59961 
87066 33909 
84606 4461 
71452 19402 
49034 15309 
91974 24761 
58291 60843 
73843 31301 
69824 3091 
25157 43899 
22566 47461 
83598 5027 
46351 5985 
83781 40536 
871 79496 
67343 27777 
37794 85290 
32983 11892 
31356 31173 
76858 34481 
2471 64196 
5110 80373 
69383 2988 
9750 92830 
93846 96255 
86758 55295 
56046 36843 
40927 88655 
83699 712 
65882 67007 
81236 73221 
9646 12033 
53457 71321 
36223 86340 
94752 69564 
71905 69535 
19721 90301 
81347 67243 
43986 23962 
52930 72985 
84980 4060 
85531 75513 
41685 73322 
59536 80133 
29560 42338 
43787 91514 
92325 60146 
37123 87631 
85791 87400 
68272 99749 
30585 87051 
81074 1693 
60425 24929 
13364 3215 
50466 3191 
37315 36846 
96330 33254 
66648 25395 
28547 91704 
51809 18149 
89443 92552 
78110 87798 
69910 52331 
53750 87278 
2037 20671 
24773 75938 
30237 98349 
82216 37862 
38287 67209 
33058 31628 
92609 11959 
91053 30468 
73169 22494 
6130 34499 
2503 27266 
91754 62617 
50696 23100 
28504 60614 
89524 34992 
19096 94229 
92517 60545 
45156 31090 
29370 28072 
29305 53884 
82882 24809 
37428 88597 
24560 32251 
65508 76289 
21007 39314 
42975 64640 
7429 90855 
50250 46347 
56829 69005 
92034 25508 
93908 97848 
89823 50206 
51196 8173 
57268 9784 
41618 98328 
192 58698 
26481 79662 
39452 95296 
90766 603 
89269 93540 
98656 2100 
36285 58421 
91392 68990 
55309 51698 
6826 6791 
66561 13608 
45453 91465 
86195 88302 
81250 10920 
46998 46032 
17282 41317 
69361 83501 
15861 78690 
43967 75251 
90918 76951 
47147 43654 
36297 27063 
47396 12771 
77846 48955 
77324 12243 
79461 57708 
39116 1405 
3635 8606 
83575 90893 
25631 21835 
52913 49313 
27015 36932 
5679 95904 
49124 49525 
48547 96616 
69891 38474 
84186 679 
78545 210 
47009 77478 
61821 68896 
39326 39426 
82619 15950 
99285 65540 
27463 90582 
28936 72549 
22635 84129 
85880 15608 
70521 75351 
95154 39100 
37515 41231 
69381 39466 
32687 98446 
34663 46684 
52520 74321 
47316 78725 
31114 92923 
52237 74222 
27608 1882 
77582 62591 
2917 58591 
82361 87944 
86468 40641 
73697 63437 
10240 44637 
88685 96014 
92234 90028 
92153 88076 
84375 50083 
76092 92174 
60905 90915 
59129 67625 
12481 11206 
75124 63802 
28476 40260 
8831 33853 
95390 70077 
83546 64766 
12812 68314 
30724 94890 
30041 43340 
74820 78472 
36258 10014 
47923 48210 
95032 35388 
8230 21496 
21 27227 
74013 93759 
42829 65070 
451 63185 
26330 63456 
20546 35129 
27130 67 
43308 61624 
9392 37668 
52509 81668 
18917 18086 
77506 41357 
41151 8889 
14003 89405 
89687 39001 
57078 63253 
2889 68181 
71407 3704 
65407 97094 
64337 61906 
38650 39676 
46306 91513 
79681 47525 
60086 50964 
51541 97274 
35420 76113 
79671 26183 
78846 21769 
88888 28674 
39835 12256 
63260 7048 
3887 85710 
7297 3360 
50763 64576 
50997 26213 
81808 35673 
33606 26189 
64137 77171 
21325 66699 
61443 26975 
62768 83221 
21271 47247 
62612 23214 
66849 3186 
58664 11439 
97873 40701 
20504 90984 
39161 17207 
48866 48981 
88665 12560 
44106 47808 
7048 23024 
29373 47544 
59891 20134 
59520 23465 
70574 38502 
20325 53596 
66952 41803 
24243 75636 
8191 4625 
38715 90021 
59460 39307 
40946 16446 
41662 91568 
79119 94865 
20966 26449 
34158 58810 
18658 26992 
18452 98798 
15624 32077 
18349 76681 
97809 46950 
85770 47950 
39058 70265 
10954 98376 
45960 94800 
63133 3749 
95709 55555 
68831 77096 
82412 18514 
8544 76414 
49912 26175 
51682 7794 
29906 41766 
16981 73734 
22972 63107 
40953 84527 
57115 9204 
60538 71776 
33517 17899 
67715 17432 
22417 31286 
73682 39166 
3379 87122 
28059 53472 
53699 79066 
74661 71580 
76271 96348 
89510 70079 
23981 4343 
39054 18085 
21536 81545 
16978 35859 
7601 85531 
66502 5978 
20223 80791 
71763 57469 
26746 24672 
6616 95752 
55755 74172 
62130 56833 
23080 45965 
35091 22837 
56465 34787 
48959 47824 
14251 71198 
96038 7758 
62258 78717 
35012 6554 
20022 72492 
51546 41347 
12658 26880 
91299 54414 
67809 27731 
4493 76647 
78528 16638 
99083 98011 
12385 29073 
85620 84158 
84698 26061 
11033 95127 
29513 19938 
20888 52056 
95796 98734 
60032 40857 
68283 60855 
20126 38028 
62527 81995 
69174 93059 
71901 49570 
52994 4371 
50672 16504 
41442 81253 
1718 45789 
3266 92983 
81 40018 
32606 68120 
24247 75964 
17463 21899 
85911 93277 
35841 57731 
45942 18504 
88838 10000 
79383 40890 
31584 69653 
5503 94799 
42737 61551 
30326 45098 
81149 23073 
58468 16457 
14345 67196 
18767 55324 
67618 71 
13872 64132 
34845 3050 
47838 1387 
12510 82202 
7716 98345 
66985 34543 
75258 3275 
21759 79505 
23034 27685 
56095 56641 
5668 35367 
39514 96096 
91306 84778 
87539 27092 
91075 7997 
13264 1477 
34998 85411 
66652 74334 
11669 54246 
98820 1708 
35983 71223 
62144 86713 
34291 34860 
58659 29577 
39608 61315 
79012 14644 
70800 99174 
32152 97910 
29191 63215 
51961 42355 
83621 64942 
81188 85165 
30681 18547 
75358 10863 
10734 4962 
39705 47447 
32284 83826 
10730 98816 
7359 53380 
20658 76084 
28788 71756 
37819 92837 
26620 69571 
58925 44911 
25376 3410 
40220 4030 
86448 22487 
93670 16390 
60677 46716 
41607 12260 
94973 83358 
18691 724 
33833 41601 
33565 44875 
31701 39638 
54243 87093 
45336 37212 
61052 21491 
6709 68094 
18882 91149 
86409 91590 
56492 21491 
45151 29917 
4824 87927 
36695 9193 
38529 55876 
69322 75751 
85338 24300 
55016 16658 
16443 50111 
75552 73535 
7699 30117 
72971 2191 
66266 69596 
28202 97043 
50206 72180 
26139 68978 
69582 44419 
18012 38010 
46782 20177 
82651 78006 
31057 75019 
57088 29744 
7682 18735 
53894 80684 
15697 25409 
7771 95110 
89805 84716 
97120 66658 
71852 35582 
67671 56767 
95146 73911 
44719 77203 
30990 9772 
58122 72570 
892 86260 
19924 59599 
246 62174 
88329 84007 
49677 3743 
23713 62854 
88763 26793 
92467 90569 
53524 80092 
2676 199 
33855 63044 
62005 87952 
89970 26447 
32610 28712 
17984 13760 
20516 32968 
93903 62110 
77606 21490 
92585 97224 
13232 23061 
73635 24534 
9400 32738 
49752 39898 
8629 3326 
4694 57690 
96747 81180 
7789 81461 
34286 38904 
79894 22940 
99584 2176 
1656 8813 
94296 15669 
19164 1579 
27760 43933 
94318 675 
40494 57069 
67666 83165 
49074 8212 
50012 89446 
94758 70035 
35717 58791 
56411 60909 
35455 71922 
44669 57835 
59035 63436 
28731 62904 
39999 25558 
59768 62774 
82809 36530 
45672 96577 
30754 11880 
698 26614 
98124 94883 
40545 88370 
83692 73713 
18493 81626 
84257 37115 
1474 52791 
56754 57847 
66261 10148 
35344 23724 
55457 8252 
95967 19790 
70560 35551 
74949 1936 
95102 40129 
90592 92256 
34696 32488 
87045 69478 
32819 11434 
18316 24005 
71238 69339 
16925 96414 
92219 46497 
46506 20708 
86001 20722 
20551 49182 
71495 38034 
80541 44447 
60762 12973 
65868 85980 
38545 53008 
75229 53513 
