97054 85588 
17334 4081 
83494 89843 
910 78877 
93951 71154 
42538 38295 
63033 80531 
94257 4269 
49604 48076 
64648 75069 
72092 24562 
64587 15198 
4811 69771 
31506 81557 
12113 20335 
55482 29614 
22230 55118 
32147 67665 
45924 64525 
97157 4689 
26394 21650 
54919 67874 
66365 47799 
273 49582 
15890 62652 
45994 80348 
20098 10265 
11284 14424 
19994 56044 
96797 57470 
71370 57022 
70321 62179 
96997 17960 
13856 66928 
15479 59228 
37644 55005 
96508 38888 
49605 67516 
76726 91046 
79665 11771 
32996 65286 
97635 68773 
50612 77893 
30565 18357 
42827 14549 
80931 68610 
75037 56352 
70523 97388 
22077 36220 
86591 88058 
40286 71159 
86559 69038 
67372 57346 
25555 47285 
72547 59640 
7025 59544 
67032 74849 
20857 52023 
50738 99001 
25745 39071 
14773 82830 
52908 84529 
41412 16857 
56829 95573 
43250 47669 
15342 18251 
61493 90387 
86168 76282 
99683 68832 
59921 312 
3618 84507 
10635 53477 
10855 88268 
34029 70962 
83853 4462 
81001 96161 
9733 36279 
39266 14145 
96533 63210 
89582 54296 
20981 26772 
64657 58315 
86018 89002 
68640 87234 
27635 39768 
72988 71639 
70100 23543 
90540 92986 
66196 54059 
43798 20737 
74855 86126 
85693 19958 
22418 17917 
1524 87089 
65680 4132 
19292 67819 
25051 70731 
82327 60260 
84304 35279 
92857 9118 
59804 53471 
18117 52071 
26522 32021 
61608 88297 
50790 70864 
41277 875 
20423 23480 
83682 79756 
81732 93181 
38620 60053 
89883 15302 
42204 11580 
54182 10513 
8085 89902 
13077 32834 
6234 86603 
5019 77443 
96686 97023 
10787 58006 
21601 57427 
30505 10987 
23235 90378 
24266 35310 
47641 37035 
89153 29709 
14355 48135 
67421 47269 
80863 51661 
80669 46890 
7288 14457 
63093 84786 
31534 67534 
23246 55655 
98029 70365 
98178 62759 
44237 48145 
76472 68927 
38295 47826 
57377 56359 
78377 23681 
82106 2124 
9835 81190 
20331 58363 
89679 79267 
20008 11473 
29616 15140 
31898 82919 
78685 93647 
1466 25829 
64383 13273 
80358 66152 
97263 84954 
47209 34912 
58117 36469 
43291 38989 
29142 45211 
22346 21822 
911 85176 
85905 72600 
85497 70192 
25526 52743 
92762 24762 
21578 21837 
81596 16293 
54554 61728 
80823 38074 
69379 17076 
85514 41061 
95756 93440 
73597 74329 
68335 79841 
54955 8996 
9336 91752 
60618 88501 
33201 62598 
3163 69295 
8007 47094 
91121 90330 
61514 38130 
59972 37167 
51155 40438 
90208 47095 
26681 88853 
18985 35347 
1801 46807 
16052 9295 
16884 71491 
86915 77479 
18625 86206 
86624 53374 
4545 57485 
76087 99975 
80324 34861 
29481 60641 
56137 74532 
6134 74020 
64568 34652 
33120 76512 
17099 99644 
5894 54343 
28809 63646 
3417 19221 
31614 79118 
31517 46404 
65229 55604 
53662 32147 
82032 75807 
41811 98638 
27067 81360 
81720 98881 
57682 69077 
96833 51393 
48619 29960 
12807 65193 
87864 57859 
70751 99201 
6152 52464 
11431 37027 
98754 42158 
94971 48036 
92008 56276 
90978 48669 
79030 83442 
72577 74175 
99171 62919 
74489 20224 
63940 69268 
30066 16329 
38547 67130 
85123 48551 
72610 32569 
97421 57667 
36234 60171 
69834 791 
58346 966 
32517 79381 
83045 5248 
84770 4629 
56691 76507 
30893 92430 
33545 77917 
95911 54429 
41012 71228 
86893 79104 
76875 9393 
73470 77389 
20378 48917 
97193 1054 
26628 95623 
83555 28851 
39491 48475 
22738 55413 
2027 60029 
5629 10906 
65444 89270 
50098 85677 
97702 82818 
29269 33437 
71066 83866 
18255 78946 
64297 34733 
8738 61749 
49617 8523 
1849 6212 
47194 78149 
78901 19901 
20610 6858 
66885 87295 
55621 23395 
60983 43913 
11509 27059 
39928 87089 
59388 53203 
11697 3970 
25086 18035 
56786 74757 
35548 53164 
94251 39756 
27189 34900 
81722 2507 
12219 11093 
74755 78087 
14691 29190 
13185 85599 
81854 73174 
72533 26953 
48393 24175 
17084 90214 
81209 69810 
17871 65125 
60632 692 
53635 60837 
60292 49025 
95703 71471 
72374 43863 
88773 43788 
87538 80345 
78763 63110 
79550 26101 
6159 88534 
63493 17033 
78702 36556 
93399 26796 
60799 33445 
40262 29567 
68704 30977 
44587 14060 
40280 7608 
68995 48255 
56102 57734 
85874 38934 
24649 5359 
22666 77879 
8526 65319 
53081 17445 
60945 15163 
66423 72260 
62070 33834 
69128 895 
93403 9493 
72762 81626 
65032 18173 
917 59786 
15342 27332 
3804 10686 
35711 84016 
3816 31760 
33752 5956 
7926 50285 
37789 5807 
13508 8952 
62604 43632 
3025 70549 
1817 20827 
69983 65142 
85889 99863 
43673 88400 
46312 58530 
83422 48101 
56404 64840 
94430 47325 
76990 89262 
76755 87517 
21307 54719 
56579 72306 
67640 61515 
64645 93895 
90445 14384 
20558 87792 
51168 21850 
53674 48822 
88480 34320 
41336 11598 
74307 36636 
73489 11983 
56830 13248 
59023 62640 
94535 59743 
73679 95323 
96429 23160 
11953 45376 
22693 15325 
46142 79747 
67337 58391 
14533 98853 
39828 89839 
57719 74741 
86196 75368 
97097 23257 
41780 52442 
2849 46314 
87573 54686 
30051 21843 
90024 47900 
11014 63648 
40186 42142 
79570 21147 
72283 31159 
68746 39839 
34027 50371 
67097 57364 
1430 37703 
40952 67134 
79420 27720 
29936 41783 
6187 8863 
1327 72043 
84002 26016 
5184 43178 
92153 16194 
6627 40724 
98665 23847 
84276 50034 
76659 54075 
74552 90025 
48455 87010 
10408 502 
25971 94667 
50023 84580 
89464 72771 
16098 92980 
48366 24377 
69600 25341 
57711 9557 
23164 15205 
21583 5953 
58829 59953 
1045 8749 
52372 54743 
58172 35368 
22256 90339 
10074 90191 
15016 78780 
37258 87625 
10904 77910 
89136 28070 
83720 96091 
56230 70621 
76947 71770 
33336 48806 
64694 39083 
80874 31220 
50379 10321 
2656 37590 
18738 28809 
97468 82665 
97411 71656 
9161 35207 
3242 10829 
95345 47479 
45394 73117 
58307 31793 
32460 74828 
33457 34985 
84007 45433 
10375 89163 
78307 95861 
69437 97599 
77489 31806 
53049 48351 
58966 60130 
54681 35024 
47677 87350 
1137 3993 
87557 63183 
23978 40498 
12620 79265 
64474 52217 
78127 93410 
33184 8218 
90529 13142 
50003 43652 
31253 38756 
23463 46105 
3829 35787 
89062 98221 
46490 79506 
15621 63031 
43081 89959 
5884 63343 
33957 55065 
63035 24656 
75543 21402 
68332 22190 
22309 17598 
16693 97018 
8128 63574 
86887 83642 
85374 10443 
80875 22010 
39527 50457 
52886 10577 
34709 34168 
62970 93896 
61265 32841 
32057 68135 
50348 88173 
45966 30984 
92461 98468 
54336 98608 
47001 729 
37110 61633 
58039 21433 
66001 54575 
97983 85339 
71263 68693 
45176 91231 
35131 46948 
64123 86317 
72467 61554 
97745 96836 
26406 89552 
99921 1463 
2237 69919 
33514 66206 
86268 46881 
34236 94751 
48089 78459 
93869 86610 
4448 16682 
47744 36888 
30828 46483 
60839 56157 
42894 3997 
94454 36659 
34106 81761 
1161 41924 
48090 68306 
39533 50938 
84771 62646 
22185 45071 
87805 50411 
10713 86262 
37510 27637 
49355 98342 
78272 10710 
85551 29844 
42324 76512 
60047 46326 
92824 35485 
61785 72938 
98324 52192 
33531 83888 
67991 92860 
83083 14428 
22385 97454 
1809 53142 
48084 45066 
17426 57539 
86164 5649 
11113 24371 
34274 48645 
10404 37561 
99996 9558 
28812 11282 
29189 99248 
60678 43476 
47191 77538 
55508 95974 
93035 2651 
89894 21379 
97240 11076 
27071 64031 
52271 78644 
4292 72578 
51450 62918 
16394 75110 
26832 29432 
70292 84273 
99526 19898 
69622 19432 
66941 29172 
51312 55702 
90606 19603 
36632 35548 
15505 16313 
78091 7637 
47273 95040 
80516 89793 
37123 95358 
49781 88126 
76063 66407 
75839 42796 
79714 79698 
88071 12383 
52971 24148 
30450 53457 
59785 32159 
91606 99691 
87483 72405 
90584 95760 
87358 84899 
62978 95231 
93646 27016 
14046 88837 
71558 45297 
5544 89720 
21687 87211 
21233 65655 
72895 19478 
12339 74747 
28705 25120 
58757 30721 
93244 10107 
94350 96698 
91948 62268 
35438 82200 
19542 70104 
20420 97163 
93182 27167 
15430 98836 
62219 18906 
66044 52717 
27684 13160 
78256 17060 
54376 52932 
93321 51956 
16363 80662 
80496 48683 
2724 6876 
9336 72693 
24526 72927 
78919 14564 
6314 47486 
75220 47190 
15811 39489 
99807 94636 
84044 6457 
63181 28335 
94790 86414 
64239 19690 
76996 84073 
83744 94628 
16777 97508 
4114 55304 
16584 80265 
30481 56897 
68333 95619 
28655 53308 
74552 34693 
14497 54608 
47006 38167 
26184 71167 
35828 82519 
85925 54681 
93802 66064 
10919 84694 
60254 57487 
64715 90686 
56924 50129 
49558 44462 
24198 98984 
27965 5316 
90270 4183 
27428 51311 
58075 44681 
26068 84040 
15229 58918 
38949 51354 
20792 15434 
24942 92795 
99271 15723 
12190 75849 
77120 24057 
96603 57647 
29862 24576 
2280 76356 
69024 64625 
5349 49279 
87213 55160 
13434 30537 
96960 63938 
61824 60219 
44372 55338 
34367 19025 
52148 1789 
42226 87676 
48194 16131 
96860 98719 
65853 31683 
94917 59907 
59675 87328 
92237 22920 
66672 58637 
81713 68969 
57201 12886 
5530 83692 
61855 55708 
26111 97774 
31196 80254 
52089 76825 
83668 25887 
65725 54325 
23704 2749 
26401 14816 
66821 41009 
31184 51026 
91412 79143 
97897 38236 
47967 14297 
98781 91959 
95635 99596 
13494 884 
3299 88213 
89107 56016 
47774 92067 
91653 29120 
65248 44222 
8968 88774 
63764 28355 
17709 80761 
84312 66139 
58828 41011 
6030 33904 
75246 53935 
27017 13682 
53049 16752 
16462 70514 
73276 21287 
26035 87875 
25201 18723 
68931 86102 
53990 89914 
23474 94948 
15702 4126 
94855 50647 
90851 12444 
73354 40369 
64050 88606 
60333 22466 
11785 99618 
94278 9643 
52916 61308 
98369 13958 
7249 9796 
88328 17539 
76375 98922 
24687 50956 
7925 15755 
67191 32357 
29512 91587 
90669 44835 
41822 74183 
51530 6900 
41704 18569 
51919 21504 
5541 48259 
34624 72779 
814 36587 
55978 76430 
9471 58692 
26284 79697 
40578 68678 
77700 49844 
81686 63644 
18066 86346 
88455 6502 
55802 41242 
40303 92886 
35794 34567 
96182 63968 
9113 7359 
69066 86615 
70409 63406 
331 45080 
36031 12723 
55930 14300 
3161 44707 
85111 13879 
25702 26947 
79402 73950 
66158 46894 
44687 79390 
34442 87900 
52406 97208 
4290 58561 
67285 33457 
5916 74891 
58443 10643 
29538 28532 
88348 4343 
38586 61010 
39804 28647 
83691 4021 
84998 14017 
28945 38762 
22610 78317 
50483 73533 
9092 51982 
44065 38150 
88436 81715 
83165 46148 
81109 3564 
1943 81321 
27289 45901 
38528 23831 
92161 95537 
63206 42946 
31712 36126 
33390 48402 
86373 46980 
62643 10447 
16760 32573 
64578 29819 
20912 38250 
34120 63235 
75640 96041 
58388 87395 
25918 35979 
7364 15080 
5762 92965 
40578 60611 
11614 36958 
80153 88765 
64968 55154 
42883 71152 
94854 18829 
94409 17170 
42715 74643 
87070 42809 
42376 10449 
69727 89905 
55964 59051 
12563 10893 
53028 19835 
72847 89658 
4560 97837 
38637 77793 
26227 82576 
26576 87378 
45838 14833 
77212 96329 
88922 18591 
86698 90455 
73259 7457 
37245 87528 
78327 10146 
40365 63007 
8805 97999 
86751 24476 
2683 38997 
4497 62451 
43927 47354 
63466 38879 
27324 45566 
27707 61471 
88789 6608 
50157 31976 
58303 98039 
24254 49531 
14600 6863 
55606 96447 
20851 84260 
93563 33087 
98766 12689 
67281 80947 
54933 64342 
3802 78610 
7658 89599 
66707 53923 
75162 46849 
43045 67599 
76747 60931 
23551 48338 
67343 76478 
66542 57682 
72871 54532 
9449 93952 
18910 46096 
93593 68986 
48407 64634 
97570 68802 
5517 71050 
32568 39886 
22102 79312 
38947 26512 
81062 88622 
37557 21288 
46348 48919 
31598 81088 
43392 70533 
25195 3589 
45638 95875 
23424 55818 
72964 61378 
5161 95441 
36004 91218 
14936 27946 
66737 80886 
2867 98479 
60168 48300 
52790 25730 
14535 52894 
77862 47133 
98193 9013 
30186 59548 
90175 48929 
66458 7681 
38401 22946 
35102 93683 
54608 59285 
2097 55676 
18300 44855 
12417 90423 
93341 29484 
91972 75885 
70323 843 
30918 83133 
35412 25024 
53424 53891 
32105 98639 
71208 59913 
26181 12283 
38621 53486 
6097 82357 
75542 64516 
51193 68488 
1048 99007 
78257 57150 
25590 46136 
33398 58637 
82304 6746 
30602 34113 
39158 14725 
50974 42255 
22745 34582 
7378 70870 
1875 83473 
48032 97881 
24469 43971 
19611 8189 
74857 5097 
35461 78183 
20170 93434 
97814 28057 
44379 33567 
4182 33575 
26372 7695 
27611 83576 
4551 67927 
98080 67245 
84558 91588 
28031 76084 
89032 59836 
18870 9473 
18719 82895 
57268 79897 
92782 91483 
60169 24129 
62818 63243 
55639 40044 
49880 55504 
93045 85258 
36709 71205 
60526 93404 
58416 93551 
50295 86610 
74013 86748 
53068 88625 
68478 75148 
81730 72046 
30460 81158 
21349 5224 
74237 23483 
77723 99680 
26236 51600 
49880 97246 
76173 19760 
83301 77653 
823 84436 
70105 11888 
4419 42772 
50021 34451 
83871 16454 
31724 58463 
19278 25321 
97922 11622 
10599 88142 
79587 28111 
29899 34133 
84804 91819 
35252 8150 
45925 89633 
97139 4899 
5102 27 
21130 73082 
92683 11846 
11636 89103 
65623 40895 
10700 11754 
63725 87853 
63085 94252 
10410 60033 
4299 48066 
31674 61605 
41761 24163 
91994 42199 
967 1617 
49152 82161 
38278 50956 
11317 84228 
79901 70221 
39184 36034 
32621 75365 
73562 5627 
26058 63446 
84539 32999 
88449 57043 
32189 84712 
28422 81328 
764 45772 
93705 21478 
18413 33174 
4447 57397 
2681 28944 
13524 75160 
78412 46968 
29198 10161 
99119 67555 
46474 85658 
65520 96428 
72690 72176 
75630 30708 
141 8232 
59666 43476 
73968 90857 
49977 30605 
27066 65621 
11338 98833 
5415 20161 
10134 12401 
87060 12658 
32330 57114 
5820 47288 
69593 25269 
26905 42340 
80530 72707 
85719 23537 
99713 50057 
93462 15007 
11037 64310 
33522 93458 
23903 83936 
21195 17254 
90841 61038 
75941 41447 
83383 7428 
60138 82238 
99365 27969 
71245 99912 
9308 84206 
35303 27995 
62107 34037 
38837 88163 
61007 69047 
53567 95433 
89668 50156 
53687 76160 
15107 24343 
99033 92626 
19412 90460 
59135 92263 
15306 70550 
82892 77048 
82048 34557 
76567 19119 
17567 20973 
38798 32403 
40375 93693 
15493 46833 
90489 76268 
79775 21675 
72471 8694 
12532 77565 
55632 79064 
57670 23045 
96589 92609 
52835 681 
77543 54084 
91156 80323 
60020 55912 
52439 82612 
38277 84164 
53332 24521 
39194 77182 
5089 40563 
56149 97555 
34890 48218 
23287 7130 
22033 94194 
33501 66904 
23914 39356 
78589 18875 
18305 14435 
43247 45300 
68283 6107 
15913 42358 
24018 13567 
88956 89773 
11723 49448 
8293 45784 
24172 45706 
98241 47652 
19514 65092 
31260 51979 
55511 11834 
34225 6149 
34860 81407 
22936 2559 
13920 88521 
34839 30580 
31954 64971 
86230 7797 
50900 24473 
14732 41604 
56733 50401 
80398 45081 
62619 74050 
89541 6871 
71365 76094 
74221 93851 
75 61890 
7302 47471 
43454 32526 
58087 19910 
53861 97794 
96762 84580 
46002 54741 
37224 46995 
92067 85984 
67351 76677 
59133 15686 
53357 78498 
54836 97913 
20598 22749 
89594 2010 
7062 57239 
34065 2728 
57727 31842 
49058 78993 
78066 76162 
91802 74561 
93234 84385 
57226 76221 
65772 77865 
95827 20765 
9180 35643 
60768 50675 
97274 5835 
75942 245 
9988 36712 
84101 8839 
75119 95299 
29490 26024 
62489 73443 
53018 94511 
62088 16565 
29610 71188 
31003 48677 
57204 73911 
25262 8753 
14754 22341 
42210 58189 
42628 74771 
86636 66801 
62970 49722 
39571 35734 
49849 61015 
52549 69637 
79473 88111 
12081 67573 
39233 49680 
19192 62422 
51027 47686 
7103 1887 
69116 1732 
76464 30725 
45629 98943 
62058 3456 
17911 43389 
57439 29552 
61047 845 
14739 28998 
66184 99627 
5707 55099 
50692 66332 
76999 23563 
79715 46471 
57867 72126 
80366 84320 
81601 63363 
59553 13749 
63416 34849 
94383 42356 
36978 95440 
50088 94923 
89322 64227 
94594 19039 
49677 49553 
21151 45647 
81531 69547 
60817 40378 
99250 22680 
65164 77694 
80683 27191 
66204 19199 
75359 61523 
75340 79896 
14297 54480 
66040 21768 
11855 93409 
95973 22720 
12692 41476 
63515 30748 
77611 80979 
60807 28148 
20912 28652 
80958 98643 
8854 1044 
60525 11477 
3917 43293 
90068 10876 
92783 73020 
5348 26692 
67309 32550 
79654 2618 
37218 87310 
73788 72054 
40856 56006 
64387 98533 
86065 9041 
63541 37531 
97082 25676 
63100 69572 
65347 57532 
85561 733 
2186 6300 
133 25947 
69578 86901 
67312 2972 
21555 13847 
8253 90439 
23238 18181 
56230 62096 
27147 75107 
36652 21173 
77114 98356 
39389 3741 
78987 36257 
92550 78002 
24286 86693 
20419 17636 
78071 33308 
69908 51646 
45503 93764 
19649 70602 
12919 62306 
43782 99712 
18733 23556 
88534 32891 
47053 12191 
33810 58758 
52638 94048 
54351 99498 
19667 48196 
65374 26518 
28753 36655 
36192 13092 
56753 58680 
81930 33445 
62124 99926 
98269 20206 
14944 3289 
87040 47711 
15176 7885 
31544 17325 
5350 25328 
19609 82791 
24577 48410 
79705 68512 
69637 16238 
90842 1792 
25859 92036 
50490 1213 
5632 45076 
36455 37650 
85565 66572 
78399 11890 
64710 90873 
62627 73347 
75692 37934 
29779 38104 
68225 40778 
89234 51282 
50183 72566 
66327 78711 
15262 41863 
18866 5940 
8247 81855 
8005 68789 
78966 19491 
85148 39001 
54270 73926 
61393 40959 
13714 135 
58879 81023 
89068 63201 
4494 29721 
20411 1530 
15505 8847 
92274 13126 
44006 462 
42142 78066 
92446 12862 
80598 12442 
86076 9761 
87492 34291 
89779 33266 
51747 10404 
86552 28645 
3751 44435 
92815 9475 
48753 61325 
71753 85431 
47309 40834 
20062 11807 
4490 53852 
45759 9792 
23485 59145 
25104 49592 
51132 25347 
25256 84692 
93061 53244 
5907 74841 
4330 86776 
67941 37828 
67786 17705 
77 25624 
56865 8495 
85492 29225 
42123 80738 
69560 78285 
41545 42315 
57149 16613 
33487 55485 
3333 2650 
48112 80251 
84882 5242 
28261 62560 
91579 39350 
3927 75329 
56199 13757 
55843 61731 
49868 43421 
53191 74861 
5587 12799 
37987 55623 
96857 63301 
94482 41555 
90601 17944 
85714 53345 
14035 49380 
61353 62875 
23634 43639 
41053 6925 
41016 11236 
55778 74023 
25366 49776 
85876 58439 
84897 67696 
69196 44945 
90918 37532 
65093 60735 
47210 58874 
50926 6743 
84719 76132 
96479 59641 
96963 14310 
8719 17894 
5108 67153 
64393 50533 
43306 96365 
51207 95654 
84689 78042 
19649 47180 
86321 63006 
7021 63049 
17437 1454 
32818 25726 
49463 19116 
80338 86839 
28600 22077 
73220 31730 
22161 50488 
27631 6841 
28382 97568 
10864 63125 
66097 59622 
65377 82011 
15445 85253 
63619 67017 
63683 47480 
43492 3668 
21236 71219 
36860 13186 
12240 10331 
44270 51254 
11154 83453 
27880 32199 
92406 45837 
91571 91024 
83576 95653 
92306 31021 
64287 87507 
80041 43041 
32755 53366 
94810 24007 
69856 11672 
59122 66897 
66610 79081 
91358 42175 
45135 86116 
31617 41510 
95418 37933 
15285 8649 
70653 54500 
51583 39429 
32427 70639 
64443 93159 
13714 75732 
31300 21006 
72401 25323 
11696 83488 
40984 62401 
92114 98843 
39126 44864 
86027 36764 
4905 87450 
18874 47896 
17873 91408 
96526 98477 
32470 53190 
2779 61636 
13849 14686 
96513 2126 
69851 41823 
82356 79642 
2642 95771 
10077 87366 
61421 91608 
17366 37036 
63688 22934 
68285 99567 
66660 67803 
55386 11137 
12760 81213 
27332 58666 
43484 22532 
75845 65727 
74502 62360 
65895 10196 
51495 62713 
21262 18321 
61030 26789 
83959 96394 
53678 70193 
50474 80837 
47605 74175 
50382 10277 
20056 43223 
73605 49045 
61397 4348 
71455 20565 
61822 53417 
53540 41195 
24360 75105 
77741 80363 
49457 37344 
83680 11213 
16229 88603 
51433 57465 
93357 66874 
76738 86850 
48655 62958 
41527 49199 
90485 67441 
24342 8184 
66495 70700 
39046 69679 
65551 78348 
12203 66857 
17274 50713 
9602 22380 
60257 74259 
634 71442 
54827 25316 
5554 95892 
49100 92024 
5164 89330 
68154 79116 
5021 45788 
85266 31966 
37021 40529 
51476 81267 
50033 50451 
5119 27784 
88257 43760 
56539 57799 
81061 53788 
44813 4206 
71264 40248 
93156 45629 
90219 32695 
47524 66526 
47467 45596 
69019 84914 
40384 52185 
64838 91181 
4936 5127 
84785 31382 
22502 96049 
80799 11493 
69713 53096 
25463 95275 
48355 85957 
12133 17731 
60580 1150 
14107 38561 
1048 26885 
63165 15619 
22077 6439 
18839 87027 
90481 41747 
38951 12444 
95501 94756 
29213 38931 
86075 83148 
45127 24895 
12671 39108 
42932 76819 
24010 35119 
28006 27776 
22212 19101 
28947 14172 
11259 42749 
33422 87743 
83143 11533 
57939 33506 
73656 32587 
87857 51185 
85505 87586 
16207 97581 
20288 11720 
30347 80413 
82828 17004 
43974 40350 
21470 58402 
48694 57281 
46172 4652 
64134 69290 
22552 42139 
98493 98389 
74535 9845 
92445 35755 
40855 36108 
8501 50999 
21366 23838 
45191 54999 
17973 9816 
850 63818 
21979 5862 
85331 82500 
24719 14866 
79623 51776 
31600 3109 
73136 78227 
40984 1751 
66321 98947 
8849 5045 
12351 15502 
57763 30538 
85714 68752 
4388 7445 
7880 16076 
73633 63351 
30615 15581 
39523 86545 
76018 18086 
82920 51539 
59077 16983 
84523 8697 
73244 8510 
77848 55416 
2534 70553 
71413 25915 
34589 76774 
11925 59462 
88401 24671 
1007 32712 
37597 71151 
96823 70890 
5652 37215 
28964 84611 
32898 64586 
30034 14452 
66882 81410 
40606 3718 
7392 61594 
75557 61380 
45384 42936 
49285 21764 
71090 2865 
44878 55363 
90737 77445 
78055 35979 
83590 49230 
50528 23434 
51443 22625 
9419 78218 
61239 51607 
29458 84671 
58108 83951 
12906 22711 
30971 38591 
58514 94593 
45693 38265 
85263 82831 
21855 78314 
9282 88154 
18356 24323 
63007 72273 
10346 96211 
14544 9204 
85385 14458 
92118 31040 
60288 55359 
43644 39338 
21750 86485 
64630 41612 
23646 30994 
9000 63994 
31791 39999 
56887 85700 
93017 35872 
51044 38711 
19541 26212 
29236 16979 
21912 78109 
73854 43425 
94226 85449 
71911 50175 
53834 58132 
28739 37701 
64428 11469 
6883 91914 
26172 36393 
68046 54793 
99458 86735 
80442 63710 
39913 28482 
16452 97414 
61419 57770 
6269 92491 
11207 9274 
32008 23114 
36512 44764 
43767 69054 
45776 32761 
54205 32151 
19073 4542 
21425 99830 
2211 99204 
61318 95758 
26865 91051 
39962 2362 
35145 26244 
84302 87676 
51147 82512 
15039 19878 
34339 5616 
49504 6863 
70027 69358 
44287 55352 
687 52105 
47451 4259 
78619 22114 
8426 50449 
25149 76388 
49988 51502 
14518 83359 
41233 59733 
61648 38392 
23025 14482 
82111 52900 
28139 95540 
9926 62828 
7163 19626 
4233 60312 
18197 43899 
49382 23518 
63464 25808 
54697 43975 
59217 76900 
89911 28174 
6621 39765 
50197 80750 
90802 11885 
30760 60267 
72818 37921 
5110 35445 
55077 92873 
43406 59608 
94512 82501 
77712 24188 
9860 94590 
19485 48318 
79434 44829 
61325 10881 
54046 74507 
49779 33786 
16051 73701 
98897 80843 
99973 23271 
25283 45285 
52774 71727 
24551 60801 
52530 88924 
76357 85882 
23160 67520 
60609 79372 
79776 75293 
90994 6267 
14386 96638 
23598 87161 
84832 39956 
78207 32157 
1256 29164 
17770 80628 
13818 42153 
67552 1918 
93006 6807 
19642 98868 
59598 16053 
60812 96027 
65176 77428 
82071 87425 
46088 69762 
76849 65035 
73808 39869 
11382 48308 
2917 35450 
55637 87661 
74243 36989 
96070 20323 
65177 21004 
12502 15657 
91783 59780 
90580 58885 
58053 38597 
58578 87090 
16473 50473 
82688 9429 
51084 10546 
28496 14680 
19278 17511 
98002 93581 
91821 77869 
81317 80829 
11923 282 
20087 52212 
53661 61926 
65733 95992 
97653 46512 
29742 14529 
57602 54524 
65549 2018 
85181 90191 
91940 87334 
52701 36898 
66456 27117 
63097 42941 
43938 83600 
64998 52936 
10117 24076 
56992 36705 
63095 34498 
49662 87052 
26578 48382 
16574 80652 
17882 54013 
6133 22096 
61024 57875 
5031 20188 
30630 50308 
41033 77688 
35890 40591 
87914 10960 
5513 2947 
88586 54370 
14346 2421 
43809 45755 
291 50149 
23347 33964 
56168 71226 
44044 97164 
45315 55185 
24973 11530 
82025 99064 
73728 63927 
38332 46081 
79827 59309 
87166 69150 
91357 33832 
68585 47759 
29164 48049 
70565 39209 
49272 1057 
48735 50748 
98673 76097 
70499 77839 
22227 864 
58114 85622 
69141 81657 
22608 75554 
16337 49514 
25829 97299 
72995 38592 
81424 37118 
55661 2310 
7238 38329 
26503 61171 
71408 86836 
68704 67644 
32294 25335 
32383 68153 
58498 43423 
22087 39957 
29298 27732 
12601 81583 
58187 46100 
73655 39483 
52558 82862 
56114 60712 
21144 38567 
42296 71681 
67476 56701 
91323 96415 
62395 42473 
16725 44245 
71583 94262 
18011 16509 
25090 77037 
50510 4569 
55028 28848 
58516 77347 
94846 6466 
15596 85577 
29045 44282 
12928 42101 
5712 21790 
11600 72797 
75910 9273 
28046 71098 
3752 88782 
53135 30569 
98903 28036 
14889 74628 
59263 18576 
82439 50284 
75791 76327 
74505 3585 
43653 42647 
79566 8540 
44353 17024 
16857 78356 
11988 98774 
67403 48107 
73454 14388 
82549 81337 
57223 59647 
33790 19588 
98186 91166 
2150 63470 
27137 60738 
18000 46679 
22598 97650 
52891 40186 
19982 9093 
33841 2898 
18521 86854 
97497 77151 
99867 79671 
26657 12697 
74014 14935 
14918 91210 
97889 30890 
86484 14827 
69938 11014 
57730 16901 
90029 95999 
64631 50857 
88172 85515 
95961 13954 
67828 31931 
65952 66744 
80002 71190 
32124 16147 
42853 32273 
14069 40326 
48179 15948 
97202 46913 
50984 35998 
11825 72645 
21174 71641 
62371 52102 
47518 88584 
44211 5987 
23142 47938 
26216 25271 
9117 37187 
96055 56525 
68112 25449 
62200 25899 
83619 66485 
81725 74453 
31914 47201 
36167 15924 
53713 6843 
9117 69522 
80366 32653 
28632 64982 
5514 71442 
25190 64835 
57232 83351 
21627 99750 
18034 4011 
15318 66824 
60463 74390 
34878 97771 
14576 43793 
53719 64283 
60249 50805 
21052 51161 
42063 39406 
27235 94343 
37381 73052 
54882 50587 
69322 68219 
79718 38298 
45452 80697 
75888 64904 
20328 42896 
49296 35151 
25411 68467 
69499 16844 
83441 11742 
95787 25794 
25974 93810 
96320 80143 
62627 84500 
40507 65686 
8421 60083 
4314 48508 
61709 40227 
65769 68944 
39293 44529 
83668 51798 
17636 98904 
46310 71722 
99494 65177 
49105 19823 
23800 63407 
9929 27776 
63327 5799 
59412 19150 
9415 63491 
49593 74104 
25970 43077 
8942 13296 
65975 58420 
34279 29545 
82914 45109 
50868 21714 
36796 79886 
90827 14247 
89873 35401 
36935 77954 
10677 21863 
54044 2865 
56687 41485 
83501 12381 
85672 9021 
7360 49409 
53729 72305 
98610 9866 
94009 364 
61267 46611 
34336 93503 
29876 17812 
4165 9708 
41837 7715 
1775 94759 
17937 4927 
41100 49662 
86556 83579 
74265 68313 
65251 96118 
90694 30734 
69767 52963 
26561 42823 
54991 33912 
79368 72214 
4968 48924 
11634 41682 
79815 41786 
44932 6470 
96234 9180 
90936 59954 
65262 89792 
39667 83303 
36041 63351 
26796 79053 
97561 87884 
31647 5993 
71739 94957 
15433 63318 
90595 57316 
95332 55681 
87958 41078 
64125 7616 
51803 55525 
7440 85730 
77195 17543 
41038 30121 
31778 54865 
89110 92705 
95860 82566 
51230 29400 
67330 602 
60377 95608 
28048 76701 
17354 49958 
52770 98558 
97980 80009 
4289 2010 
68565 25375 
99204 7779 
12499 88728 
47556 28340 
66154 93174 
66567 38640 
85867 65679 
43786 39598 
19424 572 
78200 81759 
35236 84553 
59191 57905 
70321 45240 
52709 18123 
94248 18947 
51613 8536 
50334 20222 
12881 85810 
27702 35607 
48195 13529 
38187 57152 
56430 3699 
20643 17403 
86632 26840 
71831 86906 
98319 77561 
7888 47695 
42270 48965 
93255 61835 
19449 38916 
35002 12719 
88312 83888 
29632 8718 
81454 92059 
66741 3637 
61408 26269 
39314 6570 
92394 69623 
83979 24892 
29882 91745 
76194 8456 
33091 22097 
35134 40514 
86869 28253 
50947 51437 
78881 91672 
33101 15000 
15627 71247 
92668 23812 
76548 45804 
13727 30435 
99289 30710 
39426 83766 
61214 70899 
96820 86473 
72318 22856 
11238 48592 
22929 51499 
15723 14821 
35937 84395 
43998 98613 
57749 85360 
6464 64885 
84789 32277 
87854 64943 
63053 9819 
72504 42193 
17108 56779 
98568 95245 
61876 39836 
66076 6254 
25650 60844 
75358 16598 
66011 43100 
52170 59489 
91660 83561 
23760 39646 
12657 2601 
46138 83866 
29143 70665 
46994 73138 
34373 42037 
40962 6892 
51690 79959 
94382 43031 
47100 14467 
65194 3603 
59143 34543 
20313 35267 
66031 79596 
37575 66170 
66349 61748 
32275 6386 
84071 20074 
9360 97801 
21284 80652 
31474 31107 
72683 72206 
10362 12536 
84797 26082 
74551 81014 
89850 71467 
39722 47613 
69249 21986 
9918 53501 
4957 38204 
67434 20020 
58309 42066 
67223 95099 
75325 53924 
37630 83889 
55178 20569 
3458 88341 
34180 3554 
89644 70363 
31502 1108 
34233 96293 
74829 84059 
37876 16580 
74234 36435 
3733 83906 
40782 4825 
76462 15419 
52725 77024 
71857 60309 
56620 30179 
99771 42643 
53298 11372 
22076 11213 
59343 39444 
54746 43077 
53571 45915 
18511 15532 
14991 4924 
66104 82475 
33808 37426 
65755 65393 
30280 13203 
401 96697 
47541 15811 
49947 33652 
94035 80154 
59999 94858 
98746 60179 
64617 58072 
8177 35040 
22924 98065 
97842 16078 
49830 36300 
93039 74114 
69656 20414 
93752 66792 
98113 50775 
76755 9084 
62846 23856 
4332 96588 
5720 67718 
3525 60862 
70989 3589 
92390 8804 
72720 79342 
20478 73963 
52063 85622 
59601 86662 
80435 83423 
27931 51959 
38150 43135 
55549 9709 
99752 19362 
2803 39378 
87055 63289 
24191 63768 
8805 4904 
29930 428 
91943 21123 
34986 7290 
23563 42621 
1076 69949 
64997 42172 
70965 81999 
69821 90328 
66388 76978 
36134 60464 
71010 80724 
50133 14562 
48058 66317 
32766 3508 
48604 10302 
84171 71258 
50972 68495 
31649 60948 
34309 12448 
26058 82774 
30099 93517 
98825 18495 
14258 30481 
87168 5396 
99389 48792 
58659 63795 
61908 34794 
17918 6476 
91951 6618 
58015 95862 
85327 44965 
27069 95329 
6267 71636 
16559 94729 
37283 11389 
42042 77037 
98220 23622 
79224 32942 
60391 44339 
38783 23304 
3683 36029 
11840 35559 
64601 3320 
94664 79497 
1461 95640 
5953 20265 
59271 84641 
42972 52011 
51323 73763 
83846 74281 
87110 70062 
32466 45111 
66913 24319 
19771 49666 
32241 24430 
20543 41378 
8290 9238 
18425 83695 
99665 55180 
53515 44907 
3872 76547 
16661 75912 
88374 71609 
12523 31394 
36546 41540 
99473 78538 
5397 6786 
28588 74259 
53708 46419 
46256 81839 
93030 90024 
95337 40935 
86002 98798 
48362 1127 
66522 82769 
32892 78476 
84523 14466 
63966 97008 
84485 15825 
81466 32613 
11243 14790 
1262 85530 
99287 90788 
28165 69407 
42444 54155 
45997 19876 
59701 33589 
95505 93636 
69894 77829 
74361 50234 
63067 13030 
45183 83059 
9565 35649 
17258 93484 
79239 62212 
75598 82690 
52629 1906 
66959 69352 
93587 65736 
16642 28237 
18522 76838 
42160 84659 
41303 571 
50281 92829 
94820 70102 
52468 72322 
30299 43489 
10439 76192 
73713 91631 
28307 16728 
74940 82941 
40701 80387 
19826 262 
7296 22140 
87894 98274 
13345 41289 
29160 85518 
93074 5758 
2364 94187 
38234 9901 
63922 82945 
27623 22097 
21951 3295 
15062 2691 
73003 48393 
43080 50300 
20437 94717 
7491 65052 
32871 41623 
84066 1040 
38732 51562 
42676 17056 
68647 94645 
16547 24655 
51273 5204 
64711 75623 
40133 65161 
64235 27141 
99116 39248 
95497 72252 
2541 518 
38554 25658 
12003 1067 
81554 10466 
76717 62553 
53182 186 
66671 83804 
30295 32084 
88598 88728 
39180 22967 
53658 66728 
64274 86496 
62678 89931 
1739 72379 
49875 26841 
46922 22044 
79260 10356 
84537 62881 
19215 59622 
58291 43689 
30241 99830 
32746 47664 
88464 71787 
24323 6067 
33203 73996 
70690 75664 
70766 33985 
28148 36103 
88583 62729 
35171 9557 
33932 6291 
56943 4310 
89676 72180 
30480 36391 
35834 74401 
62859 88913 
20242 10850 
96117 27496 
74168 59416 
41523 1945 
99488 55058 
3220 29301 
22838 89112 
56654 71456 
59175 54228 
20728 91710 
52235 43575 
64283 98964 
62635 1351 
17298 65676 
55681 13102 
15108 36303 
450 19042 
89975 26602 
29283 31250 
38499 51004 
22563 36563 
35658 5230 
77494 70937 
36660 74338 
91586 58214 
6341 32640 
41613 16466 
42472 51187 
67075 48471 
14181 31012 
73516 49381 
19529 35852 
55527 84276 
77389 6779 
1872 11035 
7884 2971 
85879 49861 
22953 27829 
63108 29767 
44015 67659 
95260 74495 
87232 91382 
94397 25567 
8543 34027 
34775 38550 
80417 14185 
10921 30141 
80192 16221 
30073 98274 
5881 1672 
14693 85240 
99529 1115 
56482 4660 
50432 77726 
7188 7170 
70993 46796 
13453 16809 
86491 81683 
3055 30346 
56718 35995 
8109 35163 
52203 64216 
67174 67814 
40685 28592 
82628 5019 
496 38746 
22329 51593 
66702 82339 
45264 65691 
33116 70016 
99752 40764 
78734 35946 
89741 45736 
60635 6471 
29817 10175 
17102 73665 
12803 29611 
54461 88083 
95131 57649 
49061 15513 
64676 46166 
81866 86260 
93316 92613 
37270 2284 
92221 54365 
40037 57487 
81714 94002 
74687 69472 
59518 26609 
30176 17328 
1306 50358 
39377 29267 
55684 55078 
37660 66440 
2105 19998 
47774 4748 
24652 31453 
9276 25239 
17272 74152 
9899 85423 
76703 75432 
43552 58843 
58253 10953 
15050 98250 
66508 12423 
35190 98963 
28168 53173 
1488 13291 
47441 25799 
39627 94346 
75741 67595 
88626 28123 
36942 34109 
48733 46445 
37026 68923 
75239 158 
52672 68647 
93663 11927 
37203 96092 
32210 21017 
4261 51745 
15881 78687 
49697 73903 
43339 52079 
50372 1210 
72367 46983 
34900 97850 
72703 65372 
55887 11266 
66030 72352 
5745 5037 
62118 58922 
8952 85422 
17331 51940 
92421 19080 
87189 40718 
82661 21624 
18147 60881 
3468 81874 
25480 425 
51139 75116 
33877 70378 
5535 10126 
15318 12989 
94791 49369 
44812 4120 
69068 39542 
8734 43271 
54485 90492 
42793 14668 
52176 44556 
47078 45856 
19432 85501 
24149 86472 
19962 46486 
12805 79174 
58527 89848 
44962 97131 
21572 48029 
35955 78072 
29920 34584 
29646 93561 
72228 56953 
58846 53986 
28584 88574 
48877 64704 
12518 86915 
87487 16837 
56636 76123 
7873 17407 
42198 48255 
83235 37816 
26193 75422 
11053 87132 
50784 66692 
73208 97173 
29511 48212 
94083 40121 
92187 92791 
82964 86168 
36188 76027 
39323 48666 
75666 90098 
19980 57319 
2181 3445 
15703 46119 
70362 14839 
61418 42088 
420 13704 
9026 93286 
45677 25060 
24722 80142 
7770 87094 
33726 12844 
94760 82114 
24543 29337 
8115 17509 
42093 73427 
13381 32376 
44519 50559 
96325 87549 
71981 30009 
31434 82082 
77412 86569 
92875 27564 
99012 52236 
19363 3175 
12136 78980 
3881 9028 
84300 97351 
16750 33057 
71172 92530 
86317 47644 
33693 9332 
55347 56134 
26905 40762 
3178 16549 
9576 50910 
73817 80044 
50385 32277 
78357 95039 
61218 87 
46443 44463 
71023 81683 
86007 3173 
64711 67809 
73068 25365 
50765 54398 
34132 97674 
88486 18423 
2549 22657 
1220 39427 
27206 29503 
25451 99565 
86968 44038 
97297 69269 
17558 88495 
57743 13123 
88882 23013 
65834 31090 
80294 85460 
45119 83905 
88872 33927 
52755 38304 
71539 47126 
53009 7660 
65655 91914 
97267 56695 
54739 24319 
61230 85099 
46024 50662 
66602 4238 
4808 38784 
19391 73537 
46892 35872 
29836 68731 
24877 19008 
40002 12818 
56689 77313 
74286 12417 
35413 468 
45291 7148 
28389 27347 
93012 57698 
20467 90675 
8760 69490 
81434 78840 
96929 73108 
40838 24406 
57494 60149 
34808 20322 
30054 3676 
48884 59525 
26222 76192 
18544 91307 
91399 14819 
64776 88772 
79167 73352 
35916 25651 
92026 43905 
98953 67916 
40685 27042 
73584 95853 
781 78638 
30528 85668 
722 64129 
81967 96168 
57215 6381 
76434 25726 
86092 22111 
73094 27444 
55229 3591 
11056 96371 
13597 17329 
8217 71563 
25928 59470 
21130 27977 
66004 28857 
72432 68375 
73222 53010 
5664 63845 
56902 29721 
58589 33024 
40688 27535 
55650 94738 
75442 22066 
7752 76547 
13195 31919 
73333 12521 
26980 57942 
78470 17644 
81820 22581 
15806 83283 
10643 52312 
42130 98507 
25572 45436 
72687 65341 
99835 19966 
26655 42596 
88424 41911 
12655 22516 
16686 92934 
55818 17255 
55188 48189 
58602 8064 
16472 88 
56427 89067 
54738 81806 
76173 19665 
23021 15526 
30656 84815 
44095 34751 
85456 50847 
81111 7423 
15784 95969 
51898 17209 
30582 89244 
16886 43946 
78608 89569 
84768 21084 
67020 37081 
22302 37919 
16796 13402 
25084 97440 
51305 54269 
4613 36836 
64446 8363 
73692 67010 
42991 49502 
66926 89892 
24114 65893 
16053 7909 
53573 69754 
10824 48662 
72580 93375 
15350 89683 
2162 63559 
77088 83066 
12615 75397 
61073 47857 
62663 18464 
65521 19268 
68017 43749 
26593 18090 
12236 98054 
99900 31139 
44182 94065 
14238 74112 
15786 28933 
29063 41943 
1469 11991 
91401 38557 
6277 13047 
80154 17859 
13635 96770 
46176 60852 
45603 65755 
5036 60010 
8599 95139 
16046 81282 
75807 5021 
85890 26615 
13798 83416 
68151 25394 
95397 42131 
91014 41923 
53409 60691 
34627 97869 
20539 49319 
96846 73550 
69700 40989 
31553 69992 
15874 4691 
17208 84886 
65766 57303 
15012 79892 
4750 39846 
5809 94181 
91930 15397 
52779 89652 
93607 40574 
23006 96983 
23068 60250 
15163 68467 
70302 76032 
82848 33540 
99120 43057 
13505 95964 
61126 56778 
21409 7828 
26059 1653 
39854 4840 
56292 47065 
52442 89830 
59579 92262 
86344 6949 
38642 81773 
1349 57724 
18772 35473 
47773 71989 
75355 63387 
33500 61596 
2057 64302 
35906 52920 
57413 39385 
17904 15347 
2622 87271 
59027 77252 
96596 85459 
92263 48411 
45659 4357 
45237 48362 
14758 44935 
20401 73937 
94637 38731 
13029 25955 
85173 99789 
58111 55077 
98896 72156 
17653 79826 
10697 73657 
68412 76008 
79826 96951 
26775 36066 
48514 92223 
52248 49347 
77876 22399 
3966 59835 
16247 51371 
85636 16578 
7695 98498 
3515 43864 
39175 68508 
79282 23155 
93633 44945 
5099 96812 
23349 17426 
1677 74902 
82898 98231 
41815 50621 
64343 72117 
31696 7365 
58607 14766 
93 31019 
26439 9909 
31708 24739 
27 92886 
95008 60298 
51975 49337 
57213 90038 
62247 1670 
49502 86516 
85658 23118 
44031 73118 
72553 29430 
31035 58262 
23578 11632 
39044 88212 
65777 89782 
24180 89126 
21706 87302 
65520 77625 
5890 48179 
42677 81012 
23635 45256 
39029 23196 
66081 56798 
9460 432 
92332 20666 
74963 92213 
64620 10681 
58180 26931 
55664 18150 
53679 49383 
78743 63001 
34724 17773 
468 3639 
34288 91519 
83843 62367 
2268 58038 
74923 34088 
33090 86578 
90222 41 
78357 90263 
84002 25417 
7684 23693 
74674 79966 
57547 42770 
87753 84101 
12763 5838 
29167 49489 
98104 829 
37192 52757 
18609 41760 
73880 53684 
76301 89776 
7562 45159 
8308 18836 
6877 1144 
36803 64259 
13724 71048 
94693 63477 
87660 54153 
92676 22718 
17454 76125 
23041 20730 
76897 81116 
53521 91267 
61403 47645 
50528 9718 
79559 34142 
85259 46100 
89489 60965 
18468 36554 
63756 39671 
30074 68574 
38489 67468 
58346 71373 
52528 15033 
40040 52104 
10593 49234 
97663 21124 
10848 48837 
2938 5008 
61680 90863 
56600 54759 
75125 8066 
63778 18448 
65103 43823 
51537 62460 
97449 59786 
70554 93610 
35721 83736 
46419 55551 
1855 20348 
97738 47251 
23959 85969 
17997 38722 
74879 69975 
26022 39769 
14667 69945 
25964 11224 
37648 95628 
81841 94924 
90525 87537 
3989 78659 
71802 50046 
65180 5361 
44781 55965 
12675 82015 
96482 39835 
19184 43069 
53065 60561 
20447 75583 
18670 80510 
20085 18912 
39072 77812 
3402 10399 
4144 81385 
90967 60395 
93848 94057 
80115 4848 
41302 48178 
67876 1769 
33475 20237 
22433 9077 
95135 16253 
71801 5654 
4899 28093 
8271 94850 
73607 52366 
65029 60292 
74674 58183 
7410 27488 
53709 87811 
95406 21586 
60391 75136 
16340 1543 
39450 70868 
57003 94062 
89557 70510 
83133 46828 
49059 51426 
20711 69887 
95676 38656 
88393 36467 
53653 35688 
13281 70100 
86324 75983 
73263 53587 
14643 73834 
48327 57183 
42956 78997 
30542 98299 
92143 68545 
37793 13109 
37227 41528 
99902 41609 
21645 17271 
37427 2030 
73595 76516 
33223 57907 
81233 26136 
4740 61719 
92953 12754 
21080 92655 
96585 58372 
73008 92924 
97077 41986 
96369 46936 
56052 5170 
69796 40765 
78645 16735 
56118 85490 
33061 91838 
33544 87325 
66592 24266 
67474 99892 
38110 57165 
6715 99564 
21570 87067 
48893 83487 
47637 68866 
9033 1703 
41278 65236 
42550 99757 
82004 63014 
19316 66219 
60424 61180 
18982 50736 
29875 20343 
19430 42590 
55092 51994 
79974 77113 
41265 17311 
78868 67932 
86273 99928 
50712 46685 
36496 14815 
83479 28662 
42327 16326 
77219 12777 
3353 72449 
36858 67340 
65144 79430 
70081 49282 
79693 1204 
87921 53819 
69767 31436 
60487 93960 
43776 92478 
63157 64853 
92247 5192 
59591 56637 
59580 86313 
7109 41295 
25487 55942 
37224 73938 
49369 66733 
59567 17027 
27848 98481 
60953 17206 
90780 97076 
23004 38776 
14286 75141 
61527 85238 
60696 33222 
98772 20933 
64771 4974 
15696 38481 
73159 77586 
95563 4538 
9771 89536 
62448 56338 
83608 61789 
38666 14556 
77551 75666 
93657 24203 
56693 70885 
33519 34596 
13070 631 
85176 81890 
19932 47034 
62082 43203 
3220 70052 
59370 90084 
50484 35520 
15550 80874 
68196 43988 
95125 96450 
67299 60999 
91904 41927 
3740 31566 
26337 8054 
25908 46865 
11842 10383 
84046 19557 
94898 1726 
38124 15629 
31575 83969 
60071 85287 
49199 29012 
63913 33205 
56037 55425 
13040 69263 
4155 97347 
47714 84983 
80993 45213 
47883 7920 
3788 34102 
96450 96592 
17580 4803 
36403 51865 
52358 65138 
21525 37229 
77797 34657 
44906 20026 
5079 64502 
92047 68462 
24446 86054 
6089 65075 
34421 56922 
71555 26386 
14049 40904 
19927 50536 
13025 79724 
35523 50019 
86264 88689 
93342 64951 
79237 35826 
91880 93847 
78297 44661 
53416 23514 
76285 94438 
51848 87385 
67837 78459 
93899 32544 
81106 21114 
23330 29661 
73037 47260 
39805 17200 
63846 43802 
24135 31513 
63037 52630 
39834 37824 
44048 86523 
37303 43577 
57563 65192 
21402 45306 
34532 27319 
55779 32872 
19108 86273 
68043 50858 
89008 62127 
88727 95861 
66208 40655 
3942 10587 
94403 81197 
26732 20888 
61346 19576 
95369 50265 
73953 89711 
88155 37873 
51972 18124 
3785 80675 
92047 29236 
93925 18161 
68180 36162 
50369 78932 
76858 81657 
43003 12415 
5545 36926 
76753 36172 
1763 62222 
85822 39441 
46635 82433 
11717 96990 
91581 33352 
17929 63838 
99721 89843 
78605 41022 
44631 95842 
41125 25367 
58193 77920 
3253 82069 
86635 39109 
64354 7920 
9200 97720 
7155 85136 
97477 57113 
41609 60985 
45037 66659 
95672 26804 
76841 61604 
69121 11507 
55779 50095 
76027 49290 
39727 49326 
89103 29014 
6694 59570 
64851 83620 
57883 4826 
72298 31922 
28939 61842 
70061 42283 
88149 45504 
76616 47890 
77061 17864 
56817 6768 
53742 40547 
4115 66135 
31819 95832 
32344 60368 
69489 60384 
3592 44573 
51830 27458 
9358 41643 
27029 38306 
91052 59704 
2580 1603 
32893 18942 
80997 50898 
85319 12113 
16290 14407 
80270 11355 
2206 48906 
81058 25479 
61165 20059 
68979 6506 
88844 95193 
6467 1994 
23539 51354 
32254 50567 
51697 91429 
37914 22070 
31439 4167 
47082 10885 
14424 140 
68774 1232 
73066 4993 
24440 36610 
94888 93769 
54740 42085 
88732 5685 
96496 67723 
58560 87384 
82871 44246 
39742 74548 
60565 67847 
60024 36676 
36638 60130 
82765 77898 
64571 81233 
13582 7889 
54245 9488 
3186 71270 
43782 39314 
58988 51317 
2477 90574 
85968 44370 
43595 67219 
13315 35014 
13347 50847 
27534 88947 
88115 65626 
24979 20355 
55817 5085 
17189 83711 
79319 68365 
70939 86093 
39836 13812 
41590 15430 
36551 1141 
63073 32541 
74981 59924 
90794 80367 
11120 91782 
54759 22538 
30965 86403 
69375 35176 
35776 7397 
63679 40822 
72258 83012 
41158 91415 
93808 18831 
51846 78457 
64113 34866 
61057 72804 
17553 17815 
28887 73966 
72249 70758 
72546 79379 
51067 37201 
69585 67783 
3450 74140 
74282 27671 
36729 49662 
61702 51702 
59362 44652 
84382 61063 
10544 45262 
25102 19923 
743 23077 
55889 49458 
15902 13280 
68173 53374 
44434 17628 
21917 22398 
70578 78675 
72590 93920 
40312 94442 
74019 4779 
46711 68590 
22409 90115 
505 20189 
2274 49302 
48561 9278 
18522 21135 
78114 69669 
50611 84795 
97775 78849 
44487 30529 
17727 36300 
65898 24559 
60954 66224 
74749 26436 
24977 8385 
44292 3857 
79273 11682 
41254 29898 
27415 99043 
3388 40715 
84928 29400 
99501 77915 
23969 42702 
33657 39150 
14162 37372 
60014 12895 
45239 96042 
7719 78983 
51656 45097 
76271 15108 
71912 6272 
50937 61367 
66033 74425 
5107 59824 
83552 34649 
1864 4173 
21246 13959 
80586 5739 
35032 48106 
16062 6386 
73620 32392 
67384 46362 
82872 16902 
91792 25629 
89307 1185 
84677 80975 
8756 81166 
21111 37975 
41929 1959 
16565 86829 
12485 74243 
94871 74184 
75161 19007 
50035 99202 
71640 15714 
15154 51497 
40031 42307 
6491 30967 
90207 12002 
93650 45137 
41698 31429 
57857 88310 
83449 27431 
39486 68649 
55474 15731 
43270 64235 
71273 13651 
65042 57235 
96862 31228 
27387 16498 
77368 10301 
63247 73200 
55354 19530 
66307 61619 
56376 54817 
34889 77679 
26790 39231 
72141 41594 
96361 64261 
69440 37757 
4010 65158 
92229 44966 
68842 77070 
7922 63143 
10583 75846 
44030 88888 
23662 67616 
41330 91536 
87376 54647 
71699 93819 
50945 71464 
23112 66807 
66721 54865 
15365 7487 
57419 84219 
99245 79161 
93960 4288 
9124 59780 
29366 21855 
84407 61405 
81116 49534 
48764 55176 
79465 55418 
37759 60466 
2471 65582 
95246 34382 
99791 57982 
16867 28297 
66808 80885 
4938 61803 
68240 26769 
13265 1320 
26085 93458 
2634 20483 
80646 68305 
98182 62541 
5304 78332 
38372 21177 
5847 59512 
31948 5469 
63350 11753 
94055 57165 
85980 22623 
15589 44000 
19550 62538 
30904 61480 
29255 76815 
88139 37386 
5735 25957 
93748 48160 
67484 54446 
98170 24445 
28553 545 
13180 44195 
75634 94784 
3064 86142 
51816 33231 
71577 43784 
75649 53135 
74546 80689 
33634 83170 
24014 41554 
71840 88234 
13981 20297 
78104 79681 
90083 26390 
90070 15816 
5965 83729 
86330 74664 
57629 42494 
18035 41235 
63713 83794 
16518 14905 
64423 49337 
68883 9045 
44772 33906 
87935 84641 
48791 37133 
15447 32411 
40564 82881 
88486 93799 
85200 79473 
67353 90253 
68279 12077 
70673 12271 
45838 29766 
88275 5017 
18634 14044 
45705 75639 
54183 93131 
75593 38947 
38016 96810 
10527 12734 
21593 30367 
49730 71773 
48516 82952 
67525 70412 
82921 75651 
25427 47679 
34382 97587 
21690 35948 
72174 74612 
62220 4468 
48392 64424 
64982 82432 
4240 74402 
16396 22786 
16679 54025 
82679 87559 
53685 22421 
41675 58327 
45511 53406 
41471 1208 
46643 55333 
10903 44884 
58543 51119 
44065 62192 
6813 85008 
56009 81147 
18066 56968 
60058 89581 
21586 13035 
48495 39142 
8758 487 
67864 98975 
19300 30451 
67729 57194 
87457 77317 
67434 19129 
73658 84315 
29293 5310 
27471 37645 
48560 9321 
76313 17779 
70678 35871 
10944 35818 
24507 2837 
43640 15291 
16556 57519 
47786 85291 
65763 26987 
48707 9572 
70927 95144 
24693 88041 
93639 75028 
94466 32002 
8388 23842 
12758 32598 
18522 30384 
69174 13075 
61796 89746 
87211 79816 
32518 68567 
50064 64529 
28588 55625 
37773 80540 
91264 87166 
46282 99833 
43026 34131 
73174 94307 
44676 39326 
97096 74636 
86635 96585 
48319 3215 
1385 71075 
66409 53839 
34088 70206 
67642 40103 
36647 87916 
99580 36926 
56821 61662 
43148 75194 
78472 1057 
33566 98192 
31629 69826 
10668 30319 
31759 28681 
76415 23511 
26517 75655 
32832 14886 
25175 52640 
97109 50283 
61066 22048 
42294 2719 
90576 55964 
91784 42201 
63585 21606 
3702 93914 
9709 91583 
17340 55484 
72313 55159 
97944 30851 
87975 57637 
8453 78203 
52931 48963 
57185 62506 
40011 79786 
19007 49359 
29657 43464 
4198 76198 
96864 25890 
53964 89340 
52192 91498 
74526 40911 
69519 3465 
82685 98394 
45765 48845 
24966 31346 
28543 15294 
49713 4785 
16570 45000 
56909 26818 
84612 73596 
24050 69233 
9837 47078 
8047 4166 
79701 98127 
52919 77313 
42809 54725 
90956 68797 
23673 48623 
11050 76437 
59902 88926 
82080 93013 
36062 66962 
61490 39059 
82300 62619 
89628 55760 
77802 29434 
68959 58756 
49250 45984 
53890 2940 
82662 34526 
31770 10804 
73342 64305 
58511 72427 
23169 76595 
23322 33919 
57007 91304 
56212 52927 
70771 80823 
59186 14770 
42535 25827 
37494 70818 
35008 99859 
30799 81936 
92848 64775 
95824 24125 
91460 97517 
71780 40928 
25313 10175 
67837 7751 
33243 69937 
47888 6919 
45854 73275 
52053 99121 
5799 79591 
86631 16832 
55623 63562 
34631 98368 
9770 2532 
87547 27416 
27509 75584 
75684 42211 
81704 14264 
79171 30956 
74739 11474 
34648 35660 
87366 64643 
13703 45260 
58837 2066 
38253 70692 
87420 17175 
15391 59554 
9220 14485 
19579 26027 
60244 53129 
23653 42939 
51677 59116 
81735 67171 
91646 65832 
96937 47036 
68010 33831 
64667 90834 
66250 95548 
68356 59476 
34103 68369 
18615 82889 
20305 80333 
69094 89856 
8672 56761 
12728 84000 
40700 23250 
60612 94826 
69981 90683 
32362 82059 
19942 1341 
41664 73919 
22771 31644 
43565 75588 
1855 66743 
21137 92791 
22674 84877 
28281 77220 
77780 15337 
72737 15498 
90390 62846 
18768 51425 
18036 23326 
12527 52448 
12872 51243 
84765 5609 
48401 77130 
65345 55677 
53795 15373 
51909 78724 
6388 46982 
11106 18091 
20582 9818 
54929 96543 
37078 79633 
27011 58298 
60232 79273 
54125 87727 
13273 10537 
66676 97696 
81244 63429 
68646 79828 
89741 20915 
42194 61431 
23870 43818 
5094 19372 
26311 90093 
152 59892 
25995 95491 
84960 85167 
39590 18500 
7612 32357 
56882 31433 
99402 88959 
68062 21713 
89081 59456 
16070 52588 
44902 82599 
60342 20951 
80468 76068 
19670 41409 
18294 15845 
21343 80388 
91066 41317 
21346 61802 
74691 13946 
76124 66707 
89559 47281 
40227 53366 
76826 69151 
36190 31252 
55069 73081 
93027 32818 
89321 65277 
78001 40191 
59278 15969 
52640 40491 
96397 79482 
68462 3076 
70608 56068 
80465 94795 
46548 30384 
97154 75181 
96509 36405 
4737 42540 
52682 66662 
81 34023 
4845 64865 
42127 17997 
1263 15284 
84686 55447 
90407 69727 
84871 48604 
48948 33495 
90914 39667 
77566 65398 
702 70194 
10254 33724 
48079 62658 
75076 10012 
17845 39642 
64761 75524 
12301 53282 
24051 61513 
92343 57826 
37363 43710 
94287 21548 
5129 63872 
79980 40777 
30091 56821 
12213 88390 
95832 20082 
60060 1933 
9025 75050 
29472 92352 
94147 33560 
83322 33360 
74797 1787 
62062 73581 
49342 24615 
41241 98855 
70214 97910 
65375 60504 
66022 53596 
78990 76803 
3511 52966 
35144 9595 
72460 7393 
99325 15692 
90757 82387 
82336 73607 
69196 30903 
29662 90168 
45910 44875 
66726 98674 
98941 10118 
49607 70529 
72062 99100 
98950 75662 
3786 38469 
1207 43532 
32375 43853 
45772 96170 
60738 23073 
29190 47433 
4219 10793 
98360 88564 
11602 12513 
23454 9112 
45047 3924 
88309 34432 
28215 52802 
61076 96212 
23499 4956 
61199 90868 
79058 3170 
70102 22154 
94270 88672 
42439 68947 
88252 68305 
62391 66936 
20245 17460 
55168 43815 
2966 28701 
7769 1594 
70424 9137 
74984 96753 
10237 75748 
46763 29230 
47150 97211 
31252 14628 
69231 83203 
64186 80481 
21151 27724 
89775 97114 
49954 71687 
70828 26331 
77926 61813 
76580 47069 
94427 47845 
65529 96161 
3968 78128 
27585 44467 
41353 24812 
74889 13905 
66366 94254 
73927 29268 
80270 55621 
92891 90236 
64277 51273 
97696 43624 
26224 36203 
67700 33638 
55798 30604 
17856 8809 
30977 59608 
7895 68283 
88756 97271 
91113 37252 
71748 28100 
5411 71586 
88920 88727 
37495 5092 
83523 54752 
97450 69337 
84154 93390 
25412 35607 
25944 11197 
14631 51297 
68038 88013 
75961 68951 
779 3162 
87642 95146 
31459 28046 
71237 18543 
61012 80439 
9653 11689 
15689 10121 
76424 39544 
77547 12919 
76773 49183 
65477 50802 
10428 59778 
54557 89346 
53800 19706 
85653 50742 
24810 48506 
9484 20410 
37535 35432 
29782 38389 
75799 23437 
58710 52847 
14930 67728 
74357 12375 
99142 21369 
74916 26163 
38328 66936 
57071 26739 
22550 82848 
7138 28631 
65068 5756 
82671 88117 
75527 26243 
79544 34210 
33715 34107 
24905 59038 
81321 11612 
9943 27012 
74184 58355 
78094 86475 
40782 19771 
14041 44963 
74021 82809 
36834 99785 
42888 96935 
86458 99311 
48111 76367 
7332 47183 
61697 40342 
74534 51598 
84071 52203 
78925 64881 
24501 25229 
85920 54757 
60604 73390 
9260 98049 
60943 98574 
95986 89966 
61070 22352 
1673 17721 
67859 89973 
46051 55896 
29543 97020 
78283 2802 
49620 15060 
48462 92009 
41623 21605 
77301 81306 
18727 71846 
39518 42521 
87265 84860 
28085 49967 
66441 55382 
46285 92701 
87891 43733 
82454 16374 
38194 41122 
58284 34118 
95051 55296 
5765 32750 
73565 12390 
20090 40499 
42898 24839 
56286 15542 
95573 32330 
85855 60824 
51746 83033 
6368 69938 
59062 85742 
1758 61308 
4970 30029 
83934 63466 
92938 41180 
7415 72904 
46520 9407 
37806 17816 
96024 8719 
72250 25970 
71315 99852 
55380 13015 
71306 93761 
7851 78743 
5770 37451 
86166 23105 
8317 72297 
22326 71258 
747 6504 
49711 27462 
48456 37991 
7668 61351 
84164 61735 
31414 66901 
92968 96490 
76157 24392 
45553 69799 
94762 38691 
38390 7349 
86799 23386 
49824 82969 
63485 49647 
49198 98955 
27829 81074 
2492 82902 
52159 71416 
2437 6856 
46296 10695 
13652 57367 
48767 67110 
64095 10864 
40731 87026 
32942 97831 
77738 83423 
81991 71339 
57927 64363 
52792 30787 
96972 27374 
4927 90043 
59843 73059 
2186 20725 
7372 71818 
62897 45944 
51646 51286 
78239 7626 
78402 58856 
68092 81375 
86907 93644 
87834 66875 
18176 95301 
21476 38926 
90968 23257 
96584 4487 
41604 59326 
34714 74469 
68493 19012 
7397 25524 
15107 62445 
2185 96701 
86226 54563 
15898 38610 
81413 35955 
82880 8595 
46956 30755 
14984 84426 
92955 36000 
76925 51160 
95724 8102 
45764 1068 
7386 86369 
6510 74883 
24276 70956 
17161 64180 
23722 3205 
35984 89259 
64775 80019 
41442 64727 
62634 70724 
90877 65792 
88800 94826 
57930 12323 
19398 62124 
60626 94860 
52635 72849 
42179 76979 
43033 24794 
94760 21836 
54868 76858 
22863 7191 
20120 73987 
27316 12850 
97324 47182 
53657 87229 
66837 64077 
89245 25589 
65329 20504 
12370 21543 
57723 31557 
93586 85521 
68341 1842 
24587 59158 
44671 28913 
3158 92940 
6950 21353 
34110 95957 
44688 93507 
15546 11213 
57266 32583 
67433 17746 
99922 20624 
25147 11628 
88716 33840 
64542 71982 
38475 34812 
47031 75228 
56255 19294 
73289 81062 
89520 78660 
12399 77030 
33018 91463 
29616 35065 
31243 63158 
70388 3005 
74422 91730 
70888 26823 
75106 48771 
56000 75226 
29734 30513 
54604 17239 
14972 51372 
8911 85563 
42121 23751 
79754 43710 
94592 92185 
52935 63321 
3201 67327 
33077 9575 
71967 35856 
70905 27210 
53106 6080 
7499 17457 
84115 85813 
34730 97037 
42074 79049 
65011 34404 
40749 31046 
75404 65516 
94589 47575 
41251 1707 
377 63454 
2730 55571 
42080 37916 
14051 27302 
7352 9886 
9516 13552 
15191 55014 
83233 23627 
93379 48035 
20024 13715 
11658 49046 
33895 78842 
71993 311 
67420 74396 
80776 41406 
80475 74291 
79540 24846 
10008 11242 
90499 41759 
13838 86107 
41144 47754 
20997 77902 
68180 12805 
98673 33833 
65217 5809 
11585 69566 
30960 64396 
93443 63977 
94990 93661 
72105 89740 
46832 83645 
90180 81360 
70607 34749 
41014 5655 
92388 32668 
96359 66175 
80280 20030 
36489 42691 
98265 70595 
6148 39631 
4037 83690 
10388 93217 
98318 81509 
33277 66080 
78564 9956 
9343 40224 
23512 14920 
2802 4509 
36659 90161 
52765 21155 
6573 70455 
24030 47306 
99828 74199 
62499 82319 
88400 83367 
91862 9167 
27518 85517 
3929 99273 
42251 92532 
88831 54050 
51516 93767 
23265 63573 
56734 97559 
85095 73068 
49025 64284 
90802 61270 
43599 36660 
58649 51198 
32936 28509 
84903 93562 
61365 41914 
83023 85711 
62809 44508 
76484 14975 
70781 53576 
54733 44204 
5071 41728 
98746 89471 
63154 66 
57754 75135 
95970 69126 
11946 89870 
27540 75271 
87269 8732 
85767 90813 
97953 90988 
47830 69817 
79971 11196 
67715 98356 
44358 31862 
45741 37938 
23182 80059 
20317 33878 
2913 47470 
10727 6591 
40047 93608 
16389 43094 
32054 95329 
82818 58447 
73078 52255 
77440 2425 
58279 27364 
79425 45414 
13309 74749 
76892 89333 
16145 82431 
82098 14321 
47326 37116 
20643 90014 
51650 99903 
24274 51403 
19442 67228 
58496 63594 
98768 79684 
46023 77240 
31280 32871 
4977 6961 
63893 39064 
6806 48774 
26030 86228 
73038 89380 
77976 41799 
72264 50057 
29644 52650 
49185 51035 
1099 99792 
16050 78364 
46239 76606 
63519 84630 
89271 72793 
2722 57321 
29972 62720 
33238 44190 
58192 16485 
42720 33670 
80645 74760 
83082 50210 
3775 54358 
35419 39332 
35319 80489 
71264 85292 
64165 73757 
41310 25401 
53195 55264 
74388 99399 
33043 71501 
49283 99697 
16022 82267 
9867 68880 
58966 99452 
30070 24549 
91315 12269 
99377 78404 
90515 85442 
91822 56409 
30626 70805 
1833 19933 
52020 29931 
78874 33976 
155 25666 
69427 27888 
59613 3793 
79686 46439 
65951 52586 
5233 94649 
12395 97628 
34985 38509 
80977 62018 
25893 35509 
18470 97982 
62127 33847 
46301 74895 
57910 97253 
40607 90864 
36697 83563 
43682 60257 
21048 29478 
71312 17961 
97341 71402 
61810 72644 
77366 62806 
72061 35930 
64884 32268 
63476 52142 
49405 63133 
36468 54167 
91706 65725 
65928 74968 
36027 56042 
62144 51437 
82428 51119 
31683 67494 
79438 40532 
41029 96758 
51906 95946 
92057 21588 
61907 36207 
2945 24931 
11544 74138 
50690 74181 
35687 33048 
72145 42106 
99956 35869 
39313 38931 
14665 37929 
21627 61772 
98987 95555 
23040 2885 
81256 37001 
34964 96563 
1102 29664 
77441 26029 
87043 18094 
10434 56278 
19164 40999 
84662 6618 
50702 22282 
67204 27488 
54624 71068 
20864 170 
81703 18736 
38336 35140 
65122 67211 
32240 5021 
83318 22017 
60380 11539 
97528 36100 
21876 52327 
13450 95951 
94324 23096 
77435 40268 
94728 63413 
6796 13221 
37660 30238 
71119 19300 
32972 62342 
86851 64818 
12336 80874 
60980 42327 
99000 56615 
21294 38492 
38362 62792 
480 23472 
88322 23879 
99236 10345 
27827 65401 
39602 56877 
79645 67538 
33884 18703 
59101 26185 
36828 52955 
54386 29152 
19099 14418 
15984 62277 
98672 82517 
82899 70533 
93396 6718 
1565 12535 
12767 60398 
99665 63400 
89881 48778 
61571 40512 
65533 25240 
14721 49512 
75648 32120 
76941 73714 
60434 97058 
33596 59146 
9151 84007 
10429 79533 
77841 19240 
83007 830 
69071 86959 
16972 3242 
42526 16613 
64592 60209 
33176 64532 
52603 18455 
89788 26229 
83944 70937 
10723 2511 
41668 65432 
46232 82489 
27210 45490 
56875 99641 
87120 77617 
66227 63274 
82511 78789 
22692 67054 
33645 21815 
90040 28700 
28474 62517 
19172 20519 
18399 2381 
14678 9147 
37111 73033 
98892 34662 
69108 4823 
93446 24209 
63331 20760 
83736 53299 
34309 79205 
5232 39190 
18349 73951 
92248 75012 
55482 88740 
59551 90802 
49245 94710 
45112 58126 
15862 73970 
28340 38698 
71954 50173 
52275 14206 
25670 7915 
20544 24479 
29940 86724 
10242 84237 
28551 42584 
40492 44819 
75833 80153 
63040 16611 
38967 72247 
96082 70355 
98277 99634 
5379 91063 
45327 63844 
47796 66963 
41273 48417 
31523 57715 
38603 29932 
14555 1086 
88273 69127 
58386 85335 
51214 44564 
77435 35733 
8282 26564 
76365 37994 
15930 27474 
47249 48803 
86262 5881 
6434 24216 
79569 46976 
87025 30370 
85065 89048 
67006 87802 
31252 16963 
5387 40565 
11197 97478 
79084 34442 
29979 88386 
61855 34711 
81650 13715 
63215 13268 
41293 60621 
50078 87326 
14090 20073 
6761 97485 
17801 63102 
50026 71666 
87647 17109 
5008 33218 
83308 82613 
65140 76420 
46594 9835 
4620 50724 
5343 36631 
85474 66212 
44154 74543 
2962 57102 
65830 18117 
42825 17558 
48728 44149 
81803 54640 
64682 62130 
48887 86895 
59793 74935 
78915 53948 
16065 9670 
32427 92347 
5737 82588 
26084 76016 
22126 69134 
16510 15855 
20903 60416 
7055 62323 
33920 773 
1786 57314 
24099 17648 
13908 37165 
34319 74547 
46847 97363 
45856 691 
5408 91312 
2674 76764 
61684 50458 
76669 85247 
95817 81163 
45976 65893 
55244 14880 
33528 52177 
27707 62515 
6296 2951 
3120 51309 
66963 84996 
7270 3106 
79272 6837 
26370 46617 
55901 51903 
5657 43058 
3394 10022 
97493 44504 
62583 60226 
54850 97374 
4865 14975 
14584 49631 
44811 96174 
91589 19617 
7808 76713 
9661 36883 
47789 87790 
27866 70920 
44558 61882 
82201 22415 
22833 53999 
51506 63463 
25847 59738 
73896 78095 
45199 27627 
85344 72565 
55604 45432 
25634 96023 
28311 65295 
58520 36518 
166 20992 
82735 34724 
56643 82085 
68405 88319 
46653 84379 
39443 3697 
84525 73841 
36673 88430 
10276 2021 
38709 67925 
73146 15025 
88037 52709 
75338 85208 
68260 79016 
62999 45008 
5160 94659 
79704 95746 
18978 64587 
4061 80676 
38261 26124 
77499 31247 
96616 32561 
90949 18257 
72932 85585 
39792 65466 
2842 71995 
75336 12258 
84678 88183 
78053 44050 
26653 57089 
52878 44391 
33698 16626 
128 61118 
12153 86022 
46928 20384 
78420 97106 
33503 67038 
93727 11234 
36301 57583 
11312 29375 
75632 82807 
14613 42831 
99349 51206 
45476 65115 
56083 21416 
69902 31711 
71621 32167 
5550 53751 
20270 41599 
39964 64092 
39362 54345 
1422 99837 
69548 84347 
5335 24046 
16135 74192 
88284 1166 
17414 67582 
59066 5714 
74808 10577 
41534 61734 
46607 39391 
57553 81814 
32193 97745 
42 98709 
76845 15188 
75872 60098 
8585 69290 
56297 87539 
77990 49221 
58618 84399 
9487 36034 
96956 14341 
88389 15789 
82285 61898 
1758 45698 
22297 29715 
23161 589 
70183 23264 
81485 37248 
98108 23114 
82202 27550 
25915 47302 
55811 27832 
18512 61927 
92667 71572 
76439 6743 
86007 95168 
83259 64396 
45692 32550 
40715 16832 
64045 43291 
17988 527 
12134 71070 
64957 93339 
19939 64554 
90977 40119 
47080 31175 
90520 51649 
82115 35754 
4909 92061 
17898 584 
45412 3550 
38088 11296 
67145 4038 
15603 83766 
75471 33386 
67698 1268 
67053 16783 
34279 88247 
56205 60196 
46179 47327 
13870 92011 
28360 49543 
51325 17488 
39320 34290 
13647 58193 
82494 45126 
8971 7280 
37993 304 
88774 43286 
53794 72785 
11664 10071 
4304 33507 
68602 88585 
71212 93795 
20981 57346 
26640 68055 
4684 62813 
1820 66282 
82989 98297 
5873 17411 
89146 20613 
18753 19160 
85432 17363 
19985 7790 
79705 74564 
30588 42053 
82708 84262 
39388 99644 
59847 74872 
56918 91566 
29631 43126 
90197 10081 
87688 15875 
59890 39325 
90012 72405 
87723 74112 
12024 13497 
66471 12153 
11064 72164 
87456 7604 
59090 22800 
41209 99781 
79644 60423 
25792 59855 
18549 89771 
94253 30493 
1361 85173 
47790 68646 
82217 56479 
34403 40074 
68553 83715 
44201 55696 
14043 63756 
1943 84483 
8151 45959 
45055 25382 
54866 20526 
41038 71604 
25450 63327 
42056 54641 
90456 33938 
96452 12505 
84802 69896 
37059 86915 
36355 19431 
44352 17561 
93241 7425 
38898 68059 
18046 34882 
91968 87855 
78062 70905 
55820 87080 
49942 7974 
5868 77237 
74363 16277 
55793 9614 
41742 50913 
53629 25435 
63577 36946 
91970 17018 
85635 81661 
68642 87602 
28998 40752 
15546 88976 
2901 95798 
72850 10709 
19316 84020 
23301 92510 
53395 58171 
17155 32141 
36191 44335 
12072 65284 
36454 8462 
24281 929 
86868 38695 
37443 6084 
36726 99821 
43844 46965 
67849 18656 
98894 10385 
93444 14702 
54407 48626 
70648 99144 
98694 13876 
96659 27043 
72273 74179 
25633 2539 
46793 31838 
38951 4929 
51794 97361 
24980 24700 
8982 7274 
76125 72883 
86949 12524 
90744 54560 
20589 5674 
75416 77919 
48969 99746 
79077 3923 
12970 19308 
54717 28507 
19770 15277 
36593 29127 
25069 68934 
41343 581 
5947 7735 
49910 51186 
97305 15820 
3848 29733 
43123 85423 
54370 6072 
70054 21963 
35407 33743 
25389 85171 
92969 81774 
34001 21396 
92292 34570 
19618 18086 
41497 23761 
4604 90478 
15936 73954 
49413 92605 
40913 15507 
17969 30057 
92123 41775 
58460 40234 
2972 65714 
70368 97392 
25799 61293 
88038 94379 
80109 58862 
48688 50728 
35039 428 
28470 97640 
15608 50748 
24070 94414 
92672 3206 
29267 37976 
15067 15629 
6005 37459 
69081 60522 
77736 39118 
5162 76634 
79142 3405 
54704 64351 
80817 55633 
70760 76070 
70095 54423 
65737 14563 
9914 48017 
86348 67265 
16490 17508 
61568 72460 
93486 38220 
82840 34597 
35541 25674 
27445 80198 
67163 70985 
15746 73341 
14403 12036 
906 90218 
16158 31390 
25737 85972 
69573 19669 
45478 73841 
69725 93998 
7605 76577 
47611 15133 
162 3154 
32455 3986 
28657 50009 
64434 18561 
58225 25335 
62143 15655 
62530 47417 
5468 88193 
53807 73555 
29024 38716 
29467 74807 
33894 22253 
59861 83609 
16120 67732 
59060 6267 
79289 66053 
25952 10387 
45470 95104 
16468 68488 
3899 37222 
9408 63368 
40020 33015 
58143 38245 
68824 6944 
78360 5237 
55921 94690 
8062 9453 
47372 102 
90183 82790 
45010 10387 
70494 11450 
57865 2211 
73837 84268 
32244 78505 
20309 85156 
13137 86040 
69646 42238 
17839 77185 
36850 48733 
9009 95801 
5020 26194 
38894 86816 
72377 9394 
99001 51812 
9628 93989 
50259 98821 
71111 3003 
27544 63511 
98558 96263 
9408 11123 
79875 68106 
18963 63711 
76955 52983 
75092 35672 
16372 86031 
44490 2007 
44677 46264 
54536 68435 
86085 43699 
14576 60191 
4463 98581 
58931 97232 
63850 784 
68773 77605 
2142 30543 
52016 47807 
81081 67875 
60438 99285 
52399 17342 
1482 93533 
84697 27260 
58541 84819 
28603 88038 
67989 79136 
58738 52990 
13829 40786 
20223 36814 
91550 33827 
24706 11855 
61622 64677 
86340 40331 
60051 74235 
61633 51915 
58494 13193 
58785 346 
69666 22537 
11904 10230 
75122 32796 
73391 55710 
11950 90162 
63835 96419 
92553 15423 
32908 32906 
47350 2475 
27041 33705 
74162 67231 
30073 29252 
49924 64821 
41590 64068 
10566 3288 
84353 47923 
33019 95321 
86970 49163 
59758 6081 
70896 28920 
90675 74823 
81888 23636 
29730 10741 
45174 45141 
14531 89372 
90906 82473 
75842 4872 
91866 57676 
70985 65622 
78933 9037 
10219 55880 
51470 49490 
48379 24553 
79594 75421 
45420 3689 
3178 81608 
8979 3905 
68489 71765 
19665 81728 
7520 40969 
5511 24698 
57352 46170 
75873 54093 
37298 74072 
47019 2256 
50131 61859 
91778 81768 
50317 25553 
23807 27092 
27011 3221 
83400 55789 
82442 25855 
26245 66081 
47376 87376 
29111 60254 
64484 97103 
17182 59281 
87749 62902 
86600 53063 
91438 71347 
42755 12805 
55709 2380 
99958 77278 
97586 40304 
91340 13146 
45808 20364 
19193 40992 
15982 80735 
35425 13323 
28500 73455 
79401 28609 
25832 24613 
16163 66250 
88105 24094 
11887 31407 
16287 68205 
55370 5730 
50811 74723 
84490 10295 
20166 39220 
4743 436 
68739 3952 
93376 28635 
96118 66164 
67046 31306 
51091 61382 
53571 18034 
62750 19031 
49053 67705 
58378 2709 
60492 64995 
13221 15483 
30991 42777 
768 71764 
19750 31304 
63837 11659 
62262 53353 
6546 61116 
67484 46066 
15141 21743 
18210 34826 
51723 7898 
28496 32262 
29035 35441 
77687 86370 
66794 6475 
84448 55723 
50432 27508 
6198 46891 
61665 44604 
49392 9416 
26962 78458 
54383 47117 
34769 94736 
74892 70930 
5254 50607 
6602 88205 
57384 17083 
32015 96049 
7289 88582 
39386 22254 
49164 56103 
42442 36306 
15367 38438 
74530 35123 
85907 37042 
55972 93415 
19178 4530 
36581 56942 
5568 94162 
96692 48453 
3510 88276 
49493 50701 
3538 87322 
25061 28707 
80106 77943 
32218 54313 
33200 88516 
88191 54 
92174 83614 
77991 76544 
52786 45046 
55581 97781 
45085 36466 
27074 72193 
84537 50942 
62572 33728 
41760 96499 
67741 46922 
77194 83284 
8787 42647 
26266 37861 
25244 67110 
87832 85064 
83824 55662 
64138 5905 
23547 75149 
24046 1229 
17472 13733 
12941 65125 
29582 35546 
12520 99538 
76698 59000 
61587 82103 
14800 62232 
84974 32893 
56701 66906 
41927 12621 
93776 2474 
97522 24754 
38262 6997 
41128 87059 
24636 77775 
24451 84317 
8686 45264 
68351 13238 
81073 7148 
92429 83055 
68588 25949 
54253 40841 
30719 63164 
46175 49297 
71790 95688 
86816 56550 
79631 36162 
61585 62467 
70591 57877 
12034 4045 
67671 7004 
47348 53625 
63686 70170 
52961 48004 
24525 53778 
1058 43956 
68994 22981 
25637 26238 
21148 42830 
10839 77846 
68649 61894 
55417 59116 
76384 79516 
18500 32184 
98447 41862 
22210 10408 
3542 19078 
85240 8530 
78985 26093 
88145 18686 
6675 63009 
25902 39794 
10779 67507 
86179 43441 
61343 91328 
2817 68061 
80613 35663 
73169 95027 
39622 6127 
95231 75206 
51393 77037 
75916 42608 
64121 86806 
85345 72941 
32772 21550 
83700 19211 
772 82364 
26971 83928 
54800 73230 
65819 68065 
25168 91156 
87838 70608 
91883 47901 
17651 99328 
22197 3492 
81541 93381 
9297 45796 
63759 51376 
3765 7477 
30168 4773 
29541 71973 
71538 75766 
54337 83479 
23610 11246 
40782 42431 
53940 90042 
39099 37621 
66574 59270 
94656 38820 
64778 67498 
34483 49675 
29307 27321 
65711 99628 
15132 58056 
65821 35767 
43063 30422 
69725 60739 
64373 59395 
61908 51262 
6311 68892 
63198 83256 
64309 82466 
61232 84247 
92704 77922 
71255 31475 
59988 80547 
29626 14969 
76841 59629 
16251 88904 
75661 35957 
74130 41652 
18805 4232 
44319 25209 
39417 23600 
62803 98055 
73531 31984 
72151 51995 
25018 95446 
85279 13189 
15987 12498 
1256 30294 
14439 55115 
13801 88555 
98202 43119 
71974 17659 
9641 16696 
49530 93317 
79150 92974 
54511 67764 
47070 66935 
63868 2792 
93512 44339 
99250 20376 
93426 74945 
69578 30639 
50321 87971 
93617 44614 
26196 18571 
81464 30158 
77514 54043 
97761 23380 
27480 21548 
51361 65066 
53405 85315 
56313 91836 
44610 20605 
87231 75158 
91091 84195 
8488 67840 
96100 6638 
91098 87240 
66813 90321 
43808 37223 
26423 9107 
75605 46717 
8284 70306 
75690 81789 
38139 17796 
43968 70232 
83994 26289 
30185 62945 
54885 61066 
43061 44755 
59520 54934 
72126 98835 
93757 84750 
24435 23494 
11847 13508 
15941 97884 
50576 839 
73008 94034 
17716 74697 
93420 36629 
26575 74 
88205 19088 
57026 76777 
75672 94737 
50007 47617 
27316 75256 
97285 804 
71565 85098 
71205 5912 
45826 40172 
50145 31446 
49896 41881 
34594 53901 
94494 3442 
16028 83104 
57567 54449 
56182 96717 
57938 1756 
57857 97970 
31022 60014 
60039 85003 
44499 3567 
69916 47644 
23230 32936 
52283 88002 
62146 93724 
32840 94975 
93451 33547 
36088 89549 
40187 33462 
70768 97745 
32083 4390 
96232 1110 
81552 96119 
51661 60848 
17825 26774 
6690 11012 
55413 3988 
96809 68602 
29447 75519 
39805 13997 
64914 16692 
90538 53834 
59413 34801 
80537 90251 
49760 46464 
6132 85383 
1638 62969 
74315 28033 
8452 727 
88993 80652 
10636 19242 
62004 9069 
49915 77373 
63040 74861 
54322 90158 
80500 818 
9296 63117 
51386 3632 
7742 78684 
32474 24788 
87689 10325 
27281 80551 
59996 43865 
53785 95011 
567 92714 
36357 76355 
31607 3910 
32055 45837 
44668 65290 
56181 31364 
24621 40596 
54953 93180 
18110 78948 
84138 57823 
52687 67895 
91684 98356 
53512 25094 
69654 13779 
23392 52704 
36194 28660 
48856 10702 
31774 55135 
70111 567 
65632 33815 
5895 89182 
28117 97531 
55646 44288 
92549 82436 
10833 97458 
66221 44679 
94908 98325 
14387 27654 
17078 74646 
73286 64810 
68916 66843 
88742 96034 
14811 62713 
65345 21848 
27378 18336 
87937 18932 
97135 14523 
81865 92983 
2118 64689 
11409 50431 
57596 59649 
76803 29259 
78609 7589 
59437 40993 
78805 3348 
82126 40826 
97889 40157 
96711 60977 
96957 59081 
84820 13501 
86120 16712 
59273 93149 
51997 39985 
83384 88271 
34053 28541 
83338 38341 
58198 59663 
14856 60386 
73665 48567 
59510 3383 
54929 17714 
68352 79673 
24241 32822 
40910 65464 
22365 70361 
26162 58724 
5159 91594 
58736 32055 
71910 11591 
98398 20589 
37641 68151 
23762 40530 
46103 15193 
42227 42614 
82754 87936 
17295 66638 
87762 13069 
81687 78077 
87894 66103 
118 35954 
63145 10236 
69117 62244 
39056 86319 
92908 57461 
48881 61883 
54210 34504 
41127 88687 
6669 23389 
17447 62893 
51702 33210 
73480 29704 
26688 44470 
80944 25207 
23715 44874 
93134 2137 
78522 14737 
77958 43433 
17777 14355 
82744 27702 
29544 25005 
13248 74074 
26516 47674 
65687 60453 
4555 69190 
85041 78789 
60071 64116 
35508 63750 
18978 12590 
59698 7054 
47201 79229 
71997 48718 
58157 16277 
78518 18629 
6148 25393 
41152 87066 
56268 36744 
6432 71213 
51226 41575 
1309 36178 
53360 44931 
57375 23687 
26197 88928 
62690 39353 
34046 33801 
56084 30323 
80403 73856 
72643 89084 
76356 8568 
21092 26362 
28715 85208 
23836 66281 
64264 78752 
78693 30345 
61276 77221 
7672 93305 
42413 96184 
42623 13585 
94081 54869 
60194 63729 
16550 8099 
19249 12178 
76390 43248 
72739 36701 
28180 19472 
23010 81943 
96013 47636 
64608 8796 
56963 83722 
11883 21670 
48448 35884 
40023 1269 
29373 65942 
77645 15083 
60929 99759 
76634 25572 
37121 47771 
50689 66896 
87360 76893 
17834 15047 
93867 68074 
4164 33364 
15186 39975 
66165 35678 
83740 18559 
67200 72703 
50183 84824 
59 13788 
80167 38468 
81991 65792 
70217 73986 
61195 43578 
38549 77489 
64494 82521 
63953 17498 
84740 62399 
91273 21027 
53514 94207 
95558 97450 
69718 6643 
98602 96979 
57943 57435 
61401 68004 
11801 86145 
33937 8142 
36907 19745 
29761 87486 
45770 39992 
6981 59413 
72607 22530 
79571 64215 
69910 61619 
53310 73900 
20592 1558 
79202 22695 
49618 6093 
43882 17106 
47263 10493 
71315 21818 
22480 17475 
92977 73307 
89339 17807 
54779 81706 
52080 39134 
68106 43283 
95078 52489 
79691 859 
2818 94934 
30389 57524 
32007 98915 
96499 70220 
32991 54153 
58926 24073 
70921 66298 
25246 15810 
28408 18047 
37676 55121 
80931 83087 
35959 26585 
23809 90940 
8352 41522 
95316 91717 
56186 49136 
84338 23729 
17861 69344 
32944 44097 
46711 55882 
44360 42702 
13789 97616 
85037 23229 
11445 18399 
25863 1555 
66459 41400 
2038 41343 
32527 42522 
83728 19494 
21075 29329 
40343 89942 
46637 46859 
50120 93325 
8462 29759 
53674 42157 
3544 91364 
75279 96413 
67923 64673 
38850 32782 
72903 87602 
86966 2395 
60728 55468 
70723 66398 
90311 47349 
15830 96563 
77747 69780 
86050 28966 
58650 51177 
58973 62769 
69748 63480 
1056 3290 
45716 43644 
78960 58782 
53873 36982 
72466 13728 
44172 86754 
60557 17960 
74807 50004 
36765 50547 
84811 28307 
72454 40135 
24154 63924 
87448 49320 
19174 66794 
6242 59616 
46541 5867 
75037 25744 
12523 19466 
89901 3172 
85963 73677 
39614 91273 
13178 25233 
98079 75915 
50878 25891 
10658 99968 
89259 39013 
6416 37953 
1583 25881 
33925 1928 
48819 99191 
62187 59716 
88371 34286 
10162 3728 
84403 74816 
68517 68839 
93989 68888 
55404 61224 
8040 24182 
4453 26490 
58925 76061 
17621 55131 
67694 21439 
28136 96047 
93014 82939 
9497 24764 
61168 32853 
35360 91999 
1911 24449 
42075 60326 
88507 49391 
70768 21972 
81914 64338 
69072 79139 
8886 7232 
13959 59761 
61675 54346 
76599 36211 
93019 52878 
87769 12273 
94313 655 
78062 44517 
87096 34488 
60987 68259 
28429 31767 
99020 5406 
29263 26077 
42786 41728 
11554 86939 
61744 74500 
84668 16222 
91115 47937 
4542 69322 
4264 13494 
90077 17923 
82334 74848 
10422 32947 
93659 3246 
24086 81250 
14347 37941 
46219 97696 
18351 18527 
43941 15416 
40507 31266 
11274 11391 
69181 89859 
54979 51926 
56553 12643 
30564 3159 
44025 2792 
3708 5436 
87840 85882 
76549 97196 
35715 10041 
10546 13962 
49147 67922 
98047 81082 
88031 56853 
83221 65082 
74299 53783 
9675 47780 
29541 45011 
76870 39773 
37901 17210 
20347 55469 
20027 85849 
91824 30520 
16421 9917 
4363 74342 
69301 17688 
25124 15338 
60905 47304 
43595 14513 
13139 88062 
16761 94353 
78590 93548 
94291 54175 
56125 26145 
56666 20571 
45662 83952 
57006 12153 
16157 55753 
43468 81496 
98456 47459 
53184 33983 
30391 24322 
11026 13210 
75328 17191 
36898 85664 
7371 48255 
63758 53582 
6495 41938 
95275 74226 
35137 10 
86783 66227 
74090 36461 
16107 39247 
80047 87345 
21887 91870 
89706 33515 
26171 84470 
36107 94 
25332 8744 
61688 25479 
28786 43646 
9546 24867 
48522 8674 
49451 8475 
94094 99761 
48435 53070 
7543 20473 
27073 66883 
80605 1773 
52080 32632 
32593 37310 
3439 61129 
91521 48008 
19980 38824 
13311 29667 
71206 6638 
94329 30353 
25110 64577 
81036 50553 
81841 56857 
57216 58385 
21287 55670 
93993 64587 
69006 28210 
80793 7583 
19390 41194 
16432 57616 
67559 29912 
28651 60751 
92202 34668 
7739 8488 
426 86502 
85272 36808 
92639 6219 
62526 29638 
30622 65995 
94809 26076 
95121 51192 
67717 8115 
677 51560 
59234 76209 
94869 5596 
67650 3695 
6735 19586 
99396 97900 
24879 83775 
53216 85721 
79596 12047 
7485 84513 
75342 38692 
16026 15316 
69959 16051 
44425 64784 
25283 70215 
33656 4595 
60142 88468 
60710 32711 
21172 31796 
76962 9531 
49534 88510 
44200 23802 
62284 10946 
55479 38109 
86048 6183 
23396 31798 
77568 83868 
41943 80414 
40848 99470 
79694 85027 
3789 69677 
41926 92279 
48602 78164 
47157 26524 
99717 34560 
99611 89160 
60541 97222 
3305 67048 
56115 21295 
55722 31844 
82575 47535 
79438 5164 
86307 4505 
98628 10668 
95750 57013 
44017 33492 
7080 97036 
74629 59857 
81287 39865 
37614 75302 
44691 57865 
48443 58642 
97497 56970 
62942 20568 
25742 76913 
29911 793 
80812 75231 
58486 55633 
37693 37155 
7937 39204 
68216 38799 
9256 5627 
68773 79427 
57673 37175 
63330 90054 
73157 33774 
62054 20316 
11969 83031 
93423 3248 
26525 66732 
43470 98522 
13101 49715 
29612 18685 
57305 40099 
8515 50075 
85802 6001 
67520 90334 
59424 83246 
77418 37824 
97589 10966 
90650 84771 
6846 87584 
53544 85552 
97431 48354 
63750 94334 
10842 27442 
44784 92137 
48752 82493 
28428 52381 
88984 27670 
32709 26140 
97793 42373 
98283 63548 
99380 97120 
99253 26202 
43343 65563 
75828 86895 
18660 72142 
45679 57656 
98870 58577 
38449 34821 
67243 39239 
63609 730 
63044 55346 
65688 75662 
10382 31019 
42875 70747 
39687 80433 
5106 52833 
88517 14577 
25953 95693 
73159 48630 
98987 58427 
55448 16469 
43760 1569 
90193 57580 
19156 24155 
27837 53392 
92561 80886 
64196 55059 
82179 17513 
74566 62730 
36769 44729 
43037 87571 
42196 56072 
99454 52104 
47388 83749 
6331 61879 
83669 77781 
95859 12051 
10878 88495 
43236 76130 
61308 30169 
76679 60998 
68203 4464 
66779 2204 
59422 66345 
8259 16648 
68817 22267 
5732 25926 
67997 60681 
1730 12935 
49375 28303 
40039 76795 
97720 82063 
40295 6678 
71917 66317 
70835 3856 
81263 87617 
45963 43083 
81295 85257 
41039 79360 
33053 24783 
14272 74224 
66611 73796 
47568 36857 
64818 54639 
70493 49659 
36434 6924 
11169 75360 
79160 34362 
25841 23300 
42556 55001 
94889 86218 
88438 21713 
37212 45696 
12052 30656 
87204 84340 
31200 89448 
98953 35865 
72417 73917 
90814 50418 
83462 62526 
20190 51811 
79539 984 
83124 15772 
87070 16029 
66216 3866 
83275 67011 
39427 46479 
42430 96663 
67472 80007 
90398 18302 
34809 8410 
37863 55745 
24626 77280 
9681 34308 
65778 19828 
12856 6557 
63263 58473 
88874 84815 
57646 23170 
77465 43967 
16709 78182 
78356 52717 
48676 32682 
35150 89199 
40503 47408 
81215 97756 
67006 39513 
81293 47646 
87031 30827 
74525 61633 
41371 80944 
74676 92617 
93836 95867 
11585 39868 
11629 5357 
4177 12916 
64121 57747 
39892 70803 
30125 89619 
97951 87119 
42967 89606 
94603 17150 
69886 90493 
47373 72476 
17766 91863 
52260 40453 
80678 36738 
42983 21298 
96408 39960 
54538 93873 
58938 93523 
44730 62732 
41710 54612 
36787 83683 
22595 55806 
33755 12815 
65623 63723 
21130 74854 
6790 52314 
17990 700 
11731 50091 
58885 41134 
21520 66762 
88844 23932 
79547 4055 
32067 85004 
37222 7964 
51225 70682 
69126 25218 
48759 77906 
89301 85454 
74183 71818 
49517 42394 
92087 96133 
17629 72286 
34423 70704 
79566 45906 
7590 52760 
82023 61629 
49965 23625 
34576 51393 
38733 51032 
19732 48809 
26211 68720 
17359 39252 
45349 9569 
35921 95442 
61685 26321 
57175 38864 
64742 34807 
43199 57289 
85716 18583 
25093 51744 
263 41043 
91186 82478 
25322 21296 
19268 32747 
47076 43491 
52139 11741 
23570 85779 
98675 73486 
89917 74724 
53663 37290 
56667 93727 
68791 57086 
32594 99912 
74500 1989 
22057 32927 
47759 78430 
43994 31231 
44440 45453 
94784 6712 
66538 49025 
30367 66835 
14348 28720 
74393 15050 
81563 30634 
68656 4791 
87328 94132 
69621 70172 
3423 66818 
60627 7361 
27046 42068 
93160 34604 
70078 6525 
92574 16019 
84225 31170 
63749 94517 
18133 38860 
10365 42600 
7316 33703 
37862 6275 
30670 83191 
44587 86970 
28381 2687 
18255 79071 
65178 3722 
45563 56602 
40191 32443 
11642 81546 
90069 42673 
13006 88459 
5547 19196 
32765 85275 
83322 91214 
30070 98561 
64866 53373 
77123 83023 
71748 42287 
36566 9644 
33015 235 
9618 44644 
14411 94459 
1117 32280 
1434 50489 
41401 98533 
58699 950 
77003 99872 
86551 47515 
92167 51500 
22590 82975 
51475 82898 
90509 22853 
60171 84982 
81592 51532 
23289 32797 
65217 96585 
47235 90459 
63911 6789 
68250 30895 
95747 24262 
10998 31981 
82328 9212 
77495 42757 
44084 97006 
41700 48694 
56329 41551 
78322 3349 
19253 26436 
85727 35241 
2983 5862 
72298 83420 
64835 71051 
63229 62959 
94 24670 
50424 12466 
79882 85721 
52033 29726 
50142 40439 
70132 58698 
14261 912 
35149 51379 
98527 32470 
3858 91376 
4425 63305 
34114 32577 
84627 95391 
93977 75921 
40644 94426 
75456 80005 
29195 48352 
73856 77188 
81693 48953 
62523 45805 
86605 69088 
39787 71281 
58033 79316 
49970 14137 
15465 71979 
83581 91321 
29484 38254 
43140 68739 
46102 74255 
20564 57538 
88412 75949 
69629 4407 
48459 19476 
72769 67091 
24449 13391 
95286 70250 
28892 52437 
92064 43997 
91755 98609 
81920 57639 
9399 64639 
33004 74569 
44841 77414 
8976 70733 
67792 54461 
10152 78745 
33971 35284 
6452 42460 
42332 71172 
99649 92704 
76155 92043 
71314 83863 
29334 36934 
69795 63157 
42748 55969 
64679 79687 
27261 65925 
50402 78708 
29670 68973 
12031 68107 
5835 24735 
75692 88667 
1275 99488 
53744 67478 
3653 3159 
60500 84713 
23863 64708 
18156 38009 
82858 89544 
94550 45801 
29868 88826 
14486 91243 
94346 69821 
64567 71688 
78731 28899 
67837 85237 
32059 94368 
38998 55485 
5474 24985 
43570 68330 
79845 81837 
75094 70622 
72992 56204 
33296 59397 
79430 54097 
33139 72606 
69074 9343 
99767 77468 
73003 21420 
7565 40979 
14181 91664 
2924 58612 
98928 62065 
9749 11851 
70976 44542 
54371 22978 
44105 65391 
62226 76410 
71641 39588 
72528 79867 
81497 32636 
89113 45799 
3992 63882 
35759 83754 
46328 54521 
12487 7737 
22394 25965 
55700 79120 
29480 9795 
89498 25294 
74515 39235 
18090 97006 
91600 53883 
49971 53197 
59912 64379 
63343 91175 
26425 91765 
19273 72066 
61480 17478 
4144 26765 
26853 54226 
36202 65959 
15774 75449 
2329 59330 
32271 21632 
668 93634 
13218 35429 
52305 67161 
60653 64355 
10933 28899 
44218 9780 
43300 24776 
53942 93994 
75170 70462 
32199 63316 
97678 30464 
90240 44539 
7115 46646 
19575 24432 
7610 25780 
41314 27611 
40565 65389 
97669 26745 
17354 69886 
78938 30922 
22504 84890 
96605 62903 
23408 56613 
58583 54090 
69612 5320 
76175 57198 
89813 87155 
33973 961 
97917 6961 
83714 88626 
859 36263 
81022 72568 
60373 85186 
69980 21035 
98466 74852 
34669 29871 
52115 57663 
79067 21989 
76508 36898 
67125 20423 
68164 44165 
53369 77018 
29337 43514 
61045 88092 
23341 44390 
19591 30859 
76784 22108 
56148 9993 
69164 64173 
46851 12353 
12890 83500 
72793 29763 
67489 65489 
92864 24633 
50645 44900 
41033 81314 
5655 40620 
79240 7237 
59993 11628 
88655 22224 
62916 35903 
61902 1797 
21365 55470 
66729 20875 
62902 75427 
87641 77933 
42022 52570 
16182 66522 
71897 60076 
52832 1004 
7454 68731 
3900 96384 
27681 42318 
5314 48351 
65112 5025 
81894 58941 
8718 2116 
55458 5668 
62733 41612 
48026 57552 
78441 74365 
87436 153 
88537 42640 
11822 43541 
64411 3233 
86710 52070 
85534 10125 
93889 52897 
57109 23811 
24749 51366 
37243 99713 
12442 5718 
38128 96443 
66999 90985 
47051 36191 
35462 12554 
72535 44152 
95108 13516 
58513 91656 
2006 56776 
25159 68528 
59445 52820 
88829 14233 
41173 47113 
85580 44484 
2903 77273 
72780 20217 
42254 59516 
11584 19268 
22012 66269 
39390 87543 
54570 12458 
25840 66117 
56389 76617 
68568 13476 
20525 44841 
25576 67944 
22519 80486 
6 24400 
70377 90634 
90015 31459 
32897 81516 
91591 50606 
32255 69379 
95334 57095 
66550 40769 
49608 3968 
35931 36726 
71917 15156 
81935 69119 
77979 21395 
13862 64113 
63663 3549 
88256 67765 
18835 61952 
28021 41750 
74117 87510 
16186 23468 
81650 70538 
76030 24038 
9192 46714 
54041 90186 
83231 46018 
55112 61564 
51237 80148 
40390 13723 
45820 76689 
87377 88822 
24235 44144 
29144 81044 
25568 30984 
34959 61789 
34876 23971 
68122 902 
68659 16288 
58516 64498 
99289 64359 
57111 47399 
17330 43776 
97614 28758 
90184 9360 
76455 23142 
13082 62144 
76505 36153 
64178 26936 
2153 23623 
69317 48143 
63822 96463 
54071 18648 
48520 9466 
10684 66788 
39692 21647 
35830 39868 
4400 18182 
1403 39147 
48808 39532 
5059 80863 
53953 72075 
9812 80594 
42945 16342 
22704 84185 
98045 63933 
81431 97413 
41458 82216 
14776 98727 
17230 27151 
17782 54658 
63274 78846 
35847 95843 
42374 21931 
83248 53142 
8882 73389 
31086 97935 
23899 94177 
87233 78454 
95850 7775 
56602 94876 
15694 88762 
13880 9900 
76377 77571 
42864 48684 
14696 23770 
96626 2244 
90402 59529 
10950 11814 
22146 57383 
59849 78160 
32776 31960 
76412 9479 
17559 4034 
74877 94261 
38020 57084 
495 61371 
61406 81480 
2629 68619 
11187 19481 
73510 43197 
67526 95425 
20139 82653 
58333 39800 
40087 13393 
11289 93343 
53248 95276 
95126 7854 
1114 55426 
64525 44134 
62715 32199 
37093 4246 
52091 11073 
73228 25257 
56020 38277 
38 4672 
42693 5057 
19058 23983 
22121 5785 
64134 86034 
67291 86437 
30655 84403 
11431 16525 
80208 78502 
21203 37152 
35774 56839 
8283 60645 
21737 32680 
82439 23086 
70269 31287 
68150 20059 
11066 95994 
3706 88073 
84929 61546 
16877 29373 
73372 17469 
24440 16211 
16191 11667 
34199 52190 
96877 25009 
37626 12880 
11741 81362 
68812 35696 
2840 44344 
71182 79872 
27017 92013 
57248 31413 
53829 53766 
68652 84989 
33636 39927 
43847 95014 
53803 93807 
79004 51542 
5754 48471 
24056 3081 
18507 75997 
90271 18100 
75380 75734 
58357 49709 
19703 59836 
66809 43915 
72653 59348 
29057 10838 
31754 92127 
74953 60389 
92107 5121 
37234 89209 
34071 27814 
6808 93985 
50928 51109 
62080 77827 
47935 76457 
36969 10969 
30232 63779 
29928 4833 
11230 43486 
71915 59381 
15368 47896 
65211 47662 
19575 60380 
76854 8610 
76264 76776 
20633 29391 
87389 22913 
89778 11980 
53840 74553 
8804 35158 
7402 81594 
57503 42730 
43495 7090 
82614 11548 
12120 53458 
53448 78775 
91681 63177 
36615 36835 
65773 49343 
61923 36649 
46593 32668 
26664 74966 
40239 35782 
38697 80013 
28979 13177 
30098 51187 
53492 75673 
82606 53114 
14083 1994 
93717 12196 
74060 16849 
77966 14602 
40752 54851 
41823 58710 
20022 22695 
92560 72079 
88709 18174 
41592 63347 
6059 63956 
40962 42777 
90008 66479 
48045 11702 
17078 15872 
47968 90759 
65700 1534 
75878 29517 
11913 29779 
71892 16032 
3703 94935 
70415 83828 
85627 73322 
72497 95951 
18919 80741 
74965 70988 
43937 58421 
33335 4328 
61585 29805 
16822 29447 
68260 1126 
73240 58613 
64902 62433 
59207 40188 
74912 82497 
6764 70553 
47932 81031 
91383 2706 
96968 4668 
38304 713 
14794 29364 
54237 99419 
42299 61213 
99696 42253 
16176 10068 
23575 86405 
6304 65974 
66036 84346 
64166 17072 
98411 73353 
42850 9476 
9494 30634 
16427 64549 
66501 80619 
21936 37081 
75891 73112 
70732 19054 
44400 86284 
27603 68013 
93801 46822 
35873 66477 
14302 1090 
74590 99409 
50940 15762 
69953 70462 
4923 34160 
47274 64508 
97619 65389 
2087 3924 
88708 37386 
89383 39160 
62015 2110 
78526 60313 
92613 41370 
98031 15751 
87030 85153 
99210 76253 
44730 20824 
550 88723 
23506 41208 
35776 22214 
4033 52299 
17672 20805 
39554 37231 
47035 42845 
45490 52157 
41556 84104 
30781 11792 
32927 53606 
97827 7651 
82178 95194 
41148 90370 
92978 25355 
56196 39029 
60606 88359 
29265 34984 
80270 13515 
17014 55533 
52669 96095 
39849 3536 
66937 13472 
7253 93195 
11539 31058 
65145 19275 
62216 48833 
5420 47314 
22744 88555 
6052 75767 
49046 24203 
76520 37508 
70118 13753 
67728 27754 
30251 99099 
68253 68235 
16215 2721 
49438 43301 
316 64665 
40704 72665 
25701 31464 
13424 17620 
83766 29806 
26819 52801 
85228 32082 
42530 73961 
6172 48400 
45893 53732 
98320 60186 
21389 1953 
88791 44219 
17377 34923 
58779 22734 
901 8807 
82870 15200 
47234 26416 
31130 60404 
30792 83743 
84610 23713 
84135 82841 
91616 3657 
70013 1058 
96821 4453 
67748 73124 
8265 46630 
9732 12202 
28276 46620 
16387 68796 
63537 8000 
68707 2275 
46787 31998 
26290 18768 
48076 72951 
45790 11322 
27007 35599 
79790 23485 
79074 35398 
39326 45813 
58984 20500 
84643 46347 
21764 84596 
68229 30715 
8479 83514 
91782 25268 
17568 5288 
54479 77532 
45063 33341 
63759 72293 
47397 85516 
51826 68708 
79008 7835 
91143 74144 
83639 51252 
30449 83786 
72992 62027 
79138 31583 
9329 71981 
52350 17710 
19623 83549 
51690 502 
8041 6372 
97239 66665 
818 17102 
45346 22609 
52995 82193 
23681 81839 
70025 4591 
90123 58620 
48911 29596 
75263 16508 
23331 72594 
99675 61826 
5113 11916 
66564 16820 
50448 23785 
17998 54948 
43409 23130 
8669 31684 
81611 13961 
94949 98156 
69260 46113 
59012 42144 
71394 21308 
87855 61144 
59745 90832 
5310 35634 
85464 39559 
11458 37161 
46853 56614 
18343 75499 
81277 51664 
83477 61879 
99601 87638 
33358 41182 
98758 65631 
38046 24985 
33510 15785 
44858 39458 
1943 19173 
4292 87410 
940 9987 
24545 12110 
37640 84798 
72329 42053 
40809 76219 
97166 90440 
2086 31983 
93917 80919 
91209 77272 
34061 71998 
31648 28080 
90064 56545 
93434 66445 
49141 19931 
58558 84588 
62840 50611 
40932 54306 
7085 10330 
97715 80426 
33649 87629 
51709 52649 
78524 77977 
55564 18868 
55248 56587 
67687 64801 
1953 35870 
77060 99756 
69767 28464 
9532 16409 
37169 68936 
71750 13645 
9990 82475 
40486 45859 
19973 27295 
84970 89526 
66175 78965 
17688 98450 
52922 69500 
5183 52748 
65678 41828 
34534 93488 
91879 31103 
23477 74805 
37628 38337 
82559 58413 
13146 18981 
86221 21601 
59944 69295 
86386 49127 
70923 56776 
6921 31865 
10944 7372 
90228 638 
79884 31863 
28268 82324 
72815 46546 
99491 77186 
82611 19223 
50406 21296 
59212 50512 
5963 15966 
86668 82620 
66431 77345 
64248 12972 
50127 83608 
81077 78472 
71143 74622 
55143 67680 
99103 89551 
66958 12798 
34056 11541 
55797 11144 
43730 25438 
62101 26642 
52690 84446 
93553 25872 
43326 24695 
64234 10363 
27162 62876 
6418 17045 
71608 61413 
82761 72171 
22079 48104 
32997 521 
42317 32692 
73718 11318 
6766 71568 
32423 5056 
18049 93570 
37734 71315 
89831 14838 
6534 76622 
30812 38694 
65745 73582 
89090 57770 
21568 97725 
67820 49862 
42234 56910 
2864 86477 
51643 59620 
1049 53583 
40768 73134 
73668 17761 
91283 50283 
64056 57794 
71586 14401 
60298 21647 
9266 46073 
4598 61871 
66009 72426 
59343 48659 
41043 19937 
66540 59080 
7448 55135 
42135 93483 
42009 4072 
79590 75606 
43748 11061 
98146 51644 
48882 69927 
60370 15303 
40670 36922 
850 50863 
21465 13431 
53327 4298 
61248 68732 
37076 63701 
62043 58347 
65022 54601 
80796 81862 
65851 33162 
34694 15637 
70290 90856 
72334 50432 
97763 67876 
31773 61729 
93802 9367 
22199 41428 
10850 88511 
59833 23576 
95538 63552 
60597 43929 
44030 32050 
42255 83401 
13687 94959 
16870 58835 
34107 45580 
60848 41015 
43493 53984 
34248 99503 
87334 26225 
83684 96601 
55557 79434 
3834 78651 
1580 88874 
51435 41853 
82117 31071 
2611 81953 
80106 68332 
19481 72363 
24817 94289 
45215 53691 
2953 87546 
78049 59139 
62483 1050 
84255 44867 
46983 48544 
97649 42164 
62416 36226 
18939 99167 
70562 27720 
72082 33854 
23732 23497 
96769 77157 
3924 82117 
56268 45343 
6245 9925 
18078 44112 
11210 98338 
21181 73456 
23424 93364 
78172 71864 
15219 40737 
73134 11279 
2935 61838 
6836 30059 
869 80518 
9704 70201 
43278 39024 
89976 67221 
38393 12390 
9535 26339 
20044 54995 
83169 6995 
92282 90425 
78316 29214 
20302 86341 
51870 9989 
6995 39740 
98169 35588 
8631 34831 
98057 76574 
85444 25665 
52732 56338 
53317 38746 
58068 91057 
1280 87028 
25203 29269 
66224 36021 
81408 32603 
10981 65189 
91592 55745 
34865 23342 
25277 3304 
56779 85486 
56473 64044 
50176 80337 
24602 48784 
76417 72710 
3480 87310 
58518 53006 
22318 71729 
60769 7265 
57823 69006 
91417 15517 
69684 63732 
25334 53647 
83089 33753 
51565 54527 
31384 5848 
86618 17881 
59587 86449 
58588 45151 
55188 13248 
59420 15571 
16517 27549 
83101 12741 
90936 24354 
16036 57174 
15208 97413 
22573 99584 
68607 59867 
73407 82176 
5711 87598 
97500 80698 
70246 2046 
99206 98780 
4001 81988 
71421 97831 
55505 69667 
52903 10762 
62050 15663 
23279 5832 
25575 89018 
2810 38130 
28056 64382 
25651 50511 
35263 86343 
85115 63234 
19066 2579 
7356 22152 
87991 52120 
95947 58952 
53282 92764 
3959 53795 
73471 52551 
32454 80616 
14306 94217 
24695 58450 
32834 88681 
23939 28293 
44586 3862 
89308 24369 
60964 28509 
19044 11083 
90339 67223 
13346 12522 
80817 62499 
20027 70059 
45204 22335 
45407 25417 
49485 57875 
80111 41505 
64902 64519 
84868 41405 
80765 12094 
4960 67071 
50162 44902 
33591 33612 
94007 30881 
24265 82511 
20180 40568 
60153 17631 
24002 81230 
24475 41627 
23879 59247 
80080 97130 
51679 94739 
58679 57064 
61234 66408 
80631 1495 
40372 21702 
74664 64597 
11922 47679 
43632 34673 
87425 61309 
27150 42556 
93572 44448 
44873 79337 
25904 18386 
65234 43017 
96882 25568 
33594 25517 
36175 62031 
11051 16414 
69850 83035 
20576 17847 
52118 86559 
70660 36205 
48410 64539 
28334 40562 
71742 132 
43187 55228 
55721 80779 
81952 84378 
6968 91479 
19224 50398 
17380 50430 
44064 64413 
32338 50084 
84519 37385 
64827 70651 
22492 83275 
17429 40236 
69946 61896 
24202 26027 
4065 58463 
52727 54341 
13800 99231 
12925 73842 
93132 58224 
3726 95867 
27409 18724 
91266 68554 
58286 15001 
53027 67336 
80091 94736 
41158 13390 
15807 10617 
15197 63734 
44470 70815 
69537 51929 
3351 52332 
34146 96740 
68165 8686 
58462 37572 
22391 83924 
97805 168 
62864 78700 
9282 43793 
52937 912 
29856 91995 
26811 73381 
53122 3058 
69033 64091 
43284 93387 
41700 50721 
24944 87299 
8564 30497 
65518 30104 
10021 38855 
23460 67840 
75882 45950 
69928 66666 
23843 58758 
4151 17665 
80759 68317 
73438 48693 
81073 46610 
77668 43914 
42202 15639 
85025 53783 
90192 82464 
10872 63500 
10618 58252 
14869 76338 
29496 56862 
52783 59740 
86877 99049 
78920 96725 
51843 32031 
32706 82887 
41757 11032 
58648 10151 
50937 79311 
2795 82457 
64310 26274 
735 15663 
30150 99453 
22319 84237 
92654 95455 
66484 90642 
39912 57417 
5906 49872 
5708 62089 
65711 1194 
74670 88323 
83017 81909 
79384 20610 
34872 23835 
45446 56196 
40925 62209 
35761 52430 
44208 78840 
68999 72131 
48461 36593 
38738 59128 
43662 665 
39610 3536 
82797 83629 
14708 36904 
82337 95824 
74507 31084 
6522 30455 
1740 61440 
61261 63620 
48943 35018 
67287 3507 
55802 77306 
4228 80104 
61949 17445 
17279 27061 
67548 11055 
56472 70671 
98766 92266 
74792 7483 
68153 52149 
45950 21674 
80982 99380 
75155 66051 
27754 70849 
66986 6448 
20387 24800 
83297 8277 
74973 67218 
71063 26134 
17560 33325 
65192 42587 
91066 70376 
74502 90695 
71200 45410 
40476 86267 
57203 32137 
17817 90520 
89230 14868 
63474 21565 
58385 84191 
36494 33987 
17669 89051 
4929 89831 
72539 52945 
27980 51406 
28310 58148 
31681 36594 
98273 51187 
24618 90706 
31202 25243 
6562 45462 
99841 90697 
7325 55268 
2963 53767 
55791 23739 
72807 84953 
19758 59295 
46927 73995 
76105 27643 
58938 36075 
67740 1109 
26160 55218 
78920 40027 
63834 25140 
13715 79764 
35342 75241 
93772 38484 
55819 50016 
988 5363 
2535 43832 
78302 16727 
49602 79849 
67532 78476 
36867 61790 
7064 47138 
3221 20354 
34107 39048 
63125 22236 
36408 97383 
81796 9034 
76470 10183 
9286 85799 
67709 38966 
66598 84485 
16446 87199 
38008 86327 
56212 10628 
12953 98917 
91608 47343 
38075 48752 
37747 24479 
85492 68035 
88348 80558 
16832 25769 
70592 27748 
24275 77421 
48100 66690 
59620 84959 
14746 58043 
20286 89555 
81471 49531 
47221 2994 
95870 55023 
3832 20619 
50064 83078 
47334 48575 
26173 16348 
74351 81223 
743 50413 
21094 60730 
79501 10830 
25150 196 
62112 80585 
10656 54126 
42895 86642 
41583 75573 
37972 13880 
98853 8032 
91892 37508 
76196 21934 
57524 90889 
56944 20559 
61821 14734 
29334 8225 
67082 65739 
21474 34844 
12372 97996 
88751 5201 
73059 68902 
66257 68797 
7693 62761 
6723 86641 
70998 69951 
60489 5062 
59293 7231 
18175 53464 
20408 15675 
29032 22826 
4005 26717 
28354 74894 
50172 43919 
55850 78125 
14280 48310 
23556 65817 
4292 98567 
96647 64279 
63076 63757 
83411 44454 
62742 96036 
91692 9108 
90615 23426 
98263 39522 
97189 18681 
94875 90550 
45254 79254 
20147 40983 
46343 35507 
59983 77346 
95766 89561 
876 13566 
20716 75562 
50233 26414 
37263 23633 
95769 17156 
71545 4427 
62064 93561 
38056 28949 
36514 3236 
83642 79164 
79213 39172 
99694 48962 
1706 81487 
76948 82136 
98082 35514 
27468 4304 
38552 75707 
26544 59082 
90417 7301 
33630 75319 
14274 13181 
35899 11828 
94313 62160 
20599 48813 
727 16646 
23104 21048 
49565 92629 
16421 16908 
20728 92992 
4869 99433 
18372 56339 
59747 40893 
9641 37834 
88048 695 
57414 66019 
56591 17960 
70704 105 
3453 34762 
32322 45959 
56143 13721 
27642 75800 
41723 64585 
90548 36573 
17888 48387 
3054 25025 
76022 84921 
33661 53712 
67319 49517 
76112 31473 
81316 8504 
55071 34349 
62479 9203 
98073 48490 
85013 9983 
34213 25299 
18626 8606 
69130 851 
8714 3019 
3189 96595 
63277 97715 
5110 36397 
85857 50935 
26901 86172 
18881 43234 
47537 46680 
65004 36306 
62678 7497 
35419 82476 
95578 737 
33551 39884 
90414 76787 
20162 46160 
63385 61156 
21614 4241 
29246 41447 
36878 38006 
91348 76556 
70867 82532 
81763 16382 
71742 84007 
64779 69638 
78092 97754 
71788 59818 
88214 89278 
18537 64927 
48205 62912 
66728 45262 
18162 65376 
31112 25375 
16532 37454 
523 11265 
61474 15966 
36687 91933 
25087 20398 
38197 95603 
91450 93739 
8686 45256 
62634 5514 
48034 85535 
88221 66465 
93332 33674 
3286 48972 
72394 40772 
47469 55077 
96725 36567 
3409 24828 
13185 70793 
36714 31671 
53958 57286 
41602 68761 
73000 73162 
96423 90308 
33783 64767 
11518 35427 
17943 64467 
8225 28530 
57351 27970 
2278 19841 
53159 60543 
77484 2455 
34533 12285 
26265 18166 
27076 87604 
2494 43353 
46340 32051 
79049 28301 
5382 30928 
27577 48602 
26960 78324 
41214 15670 
80754 52746 
2328 84894 
23926 66034 
56845 94579 
9339 35955 
94294 66602 
39932 69682 
48459 557 
90033 35320 
27338 97192 
84806 41692 
53120 54058 
27537 42785 
42955 86556 
91168 32596 
89529 40914 
45234 98543 
6819 82186 
72280 57158 
90834 59935 
38892 4513 
7805 77053 
25598 75597 
62938 13045 
87207 21842 
21771 82091 
10561 84043 
53068 38344 
60200 59101 
37355 76183 
54108 33373 
38367 11486 
91494 82792 
66056 71534 
62462 20557 
69280 65760 
5479 6820 
83864 57311 
42680 21663 
27495 6280 
15374 42567 
76704 9468 
62486 60659 
83208 18653 
33222 16207 
86960 79614 
1921 33153 
61472 97527 
57806 84908 
83348 843 
75295 29213 
52406 45418 
31530 8549 
1397 73391 
26985 24399 
25021 17186 
82257 58609 
26811 18041 
29579 33164 
29425 10569 
91134 70864 
18966 10130 
37882 43750 
97193 28156 
52420 73514 
96828 32086 
77311 78727 
74633 61194 
16316 47416 
34530 7350 
70178 50308 
48756 70615 
30835 30 
38907 3609 
28394 4596 
50676 65681 
23712 59735 
6213 18198 
66090 73884 
46230 5627 
90379 22161 
80336 83587 
10697 81164 
48579 74705 
79011 5155 
59722 55823 
15967 65980 
12550 6012 
88667 94052 
25326 73841 
5485 25760 
95490 54487 
21543 83865 
86812 2506 
161 91783 
94391 44488 
55334 50052 
69297 97306 
8235 83902 
94063 42311 
26757 4486 
87892 53561 
81295 13179 
86111 29071 
42206 18289 
82303 28060 
64846 26568 
43480 74310 
56593 18146 
8772 45999 
96916 12778 
60348 35745 
86366 87764 
11601 31124 
33242 13477 
92114 35523 
47736 31091 
21549 21961 
2537 8953 
55259 88398 
36112 78962 
53352 62027 
20355 72393 
71839 82204 
87774 45793 
99634 76913 
15076 11903 
68387 36020 
89797 67972 
43477 76130 
44514 44435 
63969 86415 
29232 80587 
36921 42607 
6682 70723 
7183 77171 
97572 14129 
17641 97727 
73211 45413 
46849 52866 
91509 17816 
61095 54810 
98952 61492 
46162 81712 
76007 41170 
90381 98903 
86267 93175 
75079 58035 
698 30496 
91083 55799 
7535 66383 
40695 59799 
85615 21902 
3377 38157 
14380 50963 
40382 61545 
17298 37493 
88642 81616 
87135 93776 
47453 28154 
21254 16393 
92864 8799 
3074 36800 
64114 39812 
1822 37220 
54088 84095 
26899 89399 
1480 23583 
65431 13671 
26180 47105 
52030 48877 
71407 91954 
68286 69843 
16174 37652 
46192 88478 
99916 13778 
54487 26943 
57460 50238 
79813 56964 
96966 67969 
75598 58012 
66093 80840 
40772 58905 
42353 55373 
7682 92328 
52466 53940 
63983 9838 
72491 69178 
6829 76098 
85637 42671 
29350 85418 
77839 49272 
69163 21108 
32560 19984 
6604 8719 
45753 70932 
86384 97951 
19488 3705 
50538 44803 
8513 43236 
12825 55489 
87821 83396 
75144 96728 
81302 17586 
85058 73175 
41651 41896 
60194 22104 
99894 31742 
60064 77887 
9292 9436 
68753 14361 
92822 39740 
62978 81912 
66030 13219 
79155 17857 
47795 3106 
60421 23717 
90384 10356 
59951 70973 
57119 43741 
449 18150 
51139 17049 
41357 96332 
51893 83870 
85114 47711 
47401 71910 
61691 82283 
59756 23456 
66676 51539 
48963 96310 
92351 24794 
45926 30453 
83460 93742 
9225 39641 
69816 23891 
22327 44307 
76388 17730 
47952 22392 
88207 53783 
34541 18075 
52193 18168 
26126 14924 
30915 50816 
61372 49575 
84343 87220 
60157 14832 
44811 88400 
86777 76938 
67669 16690 
47724 10787 
85559 33041 
28930 38965 
67736 62726 
2507 45758 
87546 622 
36190 25676 
30958 4724 
20081 17484 
36934 57082 
84733 69439 
46480 55058 
22229 79106 
51372 32618 
37618 52073 
75835 1296 
51946 27841 
94860 43567 
50047 28317 
91398 87525 
16405 94590 
81294 41094 
30591 91045 
89654 66444 
131 72368 
45206 30837 
93144 28640 
70287 78843 
95674 46453 
83214 32645 
59373 49885 
97117 42137 
24029 14136 
94692 74552 
96422 76800 
81887 54565 
42069 6972 
75185 40124 
99652 30777 
56932 46718 
59275 53415 
41080 13324 
55161 62437 
27731 37026 
10999 44732 
89047 90032 
41870 574 
21364 72848 
60551 92084 
18765 50360 
57924 20597 
71892 63802 
27368 87668 
72457 10912 
81188 57842 
8670 38982 
63521 7804 
69740 1117 
98593 16162 
38614 84690 
25842 20870 
41308 32777 
64100 47171 
38433 44346 
15919 87956 
89969 56984 
70053 542 
97843 87191 
85246 69154 
32543 27532 
41678 70748 
79782 77440 
27768 73345 
1142 14968 
89506 90632 
88638 524 
7110 14400 
7351 40429 
79468 47201 
62503 28053 
90743 61669 
97816 23399 
5442 20036 
30480 28149 
88353 97655 
54763 62529 
74016 67703 
1041 52790 
16681 20759 
19959 93657 
36228 12558 
72470 58798 
38105 55998 
45634 94180 
26046 99344 
81392 44120 
45217 61573 
876 27904 
90363 27954 
30415 6037 
88673 44180 
87016 49517 
20267 85771 
60890 52940 
70575 20968 
40524 12839 
18351 29956 
61811 26329 
50649 91016 
26919 51967 
61829 95090 
30874 14649 
37493 4231 
54225 29470 
46230 26555 
28704 65626 
62152 40557 
59470 70778 
19419 65036 
92262 28739 
56290 37377 
46764 28892 
40735 32556 
98460 84461 
82220 28016 
80454 48564 
24990 95407 
93996 41912 
87069 79211 
61881 24092 
56103 4393 
32408 11573 
78330 40467 
43253 69858 
80140 37762 
84395 84693 
43071 43160 
57150 47763 
12516 97214 
12385 76032 
58074 12307 
65171 20688 
19129 32392 
25391 11579 
63158 78866 
54251 26133 
56191 94229 
55164 67892 
94963 5481 
34148 89164 
78530 42549 
19651 94690 
3447 63546 
14633 18816 
51104 58322 
64782 77350 
98379 24481 
65874 57088 
23531 35941 
600 20940 
98075 53120 
90566 74672 
52358 55936 
72747 62429 
77662 16096 
61281 32565 
80872 63498 
35326 42724 
39112 43102 
1586 53683 
11191 3215 
16147 95166 
50342 3945 
14433 73648 
28420 85400 
90382 32122 
25611 89256 
86328 64852 
61625 84416 
3640 36330 
44511 7764 
20811 52984 
91393 94370 
10474 88615 
31799 38020 
79750 70108 
38753 92585 
19342 88642 
45336 97460 
35974 13483 
95212 86232 
60038 50320 
44412 16697 
65749 4230 
78673 42504 
14600 78519 
35707 31936 
34626 65001 
25010 27742 
77718 58735 
19163 33403 
55167 60793 
50054 5890 
37659 16330 
81033 32674 
20067 72038 
41766 71672 
93720 27011 
6361 36795 
39190 94120 
67350 18881 
51221 85169 
8178 42091 
34033 82451 
5090 69173 
60069 61727 
95660 85548 
68131 87253 
35651 11763 
87888 8141 
28530 16656 
16926 47183 
52643 29392 
43750 88186 
29955 77613 
5608 35944 
77175 10985 
93505 44171 
55220 4773 
68445 81014 
86201 76363 
32742 29229 
38422 89230 
8120 98655 
89398 63423 
8384 62317 
64477 59432 
58592 14314 
14357 53158 
4940 87563 
38684 73712 
79994 62579 
84836 32919 
36426 44611 
51122 35625 
39080 85823 
1866 23308 
9972 81600 
58140 69992 
53745 75672 
62448 19085 
52130 67406 
28209 22524 
5127 26445 
75629 19489 
13902 84818 
24410 70937 
45811 94705 
60701 48364 
95495 11244 
20798 60429 
57645 84054 
37318 89467 
56830 18635 
74941 1426 
37688 99328 
42259 87370 
4809 49234 
3875 92479 
15809 39315 
32642 89321 
73371 48801 
35744 56199 
32445 22152 
60320 28484 
37331 63959 
34410 1132 
30032 62527 
27252 73919 
26040 35298 
19269 47460 
36643 44845 
56595 97717 
27865 42877 
27561 79408 
45318 61476 
39293 34666 
1515 85764 
91430 12263 
17635 10246 
40925 34842 
35222 2259 
27005 86892 
65010 70303 
78583 34521 
19797 62433 
57760 29643 
86259 492 
2535 95790 
26574 89632 
19427 40519 
64931 29395 
42449 90269 
6258 92581 
18718 97532 
54924 31162 
2939 27308 
49696 14734 
43136 90104 
7911 6282 
18194 52072 
76580 32498 
44124 19427 
21081 11434 
472 63890 
43105 58994 
40830 28655 
8711 7555 
42202 30272 
84589 34970 
16747 50832 
26093 20265 
56476 96967 
34083 13525 
6497 87441 
99328 31800 
65694 19472 
82971 70279 
95023 55459 
39489 48576 
73118 66366 
74593 95626 
76457 65827 
44701 13545 
77116 69873 
46886 50717 
44922 21199 
18610 57462 
12849 24033 
65086 93808 
14548 45884 
58801 8226 
31171 55882 
10470 8617 
