81094 35899 
48565 12868 
99306 60073 
37731 45842 
63242 55359 
69684 45512 
43802 39863 
79681 70539 
66695 45281 
25920 25459 
67461 32819 
48490 36711 
10407 827 
21230 19837 
5629 46196 
95979 79667 
20965 64339 
77876 47105 
26372 98461 
37637 71063 
27128 77804 
62163 52181 
39185 16710 
68350 26137 
35137 81572 
56657 78687 
42464 71151 
60742 2008 
7057 97204 
57415 82472 
44536 97044 
37169 43699 
89420 57351 
99735 55527 
17982 79491 
31358 59492 
64428 70551 
40943 54464 
72039 1463 
80717 32299 
20995 33832 
53734 52665 
52839 80453 
15336 98642 
67873 31021 
8579 60273 
6252 44158 
34685 51927 
36152 79636 
48724 81148 
63097 20560 
88032 51621 
43378 14263 
86273 927 
31490 42817 
99585 44984 
16569 19301 
72908 25344 
6091 94341 
4399 33006 
96385 48972 
23720 12932 
29021 44457 
86031 37166 
69728 97485 
97699 71262 
62201 50041 
31980 48678 
3025 7236 
63383 10851 
55903 23519 
47927 66855 
73475 27952 
3184 75887 
23251 92611 
96777 58224 
20503 64649 
34907 95903 
55459 2237 
53536 93042 
64719 77312 
53984 27543 
37559 33946 
92024 40858 
66611 20181 
24922 80574 
49394 43269 
44446 31747 
22271 33528 
75502 47256 
61627 40403 
99843 14864 
18394 25827 
72231 79247 
61555 64587 
32422 70968 
93828 9194 
80561 81144 
68466 27582 
75797 60539 
79947 76008 
38402 14843 
23328 26642 
84150 14140 
17090 29573 
96433 33817 
62564 52361 
46324 96668 
69359 6749 
3737 91484 
10678 41791 
43871 2113 
85022 55404 
42261 92792 
51501 52217 
69068 60504 
74795 54614 
38639 83163 
62827 55989 
43910 63638 
5262 90471 
6868 93932 
24192 81791 
6106 41270 
29715 25412 
371 88438 
32577 52745 
53088 44379 
3657 23945 
76958 77887 
85785 96736 
60051 17170 
57245 22668 
5196 1139 
18271 29350 
13032 64434 
21950 57479 
65709 87562 
99185 34821 
23060 45922 
33673 85853 
25921 47085 
27390 95364 
12370 54370 
59607 67085 
91756 56597 
83231 44302 
88724 58804 
21098 88393 
64820 36828 
21803 43368 
48822 19785 
9775 49762 
58563 38860 
17508 9564 
76852 8215 
19214 45429 
51956 84400 
94643 41991 
29173 84367 
39396 4896 
84186 28961 
3799 24018 
21147 18751 
86238 81355 
18887 42087 
28834 1192 
57150 61487 
63446 429 
31429 23773 
34180 60277 
69765 91800 
78972 7109 
97769 1207 
87256 59813 
59176 4297 
63326 73785 
88391 74982 
15752 87584 
48777 13651 
62016 57246 
95844 8917 
84545 45394 
98022 84347 
99388 17569 
49396 82636 
2020 86519 
38510 17115 
36111 36756 
95319 51024 
90547 56262 
24349 48713 
67603 29 
46323 79726 
80905 10960 
12785 46668 
35630 27669 
28645 50816 
15393 15873 
16139 5651 
50371 70284 
80325 57771 
69405 47315 
91045 77103 
45204 5410 
79171 33911 
26236 49433 
56019 88757 
11470 98316 
3932 83422 
64885 21023 
53370 35706 
85497 14925 
57201 9120 
45612 32772 
96470 49645 
85142 99728 
3552 56085 
3023 312 
68390 77938 
18111 56577 
1437 15320 
81449 63492 
62936 29142 
9332 95271 
32357 56555 
72380 47232 
84079 66639 
19641 31797 
55814 84356 
38719 4380 
44814 57000 
53050 55135 
43568 36668 
35627 65943 
31448 4745 
74861 98512 
71721 69941 
62722 49083 
24342 30118 
87889 78000 
74119 99968 
7396 98282 
91122 71525 
39063 86333 
85621 92588 
64018 60051 
93370 19287 
53675 54862 
28720 23389 
38788 16583 
72814 12326 
19526 21506 
22054 50548 
75002 28743 
8032 54446 
68261 67618 
14309 69956 
58508 63771 
57686 31839 
26129 11636 
72036 46765 
88105 8106 
31299 38454 
31460 72420 
74895 42495 
20650 90715 
53599 40880 
41106 40168 
96843 81850 
25655 67309 
13427 39375 
73120 17791 
76785 28367 
9118 40853 
13256 6685 
57941 20644 
7192 63066 
91367 18749 
60296 11290 
95338 47510 
94215 85209 
48685 32082 
65239 56725 
39401 60713 
67807 79336 
53470 67327 
39635 93608 
58817 38264 
45358 17699 
72703 85905 
7927 86027 
44718 85919 
77380 92253 
9491 31976 
75149 38907 
63360 22058 
28731 95327 
97443 53856 
16317 18023 
75897 73246 
73919 93124 
82659 89468 
78520 19280 
72511 43401 
9987 61194 
53077 91182 
11724 68906 
93179 44431 
15491 76013 
99966 90480 
69314 61205 
32327 1249 
9106 81814 
21310 27793 
44380 65503 
49638 69047 
86350 76809 
1862 97930 
32768 58927 
34299 25720 
37967 87941 
29637 86479 
38916 66667 
94918 27342 
78461 28309 
33588 97571 
65475 16351 
72413 39567 
38316 56406 
52259 98393 
52748 38181 
98112 82856 
98409 81310 
68156 30856 
58954 67462 
44344 54426 
70125 82971 
67621 65793 
97334 31179 
39783 14792 
49706 41727 
10962 75 
71113 25246 
46802 51822 
337 96202 
22607 22061 
72339 14083 
23123 60161 
40482 73716 
36050 95740 
35605 9144 
15005 98946 
42007 62353 
53361 38978 
62683 8057 
54255 15685 
66570 18823 
4006 96253 
59071 1002 
56310 49193 
93833 31267 
12765 31269 
48481 75971 
41674 49477 
19979 81137 
11498 89834 
56274 79555 
27964 77468 
30072 73295 
54538 8412 
77868 14889 
64829 72473 
72761 28472 
22458 68708 
73123 83411 
9017 259 
90854 57227 
23996 23713 
52728 2062 
61847 19639 
86268 59550 
30897 45567 
47596 52567 
16357 30471 
22882 19240 
5434 70651 
77299 44452 
86392 90941 
95796 87213 
5374 42293 
58538 98422 
14897 17034 
20524 72865 
76165 76478 
19679 81752 
83677 2080 
20624 87644 
65092 947 
12365 52322 
71900 19265 
17295 9963 
17187 43095 
36216 92941 
35600 94993 
49442 65601 
37640 67025 
17647 42609 
5444 66005 
77732 42723 
30496 85190 
8793 56339 
25036 58121 
51166 85674 
48381 94976 
97591 50196 
77023 49520 
39656 36671 
13044 15641 
45001 13188 
69259 6438 
61154 19551 
91469 25991 
90408 92647 
78302 4164 
56826 84697 
37326 28184 
91204 84744 
72509 71253 
92798 59303 
32519 88055 
87574 86780 
61993 19810 
91985 72097 
88618 27350 
8496 92886 
47702 49771 
24520 46685 
92908 68263 
59978 39783 
66894 40046 
10299 82633 
8854 55663 
61541 34237 
57274 64424 
12152 68451 
65721 7403 
21966 18846 
87047 95139 
23175 95602 
97137 68105 
70318 57810 
23171 81965 
76704 67684 
13340 66804 
83271 49310 
35054 19760 
32486 23928 
16901 3851 
74740 96156 
55979 42326 
17531 21144 
96667 17456 
38837 91326 
49519 5481 
25176 43267 
59702 5267 
62177 42 
53193 47249 
882 32632 
85991 1381 
46531 45038 
96648 38030 
68256 62126 
15662 34165 
7863 26633 
16626 58674 
73846 92362 
3502 15286 
42747 34277 
15970 69317 
54194 82999 
539 35341 
78193 31194 
38960 56898 
53685 52364 
47432 66471 
45897 18768 
60213 74225 
46696 4517 
89457 97363 
46916 12312 
9442 8497 
42561 67884 
47848 51008 
97803 84860 
79316 42164 
76875 14618 
7254 60633 
74211 60626 
88708 94016 
17646 54815 
4081 4179 
92967 64764 
98578 53396 
39810 24731 
25489 22713 
98661 61077 
2765 45422 
46633 13137 
53799 73189 
45736 34311 
40956 90117 
41501 94966 
16083 90913 
92115 98674 
6096 43324 
78632 66369 
23712 62138 
45365 39225 
43496 32313 
46208 340 
11597 32150 
27436 17772 
63920 23957 
60455 67045 
11930 99259 
48959 99912 
17905 88377 
74182 87995 
22154 70070 
9150 84870 
3583 45939 
28294 18201 
51952 76427 
62312 44760 
5272 10496 
99795 75454 
59006 79435 
16971 4922 
85097 66778 
24794 60875 
8301 10924 
58638 21965 
74918 44795 
44 39871 
14733 27777 
12234 41166 
40812 79165 
91505 77630 
53793 79480 
85186 39859 
17395 66256 
3465 48317 
50087 14316 
57202 88461 
34233 57014 
86736 62086 
78458 74571 
7755 85765 
81621 48398 
89422 79067 
37480 56148 
97276 50154 
87981 61279 
78797 4467 
80089 32991 
43091 73364 
6161 17723 
87794 83909 
11106 71691 
56090 68448 
30887 55531 
64626 43173 
86440 86682 
29179 68572 
94641 42929 
29053 41466 
73707 11403 
93494 58293 
14231 81308 
63812 32357 
59062 85831 
83425 43945 
85309 8888 
94727 51537 
9981 85763 
76436 94793 
47121 43218 
38008 75522 
28780 44241 
98728 11584 
64734 25385 
18263 20453 
56626 40520 
12727 4127 
1016 53823 
85734 75133 
12809 56954 
27444 84570 
75644 20632 
86272 87440 
79033 29203 
97699 7982 
33380 88273 
62569 48249 
63512 40149 
3239 16907 
68911 69543 
90165 42016 
4607 32903 
23756 71511 
80489 98720 
76737 58161 
98800 43306 
50831 71980 
49668 6768 
78190 82382 
62743 77312 
2810 4795 
69369 38487 
10079 12054 
64172 83630 
33630 69533 
67573 74506 
57845 64844 
81430 97038 
51617 67832 
98878 46007 
14422 74685 
76389 52742 
89260 61160 
1210 55070 
98691 94248 
90505 97177 
89990 29032 
39931 38529 
33331 48066 
98803 45641 
2973 84310 
86634 38230 
85555 5424 
81540 62155 
1920 27233 
4863 65586 
99261 67179 
98312 61927 
68961 44811 
40053 73310 
72118 85650 
74378 61834 
9567 87232 
35930 72231 
56087 61692 
33962 29286 
89551 77911 
24654 56063 
84904 88135 
40300 4886 
10164 38833 
62959 22040 
57039 33695 
27192 99253 
62293 37826 
11566 296 
27645 86513 
31841 89427 
25790 89403 
80127 29875 
88014 1461 
63717 65223 
4935 65814 
84966 44279 
36051 20353 
69244 927 
16053 99953 
91891 54421 
66291 59205 
77048 52745 
68302 86757 
41328 41902 
32963 81684 
33549 7370 
3648 14734 
78056 478 
64628 2877 
63658 32072 
87043 84267 
32805 88613 
33896 92541 
16334 1698 
62815 94338 
27977 81030 
10750 71955 
79789 2976 
18294 4295 
4761 32109 
52977 23521 
76084 41504 
20685 2327 
93910 89072 
12235 57264 
69896 1832 
18208 37268 
77437 17799 
59269 3354 
51212 36003 
21515 95375 
13502 29205 
56783 24808 
76730 80970 
6398 28735 
21759 19035 
33492 69496 
79711 30260 
3816 66917 
51415 58997 
37875 5613 
83069 10286 
68247 68531 
79288 2100 
75125 9730 
75453 36690 
40373 94324 
10102 90107 
55833 1594 
35085 51121 
45133 8455 
76312 75973 
9908 44789 
11128 63818 
91146 39590 
59710 99181 
44257 57429 
97347 52410 
62523 58464 
82074 76847 
47731 1991 
57820 92310 
19080 53533 
37138 98503 
71864 48458 
89478 19093 
45975 11384 
61142 37426 
40911 29890 
31227 48266 
18783 33513 
64224 16426 
69708 34584 
54434 2789 
75016 46137 
69927 90974 
92863 3942 
94519 23779 
8116 84665 
35080 37553 
33799 30206 
8443 64741 
24924 59478 
47327 60141 
67162 73191 
67841 94762 
32656 34650 
22560 52695 
53109 40156 
22571 61022 
46387 76258 
49527 80549 
46993 97964 
94450 86037 
33064 51919 
53880 68592 
12964 11655 
85932 11 
33067 88192 
78930 9144 
94992 28588 
13501 33694 
25332 17491 
5368 27395 
23838 52285 
543 22133 
27043 71147 
57230 67316 
63481 75117 
89464 94710 
43928 253 
66358 85921 
25525 63977 
57813 51859 
12150 30949 
92630 68779 
5090 18078 
48190 53840 
97830 85768 
22228 4664 
16712 43015 
46680 71982 
45207 27701 
91196 82225 
33769 10234 
69614 77768 
89449 8607 
6574 96584 
59935 96051 
43380 70153 
75139 28619 
62351 78737 
86196 19356 
87096 66526 
46443 38185 
72527 85652 
11929 22144 
32865 7678 
99983 39378 
68518 13969 
33569 62020 
43411 52184 
16422 68125 
33210 25163 
29371 10807 
11853 60590 
11790 63986 
68890 95094 
93793 78412 
53368 94791 
74546 59132 
21338 25814 
7 6073 
23530 82982 
79418 43159 
7353 82518 
94057 98150 
23079 25599 
94010 85378 
17952 43553 
49178 86576 
73882 42604 
19213 21223 
94543 76350 
33798 47128 
75866 87540 
29421 34415 
301 77186 
71728 11650 
79671 78725 
3578 91527 
34047 37656 
98063 45366 
34805 22977 
63064 10588 
58863 25755 
39310 83436 
98054 32271 
57440 70368 
42740 94458 
71253 45881 
11918 58712 
64066 91977 
33499 55678 
33077 75019 
87841 98213 
92604 49438 
15268 82515 
1263 64574 
53997 38269 
10437 90847 
18764 27658 
51769 74562 
52394 50229 
29992 76787 
82668 70861 
64015 51131 
95074 51435 
24016 67618 
88338 33355 
45186 95471 
14162 87637 
59785 16294 
15132 22110 
78371 50943 
65533 11071 
68299 48344 
88616 91823 
23051 2570 
70868 54581 
89443 35659 
18906 37529 
21451 8030 
7858 27187 
59159 95719 
51426 55720 
89272 4287 
83324 81489 
29624 72914 
77335 36874 
94328 59002 
49022 28284 
38459 83585 
75896 77271 
51583 60868 
44892 98804 
67988 31439 
86047 22994 
88126 68011 
79522 79958 
60552 24967 
29453 84007 
56583 58589 
82590 72965 
80900 53508 
32278 81196 
496 52738 
89050 50775 
41675 3615 
17974 14265 
166 3 
39830 14667 
33010 22336 
68333 63383 
52496 51388 
8804 75408 
22235 59072 
75067 62457 
63336 60185 
90803 9379 
14739 42651 
29197 6950 
55849 80695 
10441 65038 
91975 75245 
20498 84099 
23418 59006 
36502 20132 
67643 49782 
44279 38454 
80601 34955 
11675 15028 
28050 22498 
37757 10610 
90658 99417 
32386 12571 
47678 97254 
93296 12037 
73163 76066 
38506 59852 
95971 3267 
20766 23879 
20213 21745 
97686 52272 
76345 72908 
56305 32632 
74751 64585 
94099 25301 
63458 51178 
39728 40587 
49530 24013 
56347 24322 
29734 93534 
7869 13916 
90209 81799 
84298 27943 
77174 33687 
76111 56310 
11122 98267 
59621 25175 
15457 28015 
5366 21045 
57225 92821 
49784 71861 
52353 8239 
76782 99374 
70727 32928 
40284 76758 
87467 98993 
21436 48140 
65942 688 
54868 92643 
25316 81936 
77274 44484 
40859 31148 
48513 12857 
48774 13046 
70575 80555 
78954 41483 
82935 98653 
18881 24727 
44196 36112 
19758 95196 
19387 87762 
92047 69385 
79865 91893 
1696 70474 
88516 59552 
70661 86104 
86788 71659 
5717 26843 
22040 57174 
28110 97061 
53841 25799 
53222 89259 
56012 92095 
74253 65327 
87604 94376 
36812 93777 
40445 81388 
52325 70692 
83507 12520 
87374 63940 
15048 93193 
83322 85153 
2354 46051 
6012 12028 
35851 728 
98866 54706 
49488 70220 
14347 84303 
62479 70235 
28565 19087 
78869 29465 
1692 94404 
40846 33265 
32891 26096 
69321 41070 
72636 14014 
41026 18681 
97580 22147 
45221 30612 
23524 14953 
35074 44780 
30592 25691 
38892 12101 
1380 81836 
24561 96916 
27613 15141 
16970 50684 
23765 39431 
52584 41013 
97148 87949 
18005 70823 
63096 63859 
60026 48374 
61201 72469 
73565 97822 
23938 71789 
70821 32159 
72559 99256 
10104 45607 
66796 6742 
15997 20929 
14708 63429 
53874 88633 
56897 66679 
31262 19648 
75377 34749 
86123 80833 
41509 41978 
87889 33540 
9746 97048 
20867 9471 
84288 57971 
41686 55173 
34322 23649 
2485 96811 
10180 41165 
9795 40180 
17494 20422 
45422 87486 
39396 53287 
10094 21997 
57798 93112 
63237 84456 
13966 62305 
22976 41013 
65896 20578 
59292 21441 
45392 44552 
60256 88519 
91287 40596 
76328 84737 
36923 37106 
50982 90848 
59765 79846 
27199 22284 
58956 84558 
78912 84105 
12644 84743 
54030 2889 
81082 49309 
31421 54855 
63762 34746 
88071 13498 
89302 79546 
44608 47190 
15278 44776 
7493 7391 
41913 54024 
54364 61543 
98280 88400 
15422 41211 
42593 47805 
88169 95643 
29222 98411 
85444 63706 
34189 88088 
57389 3014 
98204 26448 
46873 44072 
41738 94279 
34820 69393 
30102 68290 
7031 52796 
18225 21431 
27274 32469 
84579 86484 
32812 32890 
71593 51201 
77942 95327 
85983 86920 
38799 24391 
76527 99465 
58323 8989 
99148 31014 
54192 30044 
99535 34732 
34470 24450 
92118 90137 
65816 35030 
90814 26487 
17331 39582 
51801 73918 
59477 18656 
21448 67625 
31935 91316 
43583 89081 
6929 20872 
69439 40092 
65202 68486 
30900 10436 
70720 51530 
83080 17895 
77141 45714 
95800 70685 
24174 55259 
75203 26606 
85190 63751 
26501 666 
8789 69853 
26802 3512 
56486 6633 
62957 76686 
76309 41060 
3554 27540 
67797 51076 
16465 56582 
87729 81668 
13755 13109 
17924 88478 
4308 11144 
66509 87770 
61179 87045 
2298 44919 
65462 82558 
28264 50109 
71386 92698 
84567 49567 
48379 26482 
34182 23381 
94987 90401 
24920 26864 
86862 19423 
40448 41402 
16379 48416 
49925 12883 
5048 38040 
40937 91013 
21482 43506 
73647 21263 
17517 42015 
25441 82630 
2969 15270 
4793 9091 
15532 17141 
690 80315 
6526 43387 
99680 18138 
55440 60259 
46443 79267 
46651 41909 
45768 91830 
90246 12683 
3909 43629 
45496 89732 
85527 93351 
10363 73766 
18757 42478 
73287 41409 
15420 75263 
84573 51234 
86001 46923 
93826 87424 
19739 76038 
17197 29935 
68997 76176 
43588 58074 
24094 43892 
62507 65647 
89843 5488 
97942 90106 
78284 13308 
62376 35579 
13434 73859 
2997 246 
3354 84644 
98199 2201 
72442 54394 
76595 34751 
62564 82212 
73093 72066 
5486 75200 
6966 89143 
41071 91220 
65387 56237 
5753 3725 
2568 17250 
44069 98971 
19429 63975 
2348 32410 
71610 73701 
48151 90706 
64716 86330 
21623 28568 
34792 59018 
65678 75477 
79368 51264 
760 36361 
99766 61439 
6898 42456 
38956 56962 
50879 43775 
50840 14617 
49594 73051 
16708 14958 
91918 52482 
32435 15336 
51025 59238 
26101 59723 
6567 13482 
29816 70385 
61921 3478 
21858 6354 
85522 16411 
75613 66724 
27302 642 
366 63012 
61313 45406 
35636 84095 
83886 27294 
65529 29733 
52975 39423 
52520 94200 
88846 88761 
51072 40271 
68842 19895 
50696 15616 
39696 99352 
15313 28600 
39706 73617 
31214 18548 
70050 96131 
49419 26724 
79628 3756 
9934 98601 
31041 11640 
65155 25430 
96650 86870 
77595 63680 
93152 55939 
53154 54630 
687 98833 
85282 3181 
28230 83381 
27712 64930 
80856 97553 
83805 33594 
56448 44497 
99128 17061 
49510 75369 
70506 39680 
67977 48383 
39609 10826 
75246 19025 
22012 55344 
54144 85983 
33743 10187 
52141 40116 
16441 53349 
7822 89662 
29578 46153 
77505 63877 
73590 38028 
77846 29445 
31290 4082 
35386 89227 
66610 60104 
87191 71332 
99494 27070 
8120 57950 
83686 97791 
49697 48068 
50176 92039 
63174 95899 
43242 73291 
45102 17757 
68297 40186 
87554 14120 
91181 98845 
37144 10719 
77048 68412 
67050 82790 
33676 71464 
44507 89971 
28808 13403 
32563 15843 
84037 60500 
99360 75738 
8795 84962 
20813 29201 
27153 57174 
53279 9361 
67434 30275 
21653 60471 
30041 80219 
15293 57016 
22458 35721 
9294 63024 
52005 56776 
31835 78619 
96761 97882 
79677 12330 
32932 22677 
43362 12320 
83012 20383 
41273 87449 
63229 11257 
77402 49958 
51047 18219 
31575 15563 
63926 24848 
62799 3895 
39057 36190 
56538 92445 
30455 8072 
74924 90591 
94591 13102 
75252 16745 
18626 67099 
46615 81330 
56381 48356 
77086 1003 
76304 3995 
4608 95481 
93007 52590 
23598 47256 
49325 60303 
16229 36685 
39429 88988 
52458 146 
15135 88999 
56113 97354 
97379 36920 
65650 15421 
22702 98968 
27716 81888 
90656 34534 
49227 6700 
42185 41131 
99378 23976 
91312 81959 
96887 58422 
52902 30377 
39714 98397 
57770 11742 
34614 17838 
23095 22421 
62090 52695 
50869 58175 
68679 3968 
60015 89752 
12956 9125 
18866 82138 
4249 96384 
33837 65794 
63793 12256 
67403 33116 
6865 91734 
3937 51428 
91453 22634 
55456 55013 
4078 40883 
1018 3010 
56640 81873 
83280 67414 
49477 4565 
43631 46039 
15317 99593 
63377 78934 
96404 90440 
92584 83601 
22784 37569 
90484 14295 
53601 59446 
71768 93732 
15216 91501 
51607 61765 
20068 14326 
8911 34848 
78405 95785 
42125 72612 
21385 8239 
74770 3381 
38482 1678 
78957 69203 
94777 36336 
24290 12750 
34388 4250 
26831 43392 
95180 98183 
68233 87829 
56849 18516 
78659 51838 
19569 43936 
28797 94025 
63632 30122 
56029 39896 
71829 42158 
57747 45140 
5837 71005 
20846 50715 
15416 32151 
20559 59120 
25003 95388 
14119 1195 
86090 48722 
75109 55868 
5777 56517 
62922 31425 
61971 32239 
98408 16234 
93931 9533 
21541 59266 
13202 61906 
39914 46340 
14473 90856 
37821 96701 
78457 75114 
4922 16367 
49640 49480 
60729 9600 
40595 60779 
96555 67958 
61509 30577 
30155 27539 
98690 39550 
69870 9370 
69027 36782 
14954 35322 
58735 68777 
76599 42513 
14192 17570 
90260 2827 
90254 35136 
4029 91024 
77177 62097 
70068 34837 
21116 22796 
36556 23515 
25141 95909 
36124 47490 
67801 70012 
93405 91127 
4516 6910 
29121 2981 
23385 52055 
21049 23544 
11510 50964 
93213 59162 
50509 53351 
43840 52598 
614 12540 
89887 15692 
51612 16722 
1359 57608 
15860 20782 
22178 63355 
13666 82630 
26011 51598 
54616 46394 
35268 68202 
49706 56303 
39373 52523 
98662 29734 
84465 47158 
84402 65644 
70817 8665 
72326 15502 
86594 16730 
55956 97802 
26918 72308 
12448 94424 
95805 21450 
31563 27306 
65162 40868 
59923 77308 
69815 73710 
58733 73644 
50482 9590 
7602 51870 
17603 61618 
99717 51192 
98118 4971 
64319 97729 
44575 6517 
21314 99361 
31334 93035 
19787 59940 
36208 76806 
37314 5873 
7495 81618 
20163 6482 
46190 89718 
25859 61049 
91028 60783 
89015 20066 
80083 57668 
68972 5995 
76784 50529 
53479 99676 
90505 60841 
86525 62586 
92299 49908 
60361 72215 
24863 52641 
61916 58133 
32503 6716 
91949 39665 
91647 29649 
81715 82620 
5351 51886 
16312 12129 
36297 22732 
36548 41413 
91931 67714 
31833 2173 
42668 90940 
55480 91317 
49534 84087 
90761 80830 
1093 24827 
71167 72889 
11226 21821 
11533 20681 
9079 90857 
38047 76879 
60414 27275 
14639 76389 
95639 73505 
50820 7702 
83944 67365 
41796 78081 
85273 96718 
35501 31828 
32231 79128 
43189 37967 
42628 31373 
10299 23983 
39942 92975 
42557 95593 
63839 20355 
38597 49049 
85750 73771 
14879 52110 
5568 77921 
21282 42547 
94670 48879 
36428 68953 
67768 44974 
719 77612 
11497 17325 
91961 31323 
71177 6887 
73603 31329 
98859 59205 
48814 1861 
95551 5530 
34979 88341 
38398 89479 
32659 14899 
69680 2134 
678 44601 
38601 25310 
64689 86696 
29161 72618 
80453 99169 
77793 61061 
45012 42020 
82988 42055 
99059 46948 
35807 70116 
91995 82501 
54934 89874 
87562 10240 
92851 77644 
72348 47119 
90771 82481 
92133 72014 
99075 73466 
81693 40228 
47332 14900 
72590 98789 
43375 59153 
60400 27511 
4421 68112 
87964 66006 
74928 48494 
54447 25249 
65609 13700 
91346 23786 
55991 65494 
56067 33293 
38906 22462 
81276 65974 
49462 9010 
83957 87140 
13351 58629 
81962 90339 
69737 78201 
87809 29497 
72511 66317 
49567 62846 
50368 77902 
86924 26719 
10923 79867 
26841 23867 
7034 48089 
77689 80523 
44480 14711 
93376 99238 
99356 86553 
69662 10358 
30795 20396 
83729 4043 
20053 58936 
35052 6830 
40534 2419 
70687 52024 
64967 15274 
81344 81561 
45763 44504 
35947 8495 
62471 57168 
81845 63892 
16292 87964 
75466 49671 
65770 24752 
23901 19800 
40063 49797 
11751 16276 
36616 97568 
59578 93427 
8575 86138 
10352 74345 
73955 28516 
68542 96625 
33371 32731 
22833 21099 
66008 54998 
67926 96880 
84604 79040 
3474 98778 
69320 56413 
28936 79036 
67695 57656 
71973 4340 
43282 52133 
84972 81182 
79091 55631 
19422 7900 
93638 59105 
41021 30118 
7161 79382 
79815 17804 
3509 53219 
19090 26770 
69214 29805 
14350 55240 
55425 3582 
99454 56951 
685 69249 
80802 26256 
72907 73839 
42465 27871 
37485 86970 
85222 4094 
35093 9684 
709 55768 
57538 94728 
38235 59721 
42937 56696 
56262 55059 
72516 9152 
63198 3451 
40493 77647 
42813 4403 
85800 2523 
28485 25546 
19795 63416 
37429 90067 
57664 28609 
1165 48691 
62856 56659 
31714 51980 
43710 55199 
44339 30229 
99295 32362 
17141 82872 
97573 59967 
5402 77049 
83113 4434 
44305 55885 
53896 71321 
67490 61017 
17135 52464 
40888 81046 
32608 60863 
61389 47841 
78618 87800 
98074 15996 
30508 19108 
60161 77261 
24566 3069 
60202 81367 
91177 71109 
3756 57456 
80249 74304 
77405 56182 
69232 13606 
25881 61549 
39442 9798 
6021 53701 
29941 80373 
80377 39119 
29912 64834 
66514 3062 
50201 67373 
89393 80591 
22659 66432 
93701 87147 
11921 74374 
60595 97410 
88427 17253 
39026 12036 
3791 44681 
45702 5880 
30000 72799 
9662 8449 
72490 9588 
37595 27560 
43807 11050 
54198 90578 
89313 69236 
28271 44115 
89346 38684 
29679 22673 
23261 66477 
74918 69502 
69931 3008 
9772 68799 
36592 35412 
46352 27388 
53303 3757 
18809 26145 
43858 31229 
47112 46694 
85600 23887 
1483 67267 
437 72994 
41454 13141 
77203 23513 
62964 41668 
11585 56017 
24524 39708 
63992 66123 
39193 12102 
78007 15452 
12965 43880 
72499 71224 
82123 25987 
18984 47767 
52236 44580 
42503 12540 
69676 47330 
39056 21714 
62898 16670 
85556 5918 
75179 99534 
29280 35453 
73137 65929 
82979 56081 
56039 94507 
19082 1465 
9790 12375 
51826 56360 
46436 48431 
19718 65894 
45139 94841 
32340 60553 
63785 9607 
25355 93958 
21737 34684 
75418 71056 
63740 48758 
62794 78077 
2535 21521 
33593 12388 
3514 87173 
5846 50343 
18569 8888 
84057 84276 
98253 63096 
95376 5993 
11488 32703 
37236 13419 
80271 61740 
31039 69507 
93166 90431 
9433 48084 
95866 59322 
25709 59986 
69679 43836 
63055 64672 
99527 56514 
38635 37436 
1915 33219 
42941 80390 
30256 1681 
28319 36618 
72 16025 
62307 91175 
79807 29328 
91151 20083 
74312 67707 
16815 79013 
87579 64116 
76802 7053 
88844 7750 
30299 57780 
21952 65856 
96403 59768 
91694 38735 
60644 51766 
32808 15868 
64509 33957 
17433 11337 
19353 26003 
85028 70093 
40885 25071 
85121 53145 
83292 12551 
7708 29344 
63113 66904 
38745 24205 
2164 1877 
18874 2104 
86039 64264 
2398 87155 
30192 93470 
10456 60239 
69080 66313 
47491 4874 
35549 24825 
3287 13035 
77407 12241 
94232 3500 
66046 22954 
6896 49939 
88013 5886 
94667 63739 
74585 47543 
43852 27396 
16687 972 
69532 28338 
32908 19909 
23438 179 
6905 3573 
96179 38613 
87139 56902 
74408 22597 
46666 23472 
69856 37929 
33655 53872 
71600 69970 
4268 31042 
85597 5026 
18785 85868 
16164 55766 
99058 1284 
12986 5066 
90858 21188 
54183 44792 
48162 51678 
61066 71305 
58120 66432 
43440 87820 
55216 5477 
55657 55283 
31033 87198 
3097 28052 
32108 37083 
76345 8406 
52463 73556 
6066 54805 
69750 81160 
25416 82827 
44291 44448 
98817 4809 
98897 12103 
25991 64515 
23944 10145 
58409 36507 
7026 25518 
71630 76389 
69374 36911 
21489 27759 
2289 78362 
74682 14423 
35991 83016 
45045 72319 
40561 69351 
85626 4607 
54081 222 
83667 75496 
56596 66320 
80687 93652 
60200 19904 
93076 74382 
65304 12139 
39980 11333 
41090 67932 
94703 33030 
24166 65843 
63464 67360 
93601 77464 
61075 87988 
72809 60619 
96942 70667 
29164 93778 
6765 44570 
90747 85281 
65413 84006 
76310 90302 
94688 49250 
39306 20879 
36001 51750 
59755 39964 
92501 88582 
78753 89079 
57760 63776 
59577 11017 
38865 90032 
76646 93964 
50595 43334 
78988 81466 
4349 25102 
48409 63883 
40583 71785 
74220 91257 
56733 40156 
96158 25001 
63954 88105 
25047 76343 
65477 65321 
36794 63180 
86984 26036 
49450 53794 
5118 76864 
35375 55841 
14095 76783 
90945 52071 
42372 13432 
84776 80442 
81394 90148 
32091 5613 
16694 71549 
97669 31212 
57946 51980 
12687 57886 
49066 30748 
1827 789 
2024 850 
56184 42014 
38784 83754 
54765 8391 
44617 71825 
32820 33153 
33002 72078 
18745 81169 
97454 80240 
12989 91736 
78800 52436 
62150 20388 
7811 83358 
89380 41737 
92546 44375 
78250 9052 
7366 82809 
71371 53090 
6314 34491 
37371 42653 
27374 55688 
80226 22402 
76128 37645 
13484 89640 
77413 27230 
98581 71111 
61785 40550 
51227 13291 
9986 22912 
52761 5216 
13041 78129 
64390 11593 
18230 62917 
31423 5728 
21912 18038 
81848 56796 
38997 86808 
69051 43981 
25861 53738 
81994 41269 
58589 21342 
47819 40942 
71638 31502 
81662 61299 
43393 29285 
96331 14667 
74527 61767 
70566 95483 
42691 2128 
88759 85028 
32789 90197 
7265 59337 
35916 84607 
72897 29875 
82042 28867 
17680 42780 
21601 43894 
80640 11748 
99358 72947 
62165 62125 
70314 21376 
99401 19303 
91835 53283 
62159 83218 
88817 29882 
8001 92578 
29421 265 
2428 97363 
67737 84284 
5521 26239 
6743 19363 
49915 56681 
9994 78331 
86648 69958 
43708 3741 
55212 538 
62273 45628 
42034 70057 
59654 34322 
27675 29688 
96791 67637 
87164 21551 
80799 42697 
190 9758 
15623 16597 
48275 24744 
65772 37284 
24605 10736 
74871 46260 
58816 65516 
58971 18104 
63863 14089 
50916 68314 
44985 63428 
6536 30584 
71815 44149 
96039 77408 
3847 56806 
94683 33767 
76769 5420 
55669 12652 
2552 18929 
95175 83329 
9761 32440 
44519 68485 
52167 24471 
27699 54777 
43576 83832 
3884 92815 
34643 10328 
73901 57240 
33537 37199 
87368 35300 
86424 99984 
2857 13225 
76068 66489 
47286 33682 
67224 85544 
92745 4743 
26057 8485 
19040 51046 
67474 86579 
58471 11185 
39025 50046 
25700 1914 
32972 29932 
20036 89340 
29126 92747 
50083 30043 
10236 19606 
71383 70959 
58987 76566 
46575 25836 
41082 90897 
34518 78233 
2405 69242 
89979 96248 
59944 67900 
8647 82593 
45916 52959 
83640 25075 
72453 68522 
49106 57222 
20260 64989 
74125 86528 
18782 26168 
35856 98654 
77742 73935 
44709 99967 
50281 22208 
16286 17871 
56514 98224 
84954 38700 
72916 48393 
32117 26273 
97803 98471 
58619 30731 
36026 43339 
65153 66925 
7075 378 
17196 14341 
69912 72244 
61655 66455 
75178 29792 
31313 36409 
781 43951 
20093 8012 
463 66567 
37282 6351 
96549 84517 
52063 50657 
77904 48874 
21063 43568 
22029 11427 
51101 45595 
46231 84598 
86888 81300 
7016 77579 
29197 24624 
9091 51458 
82837 14771 
55785 79202 
5744 61199 
71263 92497 
80614 6521 
51512 46830 
58704 29500 
55920 38579 
31795 86811 
34141 63483 
72760 11899 
93980 14538 
47813 11988 
55218 79188 
44196 30200 
1540 10611 
75942 68715 
38185 15989 
27304 1075 
86423 25806 
68554 36941 
97678 82580 
32059 41044 
49848 14834 
67908 49509 
96325 42703 
7830 71433 
74234 95260 
53730 11292 
42563 6455 
72910 98664 
13165 96503 
25875 65748 
57998 38639 
74610 70292 
24521 57322 
19300 21785 
67817 3308 
89691 32171 
12799 3449 
73646 78819 
92767 88631 
99905 37134 
71626 61977 
4678 12932 
46214 81228 
2401 80592 
42502 94182 
49849 12000 
64813 84125 
39766 63423 
30766 53386 
85262 72705 
26283 97447 
59471 7567 
44814 99519 
36286 97293 
32817 6005 
37478 74689 
49581 27022 
29099 53001 
63640 42921 
25783 63320 
50301 87720 
55421 82015 
25229 23414 
8651 84872 
47564 15317 
47698 74868 
52706 67913 
77323 43885 
29682 83146 
87011 45162 
40933 58608 
57943 72943 
93382 51823 
90973 68500 
8809 98605 
52481 97605 
8844 88431 
53872 73532 
25298 67814 
77425 31779 
70090 63893 
36339 97992 
50688 94710 
9986 28898 
96754 60163 
26793 47620 
71621 88112 
76598 39313 
78235 43874 
21940 20869 
33378 98114 
43483 49281 
76256 88094 
98585 87273 
97964 323 
94029 1940 
26848 48819 
74021 32376 
81490 22523 
2759 25666 
7762 27853 
77272 7113 
49375 57926 
40653 20197 
62334 78709 
78438 44529 
72883 34135 
71593 75920 
95828 37179 
48424 31727 
75508 31975 
24691 26707 
85242 83200 
46311 49941 
22724 73317 
52264 61692 
68631 65675 
56632 20620 
33622 22046 
8230 46383 
4933 46874 
23822 20409 
17936 67309 
6686 28498 
20327 48066 
56115 52935 
66986 83189 
45428 28906 
82138 3015 
96139 90263 
52046 83935 
4193 43084 
66302 50986 
80482 21939 
8659 18902 
52369 3460 
9404 25898 
35500 74489 
10411 76331 
25960 78045 
61317 23269 
81622 89275 
60673 90116 
58553 5741 
79435 51589 
43423 71607 
55846 68695 
76066 93714 
30541 99764 
87737 48977 
98598 90203 
90032 27226 
91313 77269 
37061 1329 
64636 33042 
49195 67315 
63475 8660 
30526 51250 
51503 35988 
34178 36709 
44628 89066 
29701 26964 
62940 6988 
4983 19380 
20763 32329 
91492 36025 
7306 24789 
36104 24104 
71478 68405 
55399 12608 
13587 2533 
99001 87439 
3904 71688 
17406 26267 
93511 7463 
76714 16509 
56377 26879 
87759 65083 
3262 55876 
20378 96965 
37842 64067 
54903 31056 
83344 27474 
82401 16544 
94040 19626 
2848 10657 
80080 68236 
86073 79591 
16455 4605 
54218 8429 
77273 75974 
16381 12948 
35071 87228 
36259 56512 
91554 87690 
41775 88595 
60931 21152 
92068 37997 
9916 12898 
1672 13441 
69529 76127 
84307 86996 
72956 82029 
19451 61643 
41037 52690 
63671 53315 
32349 4078 
25708 49858 
98396 87548 
99370 44627 
36058 52626 
1537 80804 
9276 81270 
93904 84026 
19799 24372 
76601 5540 
42928 4951 
29371 45868 
8280 39326 
41763 79828 
97937 67466 
17608 57769 
54725 76803 
61037 15000 
41901 49983 
51396 81670 
72209 66344 
92625 48690 
29035 39340 
79025 11849 
35296 77725 
53815 85847 
86743 16962 
49459 52773 
55528 79182 
89490 85400 
87139 84928 
385 64681 
59253 57993 
29029 92979 
44564 35860 
86403 89784 
21322 22564 
41351 45077 
5094 98237 
69624 96988 
33169 30155 
22885 95041 
19067 13817 
19943 8007 
8781 9384 
78213 36292 
12634 28763 
97250 92776 
57091 71659 
78166 23150 
99360 5159 
12850 47049 
74290 30668 
5129 14673 
97881 84516 
92348 90067 
34584 74074 
20330 91883 
46647 59938 
87276 45191 
82914 56554 
12868 23779 
31741 38572 
7721 91399 
58149 8326 
15256 82532 
68823 988 
73217 98516 
269 78291 
95232 33236 
5185 89132 
4179 84095 
20052 55955 
58622 48626 
32949 79489 
1123 54814 
34788 41244 
23003 24139 
29423 23097 
83964 20296 
98525 56379 
46935 93715 
65620 59056 
88636 92242 
80373 18925 
24543 71725 
48970 33166 
43314 6755 
69371 20182 
80190 71424 
91228 78340 
71488 32760 
9442 78033 
23027 75307 
17601 38438 
94175 54404 
92950 58412 
46176 57771 
58109 42143 
28517 40324 
66365 84513 
80314 85470 
87194 58544 
5042 37683 
26565 77897 
36422 45747 
2590 91050 
50844 53850 
11286 627 
97468 78543 
59472 91280 
10956 13633 
12229 92576 
43785 12167 
912 99575 
5178 4939 
64347 23047 
21913 28324 
50625 43764 
42624 50759 
89829 846 
91672 6784 
59061 52829 
41263 70372 
289 11955 
11227 25086 
18829 67111 
24696 17653 
85681 78926 
44912 13670 
90477 51695 
93473 9372 
43454 61166 
3583 91829 
4655 44615 
93171 81389 
26468 40230 
52260 34859 
31656 96522 
26539 35621 
13173 59266 
44827 47817 
34369 83452 
81949 65678 
28581 10767 
70550 46261 
45648 99337 
75424 74058 
69543 91757 
22194 69370 
36119 59900 
28523 18793 
12838 70548 
20480 75838 
63438 74571 
29327 52430 
9602 34229 
54672 97921 
19017 68071 
48811 41253 
94603 11007 
24044 54044 
13227 58299 
9846 77614 
63884 86545 
89998 45343 
65109 22161 
31128 23284 
99289 58448 
73601 86540 
87591 5996 
93263 46706 
43376 98030 
58301 46542 
84238 62214 
99302 42035 
53257 13497 
82589 99158 
98545 18813 
26980 42872 
86855 33697 
32381 9310 
81794 13400 
94924 68562 
105 56575 
67872 5148 
70485 48362 
90096 65967 
58622 31468 
44636 11448 
89358 48819 
28745 34583 
92338 69386 
13738 44681 
21027 30021 
48118 47918 
46628 421 
10620 95157 
8234 5802 
51211 8992 
8447 22417 
67527 46619 
79739 94754 
51818 2876 
10984 10053 
9245 8688 
15874 5746 
92141 34142 
45359 78462 
16906 62549 
94756 9445 
30233 62126 
32866 20555 
69631 45262 
85194 27456 
19538 71892 
36293 62152 
98784 23092 
77292 95750 
27793 43775 
13814 4105 
14586 29254 
66776 83998 
67552 9423 
43997 45507 
89869 66460 
34042 77462 
35609 7192 
75412 7174 
10732 99647 
83966 53080 
83574 74817 
79380 99499 
28858 89300 
37468 6393 
66882 42224 
9367 3851 
75270 40742 
90860 10939 
44478 12398 
95534 61637 
20276 69785 
83987 16774 
26469 43171 
27977 90182 
89387 10143 
43181 19745 
91995 67846 
7146 69561 
69955 12982 
90039 58164 
24578 17531 
64987 69524 
68307 14007 
32047 18523 
37236 33074 
85299 10656 
2146 68480 
76053 56883 
84607 79508 
76838 78914 
37969 79550 
30628 67592 
84354 867 
77670 37677 
8282 70288 
88298 55954 
95129 78290 
94304 6457 
68366 74830 
3697 96513 
23341 79289 
4108 398 
77374 48995 
8628 83564 
56010 11081 
74524 49727 
13506 25792 
30068 5560 
41970 15860 
77614 43267 
58050 66195 
2118 38 
68672 70916 
3421 65184 
8027 80575 
87927 70704 
6879 81488 
704 19082 
2236 21184 
52589 73333 
20494 79228 
98512 58606 
70441 71086 
53052 2108 
63796 64182 
87165 68681 
40476 79913 
36024 33044 
13358 53182 
62109 66537 
63032 21847 
59926 6146 
6895 22514 
59202 16651 
38893 76216 
81875 52926 
86328 57785 
34913 78754 
58381 56094 
75738 933 
67308 48857 
69975 33046 
87789 35297 
72258 11932 
82482 92749 
99994 51743 
62544 49156 
37274 35369 
70763 92390 
1528 11126 
71892 69484 
29046 83768 
9867 64125 
87167 63196 
44856 79088 
705 61700 
14377 91856 
88106 11112 
72233 96255 
38843 4961 
46614 90706 
27753 57522 
24396 24576 
54256 11600 
12572 68105 
14863 19952 
49674 28517 
65856 71446 
40177 95187 
9734 32373 
63069 60107 
43773 25759 
62150 26383 
41965 77105 
60070 87162 
2653 13664 
50725 30103 
83302 16185 
15348 98403 
61178 86992 
76497 18401 
4079 16343 
51075 85886 
8815 181 
88666 88516 
66787 86738 
84649 30121 
45815 6868 
38931 14163 
35253 73568 
90586 38268 
87476 19820 
96317 49486 
2990 80729 
36342 10818 
48686 15843 
25189 33557 
69187 10636 
76831 37121 
49757 92305 
23713 8294 
15897 44359 
17411 45186 
9577 6919 
45057 87722 
64899 5212 
80094 56107 
17084 57428 
48554 41435 
17788 74939 
32751 18545 
97079 82817 
53141 80171 
7774 56630 
66082 23615 
11406 92726 
90297 56380 
16733 3512 
28104 25609 
61493 56660 
78777 17680 
36008 57766 
50935 18909 
83295 9677 
68387 76095 
74483 68485 
29637 46513 
50630 56174 
25079 80950 
42445 82940 
37874 40537 
27943 78408 
54625 8339 
64748 30282 
90165 20106 
38502 81412 
87134 5028 
1798 41819 
85488 97009 
39045 30923 
69684 49713 
81867 77014 
92005 64514 
16899 65983 
39332 19494 
73266 49345 
57667 69740 
50574 92841 
73760 74484 
49871 71158 
56478 94963 
99862 91801 
41840 98418 
28541 61673 
5169 98258 
16449 93656 
1363 58173 
81930 87256 
10053 88867 
91047 7351 
16215 70078 
55204 28130 
28834 37676 
78090 5510 
90254 85906 
40199 90632 
57123 48193 
63972 99472 
40158 36446 
85511 9186 
74435 38433 
69869 60478 
54515 95533 
46050 7116 
9431 9074 
5161 68646 
11408 52440 
571 10440 
9169 98299 
12443 96375 
51770 5512 
90691 33795 
22131 48702 
70180 57818 
30778 14939 
59915 82624 
29791 36646 
43985 81072 
94536 77558 
96185 40771 
86492 39480 
2559 84715 
54332 11567 
6459 37623 
52389 40982 
39303 65336 
55720 64058 
76853 13938 
29240 442 
65608 27698 
64699 79239 
96845 30506 
33793 35756 
66852 14176 
18257 90254 
51066 88773 
68545 95938 
37118 15111 
11533 22477 
7190 57580 
74637 23424 
33632 66712 
18885 21186 
53436 25147 
76646 31579 
16962 68162 
71107 41488 
64211 20453 
54049 47779 
67977 74556 
36069 63406 
97387 73143 
99113 97463 
97580 47312 
75055 20007 
51750 6113 
45989 29558 
90244 68710 
72050 51458 
38125 79901 
80759 8647 
47354 52176 
58250 22912 
42687 33033 
67226 24296 
21378 4978 
79056 69114 
85994 87468 
48182 92899 
56877 24949 
75823 53597 
6237 13272 
6954 52465 
79378 37898 
79630 55391 
20228 71670 
98956 75710 
98113 7339 
39324 21112 
40651 80612 
88052 51864 
13652 73182 
31122 45322 
53082 71999 
47458 12572 
46441 1022 
22022 67074 
81295 34700 
9981 2284 
27258 48679 
84300 95496 
94371 62513 
77336 18523 
15603 81609 
83347 2339 
34127 51202 
23322 72429 
37043 93851 
86120 44362 
66382 13753 
50619 44955 
55525 16128 
62472 3440 
84562 7985 
85961 39118 
21664 17762 
76622 57305 
19188 95675 
23470 53692 
63043 34026 
91037 18790 
31727 77304 
50902 28733 
7508 75589 
29980 6480 
96352 71603 
18572 38327 
55514 1682 
75011 34654 
98108 34007 
35733 30949 
42497 63638 
89678 35414 
1013 33185 
4162 42832 
57318 50435 
95695 50884 
64589 29760 
23727 34723 
7783 92889 
47841 58378 
12372 26382 
29702 27431 
49249 8136 
79872 16420 
80878 83282 
46585 36547 
17342 91046 
18695 44516 
2568 18454 
68195 31732 
30800 84205 
89083 74555 
1324 36599 
98815 70967 
55448 83109 
56176 36747 
3934 55979 
15132 85138 
45336 58209 
78062 67970 
96130 27313 
33760 13375 
2042 454 
65675 55433 
76660 63872 
94092 14510 
18161 21957 
72298 53531 
87950 26886 
91261 5057 
95996 68442 
59924 36802 
26832 35434 
18972 99104 
57468 25104 
14743 76851 
63881 94938 
6961 50509 
86258 22526 
9025 56154 
24869 63405 
62864 22774 
68191 74282 
31659 56622 
12842 99566 
53249 37023 
20897 2890 
34617 85815 
74352 62040 
83573 73433 
28738 35732 
67607 28707 
38347 53674 
61850 26538 
24036 77594 
98184 37871 
81239 30196 
55769 39787 
80616 91466 
39578 4 
96667 17317 
78049 69746 
10668 44237 
33508 41656 
73470 5437 
59786 55333 
80955 98934 
60258 62068 
10382 16069 
96558 92481 
89377 60137 
73255 6012 
20970 59156 
77060 39620 
67910 4213 
80444 14507 
7327 25394 
29026 4360 
2934 51022 
19705 16319 
6036 82711 
42209 86779 
88964 58707 
589 48134 
34923 71047 
53185 79695 
56799 48246 
9629 16278 
94113 14571 
1746 51318 
42115 89367 
1500 37896 
99903 95477 
93642 60671 
85499 4509 
23294 24469 
54969 58492 
29446 81176 
79959 72423 
44164 95558 
83428 40256 
84306 32785 
6908 38101 
87620 35674 
84254 42692 
48340 48056 
26657 60634 
88724 32159 
81592 94519 
62460 22560 
14411 55661 
23470 56965 
75450 70052 
9360 25011 
57801 14052 
82592 80233 
21319 59418 
44472 67513 
56961 3445 
87088 28552 
92213 9333 
76616 61303 
93162 84304 
67704 25792 
1652 78595 
33146 8398 
57027 97117 
55667 79405 
91108 77402 
69324 4522 
52334 2387 
56911 78 
10425 84671 
6717 53710 
16432 80052 
7072 67637 
44729 62476 
10362 19978 
23271 19978 
29520 81081 
66341 11748 
39478 66455 
60081 60157 
43687 55654 
15217 38388 
31479 57352 
93703 54264 
95963 54821 
36421 23925 
4061 23186 
67582 75203 
10418 70069 
28157 19859 
85134 14615 
95458 86284 
81621 86394 
78861 9836 
5345 95308 
42752 36679 
56826 96384 
96884 8792 
12984 49213 
11665 62786 
79775 50787 
61270 93200 
96014 2640 
71022 2156 
93406 58436 
47156 81580 
21008 86519 
96848 51605 
23707 73457 
4298 9384 
23752 89254 
14725 26172 
92005 32608 
92242 67427 
11273 75544 
59913 548 
27937 30678 
664 97984 
60078 71568 
96280 39625 
80381 46808 
8381 67692 
20339 41926 
60029 49801 
48604 59647 
59562 61424 
60824 8718 
19263 7688 
80901 14213 
60642 66238 
14308 88170 
65388 47853 
12983 28365 
26467 39570 
8253 45178 
77370 16242 
43382 51774 
29174 80804 
90510 91167 
24871 20928 
68146 15274 
28329 50352 
84814 75665 
1271 36814 
22072 33496 
85841 5393 
35832 46967 
2594 45942 
98765 48668 
94156 46413 
28542 82294 
93355 20041 
46769 28474 
71257 93673 
91687 12826 
25345 76965 
64051 55864 
986 37767 
20098 94008 
362 67645 
38087 73701 
22198 33390 
75624 96516 
92918 75212 
3838 72143 
95260 30472 
51450 18271 
73914 32923 
16855 31639 
99422 61806 
9575 42899 
1333 92535 
63803 59449 
39568 31323 
26190 95022 
68926 99757 
57658 82554 
65862 72145 
4751 67768 
28945 58441 
89835 84867 
34804 68559 
41495 22903 
29912 90131 
36529 1623 
65223 61057 
53169 88956 
35450 20624 
41530 8849 
67700 78579 
1734 7748 
15190 50178 
22764 70796 
50964 67097 
75825 4703 
23775 89009 
74846 33224 
33752 8687 
13706 83335 
8962 64723 
64893 75437 
15668 50223 
77509 69299 
14860 33312 
43880 58957 
85541 85840 
13520 54409 
71295 50363 
20783 35718 
70810 62303 
58256 15987 
85336 84122 
71799 3688 
56442 1419 
75127 11969 
75992 77045 
81886 22788 
26908 58644 
31437 77127 
18087 87488 
40904 29025 
9723 62012 
50478 70817 
86350 68168 
41621 9700 
24071 534 
98502 51636 
15706 63034 
51838 27610 
63035 56213 
91328 79379 
18813 29201 
57911 7111 
62932 98799 
30345 69688 
26840 15576 
1933 19949 
38293 87442 
2686 51785 
44510 54816 
59840 33741 
85976 48376 
5329 4676 
35426 50269 
32700 11004 
86950 22771 
77899 72219 
78687 64531 
48469 71605 
59255 3903 
53934 82447 
62820 41257 
96457 56555 
40655 7773 
65376 21534 
8033 16878 
41785 56000 
4499 46324 
60061 37799 
32815 3847 
92097 89328 
37310 97386 
16961 76133 
5889 52078 
13786 50269 
31612 90507 
68964 68243 
49545 20192 
20003 54883 
72511 52788 
67934 29109 
85354 13238 
77718 55324 
21558 83883 
51834 35030 
38290 68500 
6093 7274 
26383 54293 
98667 83664 
40277 96062 
63440 3936 
9646 46095 
77012 61448 
99161 5745 
45017 14472 
15802 80257 
27906 68782 
24145 77073 
38942 89790 
19197 99665 
37852 78380 
23681 53903 
12483 23552 
22018 2009 
87707 27169 
16855 70356 
25991 81308 
95605 41678 
87222 67129 
24259 39702 
96738 35647 
43651 44786 
30002 25466 
29385 62819 
59932 70236 
90787 6482 
28641 49510 
26546 37888 
99173 40671 
25094 64690 
14811 36721 
96344 77957 
43612 4994 
48028 69399 
14062 75207 
74693 68001 
54082 61801 
10300 91664 
30097 45128 
6426 18148 
45464 58798 
37211 41453 
98297 56393 
99489 94676 
17556 59730 
71958 88473 
93253 23029 
20745 35454 
91714 82541 
90439 5122 
75 99619 
99397 81448 
75518 46683 
66059 75712 
84240 30191 
29061 80939 
2744 92444 
88055 41092 
19749 84968 
84477 48090 
20897 60200 
61863 72823 
60357 85339 
93905 82508 
23579 42471 
45039 96038 
63637 42474 
33199 81443 
49947 46683 
97241 5129 
2655 59954 
32585 1252 
98535 31510 
47805 41412 
25007 75807 
12153 49785 
27704 4710 
9417 26885 
43996 44349 
87087 16320 
39986 95318 
91393 73255 
71705 83220 
8638 70700 
72582 38114 
91103 10341 
28744 35995 
31867 88298 
41289 33234 
67034 3018 
90417 25771 
26156 82468 
10113 68830 
22017 50828 
54102 121 
69532 51106 
83840 19659 
50128 89402 
37577 92797 
92783 68973 
45826 59502 
25794 37848 
43091 52582 
64413 82414 
88274 50294 
38594 61211 
46915 14670 
32438 88120 
7265 95861 
2294 42193 
99165 14984 
64029 2567 
59804 73154 
91621 81224 
43642 72801 
49044 53776 
5151 78867 
85290 69069 
92470 92086 
58437 52034 
77702 54339 
18808 1079 
15282 56926 
73575 21220 
63683 76616 
75556 27243 
27740 21454 
27480 97365 
78923 28577 
69689 57177 
89136 19645 
23996 26108 
69978 86011 
99339 64197 
43843 45391 
25920 15665 
85861 84527 
73660 57598 
66396 78232 
28091 26965 
92654 54205 
42225 17308 
94950 55133 
56465 7592 
28257 34854 
80283 10032 
62893 13714 
59188 1173 
19553 9800 
8398 31037 
63368 57302 
80683 88855 
9240 21061 
49990 40729 
6487 17209 
34766 44497 
64606 53822 
55282 90135 
53989 12630 
17810 10245 
65509 3096 
45177 54465 
41102 33533 
27963 24105 
93832 60453 
53581 18864 
20401 96954 
81449 56168 
71661 83720 
71682 85517 
87393 52072 
41961 35122 
20487 37532 
22706 96234 
72626 34464 
4155 71700 
38653 17637 
20662 89661 
10062 94921 
97276 10688 
19350 96825 
91594 37259 
16502 53227 
99915 68157 
56408 55398 
60856 27185 
41809 52285 
81927 35535 
10146 84052 
34918 90224 
74710 12975 
14517 57181 
30562 72064 
31237 86910 
13929 15151 
14506 13082 
60112 18690 
34683 99969 
39435 55152 
13810 63337 
63352 30639 
84060 1237 
43545 55223 
70127 36041 
55708 93536 
17220 87187 
6674 25238 
59857 65235 
28640 30260 
28297 2202 
27480 2117 
19276 10544 
93461 84033 
15567 93744 
42177 17324 
24970 15156 
91085 89169 
23462 68551 
92778 67833 
29547 83778 
39956 17367 
7239 44007 
29038 90968 
93649 87204 
19448 12432 
73830 13827 
53857 68485 
80269 25148 
10964 51327 
77388 72192 
46917 10307 
2399 3968 
44045 94435 
73041 65478 
26307 93294 
40020 10940 
19710 12932 
57363 65725 
32912 55435 
67445 91699 
8334 6147 
49102 84974 
47328 70859 
57041 62513 
44288 46822 
88646 74623 
74064 56052 
50336 14008 
64647 17139 
59775 78942 
52806 82676 
12533 88000 
64204 23416 
62191 36883 
81504 97372 
11440 34071 
64062 2374 
88355 51323 
61037 73941 
86843 77523 
16077 56834 
83145 69896 
96247 48301 
1325 55360 
90413 83769 
89840 46534 
13079 11601 
88551 1931 
18465 82583 
10966 77871 
76617 61882 
40040 90882 
88442 56510 
37494 33651 
19760 39688 
96433 65047 
15838 45020 
24929 25272 
17322 98000 
34277 10935 
36096 50141 
19795 81612 
65313 81902 
64330 59432 
91695 44561 
65022 26278 
50161 18355 
82428 19382 
10956 74420 
37779 75423 
17659 41475 
38894 75667 
812 94675 
98231 254 
76377 3706 
17537 8440 
815 99931 
52773 23397 
95330 48285 
40235 15147 
70644 38629 
60222 43238 
80650 43372 
38131 41980 
8389 23473 
34517 5392 
41032 3253 
55450 56396 
21856 76008 
22407 65441 
76730 47003 
76954 17352 
179 68208 
59678 12074 
51846 69989 
95053 24890 
57998 48998 
34402 44774 
34709 28618 
57585 55715 
49460 68575 
10754 25196 
16074 63713 
62283 16404 
74323 38432 
91881 46372 
39939 12906 
88945 70891 
23420 89972 
25371 88885 
6721 87443 
85314 23866 
35747 19604 
79811 58152 
33580 13792 
47702 66730 
64443 33204 
45966 21957 
81624 65441 
62349 17737 
73940 27848 
41087 92375 
84802 35274 
98559 12991 
15519 73689 
19866 21231 
40213 23931 
69606 29896 
53572 83884 
20552 3226 
44620 44517 
2438 49743 
39808 85446 
99750 5877 
86923 69080 
82195 91045 
57686 28929 
34409 70414 
31366 67222 
62548 70274 
84335 99826 
94515 52765 
51234 12248 
57887 71635 
42222 19569 
15024 98783 
97811 55250 
58356 32524 
37837 49030 
20516 72838 
14365 92494 
33773 76299 
9673 32406 
81121 83939 
29923 76525 
17431 49024 
32736 44382 
3208 78496 
92600 46363 
85809 41803 
51890 28463 
83364 93895 
27261 77191 
75196 5362 
41264 39366 
79177 91998 
27256 74923 
1260 88516 
12021 27356 
75333 16729 
15020 66038 
72560 57155 
15726 27432 
48557 44879 
31291 58078 
14028 75397 
15596 41233 
59889 24263 
37707 71196 
41440 55543 
22897 24572 
27842 18386 
42560 66144 
52873 8484 
20744 18481 
60928 1746 
84463 19094 
28186 51190 
22573 86653 
53089 74920 
33700 18687 
52525 52922 
37563 47191 
70533 93567 
96022 85684 
4878 26817 
40249 11521 
83507 30505 
28662 40633 
77685 98481 
66620 68398 
21505 14975 
3317 69926 
18529 8229 
83943 75866 
55441 18267 
75887 65639 
9918 28611 
6597 49079 
35295 79815 
47716 39550 
28172 3877 
55166 56863 
36746 92927 
28114 36727 
47439 42999 
81076 64922 
95320 94280 
32912 99069 
79840 22922 
4023 88566 
31549 26314 
78836 54194 
67782 83648 
34466 42858 
95675 66684 
58441 30072 
69430 21825 
78459 3073 
85404 43891 
5393 20778 
3369 14467 
47067 13355 
15229 83244 
84848 53772 
43469 29444 
17651 6460 
40837 52295 
68706 34089 
79964 4387 
19279 22487 
67118 99877 
80494 65825 
87763 651 
39529 39476 
93284 7898 
19655 76318 
68016 63974 
74951 53763 
73626 21 
99998 93412 
53935 48466 
72449 73003 
97413 76380 
62088 51193 
96899 85580 
33864 9716 
16456 68463 
44325 24588 
73859 4702 
80999 88287 
73845 33314 
22487 18218 
82039 36991 
3369 3271 
12390 31184 
52511 59898 
11983 59128 
35948 91929 
66258 55777 
76255 74168 
14928 58599 
39148 8864 
64346 11228 
75033 36255 
5543 27153 
78339 15646 
98888 54963 
80663 31849 
66038 14092 
25129 23339 
37819 50571 
78816 73087 
42663 96012 
27716 50793 
84416 99827 
64419 46132 
50613 44653 
22535 86606 
12716 48023 
33879 90746 
28351 99485 
84499 67653 
32249 81728 
23895 37240 
7366 76680 
38078 12056 
60579 63131 
31628 51189 
88385 71114 
76492 69497 
7188 70102 
75982 61315 
40052 33019 
61286 76761 
97203 36110 
84783 70916 
61088 25953 
99538 31401 
88491 9145 
17591 78239 
71947 97710 
20983 21418 
60639 73777 
58949 56182 
26993 20817 
2310 73835 
79323 5505 
41795 66725 
63200 84257 
10896 10075 
64595 51512 
85830 10467 
26401 43060 
65248 21014 
16597 57003 
60606 36674 
41093 57405 
34414 99615 
77217 81228 
8076 64218 
14827 77863 
23630 94020 
31208 72361 
84404 88800 
93180 58437 
18476 69006 
75274 95358 
5777 76855 
6342 4032 
84789 88681 
8656 31944 
7995 71514 
73321 83987 
46616 58320 
23720 96859 
54599 61036 
54794 68327 
89466 88225 
61 39523 
53314 85078 
70604 68363 
61128 67511 
30656 25232 
65553 79202 
22935 88287 
67312 60691 
33562 15054 
18770 83025 
91164 19395 
84393 64968 
27682 88551 
56410 62371 
89427 33589 
36517 91113 
76120 78465 
85232 20846 
2886 57791 
9328 55826 
25632 11520 
4761 1210 
43743 35910 
97594 98467 
95697 74468 
28652 1936 
92997 10009 
8988 60047 
95711 49533 
32706 59364 
18959 77307 
71293 87378 
73837 88380 
89330 70812 
88559 4653 
15301 50260 
26011 18759 
73191 59061 
12435 7123 
30662 84603 
18630 2962 
47825 3594 
89843 22372 
16954 99378 
3428 92235 
67989 88972 
44387 37389 
77245 10274 
28070 46277 
57495 45754 
66595 49284 
26403 87970 
70961 11983 
47312 84340 
4351 66762 
11424 33901 
53804 80556 
83690 47127 
67198 83912 
66043 21405 
10407 67134 
41075 29379 
35535 82964 
46896 65154 
15270 82084 
99581 44189 
90716 47639 
23499 6755 
448 88074 
71787 31934 
7067 93746 
19298 29400 
14228 62104 
88621 39604 
71841 48668 
26077 39476 
119 6601 
79096 20406 
24126 36360 
38967 78007 
99677 78736 
3666 29029 
28715 49517 
84340 49836 
7681 32103 
25968 12949 
25967 15552 
37841 83418 
33170 89901 
32715 25193 
23656 88009 
54832 59130 
44870 93748 
36504 8921 
21842 20070 
60506 68987 
4510 97281 
21306 29238 
86768 1789 
71944 95642 
16551 98686 
15405 52617 
14802 67685 
49376 23581 
47847 31273 
1547 99325 
52443 6357 
98914 20384 
95747 56276 
99072 19249 
63398 28731 
74020 50952 
8156 26976 
77787 66502 
58755 76611 
47976 12596 
84073 18323 
88349 73208 
31264 78154 
54624 3865 
8116 41179 
18927 47849 
59739 81912 
19640 65014 
97554 85327 
12904 48580 
74601 26090 
29601 53002 
65366 60380 
7379 6878 
572 24656 
11123 38901 
27830 28754 
77255 1938 
17544 76941 
17331 40624 
10167 49807 
94652 11199 
5631 32372 
43914 28844 
28759 79323 
38433 87386 
65422 66983 
22054 69006 
53442 93459 
13592 37461 
29453 53330 
60478 87321 
78407 31301 
65286 3882 
5908 30476 
33895 73630 
55214 75170 
97257 73547 
20575 5660 
40108 59028 
66431 12822 
29428 64821 
48060 44303 
73031 31147 
43431 50677 
54429 68042 
48279 29999 
83912 74973 
56843 72218 
77819 39882 
49254 1111 
28001 52106 
33184 60709 
51774 76967 
42210 95640 
18942 56338 
76183 30362 
36998 19142 
80006 60977 
38154 8448 
96316 35096 
52637 57770 
94901 10208 
71462 78105 
77063 49037 
98945 49457 
76685 31588 
70243 45763 
31414 37885 
62481 60595 
77176 82844 
59361 42448 
27115 65307 
38594 93109 
32115 26934 
39148 30315 
84206 3477 
30965 66807 
16453 90908 
53701 11887 
73325 41918 
12977 58715 
74072 54517 
22756 80834 
68334 13780 
60662 24789 
87931 196 
59412 52217 
31753 83699 
92015 54404 
81668 81080 
20966 35067 
36529 66372 
72417 32996 
68670 88675 
65122 35191 
52657 69994 
70949 13261 
89624 26845 
8846 1106 
52168 83691 
77353 20288 
4565 23731 
12129 50979 
10991 53100 
14410 41034 
30440 38271 
33923 43472 
11225 13226 
5504 73515 
40203 42934 
32517 80382 
72305 72722 
82128 36109 
64450 89329 
7618 53963 
64616 68734 
41103 62374 
61619 88319 
6406 76823 
84033 36446 
86285 31747 
47767 61285 
40821 57283 
90931 62472 
14500 11537 
1936 44181 
88353 8096 
42168 16227 
30508 10592 
88126 51010 
73604 1414 
69554 78436 
725 70031 
59899 28387 
52879 7883 
83334 10891 
80501 41438 
38610 57795 
49078 82774 
4181 36629 
74694 27896 
81302 87206 
9153 87033 
52241 24652 
16320 88269 
79267 98688 
81391 56130 
46720 98333 
73048 30104 
53296 43646 
34803 54617 
94541 11652 
16286 41560 
36624 2342 
67861 79275 
71590 62403 
12645 37742 
61600 49318 
78875 98736 
25060 36505 
22537 21841 
91085 31386 
95255 42480 
50406 2572 
15675 86463 
60597 89807 
83932 77100 
21436 865 
38231 5536 
22223 83305 
90208 32704 
77051 95779 
91436 92201 
6314 93563 
77290 67377 
93138 86006 
6373 23056 
41962 19834 
63782 82568 
93150 91504 
24733 54157 
2306 94307 
81399 27301 
75877 61423 
20300 79167 
65648 74877 
164 54106 
63922 72124 
20929 5039 
8422 96951 
93362 14548 
1410 9437 
15790 45620 
71014 90932 
39506 7264 
54430 54284 
57630 58581 
62460 97033 
83593 16376 
92735 15830 
94829 76044 
95031 34038 
4905 3185 
56220 81282 
93016 4318 
64720 3675 
63624 39037 
34674 76486 
31002 93110 
18655 37231 
23528 92242 
14350 56469 
80807 99631 
75442 16043 
73039 6946 
69844 70048 
6536 97957 
89462 22523 
91870 36845 
4811 67669 
41875 9059 
75135 3337 
35562 21621 
70030 46598 
30978 51883 
32169 51396 
35155 19014 
12337 52612 
42493 40869 
37801 38288 
34275 30387 
32935 82342 
91517 80305 
97057 53801 
10886 82715 
58605 55379 
29224 30901 
67043 34170 
55988 54847 
54327 50320 
84945 48982 
96272 85688 
6521 60965 
30829 23866 
70457 23676 
45068 35335 
54735 29114 
25579 57127 
81257 62506 
78025 65042 
81302 37695 
60741 98270 
54574 762 
44581 11257 
84425 97817 
6596 95651 
68894 35053 
88680 36433 
2219 94390 
3966 40576 
94765 6419 
53569 4091 
50624 23864 
24132 63823 
31629 83409 
72730 14092 
24115 91485 
69784 55073 
90482 20498 
62970 79758 
31481 55976 
45500 99389 
7085 92251 
60673 53491 
63931 34528 
51285 49879 
95531 28609 
67245 32526 
17797 5985 
77672 80693 
76903 1702 
94762 1447 
19097 75119 
5914 89483 
42808 39562 
27827 93131 
22229 85895 
41769 43477 
38545 67149 
42666 74736 
80055 96596 
36407 88303 
75673 60 
49470 90392 
7641 54717 
72942 63697 
8743 41323 
49002 17225 
86929 34506 
22117 95257 
35967 56668 
19483 16355 
84589 25057 
95644 56353 
8579 28652 
74772 85521 
80334 81826 
50731 19359 
58666 15048 
59860 44949 
27952 79481 
24292 40337 
80218 61872 
74685 13135 
96326 28960 
378 46315 
23181 46449 
42296 54153 
62702 46640 
39320 19296 
85269 50906 
62369 3157 
55487 88497 
22126 96148 
11295 91477 
16097 1687 
68814 87161 
88622 28506 
34800 54016 
13474 99455 
96165 54737 
72872 71833 
21738 11116 
98975 4213 
55314 39306 
64385 97773 
980 21206 
56667 86382 
1836 47977 
48620 48949 
91411 35031 
80743 70050 
53475 74392 
5317 80335 
60373 59905 
2518 67002 
72620 93570 
68154 56346 
73240 57120 
89889 35411 
79149 11983 
74260 97791 
18864 72907 
60274 69834 
90933 85748 
57094 97825 
20682 28342 
73054 54153 
14234 44842 
61197 51040 
68233 18579 
92525 34105 
31282 86206 
82351 64841 
28861 96810 
37386 91037 
57294 23652 
61646 47239 
24362 43336 
57763 23526 
64195 7453 
86970 90213 
82351 45144 
5799 68512 
93310 51500 
80451 92771 
97093 36378 
90825 18577 
4297 30936 
75356 92856 
59598 75096 
35111 17012 
32575 38131 
10959 2238 
41712 56700 
71236 37315 
52526 9919 
98906 63527 
43985 89436 
47077 78763 
68729 63960 
39585 73459 
42088 82355 
29435 34690 
82488 7136 
92016 41581 
91530 21108 
22318 15116 
5934 3860 
25776 78491 
75447 31997 
40895 30379 
20951 17203 
8487 32755 
5234 59644 
7131 67385 
5196 60706 
7358 20663 
8780 8681 
58131 15142 
72487 23800 
8323 17951 
66065 24855 
83194 21208 
99813 58689 
81275 7627 
76904 15928 
30603 85685 
38242 41618 
44913 3053 
70581 37776 
50165 24421 
29981 46396 
9724 90420 
92156 96061 
62508 58039 
78863 93072 
2609 59744 
25199 38886 
71166 8447 
46527 59657 
1674 18549 
35726 40803 
58456 9464 
71548 69776 
34694 7349 
47097 3587 
31162 63204 
33792 94151 
19777 61088 
80639 24141 
7051 98858 
11252 28788 
51736 85684 
21767 4951 
58226 15520 
1647 37785 
62676 43787 
96366 7456 
52345 15686 
6024 73619 
10339 68933 
67196 73736 
57700 61078 
96657 12835 
72691 52201 
85088 66917 
3199 7426 
16486 70005 
52284 70530 
54700 5660 
9241 99859 
82378 77854 
18910 50836 
99591 93148 
30523 35528 
89459 46451 
44052 89062 
36388 65949 
76766 25119 
38802 39344 
5658 68308 
92804 13149 
2412 9890 
35720 29537 
66748 45183 
29275 41144 
81274 15867 
30937 23196 
56368 98514 
48983 84488 
7173 51849 
1907 63983 
6414 59552 
6031 88177 
86575 82863 
96531 55891 
22834 67827 
46530 11766 
14239 35690 
86561 67493 
94726 21776 
42373 30713 
47896 18137 
2934 5475 
69855 18301 
2451 35333 
22975 58664 
50312 70356 
50087 379 
71091 52755 
73386 98020 
23102 32289 
85277 56891 
48461 42281 
49380 89532 
70200 89812 
69110 43777 
92728 39519 
48507 89683 
80746 99474 
65419 20693 
88725 49702 
670 45614 
88142 89187 
18493 22276 
92888 15568 
73317 11205 
14610 93236 
25891 8194 
89241 10200 
87759 48361 
3538 71795 
77280 61083 
16188 30216 
62648 95150 
11902 2879 
87804 26545 
48866 89688 
25628 7440 
60014 59597 
79515 14330 
46855 40202 
59165 5657 
60861 10603 
89367 4841 
1974 67430 
71584 83333 
76315 6641 
7292 30119 
45960 39617 
9323 59050 
72460 41067 
72882 23423 
2769 8366 
51413 78455 
71325 97249 
84183 56578 
95291 87113 
52215 97961 
21257 20718 
97121 9194 
41222 57690 
23417 6787 
33240 78985 
19073 38936 
97871 80359 
71308 68973 
55383 96887 
25101 46949 
40665 7703 
30351 92019 
82878 80381 
50368 57609 
85114 27781 
59067 53772 
25670 66650 
37241 56721 
87011 86923 
89241 44219 
81121 63431 
40609 57309 
80620 67557 
44475 3819 
83921 65449 
19922 87147 
39627 21469 
69097 65009 
30515 60846 
71470 17159 
70616 83876 
33442 28537 
321 65493 
79424 74842 
73837 18704 
6521 31256 
20991 48086 
89141 11834 
31031 70471 
12102 87014 
49988 33907 
31263 19794 
5074 23148 
9198 7291 
69743 143 
50114 13708 
61216 91410 
63005 33219 
18663 657 
14918 26777 
44667 94652 
97280 35624 
5238 83099 
17350 86025 
74306 89160 
44194 64736 
77543 86243 
83941 62768 
37273 58844 
32663 56196 
45366 30451 
56840 17079 
94215 89906 
81179 25016 
77255 39146 
21466 80396 
29944 79837 
86154 4125 
19735 54192 
84555 45413 
9281 56147 
21797 9137 
10967 33056 
31109 57392 
22843 5199 
92527 35990 
86108 40668 
13790 26034 
32547 36551 
3962 23089 
96645 73848 
53246 2063 
51591 33195 
43469 34608 
90969 81196 
52898 87643 
18680 63076 
86314 46566 
28444 66343 
56702 74783 
51261 52293 
68420 42347 
24248 87445 
3407 30876 
87537 45361 
91745 49281 
47247 90817 
55811 75488 
52014 2933 
53300 72941 
18168 41589 
8541 17570 
4366 12374 
13826 10791 
80337 39288 
2878 47203 
56365 11564 
47130 51825 
40246 31220 
2120 1039 
66652 51338 
36123 93840 
218 61561 
6030 45570 
48107 46944 
6541 34986 
30430 19029 
7856 47362 
47599 93909 
14400 21221 
52568 71044 
22456 24402 
82858 48711 
28173 56331 
32373 97253 
39039 97694 
46257 99633 
71717 6143 
3341 60325 
77035 87246 
10258 78212 
18969 53568 
68855 76888 
48613 21590 
94287 86654 
56414 86129 
55000 76519 
56361 54968 
77809 41607 
54355 22602 
11339 61663 
79644 11341 
69367 59703 
12990 10417 
81901 6377 
28155 99343 
66347 35228 
74314 50452 
93671 56789 
66176 67332 
65240 85342 
15868 30878 
34811 21163 
36064 92675 
7162 63212 
67345 76674 
19921 62462 
34479 24410 
68401 64475 
16059 46462 
64566 31295 
19861 23420 
30754 77395 
92321 33311 
16363 2142 
54690 69269 
91425 52130 
50703 51139 
14875 751 
11023 27830 
97236 89476 
88233 13352 
77595 35590 
92840 98854 
12937 74501 
65516 35376 
34262 71246 
53709 87616 
58366 5440 
21820 17704 
56803 6675 
13277 69779 
74221 93258 
116 91115 
57143 46168 
1124 43619 
1232 32256 
23103 30688 
50162 75949 
81472 88754 
82468 67123 
86243 70274 
4056 84281 
37278 75503 
23572 6827 
58792 74043 
25379 87976 
17225 94040 
70670 60710 
8875 46764 
51019 53197 
74126 97459 
90733 97221 
93599 89451 
44379 23442 
48253 77909 
64149 50632 
80226 32015 
18035 92610 
74113 19928 
24275 26160 
89432 99571 
30124 86020 
14178 124 
3731 78873 
76641 94024 
26739 37299 
48096 27340 
72211 66769 
92486 97597 
27585 74005 
70892 42438 
75558 3425 
88377 29919 
77180 49893 
78667 21863 
10893 60602 
58219 15328 
8843 86711 
45330 54098 
97539 96196 
32278 42032 
93752 13405 
18858 83177 
28531 7928 
64222 19749 
72334 15641 
90616 38378 
12447 38170 
77343 67494 
90252 33526 
16242 94253 
40362 80280 
60981 88133 
86243 70413 
91615 30118 
37652 61852 
33174 11347 
4097 694 
12427 83157 
85452 5274 
10524 11660 
26021 89460 
70864 14280 
21496 90962 
51328 33159 
49664 61921 
67930 30863 
55142 73693 
62963 77547 
56063 85488 
44900 35527 
56310 27401 
89553 37175 
40783 52386 
62455 95085 
3134 18836 
20930 79694 
5510 75708 
80977 48806 
98067 35485 
88910 15963 
32364 36796 
20553 125 
87218 18130 
41891 7851 
88202 46828 
4174 60956 
42684 73443 
13796 97590 
31168 10517 
12673 42733 
92640 67011 
28369 65295 
16766 4809 
4891 13328 
8957 22174 
4851 46310 
25715 10459 
81608 63987 
87108 75071 
56039 65021 
60848 59393 
96740 55420 
78137 61283 
94755 66759 
85336 85736 
44328 37187 
57442 34468 
89728 54458 
99483 93393 
74825 59527 
40154 42370 
36920 61682 
78368 78090 
19205 21761 
77863 10603 
37296 18692 
17607 66746 
24409 26412 
96471 9592 
97069 93160 
59480 62079 
28629 33194 
59922 5064 
91416 12206 
96710 5336 
29976 31987 
69589 17486 
57706 97362 
76149 95031 
27012 78967 
34072 40831 
9234 69139 
49631 24584 
34686 65008 
69184 96064 
85481 2809 
44274 26763 
4186 10512 
12878 19751 
79931 42058 
49486 37795 
211 5795 
64891 13164 
11437 2154 
42930 19068 
14192 41185 
85868 2281 
30170 19247 
2748 99281 
16970 95957 
15725 84078 
74157 27479 
78261 24965 
79452 80255 
96027 59488 
17429 70508 
16460 32241 
14753 49140 
6142 78435 
75793 79108 
66515 77716 
20346 32903 
47929 47320 
61237 71482 
9591 91414 
23735 52785 
38745 74357 
996 57928 
86223 39610 
60164 16243 
97510 53147 
62287 56488 
18530 10493 
35878 10907 
33626 9879 
48725 51242 
49513 60508 
55458 41359 
73484 64557 
59448 49866 
46726 84305 
16730 77887 
84352 81631 
26954 22116 
42567 96158 
1784 11348 
80395 10429 
74669 25851 
8464 35759 
17605 33278 
20589 40789 
60270 52265 
85220 36274 
64831 85394 
33315 24261 
95764 46948 
16782 17555 
38165 47630 
27368 36292 
60355 88431 
59698 92383 
86943 58842 
74179 79771 
47097 30836 
65533 98665 
89384 89328 
70990 55324 
9367 42299 
58498 95432 
19032 9299 
19763 48763 
98156 95777 
55579 85575 
6906 22447 
81577 11060 
6208 93910 
1404 53166 
27879 58745 
91298 31255 
60013 34546 
15137 28293 
64793 45623 
42255 27677 
25678 48602 
71652 17269 
28831 1661 
75730 7874 
19679 66875 
64256 61126 
39664 21937 
34985 72638 
40527 97462 
21229 10273 
93881 49172 
68622 64521 
62348 20416 
73439 28217 
75225 49817 
93031 86230 
56397 31291 
95312 62229 
85145 39209 
48686 39292 
31531 90210 
66404 43853 
97187 24958 
10069 58377 
9645 58092 
25855 7145 
63728 62682 
33969 41675 
77085 26688 
16988 37535 
28581 43251 
55939 2715 
78071 74065 
44308 89195 
23978 55668 
69668 94009 
41124 2169 
90189 33817 
55453 94733 
49033 77931 
54527 38123 
63483 28682 
3133 7624 
97599 45202 
31830 5886 
77350 16907 
92962 98550 
35330 6374 
33418 99924 
78553 97778 
16361 35600 
57288 6726 
35149 17527 
75485 30036 
1858 28939 
24064 39923 
60094 31417 
37205 56026 
67183 74485 
68725 60870 
14376 9284 
60740 59590 
5359 82220 
30038 23124 
93137 11899 
28918 95601 
83296 33254 
46736 91261 
47641 26426 
6002 54013 
56411 34810 
72581 3598 
29532 16599 
43392 46348 
27780 67240 
97014 85649 
53269 96382 
92646 27471 
5346 42246 
81134 39708 
42733 58767 
48113 90579 
35697 16416 
43781 60960 
53048 16342 
66416 98279 
17924 29233 
57492 55492 
83615 35281 
35064 37635 
26083 59696 
39092 60613 
23374 69376 
87461 12103 
93770 20693 
44677 92864 
94324 25777 
86567 8215 
39328 35252 
3780 74104 
84296 19061 
24494 99920 
35202 63845 
52451 11082 
85013 95282 
10277 78471 
49950 76843 
50046 28855 
76444 32634 
43110 20743 
16443 91295 
89474 83478 
23466 50375 
93305 33873 
4751 16161 
35679 4326 
75856 82650 
38228 39119 
3236 75134 
52104 41456 
87619 98853 
25495 82826 
36378 1198 
99930 18396 
96684 77165 
60683 87383 
72835 22063 
19829 15751 
30965 62921 
41827 80071 
2260 80618 
31015 36012 
31808 68429 
87959 62688 
84396 59530 
7350 24965 
10856 95896 
33973 9838 
98946 4156 
15268 50094 
81319 90096 
89058 8788 
49760 62877 
23297 61354 
29691 52419 
80987 78766 
1828 89023 
17925 84719 
18912 72948 
33511 32602 
54618 73510 
85591 23891 
38998 62193 
49136 68599 
80256 2336 
45558 70557 
46158 89139 
94534 5529 
80075 58082 
43441 48590 
56402 57232 
10873 98634 
38045 9552 
40145 42582 
84670 74953 
96316 99538 
74599 58690 
55988 86098 
45487 2623 
32954 47944 
29371 38929 
54777 10047 
56163 82070 
55458 8020 
26365 84091 
77584 76553 
8552 80809 
83686 87361 
61 11998 
61015 48722 
395 7364 
66543 1407 
85987 91928 
99715 71701 
42247 79385 
9327 71229 
4264 90047 
37881 65399 
81014 51197 
81855 67553 
89640 11979 
99562 54290 
6114 32408 
29617 38922 
46528 86627 
92488 84662 
29277 54245 
35230 86889 
32573 60415 
45209 4720 
54002 65225 
2458 76123 
99251 96068 
62315 7925 
75677 62832 
60057 92332 
43019 95080 
7481 64962 
78391 92817 
7727 85874 
45539 88017 
49124 94731 
19447 72779 
51411 63970 
6483 61780 
28430 49744 
17590 21655 
235 19389 
97439 17985 
34511 16324 
85967 1770 
22332 8508 
90431 81590 
96465 55000 
75838 5077 
81825 16634 
39573 3912 
27104 31478 
22048 40237 
4243 73478 
19366 29180 
78111 13588 
6284 2175 
42610 6671 
48162 18753 
91397 34596 
79119 30754 
41509 46217 
50297 52156 
56418 48269 
6873 90204 
21351 17767 
35433 49068 
8227 26079 
34297 25954 
30138 87612 
98591 81406 
26011 71955 
79104 80499 
34978 47276 
69426 69640 
16896 54949 
99351 74953 
50615 50610 
64228 82482 
94772 85225 
99697 87914 
27249 41273 
19188 84099 
88919 83752 
67554 88300 
44891 33487 
8433 97974 
42173 21098 
55136 3775 
86552 33966 
75351 81569 
83433 25711 
48431 31432 
87497 17895 
30712 30921 
84242 87080 
89110 22344 
82848 96868 
96116 59325 
34231 4162 
40388 96653 
808 41661 
96268 19224 
95175 54474 
12846 70809 
73749 47735 
28610 61470 
18441 84238 
91244 3625 
64451 56365 
63811 51077 
35582 44956 
28325 92775 
29745 69273 
55645 83622 
56848 26834 
96642 78373 
68837 19672 
63762 71420 
37382 64413 
14399 35286 
28563 87601 
17869 93626 
95857 14826 
86358 60809 
62855 72438 
76845 29399 
95334 34051 
25788 89352 
68677 60496 
61295 18269 
21092 1563 
48500 90771 
45692 50577 
63065 16847 
15206 68769 
54975 33995 
51946 25386 
60234 46022 
52637 31621 
41592 22575 
52798 81692 
91089 47780 
68590 52794 
6990 33812 
85404 57121 
65614 95792 
71923 83823 
44557 18086 
85990 16481 
18000 28906 
4354 62587 
37083 40050 
52186 85505 
28687 1690 
30249 86528 
94580 68302 
37702 44897 
69462 71155 
66738 87009 
1288 45202 
1590 22590 
50129 63816 
88946 55180 
62878 93456 
59371 47079 
70256 92216 
70085 94760 
69880 41114 
8289 49747 
4531 15059 
41184 2124 
18339 71629 
23960 29052 
75221 60099 
80220 99074 
53719 30606 
50676 14488 
90279 53911 
65415 68695 
29072 45887 
32633 93185 
50579 27706 
52463 69689 
93487 42618 
58354 87065 
54827 93302 
60459 29563 
51833 59926 
15558 93421 
55649 8422 
76285 42079 
61816 862 
78763 26829 
45360 75441 
12233 19346 
59353 72234 
76860 25270 
74960 42719 
76610 73946 
28304 95990 
12953 8358 
34843 2683 
42117 31491 
55544 98771 
33708 567 
50747 5773 
21744 98990 
37425 11289 
70490 57345 
73467 34407 
86961 39425 
28610 34165 
99548 56998 
65835 6104 
87962 27930 
49327 51873 
93512 46257 
15486 99906 
60735 89956 
92035 1418 
61474 52389 
26927 25228 
30720 46806 
93523 27408 
99914 99762 
71434 77301 
47818 18958 
63471 80138 
1737 93760 
98267 48320 
12521 62531 
85467 38346 
95687 59911 
35750 88461 
77928 39312 
31515 63273 
13403 51152 
35705 35898 
37408 45722 
56031 15667 
6386 61096 
39775 59950 
32689 51112 
60370 92374 
60139 6208 
71143 86525 
42111 20787 
43862 64152 
77745 64769 
80156 99974 
33848 24138 
82409 21363 
30153 85529 
97386 40518 
93824 53285 
635 59159 
95432 3929 
72628 41364 
63123 2602 
28615 58827 
34266 28792 
3363 74681 
44630 84545 
59196 46919 
73943 87369 
81193 552 
63694 82143 
46924 38815 
98124 41632 
9762 38050 
92560 63558 
14596 98349 
64634 13699 
72691 2584 
73342 9107 
58452 70161 
98559 83295 
55033 78651 
99303 26125 
68015 66380 
32903 45122 
46758 22132 
39213 52075 
1613 14320 
94082 39048 
81801 11279 
14540 71280 
83574 96795 
54503 90986 
91172 90531 
64243 95674 
14132 41717 
99519 27367 
73655 76291 
56939 84973 
8044 42596 
80998 51095 
12600 18828 
35204 6636 
2942 16613 
54792 91875 
92338 39411 
1772 61023 
3438 31870 
24364 68793 
92722 86849 
82403 22135 
51979 60490 
37834 28061 
65319 82555 
25184 69329 
42501 39184 
10724 43800 
19759 48280 
21020 10387 
17860 43944 
71648 94755 
73766 35669 
55100 21355 
17085 10486 
53231 54834 
45381 1761 
24081 53511 
63456 57100 
75508 60369 
90896 99586 
78772 82878 
9417 91532 
94083 41976 
17010 78001 
77077 2662 
79358 8546 
10297 33911 
20729 9894 
56964 83999 
76259 9815 
65687 98819 
35517 92907 
64222 55424 
43229 2766 
67989 30755 
87224 91820 
94783 76421 
95951 60026 
20959 24374 
88301 16724 
36353 5475 
67045 46114 
55271 23183 
23812 56138 
19146 87994 
28361 43014 
82765 84740 
7770 9199 
10464 14509 
82235 31276 
21302 25692 
13309 86078 
12894 24526 
37704 8274 
62501 34546 
5199 70750 
50894 56434 
12705 50274 
79617 65061 
28233 65266 
55533 68855 
28272 49945 
97822 48153 
29992 59664 
82139 83824 
85751 85962 
74172 85195 
21505 96667 
20634 27193 
43038 6325 
59499 10625 
4326 25297 
83318 66648 
30870 32057 
39524 36721 
17536 62552 
79860 72730 
75166 12901 
77425 18464 
83188 7296 
14275 53256 
16455 91671 
5157 1360 
53714 75477 
63639 36511 
42394 58894 
35762 40114 
89804 50843 
23319 3637 
74384 4371 
93951 1059 
22277 70277 
28475 95567 
74326 97323 
87222 86220 
76458 87900 
86607 44936 
62498 51741 
64778 41894 
62575 87078 
80904 8323 
62602 58582 
36499 39669 
60697 34482 
29169 99245 
14970 91473 
49258 42731 
53724 95325 
8085 47267 
23962 17531 
42827 95384 
86938 53940 
77573 33648 
30565 69967 
32642 98657 
57653 8819 
65037 78882 
26205 64104 
91697 59887 
63450 36263 
94226 82547 
48793 63444 
28837 29180 
62539 41782 
68512 40848 
27028 27438 
85696 60629 
24742 43389 
43323 92238 
63947 97582 
99577 61188 
76633 55923 
47514 66510 
75770 3506 
4502 15086 
69330 70542 
38432 37762 
27034 95660 
67733 96678 
22477 48534 
450 6606 
28035 36278 
84007 9618 
22903 73575 
21721 62023 
85602 5224 
74758 15249 
81511 31588 
8933 98264 
23210 2389 
64592 38096 
76872 12332 
24823 87162 
11449 53263 
32281 61360 
39073 51865 
58214 31270 
74872 49327 
58537 50293 
52315 60028 
61348 48206 
66227 79909 
17837 66355 
79785 2083 
14267 61590 
24092 37135 
86565 60040 
39313 28643 
1028 98979 
54937 638 
64733 55256 
83335 73053 
7499 22169 
5618 33628 
33544 63155 
61673 60330 
75508 40280 
17317 47006 
96069 88312 
70647 96844 
73118 80988 
76961 13127 
73309 15122 
17042 34839 
65776 20321 
7111 35881 
52884 87328 
50437 30968 
98128 96388 
60361 8709 
12643 18554 
42415 42960 
21232 57442 
9240 17208 
66448 96747 
16172 33575 
24972 19667 
47653 67970 
4386 70408 
55033 75978 
60400 35078 
44858 50276 
24701 29507 
43405 79672 
61811 94929 
18014 62308 
79689 18973 
18666 81143 
3280 19004 
14298 58507 
82826 47652 
37513 68345 
49451 6211 
18612 99717 
49409 80617 
85293 33163 
85338 46835 
27910 12763 
67958 27725 
81816 71013 
34898 21869 
58133 91098 
24649 66310 
62174 71699 
3144 39799 
74792 93162 
28050 60910 
36091 70682 
1569 86234 
63208 20089 
6424 67901 
54301 54890 
41640 86777 
79408 79414 
74858 37952 
35481 42225 
6130 8526 
47728 66406 
94487 54169 
32256 78886 
33056 50596 
96096 19675 
71087 68836 
39785 23674 
71984 99044 
45048 32701 
65283 26634 
75447 13396 
97469 46606 
91470 27907 
11663 87232 
83146 28527 
89396 2613 
53085 24937 
69043 85139 
40740 3255 
14990 43505 
64713 59765 
49155 89710 
74125 49068 
72255 79302 
42301 36280 
96029 53193 
6478 86004 
79608 36446 
55756 16993 
13328 59715 
96173 715 
21485 82402 
76582 84499 
61906 13083 
41900 75490 
84663 42393 
91351 30337 
74849 26312 
58483 57365 
45090 83679 
97007 52892 
62270 748 
51935 61473 
89963 67757 
19035 70975 
3123 7695 
47241 27768 
84841 95881 
18502 84721 
46300 10423 
47405 75260 
20543 98288 
78983 40458 
68274 89459 
27264 22915 
99606 42521 
89395 81163 
59563 59043 
90599 71345 
47065 61240 
63752 89174 
37267 87644 
44031 64438 
55318 24917 
63851 52779 
5956 60422 
66255 75068 
97852 9794 
15916 13325 
14169 46537 
76099 84023 
71582 36506 
37204 74499 
78788 59184 
27926 46292 
52575 79754 
13593 80411 
74554 21248 
87918 63851 
74929 74416 
94176 94118 
10999 74474 
69728 9093 
67567 68500 
93858 33244 
44041 95040 
33032 68038 
8707 98308 
19992 44314 
94529 3422 
73496 97465 
82789 86219 
64053 22468 
70984 81440 
57667 15106 
49608 86481 
24379 8175 
18819 34385 
81314 67044 
60429 29388 
50983 17598 
43290 61102 
54719 41456 
80843 39250 
28459 88248 
78454 19940 
43449 22841 
5142 26533 
38002 46571 
99390 3440 
18120 5870 
71956 79574 
64535 29100 
99954 59660 
91663 13002 
15941 6246 
39996 13821 
83339 23032 
47611 85015 
15272 971 
38761 43393 
37693 42637 
87928 38571 
19710 37475 
66249 46857 
94068 20783 
53888 9977 
68998 12675 
6708 91480 
88970 99788 
98522 29274 
36376 92075 
21204 21371 
78765 59853 
14152 93795 
56952 32083 
11823 64512 
78215 15913 
43521 35325 
25713 79623 
93113 14848 
20406 26359 
28043 25 
74940 74444 
36768 21063 
60336 51527 
71679 85235 
65783 4503 
80578 38702 
69424 24833 
23966 2312 
53772 89832 
17662 27266 
93210 24455 
10701 59645 
13025 95257 
6985 98923 
69513 58450 
65810 84976 
28917 97377 
71204 50476 
29307 1191 
42904 31176 
93982 56193 
72823 35238 
27583 44023 
10052 34619 
66803 66759 
84697 56433 
76465 48023 
56270 20287 
78669 91273 
95898 88792 
77846 11759 
63258 72748 
97752 96973 
18947 59954 
77799 91930 
20890 17156 
85578 50252 
89439 48343 
90048 39788 
89972 79404 
5557 42358 
74071 79133 
60748 41232 
40797 19573 
68330 47093 
28090 24968 
71841 73450 
20992 57821 
23706 35888 
68180 43058 
5271 16020 
31193 36848 
33960 643 
51794 5296 
15294 79349 
12045 90085 
88236 59736 
78963 3048 
81178 38340 
71061 9736 
42851 47574 
57573 33241 
37543 84180 
2842 33825 
97236 13096 
98156 97398 
4603 32148 
81176 96382 
40303 77595 
29187 70264 
65590 48312 
26536 9908 
26987 27276 
48906 19648 
63615 83032 
77494 74269 
69743 40920 
54698 84146 
15231 24139 
19558 31148 
54745 78054 
16019 40359 
62974 7694 
49949 8199 
17577 78013 
81912 16272 
14134 49205 
81851 22046 
38158 45297 
39105 32412 
38028 83206 
16621 34272 
39684 21589 
61722 77441 
19050 24080 
37497 79525 
1337 69855 
18613 49819 
87743 86020 
3311 9895 
19547 20888 
29331 22179 
77175 25015 
45724 24697 
77550 57710 
84752 10051 
76883 90757 
98498 79799 
8027 38207 
73375 51579 
81640 1355 
12319 95639 
58574 81395 
79305 29877 
57324 78750 
33690 8071 
94779 67706 
42933 94648 
71149 7720 
51413 31181 
672 28681 
339 64728 
58515 6362 
39161 26207 
61302 26473 
42425 18177 
23761 20953 
47676 95719 
37224 48528 
59796 1569 
97070 83062 
25087 47178 
65642 67860 
64406 15119 
94802 91828 
68886 95036 
47992 44294 
3982 55286 
55512 9269 
38061 95505 
8720 67076 
10246 21491 
48928 81533 
78903 33139 
35022 64228 
46943 18597 
80148 23967 
43013 3366 
32314 29059 
48701 11783 
36322 32908 
1019 60118 
55196 39206 
66732 15466 
48091 12075 
80508 22698 
98675 68600 
62382 22891 
63036 26459 
81711 61013 
59417 17751 
14569 8048 
53419 21596 
49437 3332 
1784 12740 
32099 56555 
5468 71128 
4780 35699 
88438 48309 
86890 7132 
62477 40518 
65110 87135 
60253 75435 
9115 10327 
18988 79837 
5877 19792 
75330 58792 
10285 36118 
88318 83490 
42722 68168 
41859 54476 
25276 87043 
90697 79790 
37427 96561 
4594 83391 
89329 98493 
34284 38258 
56220 68862 
69730 688 
91034 32811 
86328 7547 
33936 49865 
77909 86647 
67304 98835 
56731 21875 
22565 82207 
60162 9385 
31370 53525 
41294 38863 
27696 8098 
36520 34796 
49807 67325 
96891 96664 
61372 29962 
42080 84094 
9596 59881 
45866 3283 
64873 29155 
90277 64372 
41257 37779 
31877 95958 
79948 86872 
8142 22545 
89051 90920 
74501 33520 
71993 76411 
3300 98084 
44282 29194 
94824 9599 
33722 20909 
47478 74925 
82695 66078 
9307 99582 
22813 35716 
86294 57946 
72009 80808 
14182 79205 
12066 99523 
10076 24399 
40582 15759 
7647 77674 
55585 23407 
45503 25690 
23233 90680 
22132 53203 
99496 11912 
52803 39899 
25232 40418 
63885 3864 
90713 35332 
38303 428 
70480 7780 
82162 51628 
62280 57306 
17072 51170 
24888 48162 
15275 62511 
98793 86895 
85438 3587 
10970 27599 
85768 90683 
10423 49264 
88142 96092 
54673 20865 
41986 59465 
69054 94113 
89891 81116 
30454 41273 
68302 17072 
85051 85997 
86071 90264 
95622 58804 
11271 30025 
28180 45686 
12405 52943 
29957 88223 
93966 2093 
21182 36690 
38295 68849 
21624 53803 
15778 31673 
59532 16093 
53636 59712 
65401 62311 
59933 45498 
35887 93855 
83857 50689 
64233 40896 
55994 71558 
72748 69690 
92952 56781 
50125 21508 
69622 39121 
91842 41692 
59277 74690 
65392 78508 
16842 18763 
73749 5831 
33869 5480 
70291 51085 
25108 40269 
86277 90466 
16055 58459 
68029 7149 
88406 51326 
85123 95010 
6127 11644 
63187 30312 
88672 4877 
15304 26901 
19825 29225 
94555 36622 
80802 88032 
66906 56003 
74418 61404 
8411 52676 
63491 30434 
63642 30590 
81138 77007 
63247 11753 
83195 54964 
87751 24045 
3732 4250 
81958 49618 
43471 58672 
69738 6421 
67898 80062 
92524 6626 
16948 36833 
96491 60004 
31370 33351 
23183 67777 
82222 88017 
16268 83014 
49428 52592 
43116 97347 
32914 63056 
44088 50586 
95577 13152 
64669 49759 
31170 45810 
96033 27179 
22184 64717 
48115 63311 
2872 78613 
5975 49544 
70824 4228 
74977 68416 
96810 70295 
3251 24391 
67104 84713 
80928 66993 
55100 49667 
54791 9911 
59734 35404 
64285 64641 
67100 52367 
230 75272 
88603 93523 
11110 62251 
4091 53946 
33500 57245 
91639 73146 
2929 38681 
56999 87092 
9439 58097 
85203 21518 
98098 81146 
24409 5888 
78909 53887 
77791 38214 
2819 44962 
23143 84983 
80967 7312 
1810 57543 
72826 49277 
18681 66567 
45571 4241 
73196 19579 
11760 40437 
97658 93056 
85372 58071 
13625 80212 
57238 79630 
29741 88361 
80077 51063 
95107 35610 
70651 36438 
91120 75639 
81922 6779 
91701 61479 
71683 94948 
46902 44410 
95748 12772 
48144 92522 
83587 4056 
14653 4951 
12224 37667 
137 92469 
80215 28609 
56374 92820 
97704 11772 
6063 90094 
50841 83025 
71163 11448 
69251 65364 
74914 81580 
23767 54025 
85828 25644 
8337 43787 
161 24652 
14745 44132 
65725 43936 
91745 43501 
34374 74844 
91226 92558 
93088 52624 
43166 38224 
64321 39310 
68452 55139 
85096 89440 
34031 89318 
71334 48557 
78398 49944 
48977 69702 
87084 59536 
86702 71491 
77600 212 
96377 2855 
61201 74297 
76848 24178 
84858 31240 
64295 62292 
20998 99610 
18070 47697 
64858 2883 
14815 96344 
19704 30801 
45601 55487 
98698 84286 
10939 93323 
48859 11171 
86759 75562 
7366 2510 
90744 38520 
33317 24737 
12949 38013 
19157 21675 
87169 26041 
75083 32194 
70288 83153 
97065 34266 
65667 13376 
74512 44228 
73605 90727 
67153 71251 
77006 31584 
82358 51342 
73607 55552 
13921 62636 
47477 88996 
61215 54307 
31949 60000 
33694 5112 
53776 31316 
59849 64411 
63991 18694 
62030 18429 
54825 46021 
28946 67618 
33999 95825 
16186 97134 
77798 23934 
31786 71796 
12567 20472 
18627 89315 
80619 15886 
28361 81144 
31006 50310 
92631 59006 
38200 47331 
36452 66969 
92489 59114 
45972 13865 
24673 78822 
98180 28940 
24698 48429 
83716 4791 
88895 25233 
5551 65975 
83751 8815 
16139 29114 
45488 71619 
63503 887 
44166 81044 
52789 93987 
28674 48599 
93975 27943 
34639 92645 
98689 21641 
81180 55163 
9519 77462 
4384 70193 
93730 3119 
75465 41784 
9957 16611 
29824 52717 
61231 32158 
89549 91731 
80610 30521 
96373 56641 
56712 75834 
84708 63471 
95615 52872 
15099 67620 
32880 63623 
57282 82055 
54836 40098 
59010 59695 
61848 1522 
61892 92368 
7892 8328 
28752 67121 
80603 42859 
28303 12152 
43820 77225 
82466 59291 
50736 72446 
19217 47669 
49877 89862 
89582 94129 
48454 85699 
1259 59919 
68016 2757 
93302 50341 
25887 69388 
26407 94282 
2525 65233 
91558 63930 
9703 15636 
46154 11492 
57374 32224 
71187 19346 
28052 25817 
5654 82822 
6763 79676 
55111 70680 
81852 85999 
90114 37374 
27394 16689 
47268 93278 
1431 20562 
20713 74370 
45990 13522 
85076 91173 
54544 55637 
22298 78325 
80564 89630 
34182 10726 
96778 49009 
10132 99999 
78964 30838 
85270 35863 
80362 68120 
67953 91020 
83201 29831 
37697 65304 
62395 22813 
14619 5062 
73084 69072 
79707 97164 
78517 84461 
81597 3474 
67670 90294 
8 71331 
73018 48121 
48560 28250 
88055 19726 
90462 45004 
1431 19347 
9363 30227 
10003 43161 
24663 1775 
46592 32314 
65665 65409 
59954 50037 
22167 19659 
14208 30886 
70459 97299 
32903 90655 
33135 48455 
98935 69265 
68767 68133 
35679 15675 
3158 71832 
36990 13876 
7791 26912 
84141 92039 
3033 54521 
86299 53110 
13753 27113 
7791 14454 
33249 20 
216 46583 
57714 31976 
40345 56583 
37952 69189 
85813 70538 
57635 90257 
99747 31068 
88157 35131 
62762 41038 
88925 70335 
86175 52556 
18967 74750 
63825 21592 
773 65570 
51522 22832 
30567 22374 
42971 46847 
60500 8790 
18894 82228 
87766 35838 
82126 18993 
73223 58811 
55623 96441 
77833 50410 
12583 58521 
49070 46875 
28324 72887 
11422 20964 
92075 15971 
15237 95899 
93496 25752 
76321 77773 
3545 76315 
95135 50413 
2200 33872 
78811 46325 
66604 12616 
1899 80102 
22318 60573 
32395 6554 
77718 70591 
18525 44820 
6908 29630 
78661 91864 
20120 90746 
61902 33979 
62183 76470 
50043 53351 
9472 99689 
52997 18194 
93614 18772 
9252 39607 
66297 27291 
40469 76091 
33681 15591 
25138 67489 
31176 31318 
49970 84151 
79789 9161 
69749 84262 
63758 36184 
56406 82485 
95860 68505 
46351 46492 
91567 17460 
1408 54442 
56119 79006 
83183 66081 
99645 88781 
3306 82927 
34590 47060 
52695 98841 
77027 72794 
31837 71326 
68812 13977 
1063 75993 
61085 62786 
44888 41922 
51304 98247 
97710 3981 
45736 6630 
9507 49712 
27283 10329 
39637 82997 
44542 69696 
54476 74481 
2145 9090 
70296 19599 
24720 58361 
26691 79067 
87247 94048 
97793 33824 
53062 10762 
48624 46664 
37485 52546 
22178 86171 
19796 86433 
99130 35089 
59190 6011 
6590 74864 
31405 11465 
64872 10883 
91857 24424 
52017 78769 
88397 60829 
34612 51144 
92232 3159 
60447 46361 
89075 84506 
33654 25980 
74255 21315 
96162 56139 
25294 9063 
20693 99474 
83388 25690 
79958 98866 
61235 71312 
94337 12056 
8842 9542 
76037 57039 
11210 65701 
81568 32162 
62211 80263 
56355 81966 
57510 12064 
5409 90080 
76039 35125 
52176 93849 
74318 75389 
54066 31871 
829 89221 
27610 55268 
48690 94227 
98799 56253 
4010 24757 
34891 93439 
14637 99397 
32801 22343 
99377 55826 
36173 71659 
41312 29611 
28343 41143 
60530 27804 
1590 35310 
41316 75683 
34454 88667 
96810 95517 
18364 82825 
90146 9937 
62394 3588 
95257 49312 
70723 36998 
72803 82472 
31200 57312 
57115 83175 
75386 17035 
98557 90922 
70560 9356 
82378 24036 
82385 36738 
49914 55344 
3276 85923 
80912 66406 
75997 79197 
56769 54881 
54599 44577 
13659 81479 
35541 23407 
11787 7845 
60684 12886 
92441 94845 
40811 23172 
68014 1844 
73441 13944 
91879 51953 
31909 63715 
84729 5613 
84044 16656 
51946 15468 
58246 46357 
12574 19183 
12360 73669 
74659 63653 
76471 76678 
33950 44016 
34578 34853 
43444 83928 
82105 56537 
99714 79768 
46279 49213 
18673 80741 
84630 5348 
28190 79305 
83241 93123 
87891 41894 
60810 60998 
57500 18621 
47221 87781 
74261 32456 
46009 35806 
67240 63291 
8992 93763 
31729 10420 
48264 27904 
10516 38104 
85899 95578 
80427 83230 
94887 13432 
22348 31525 
16200 14111 
60837 49322 
46360 69947 
95468 91605 
77450 9836 
10223 93828 
37278 6426 
39518 95005 
21202 64708 
89857 32570 
29130 257 
64674 95753 
21297 55603 
16535 23496 
84649 66608 
55699 85392 
57986 57216 
76925 89696 
98535 10575 
27453 21144 
85172 37297 
28245 23131 
44280 37475 
77867 3745 
53029 32111 
13785 63224 
21893 21703 
79400 11579 
83261 15031 
46801 69459 
16265 59526 
74995 22766 
19269 96133 
41291 32105 
952 56206 
69550 81824 
98498 15699 
93162 90239 
47150 22853 
32914 92570 
19216 19510 
40311 51177 
22599 83385 
55436 43881 
99002 28826 
55139 30475 
90218 16999 
22066 99964 
47208 42939 
48005 56635 
41209 86525 
96038 11777 
98649 37190 
85134 9645 
22409 28080 
28144 31238 
80806 44342 
49512 87517 
42646 2388 
32616 34866 
11787 32202 
98257 19943 
67882 33170 
95630 88486 
51328 15378 
95012 73214 
39886 82993 
7446 9653 
52090 64061 
20842 15549 
78221 41960 
34214 9425 
83525 97729 
92188 36977 
50298 29648 
70434 20124 
25560 76662 
39352 42895 
19274 35669 
38114 40741 
54398 29147 
24075 65463 
4552 49253 
23625 56599 
67657 77284 
99674 61964 
14643 53238 
68275 14948 
21156 49265 
42301 94276 
37179 82868 
53609 63098 
74580 91030 
6802 8595 
95806 74773 
47469 80761 
68312 15180 
85716 59541 
8764 56544 
1807 63223 
78684 50046 
74917 47807 
8883 52265 
18282 36989 
23922 76797 
74418 65475 
9784 4424 
22655 14556 
18042 67490 
77854 68140 
28043 37567 
13988 19934 
94966 61937 
29159 17994 
96081 14106 
79676 41571 
50137 46285 
49954 67003 
25550 57649 
92317 94318 
71865 21214 
66153 74317 
5981 44274 
29443 97066 
59710 72619 
87319 77054 
48452 87104 
82118 97717 
52140 82681 
17268 58601 
9055 64595 
43433 2103 
10736 44224 
99448 83577 
51909 67927 
92900 88514 
33218 66231 
25607 93580 
36512 67874 
17770 14470 
92546 83419 
61263 82888 
39162 26563 
37281 47367 
24371 7773 
66489 98225 
43244 4490 
20863 75658 
10091 84908 
15537 31753 
58139 38213 
16308 82190 
27795 43172 
43809 1422 
51502 89081 
28926 86351 
68339 48359 
75696 37817 
4711 88413 
17688 86657 
38837 1950 
11796 21657 
26215 29506 
99400 60432 
825 45737 
79027 41056 
82578 81870 
76891 2212 
15359 60758 
72159 62728 
31958 28068 
32257 7510 
92330 73406 
40265 36237 
69805 48572 
51158 33602 
66237 6613 
96625 75463 
21544 5002 
69197 93951 
45707 39001 
55580 86403 
41988 97160 
56389 67924 
9010 59893 
24868 35461 
6275 94232 
80736 32439 
42845 33060 
6946 77363 
2072 65564 
16930 47183 
46663 7112 
87823 86838 
57821 61390 
91187 50040 
49778 35420 
16908 63206 
66800 18910 
78245 44373 
13556 93445 
6401 2006 
91743 94105 
91525 84792 
15926 6388 
3734 52826 
59811 44684 
32482 93066 
40487 25031 
15583 7447 
82658 14549 
90153 60799 
17483 12670 
86962 87466 
61371 95171 
6927 20525 
88900 31034 
63916 25521 
61044 64263 
51546 91856 
94951 38065 
93335 59273 
64751 27154 
65350 34326 
4233 35473 
38390 82276 
41687 11233 
72795 63573 
34798 28929 
13126 20874 
89240 88878 
72241 12496 
38410 88816 
64710 31282 
33762 29240 
48041 44028 
45273 24402 
56858 35963 
99803 4285 
69939 47172 
91463 9344 
32960 43477 
82568 99478 
70794 72928 
76356 21403 
62407 20906 
83378 4509 
18647 91768 
22306 84271 
98654 13030 
92885 84432 
24147 79286 
33843 24387 
2506 27363 
31813 56638 
49343 61666 
78647 80642 
9181 29218 
83992 24020 
8879 77619 
37582 29868 
42627 15921 
81445 39746 
79577 38414 
96035 15984 
5638 64322 
26307 4012 
59453 92657 
73840 95713 
99266 70749 
59318 18183 
42161 27448 
16052 38737 
50056 27533 
9683 46698 
97895 62568 
91819 45198 
48612 5261 
86043 62137 
76750 19322 
73648 68433 
28014 34878 
93335 73838 
75574 70698 
94302 55823 
35604 8801 
85298 65458 
34312 4459 
3611 45659 
76646 45163 
87407 91865 
52867 55832 
72454 82908 
33387 84344 
49970 10752 
44490 91415 
16183 41772 
88035 11925 
16190 49364 
66715 50962 
34751 67937 
3152 27203 
14931 31733 
95854 78661 
91811 78385 
38005 1408 
12968 16804 
36070 579 
80053 81684 
4367 94767 
86471 22848 
79042 29877 
45043 6620 
90295 26548 
96513 38550 
55235 6473 
64825 52090 
5402 17239 
78347 46165 
42796 2763 
7564 96120 
26129 46977 
79218 7130 
25090 52058 
14485 26918 
44544 99400 
4497 85525 
12886 81371 
80372 83840 
49175 85038 
56870 9772 
72215 55200 
28906 21167 
91398 63389 
78379 97962 
23920 61942 
5093 32585 
15893 7828 
30061 97206 
5896 99575 
32052 99249 
58684 82486 
68956 12389 
14056 42267 
4438 49330 
41279 25237 
7250 24732 
63027 94528 
15750 41939 
14425 55931 
63322 25544 
32593 64563 
41803 13300 
29993 54024 
39453 15551 
90902 13461 
27618 48088 
44517 74737 
85968 45210 
10458 61859 
50008 63807 
82881 97888 
36578 96368 
17897 60728 
53114 21097 
15702 28536 
24685 30696 
43585 57907 
79170 97871 
28888 93575 
15408 55251 
62038 17049 
41741 90164 
88923 3430 
13116 80584 
39181 70595 
13730 27588 
32362 72982 
29210 71766 
27471 13437 
27385 16288 
33074 20865 
19940 17739 
74886 68891 
8608 47277 
25742 91289 
29002 69368 
38811 83644 
92797 33051 
89133 67511 
94703 21592 
20820 33291 
94510 60381 
17651 71104 
6443 40066 
63386 45122 
28211 72150 
34701 66169 
20285 57680 
74522 69790 
2360 16149 
26364 12618 
68379 91349 
71374 58498 
34111 23708 
98913 37684 
22008 54461 
58784 27361 
56892 6065 
88673 19784 
93016 65378 
83830 15562 
18127 81345 
77753 3883 
83389 77380 
32370 68959 
89366 70061 
94149 92505 
17749 80442 
58596 5779 
36086 22013 
99756 81517 
18532 50222 
63623 46034 
19437 62480 
94782 34842 
8615 44686 
64115 11310 
27188 70598 
92097 17229 
51153 73709 
16976 26560 
56151 27814 
40022 29234 
61399 92097 
91122 80549 
93334 99295 
97078 13533 
50260 91376 
2335 26582 
68100 36206 
87207 26736 
84375 90763 
52237 30175 
72592 11730 
88994 95809 
72459 52708 
37372 95279 
72697 28718 
37379 3274 
12691 73386 
19442 25729 
56801 61873 
41404 70313 
60911 23544 
72688 3539 
94611 22357 
46494 31911 
4388 40078 
49448 90690 
3315 57693 
94783 23204 
50926 93748 
29890 86053 
43327 24881 
62023 21133 
68070 83406 
46959 94081 
90897 99592 
74565 10587 
32193 32139 
2534 86923 
59855 9356 
34943 69146 
72204 85710 
15819 66585 
69737 3605 
9580 89571 
17663 38694 
69981 58789 
82579 98491 
57114 84196 
86067 38690 
48055 95173 
55627 59354 
882 40340 
69057 44015 
74126 65463 
82245 8728 
74056 20899 
2333 35252 
807 46259 
18269 72786 
90964 29245 
29026 6060 
9029 38090 
16090 4105 
23105 82584 
91299 83622 
11154 67356 
13719 43656 
83366 62904 
9948 54137 
73433 34816 
51109 9882 
46972 39660 
36753 93728 
98823 17257 
10986 27793 
62672 83329 
89366 30173 
36171 53976 
6471 35931 
32682 13992 
3480 85842 
6794 74732 
62752 34122 
64901 54056 
62064 77235 
64462 50795 
65063 59895 
25912 79294 
86413 71497 
29795 75737 
70253 6455 
48287 87300 
98789 25330 
65107 7607 
4189 20112 
70712 27541 
91419 56658 
80688 29135 
92284 40045 
14444 62118 
61607 24463 
88565 7589 
95393 68300 
24621 51391 
97734 17169 
44740 60946 
48355 82909 
29932 83599 
25906 74962 
45925 62006 
23442 32016 
99176 92627 
52026 96456 
71794 37095 
65983 71914 
98208 33053 
59036 5067 
88765 40984 
74431 36870 
75806 6613 
44115 75509 
56323 14691 
22126 53632 
31962 59234 
5589 45791 
1909 57780 
43042 38517 
47118 92766 
14316 65111 
55379 71813 
28757 39955 
75858 60562 
29322 53036 
59065 56589 
8937 14401 
33580 41042 
42439 70353 
94430 65814 
12578 48481 
29652 8375 
61722 26990 
91361 53845 
32292 65281 
25582 44441 
68414 77396 
11089 70139 
38879 77663 
21705 61185 
7205 78769 
18769 83057 
18475 76502 
903 27526 
94572 12515 
86732 39662 
29529 66724 
82890 19955 
54960 94346 
94417 93147 
1864 89053 
67554 40954 
19556 23393 
16010 54537 
25118 90339 
70889 74394 
47440 45730 
11797 50309 
98797 30374 
82024 72030 
53873 32696 
64249 92561 
41231 38078 
94872 90261 
55478 99418 
24859 93384 
79679 54940 
92905 21269 
67094 13902 
62740 80062 
68868 28622 
90580 87693 
10059 72111 
31000 92753 
10215 44601 
59920 94980 
16690 39399 
91921 71289 
69003 8741 
95787 60540 
40726 83697 
66938 62733 
11788 18697 
98331 63861 
8504 50852 
2451 6332 
11279 87031 
76162 86719 
70623 57494 
67480 77510 
90983 3931 
98741 37613 
38873 1833 
24171 97547 
6855 52431 
51513 79589 
18186 17768 
37182 40567 
88245 14012 
72293 5566 
68383 22713 
12958 94501 
85381 27491 
72429 30332 
55471 34507 
84900 57639 
95679 89063 
71247 93324 
77270 57827 
85471 77433 
66122 6418 
97307 91358 
73122 65468 
71223 63180 
93993 44792 
34962 85425 
52457 24901 
91785 29229 
73217 27875 
19773 50719 
1980 45486 
18809 50351 
58579 81433 
11255 64014 
56236 46741 
75913 35915 
45086 32561 
96496 47546 
41335 73047 
35604 54512 
84738 2447 
3159 13535 
26586 5194 
74230 65660 
87970 55538 
25381 78491 
43816 44135 
952 40241 
82039 92996 
91073 41436 
59135 67371 
1770 76303 
23613 3343 
24169 45197 
6920 83330 
64600 41866 
87829 8175 
80295 64894 
20764 34138 
76433 1388 
81092 65849 
59417 92776 
21187 22187 
8587 7507 
49872 21015 
23951 13546 
44844 60867 
31065 64721 
82775 12904 
75869 89301 
25013 74872 
22033 96638 
28139 80249 
71313 98249 
58126 460 
63442 73435 
74434 25729 
76223 96322 
16101 61063 
38805 81169 
65729 27843 
91512 95846 
89257 18635 
74137 39581 
49484 13081 
1283 80389 
69554 26124 
88090 34 
78940 26299 
22631 99948 
8950 31476 
42280 80222 
17374 62186 
60506 15594 
12614 8534 
7843 17299 
16475 45711 
96201 87736 
51787 15252 
89209 46055 
66116 74436 
62935 27130 
6033 4591 
71137 33793 
37787 60600 
87080 52779 
69664 38502 
80009 28540 
68947 35849 
98528 25866 
82090 80378 
75400 2238 
60571 6509 
38724 53860 
66876 66377 
12949 95548 
85145 72298 
19874 83932 
89248 80991 
44539 95913 
27391 46359 
13850 29827 
66845 87264 
46799 5524 
4972 39504 
74300 1327 
93450 87043 
93958 80820 
41451 96577 
20489 30453 
60490 11657 
16045 50169 
88769 97795 
36371 13538 
86058 68417 
8471 41372 
21504 62992 
63428 13316 
86229 93310 
83994 75628 
50182 21630 
90774 90173 
48429 85305 
83094 9596 
25902 36485 
71047 56690 
91631 22641 
83764 32206 
33538 93889 
15605 74620 
23136 86494 
76740 47849 
95792 98418 
47540 38457 
26707 42416 
97176 2592 
35353 34930 
16031 14706 
41827 54931 
28797 35055 
67442 85820 
535 31030 
18836 35686 
21522 58598 
19987 16410 
58357 34385 
59725 50544 
88598 6449 
3718 66341 
94094 62297 
79338 36000 
74236 96420 
79433 9873 
54475 96432 
46767 336 
7785 96847 
94698 72973 
77116 92571 
91683 9873 
85448 406 
87259 20097 
46703 6163 
85389 85741 
45559 37424 
77422 48534 
37119 57568 
31346 61531 
28435 85350 
96671 53222 
43024 6159 
24945 77245 
36823 56009 
24789 49920 
29421 27391 
67294 9912 
37954 67289 
32739 69625 
52702 12013 
42771 66276 
73216 30898 
53593 62123 
31707 31532 
95126 87939 
66474 12828 
28745 71575 
72301 39093 
61887 44354 
47037 48181 
1698 72011 
73990 99896 
51839 14054 
28297 16973 
56682 75645 
72088 70315 
75342 79513 
8058 12585 
24356 51878 
93957 69829 
62250 86023 
81562 59480 
1891 19896 
32827 14938 
27200 39986 
83232 61834 
59660 2754 
67715 9173 
67041 47002 
98150 89725 
31838 55820 
82965 8370 
159 15152 
9285 34518 
13147 7490 
65914 5326 
82466 73867 
71476 90083 
9033 75054 
86209 2992 
59827 83757 
28206 41491 
11532 43599 
85278 70331 
41678 37819 
12165 67827 
98087 20857 
29492 99997 
5617 79389 
95624 90767 
75590 5866 
5510 11964 
67710 87243 
81633 25541 
16912 34353 
61334 72246 
78303 3231 
52071 15949 
62176 88725 
21597 20854 
28089 2841 
13541 60048 
82062 85543 
30583 28134 
74202 34073 
7147 58162 
25382 78402 
1505 23606 
21099 75026 
73156 39855 
98213 39074 
75560 66479 
16006 85585 
86564 51504 
46840 4822 
19263 51947 
43676 53585 
4589 11114 
41783 4782 
13588 72427 
30247 60869 
92088 62017 
85165 3281 
13433 77883 
90946 19604 
15937 82096 
88696 23002 
80909 4360 
81411 54264 
24368 30170 
94533 35882 
20983 64880 
37408 29661 
52300 36185 
36282 34629 
72995 21838 
12685 50420 
18657 66855 
62409 22747 
36538 85045 
49755 82284 
6706 23381 
69324 85968 
35253 4541 
43349 70644 
43425 52905 
16406 32978 
47025 52341 
81329 56678 
18911 80325 
20235 18325 
54113 12237 
72804 16502 
11858 92124 
50290 85398 
91717 21804 
98230 73708 
12099 28839 
73390 92382 
98512 35757 
41251 60693 
56254 67832 
19129 9052 
97653 4782 
87054 29160 
17471 2976 
63587 97330 
61768 88998 
96997 35187 
15304 52926 
53570 13468 
40462 50187 
94278 49257 
36720 54591 
18651 94766 
53842 91925 
20412 66629 
84267 23461 
43273 18699 
80572 41765 
47281 18451 
92406 87427 
96185 47362 
93993 94603 
54521 9006 
78035 25737 
39473 95112 
24804 61379 
7012 29468 
16211 69716 
64452 82293 
53825 92238 
92240 23582 
57087 46913 
26687 62955 
63369 68310 
2291 5631 
25090 75293 
77405 39433 
720 81234 
70248 56102 
66335 39129 
13565 1690 
32247 44573 
95755 45438 
35315 3230 
93856 54318 
91666 6266 
19509 61253 
36862 47144 
92877 19079 
50957 56246 
31449 39418 
64405 25982 
90781 25877 
67471 48372 
22420 24398 
546 89495 
20637 30055 
85719 80818 
14046 9237 
70948 16053 
20774 18917 
97376 4053 
26615 30574 
67581 43165 
64383 95340 
88009 50553 
69716 19086 
82314 1171 
63634 51392 
24048 5396 
65401 30752 
16885 81769 
70578 69839 
58504 61865 
38639 9319 
60260 97986 
22096 16420 
58971 31212 
34832 55369 
49396 17263 
1164 10800 
86409 715 
49145 2371 
54422 74277 
11701 89075 
78227 59181 
77433 25118 
54263 95151 
89256 95733 
14191 34017 
23512 30930 
93703 89681 
94813 67945 
68662 9026 
22559 9013 
37929 93230 
63970 101 
77686 17064 
65389 38381 
65546 64930 
8764 1452 
74449 26692 
33391 79709 
66098 73828 
94398 84775 
71611 66972 
78870 1518 
33099 29614 
38153 48937 
94040 59545 
10581 16095 
68597 39579 
2723 43251 
90457 52130 
69204 25510 
40277 98446 
81277 26517 
77508 72587 
2532 3152 
57132 42697 
96469 58638 
94780 47678 
75146 61147 
54705 26058 
60706 87700 
74277 55682 
72320 79074 
5925 97772 
69900 20408 
52873 6988 
82951 94343 
98554 90299 
27999 88769 
81248 71809 
71255 79654 
45251 48087 
24550 50911 
7840 99173 
72007 57903 
17278 54058 
12556 88932 
41311 96313 
69088 29941 
17861 35439 
58904 91662 
20053 62603 
42105 15568 
36223 55595 
64619 35240 
42249 97189 
90850 33157 
48297 23486 
77214 99385 
35001 24439 
72358 68306 
55145 77399 
42406 82263 
66037 6371 
10342 6882 
75095 24602 
67453 1828 
26531 36183 
61753 32888 
30606 43544 
93388 96539 
38523 32039 
50254 16503 
95884 80255 
98413 63340 
65481 75244 
1347 42718 
96266 95581 
79710 95787 
29505 61947 
38938 55933 
75373 44896 
85948 10221 
63697 62521 
28102 20931 
71068 96931 
97745 72881 
53201 7755 
73807 25590 
66222 23361 
78347 65828 
43449 45996 
10365 75758 
5304 15795 
41799 54598 
19103 40389 
41386 57645 
92816 11796 
10860 45452 
82234 348 
14981 68156 
14584 36590 
61947 45124 
83229 66408 
44000 38533 
47921 92091 
79352 60960 
82966 92584 
6054 1706 
51686 49888 
66014 4329 
49755 95393 
83100 78738 
52234 29835 
83107 85204 
19564 63676 
25345 84769 
66303 70879 
15699 10805 
73054 48347 
49235 79827 
26820 25780 
86770 26190 
7925 76229 
4309 14918 
2675 36344 
66832 59679 
10107 57110 
68658 48769 
28445 70828 
51429 61021 
52289 78149 
57779 35629 
85117 30149 
3782 45174 
73321 4794 
56577 9504 
97795 54530 
84837 79599 
16996 32334 
9282 15235 
41434 87250 
17995 77956 
33724 57233 
27048 61787 
70589 77098 
60774 88096 
73630 62387 
98003 98158 
14226 26217 
80682 87230 
24562 35443 
9506 37294 
1579 14937 
57555 22185 
73561 64328 
17386 78391 
10090 60272 
59639 57610 
95277 79105 
21931 2994 
51444 89692 
65670 20049 
95869 34338 
35376 45257 
36704 36841 
30218 50754 
65885 51058 
50672 61786 
86576 90809 
14573 5141 
20663 62512 
46300 51426 
77807 55627 
30425 61764 
31736 32810 
86888 404 
41747 1611 
68607 28719 
77792 42624 
4396 53206 
56067 15192 
10173 60348 
68670 61067 
69651 34586 
95680 78891 
42068 22146 
20942 47913 
88971 73093 
33845 38058 
24664 66755 
88562 55273 
85675 1508 
9502 36025 
83417 8947 
77129 22886 
51210 34585 
1838 24324 
21921 12467 
95257 86166 
75695 49482 
78091 79589 
78621 26647 
21578 41128 
92619 19272 
5629 83801 
74450 35666 
90897 35355 
97480 74928 
44308 49505 
23650 8359 
27997 79136 
25113 96177 
60113 96651 
5056 61456 
82637 95909 
95490 56599 
26129 12690 
16098 74147 
44235 56168 
62741 73377 
1820 52562 
56786 16861 
39756 63957 
27174 37081 
6663 60235 
15957 82153 
43339 90102 
95054 21879 
29130 18416 
57024 30582 
51149 71314 
95906 1559 
37054 58085 
25526 89486 
99996 19314 
92114 21767 
80374 84490 
25715 67522 
33220 9111 
40566 3839 
2289 1244 
38463 72884 
42367 40575 
91140 80615 
99832 39164 
77746 48075 
38163 92453 
31756 89646 
99880 21494 
7976 59131 
29312 12957 
14800 74159 
41614 22148 
69447 2183 
12626 16080 
24658 67186 
81447 98624 
84153 15250 
3004 77760 
71139 59245 
61437 6218 
39252 8156 
56778 51055 
18542 74964 
7190 25185 
70439 48456 
66937 44451 
85150 9033 
46291 57483 
92488 66263 
33756 32457 
72896 96882 
63250 74752 
49245 65875 
39323 92620 
11985 20473 
31999 24148 
80310 57079 
79510 88101 
30217 74593 
91958 23702 
26705 44032 
31875 39955 
81806 44044 
58659 3807 
22772 34607 
63033 58261 
95427 67122 
84982 76514 
46571 58098 
3991 26226 
26281 85760 
13983 39245 
26049 4161 
46986 56422 
21936 7755 
89358 44580 
23245 20909 
42317 63288 
36709 31437 
14531 92759 
43786 35015 
98709 21035 
54349 8194 
76414 28530 
43957 81751 
15709 1103 
3803 43234 
74823 48993 
32596 57820 
1632 8298 
77807 59973 
23586 54077 
90083 34902 
55583 59770 
89097 78450 
14353 96287 
51699 96781 
17060 75945 
23971 83144 
59121 11373 
27601 87953 
11654 77578 
78004 80596 
52491 36544 
56698 86608 
46368 8054 
83649 72227 
19675 47887 
16685 39878 
33066 25072 
64513 92727 
41268 73613 
37496 24225 
43571 30874 
76061 89429 
70797 64791 
90451 18888 
24919 35131 
17520 43038 
86066 30187 
50356 5249 
28296 69658 
24744 55119 
40310 66870 
52829 30037 
30173 99067 
78810 52730 
4182 43213 
94101 95233 
49135 96525 
90102 85584 
14573 15936 
45586 62596 
86957 78738 
42669 16143 
71298 87824 
80451 85673 
47396 19321 
8591 28032 
47646 37772 
34486 7200 
11261 84672 
67149 3147 
5830 79783 
48508 84785 
71240 61513 
88548 42878 
33332 32579 
64592 32752 
55020 70219 
66960 33806 
41174 6441 
73373 93047 
90212 83089 
12660 83286 
90123 38946 
34704 73096 
89587 91699 
38012 75303 
35843 36216 
18911 13499 
60159 92469 
97074 21977 
9026 1336 
40944 73457 
64602 84589 
63594 11135 
71488 56581 
84652 46819 
88545 99447 
57147 75306 
14284 91079 
39479 46643 
92244 5702 
52196 32569 
88817 90572 
96832 21158 
50147 59131 
29834 74602 
86992 30893 
78383 89019 
6880 91403 
56968 2366 
11402 41814 
93583 6745 
3150 56914 
2724 34775 
1591 72910 
48642 6236 
50101 81825 
26824 40773 
7375 18054 
54250 65251 
55627 84447 
99710 70189 
25269 80224 
4297 98739 
31153 61106 
39181 83774 
39016 83217 
22860 83927 
32417 56639 
73300 7798 
30239 61953 
1730 57030 
12750 63648 
64346 63612 
50234 87977 
75728 44503 
92384 19668 
53571 47551 
68916 11817 
8094 16700 
72289 96378 
11535 61578 
41934 28838 
83202 76850 
46072 2 
3767 20060 
61977 226 
28872 23227 
88443 27037 
6543 83059 
85276 85741 
15547 47415 
23755 44449 
32526 91536 
49323 69895 
4590 56544 
3159 88481 
51042 4857 
22829 88175 
42979 32414 
43865 1209 
12760 65988 
53920 84965 
26662 65362 
9034 48991 
13532 44774 
7608 59808 
79829 25797 
31823 91948 
57172 34690 
8535 83641 
22380 61268 
12086 98611 
1925 3457 
30011 91643 
22849 31972 
39257 24890 
408 22911 
95367 84351 
59042 22585 
19922 1489 
67770 28516 
82634 93670 
33669 93303 
13606 98919 
37856 83914 
48561 95416 
17222 57998 
5282 64242 
92124 50901 
12993 75053 
15379 2364 
68119 48699 
71087 90218 
69619 78235 
83180 79947 
94991 70336 
3055 43551 
14118 2821 
33264 48966 
2248 80811 
9926 72127 
5697 13988 
10413 37783 
34288 30476 
74798 52301 
3056 89080 
29676 51949 
22420 50907 
81177 53522 
40794 23854 
347 60690 
76552 99016 
58535 49063 
37251 56736 
83042 25734 
13213 31871 
93981 34923 
49835 92747 
52168 60375 
48419 6386 
94831 57266 
18820 33738 
61020 31647 
8915 23006 
11814 73814 
65642 46561 
31797 43523 
40285 57532 
57705 99565 
36719 25836 
17789 64005 
15474 50233 
81131 12234 
8789 32937 
10001 84015 
72205 46371 
80335 17814 
96802 17851 
85487 20968 
32842 7301 
66644 1632 
30363 55543 
19649 4916 
85179 36263 
12418 15307 
89766 53466 
9780 10161 
27705 88022 
43247 74989 
17602 11869 
82103 20222 
7830 56498 
59154 71280 
46990 43527 
79582 39051 
6610 59511 
94576 16211 
12426 84543 
52760 86381 
48474 64801 
51885 77687 
34265 52865 
906 40104 
39475 26450 
68216 76775 
92867 36151 
35720 13572 
62576 25850 
366 48230 
33409 15629 
64865 80696 
83493 36364 
37539 89653 
67379 57587 
17608 86755 
45603 55808 
76680 49665 
61781 29139 
59806 7793 
57433 75912 
20195 30495 
32045 19907 
70531 46487 
1262 82877 
80791 5367 
79680 76251 
77585 77401 
16319 8197 
3232 76079 
40671 79704 
74171 79493 
35132 73859 
37743 21166 
35638 26236 
63991 18775 
76509 1086 
24864 10030 
37777 87999 
7030 69019 
23687 76742 
76491 83442 
99597 64185 
63301 83398 
41161 96553 
62880 25795 
4467 52647 
56804 54942 
8704 29290 
40384 79495 
33986 98915 
6978 28724 
76094 71030 
79684 76898 
67203 4255 
99904 53639 
67071 83665 
79276 90168 
52684 99401 
96517 86686 
86031 36780 
73989 24448 
19461 15620 
118 87636 
5977 97047 
73288 4748 
17869 9721 
30418 66974 
41242 34279 
89143 31918 
6280 24683 
76409 75013 
33497 38279 
38207 8124 
24767 92514 
25311 45069 
4569 65623 
28097 57189 
21699 10996 
89860 28576 
54568 60530 
62520 90217 
24286 50957 
81219 85055 
8853 18942 
25017 91863 
69093 75703 
99753 14798 
42352 89968 
26100 27669 
33540 79257 
40958 47187 
34738 33830 
23531 97832 
34390 75043 
38793 22518 
34994 80448 
50524 87805 
84264 91657 
93683 30228 
38873 57801 
11622 91126 
22180 57362 
57472 91418 
7767 84221 
31032 4854 
59127 79957 
72568 98555 
82509 43744 
63159 23014 
4722 53645 
87572 50253 
70612 88658 
132 78437 
65922 49557 
96632 44021 
10476 38409 
36067 8379 
33837 71561 
74810 14856 
41061 68980 
72841 44326 
99656 84005 
6706 32596 
30559 11900 
77143 51355 
65685 43026 
30624 95900 
42561 7019 
23566 67463 
42533 88071 
45534 85761 
43261 78187 
83506 18231 
48446 75277 
53098 66435 
78180 25982 
44632 7244 
51818 59330 
32025 46677 
71958 56629 
70695 7620 
22880 55469 
67029 39183 
29706 91237 
36442 5075 
85598 38261 
79636 81114 
43444 24520 
97398 67892 
85784 58783 
33133 3605 
32140 27113 
79283 44187 
16436 86869 
8898 63146 
68865 10647 
96831 11876 
66338 10046 
76395 72724 
73575 99714 
36773 31717 
82908 45810 
4089 95616 
75047 79859 
64753 78827 
65341 48876 
83555 89727 
70468 15751 
40945 53062 
29035 20045 
64039 15361 
36213 58661 
54123 93655 
7337 48333 
19740 44320 
68303 87392 
8974 48490 
81609 42996 
