20547 4179 
72849 49972 
34025 96991 
3273 41010 
96348 91831 
96896 52400 
18196 24486 
97199 53914 
65525 68564 
13163 44451 
27057 41416 
22020 51424 
10640 84473 
83699 3944 
96258 3297 
6895 66712 
79799 69174 
89581 77110 
26150 3656 
67832 36649 
12823 90279 
45995 69784 
85989 83504 
48499 78023 
69683 13964 
29041 85318 
65907 21231 
96400 91946 
58438 80539 
67782 28376 
86400 28324 
40425 28069 
84972 32906 
80043 18741 
114 1285 
60784 65269 
71764 60789 
55489 84287 
45682 5150 
67351 90428 
17989 48642 
14483 27234 
38389 88998 
27418 81968 
98186 40104 
96253 82856 
7420 58836 
8902 29751 
21780 56913 
54876 14752 
14467 58260 
29986 48021 
712 35154 
66592 15853 
13451 32264 
31236 62996 
97445 66742 
76975 9273 
36134 74617 
11202 81774 
50620 59025 
41463 68169 
13372 84165 
91509 74178 
609 50394 
37774 98741 
66796 80478 
2474 24194 
62255 44805 
53715 55509 
30669 54211 
5241 32631 
17039 53089 
78906 83019 
88688 52586 
91465 77648 
21961 53940 
53931 3106 
35508 25372 
26564 64793 
57393 12493 
55431 91863 
97731 81763 
27535 23186 
61157 19348 
20659 15455 
74154 33539 
91370 29497 
21121 37966 
40010 18911 
80018 24908 
15081 66347 
23548 73304 
71037 87054 
5033 74409 
73339 46786 
79494 99582 
52479 21682 
19950 79275 
44766 61477 
76486 10092 
21805 4167 
91433 57642 
2867 30238 
27785 76908 
64803 37597 
90010 29002 
12641 64568 
16462 33418 
50711 87601 
854 58277 
98877 72812 
56583 17552 
31429 66013 
72178 13919 
77149 64602 
18745 38593 
8304 26494 
60987 15418 
63528 36204 
92249 55479 
95025 66273 
60981 70612 
4030 43425 
81157 79473 
30124 53129 
22342 28186 
89807 93720 
56516 39090 
17614 21773 
98196 95757 
49110 14124 
11996 70181 
99272 8753 
77510 98931 
32019 76671 
95228 19064 
87088 20039 
89178 81720 
28984 87924 
12089 71577 
9383 50415 
87076 73718 
89161 74271 
26216 45971 
49130 98828 
50843 74418 
29588 19606 
996 12503 
77978 48827 
62160 30069 
51192 37064 
56320 27648 
14508 8240 
41283 3454 
2662 81430 
37346 95795 
60219 27226 
53607 61983 
58191 33860 
17549 96340 
91777 38842 
21021 34507 
104 15583 
83320 39052 
13038 91266 
97815 12207 
22402 12184 
72380 35607 
95354 65818 
95915 93998 
96213 15141 
63273 181 
59679 99917 
69203 1785 
63182 12244 
38204 16997 
79001 59122 
91694 16014 
47824 83538 
66493 37703 
4605 27382 
89325 6865 
4823 84421 
80902 96488 
44684 9657 
10138 61503 
42336 22564 
44106 55819 
48819 66030 
42611 32775 
87276 60260 
27573 20685 
76835 21466 
16900 59730 
83625 98869 
50118 84252 
55559 20346 
48768 35367 
39764 26989 
48395 92798 
51991 19934 
10963 21999 
65854 38986 
76598 42849 
16394 41892 
41804 39617 
67280 55548 
57629 48372 
73839 26013 
25748 77648 
85166 2868 
33004 40947 
67703 55288 
5703 5504 
99985 32137 
83764 90788 
83640 46461 
11850 82300 
39276 85945 
19648 61510 
7550 25209 
16738 91144 
55487 43275 
58803 36535 
96046 30090 
51425 48383 
64949 99689 
45298 80026 
62948 14393 
42423 63195 
64016 64379 
76688 20237 
10313 40039 
54213 47919 
63366 80704 
38929 68173 
57514 82669 
47107 4523 
6491 1858 
70867 9451 
46897 92057 
85201 37574 
63388 78322 
5608 32250 
29512 76999 
54209 69141 
15471 38717 
61001 79237 
59448 8802 
73927 55977 
72705 70723 
76521 36373 
50289 62535 
15094 34408 
89004 33686 
18810 96477 
72188 40158 
55429 43300 
66877 59566 
3140 60439 
93103 44694 
34587 493 
67364 23858 
3066 63981 
92683 99565 
92827 33110 
66264 93134 
45535 42850 
2340 32245 
3129 87109 
22673 80842 
13716 74337 
50008 66366 
31553 66484 
50852 68002 
4819 58008 
13118 91416 
85577 77507 
11427 70440 
15159 23545 
8295 4172 
35215 78385 
62963 59210 
49744 78577 
71290 41011 
16639 59744 
39896 65827 
78647 34405 
5681 45234 
53109 6311 
47861 28964 
87424 72502 
3829 38548 
52951 15205 
92427 64256 
93846 39676 
68640 90844 
69363 71205 
82245 63840 
28213 84802 
89610 7412 
31802 4404 
72635 57280 
99518 74996 
51708 77738 
83731 80632 
40631 90515 
94713 54128 
80578 55018 
86484 38 
7480 4476 
83361 31574 
52600 60527 
74017 4222 
49635 20003 
24927 14079 
23310 31997 
68303 17313 
64239 60705 
977 18642 
52711 60130 
90153 71376 
80130 70415 
19553 29295 
30966 82393 
25211 91540 
30369 6867 
63987 85678 
33019 28237 
29902 41244 
27312 18234 
83418 16304 
55631 34878 
87090 52985 
6255 34189 
47285 54387 
15368 77779 
46215 94960 
28639 28099 
11051 99146 
11046 84980 
7676 48996 
60859 32018 
65433 10456 
79147 29412 
36222 151 
69674 11108 
66398 49752 
95733 18332 
13120 63387 
246 29130 
68194 5066 
3360 24026 
61865 97701 
27813 61643 
6678 63095 
66511 24925 
7192 83096 
99016 38562 
5212 16181 
84081 51257 
52170 60798 
3902 22700 
382 17107 
12395 54395 
83123 62099 
44610 55952 
9825 19590 
77309 44027 
37164 76224 
91751 29744 
89405 67359 
78893 62305 
92091 32599 
44521 61400 
52024 19724 
17206 89091 
63427 97931 
35530 83069 
45325 26506 
92695 97461 
18347 13473 
46390 74837 
10549 90235 
59725 3602 
41289 22871 
25063 98686 
69823 78499 
36746 80231 
10979 65990 
20988 14922 
14131 74337 
1636 27695 
73667 39094 
79008 87720 
89242 77564 
25712 21883 
22318 46792 
58098 11440 
1865 94923 
24937 83082 
16539 96115 
65932 14320 
93282 81947 
31841 34942 
2989 8142 
25279 21229 
52737 24435 
16657 47663 
21063 47541 
13271 82088 
67844 72418 
11209 84562 
3591 95434 
39527 97614 
34278 64511 
14047 96157 
7335 15968 
54185 99027 
72011 5549 
80359 30907 
33035 91977 
1822 63359 
20368 85387 
25167 56745 
19788 30143 
62303 71000 
9164 51755 
93330 12555 
23504 61030 
44567 37135 
28178 75073 
74861 33726 
14229 84390 
24357 73701 
42251 68096 
69079 20917 
52069 35123 
41924 63506 
24251 48294 
26119 46196 
26521 70302 
708 53154 
3185 55853 
19290 15666 
68934 2623 
33025 96423 
49722 65188 
26836 32738 
72902 30701 
23760 4714 
46386 52860 
26574 31188 
82330 41579 
8092 86244 
14689 9781 
31958 72127 
31949 85859 
84270 80592 
96470 10611 
23064 24044 
50047 50829 
7436 20262 
11708 78222 
51019 70049 
58176 81991 
55544 75892 
40067 6128 
19396 11454 
27603 28370 
83349 66750 
98445 26779 
71070 61846 
77275 12005 
5524 43167 
11792 38590 
34081 50785 
23057 46999 
74886 72527 
99457 29614 
4992 81262 
13007 58529 
46769 85486 
24344 60739 
73272 10069 
8466 77211 
45544 64028 
77120 96308 
15215 45214 
95716 9191 
74321 78021 
92760 95042 
10915 79525 
37976 7375 
33822 1905 
21692 99164 
62808 4578 
2500 94174 
41469 68148 
2795 84620 
19296 74102 
22554 11163 
66678 39128 
10527 60267 
31976 10986 
79011 96036 
23395 4059 
73452 28948 
99977 77039 
11368 12255 
85873 32616 
86416 48316 
79936 49643 
92905 81786 
18718 41899 
63652 54317 
65118 74434 
29801 96300 
37211 58372 
5078 35216 
62194 88159 
68924 7241 
38927 81413 
73040 69056 
19203 30839 
24105 20151 
72664 80139 
1789 62441 
83202 91395 
55625 43634 
35699 80107 
86935 53534 
91136 55859 
62704 68361 
15387 21574 
27154 67160 
22415 52326 
73747 76497 
16116 95926 
15421 34911 
66749 11775 
44122 6947 
37633 91931 
2013 18127 
85730 88915 
96218 26807 
95766 8453 
76576 96667 
71686 12178 
61571 84416 
1544 15266 
41493 11339 
32326 57015 
9805 44395 
39740 68614 
73844 72892 
54683 61625 
74165 30063 
12848 13152 
98203 75459 
26883 29269 
8402 23626 
41514 26909 
17549 77339 
21238 86299 
34779 99525 
37433 90917 
74561 37007 
67200 90043 
67960 91337 
89727 90148 
40544 17249 
67672 5699 
24551 17613 
30823 77388 
54272 95309 
37204 96361 
53058 17051 
72845 56710 
58004 41935 
65582 95333 
44023 68396 
30535 68160 
2936 57223 
35339 54862 
5114 95445 
71719 80319 
21362 76137 
46679 90435 
10920 82564 
61334 22372 
87806 81618 
28360 64776 
62235 51094 
90032 12325 
16386 88138 
38023 80693 
14574 72047 
3375 63008 
66683 83631 
80508 76906 
60712 15473 
72638 72515 
55385 42651 
97648 45996 
76987 61901 
73236 30706 
95948 48681 
8080 18633 
68152 26228 
61789 98429 
13573 88463 
571 83192 
70532 69465 
67842 41085 
7739 6250 
9386 34936 
98250 98714 
41255 23194 
59563 30859 
25202 73868 
42298 80780 
21279 95587 
6269 13434 
20100 95426 
57205 19796 
18334 31878 
30002 38793 
90133 43139 
95077 74269 
24501 95841 
33283 98255 
44000 17395 
71774 13915 
93752 46353 
98349 36841 
91330 59458 
74985 41694 
57924 11528 
52654 12739 
9100 54880 
48968 31423 
69457 88681 
87795 31912 
89703 25437 
15729 56366 
86914 51779 
4124 45764 
99170 3747 
17388 9182 
44295 73005 
78320 24723 
99079 9690 
89516 38631 
70162 90078 
76179 45667 
10650 72789 
199 53426 
47588 75971 
57892 56045 
24555 69683 
14595 68615 
30953 92679 
48074 2623 
84950 70833 
69752 94894 
60593 35649 
67810 37711 
1248 15606 
69451 96235 
41325 548 
50988 40786 
66147 59873 
33840 66222 
75859 28981 
92178 18389 
83434 65261 
63628 98483 
69117 14814 
98328 70193 
34068 24210 
3595 51610 
44469 77742 
41536 34125 
34076 39960 
15199 33963 
37909 35735 
35172 48443 
62761 5617 
93028 58741 
61176 33012 
80612 93648 
64746 51445 
84878 44709 
49851 5181 
56846 2131 
54368 54507 
210 62982 
37427 88174 
50231 48439 
75936 29818 
16766 55251 
21386 2638 
46651 58054 
98373 47128 
20092 73835 
12281 70411 
33355 97572 
47754 42493 
35747 18963 
81858 44717 
82727 34179 
6253 18767 
38964 73665 
51214 60739 
15268 77311 
31024 54155 
51514 61668 
85020 38189 
64051 40383 
71516 62973 
60560 78687 
82820 92538 
87901 85486 
88762 77746 
19244 72506 
83420 36527 
5591 38947 
5126 46795 
13797 72224 
23392 78609 
48294 90621 
38053 66453 
6911 92079 
15689 49969 
52582 14831 
96321 92034 
92162 60223 
39409 16744 
41205 75833 
42313 96725 
19237 47848 
56711 59100 
63958 5699 
48827 72511 
74732 99047 
97899 23806 
95855 67503 
3943 92296 
28288 86807 
80693 81935 
14916 41721 
42453 77352 
78837 45521 
54702 48339 
6812 98702 
7377 39230 
60707 55413 
87114 44539 
68626 45137 
70082 90289 
94371 79255 
30619 11674 
9024 57387 
62513 41974 
91591 76790 
39577 5140 
67072 39583 
55 34975 
49732 47222 
25454 27568 
96983 69367 
98543 70436 
95004 75193 
67539 81778 
91050 19189 
13938 36314 
59408 80612 
19947 50351 
38036 66027 
58170 48072 
1136 97742 
80945 33456 
39287 27438 
69689 47809 
3208 33940 
15593 1584 
29831 86822 
42212 30991 
10098 83415 
47739 44810 
76721 95792 
40207 94922 
87125 96432 
62358 25245 
51910 66538 
54604 28076 
12362 29315 
84277 64299 
1900 92083 
77278 84458 
35845 25669 
24280 21417 
61441 57314 
97786 12116 
65835 4195 
8624 45904 
83544 28675 
50907 29952 
66899 53496 
32968 8502 
83083 35433 
68479 71964 
79585 59256 
6744 44348 
16229 80379 
14046 43081 
96446 14200 
78980 63948 
43006 42880 
3859 55699 
54191 86202 
61581 13829 
45221 62150 
42706 41091 
26709 44955 
91104 93485 
97036 13658 
28119 54810 
28753 72570 
95027 60271 
10450 16533 
1463 20234 
65039 8525 
53525 78886 
2953 34882 
49414 79394 
84524 4317 
72787 97082 
59623 60891 
84358 45225 
24633 88243 
10873 54239 
86923 92625 
57209 74374 
55198 65679 
22130 54445 
80476 44385 
81180 4717 
56881 5249 
11183 60734 
54072 52542 
70007 26721 
93830 86292 
12529 92104 
2174 64725 
19148 82784 
65359 7991 
36723 29969 
93201 25250 
83477 13706 
46394 85581 
49199 65681 
15838 94690 
29977 96426 
51464 84002 
72726 45766 
25644 66477 
68962 42159 
81995 64412 
29517 96504 
64229 68410 
92335 49089 
41684 43930 
64011 34511 
48259 61984 
72390 28743 
29704 94012 
12339 94946 
50559 77410 
99698 50197 
46517 27845 
9490 33999 
20572 47235 
63564 71249 
72051 52154 
50202 87286 
16452 26428 
3588 50703 
1021 83805 
44572 90805 
46047 11853 
85848 60903 
45141 56606 
34426 96083 
39039 98991 
82201 44655 
37011 68686 
61449 36163 
97510 38826 
56246 85687 
95428 45848 
3093 24066 
97197 82764 
84433 86776 
36899 21286 
17283 90367 
36703 28490 
65867 74684 
43117 57054 
61930 91538 
56929 4654 
99291 76061 
19164 57685 
80275 45679 
77988 57265 
30784 33426 
2210 51338 
68072 77298 
25882 25694 
692 55392 
5473 38877 
63630 77763 
46184 21172 
43281 20266 
7199 36266 
26725 13079 
27011 45678 
17664 77162 
19440 60666 
97409 35626 
78546 14100 
73489 13768 
96386 35638 
50711 81497 
41374 67571 
79922 84920 
67021 15826 
88274 60079 
20893 90853 
71423 21103 
1862 56528 
32910 67521 
70079 71683 
88851 61033 
48558 78528 
17124 80715 
67861 64951 
19395 77468 
96107 3596 
81590 13457 
65364 49607 
63862 90359 
52454 61034 
24619 41398 
97311 91202 
84826 86521 
45246 90665 
68624 27447 
80818 47921 
14157 89934 
80496 92654 
34595 4267 
48872 83041 
23451 51826 
18937 99556 
40608 95482 
90747 71662 
85870 54685 
54815 70969 
65376 82267 
96623 14634 
82907 49320 
6904 36200 
42860 46934 
28678 97556 
34604 69146 
56490 35321 
78963 50177 
65917 57739 
56717 90790 
92109 34010 
6309 23600 
95001 47025 
73364 35201 
45787 12571 
18131 84174 
44347 3350 
38662 28370 
30562 54516 
47285 2269 
83758 68949 
45869 65830 
14043 85113 
81401 79894 
36854 18087 
27548 50050 
87778 35269 
30188 20792 
78566 82203 
75267 94884 
17193 31166 
85912 99021 
14966 85369 
32357 16205 
81869 35012 
43055 57679 
67684 27948 
38230 52866 
40927 87325 
68181 94389 
10194 81339 
27793 87135 
83277 26114 
36014 15209 
28222 81703 
14447 58732 
47503 83375 
72753 63594 
1553 35564 
10218 91624 
21152 84268 
72631 56050 
29487 75168 
61504 77705 
54186 99380 
78742 81129 
47231 26496 
3980 86513 
46366 25461 
44144 43401 
5470 77821 
65156 95111 
93337 95025 
14262 59034 
10401 61698 
68125 57289 
1170 40201 
96595 34648 
46480 88279 
14990 56218 
4140 61235 
8753 86053 
29166 92840 
53511 9690 
45492 75020 
20841 78534 
59908 85422 
55475 22104 
5969 44056 
33190 95317 
80654 15457 
60301 2322 
89870 11229 
55469 65846 
50142 89289 
62409 91537 
3392 90794 
78185 10537 
89242 3472 
45855 70302 
85036 90955 
52588 83617 
67613 81730 
94752 38860 
72828 68435 
19990 20718 
28934 28487 
33005 89902 
18135 40427 
56527 22845 
76991 36833 
71849 17911 
80828 4314 
24371 33376 
69868 13841 
68732 34220 
65576 40544 
45407 89722 
94516 11110 
26047 81938 
84009 99064 
38392 56290 
18971 73429 
83221 69862 
52544 94692 
85616 70392 
44469 43454 
80700 69547 
60623 61819 
20075 57749 
4750 85288 
99315 44641 
69131 43840 
49172 99207 
84786 14855 
3569 6655 
23768 17691 
55963 55333 
56229 49954 
42354 16289 
93124 78897 
43970 80512 
51815 17890 
85603 74463 
66243 37509 
16561 83196 
26019 83574 
411 72190 
69423 331 
6930 13940 
74205 85970 
95123 93439 
87034 39821 
99679 87870 
7538 95796 
84915 90120 
96104 75058 
10026 73222 
5947 32359 
57385 73330 
49452 15168 
11656 2588 
96363 2416 
41661 90015 
67124 40598 
29214 88518 
28546 48957 
9545 79171 
20906 22622 
36484 50115 
45725 22792 
62218 26740 
21666 6489 
26242 82257 
72341 14845 
81004 63326 
44314 8580 
42816 24102 
66151 12027 
45724 73887 
50118 2978 
93360 8496 
6958 64602 
49150 13534 
91162 97840 
78864 98949 
19236 77913 
61070 48579 
6703 26965 
10911 45795 
50910 66381 
20489 66977 
46196 6931 
5195 18192 
55565 32646 
59476 27296 
78745 35223 
67823 93604 
50337 59757 
87168 40360 
73760 29709 
15409 11394 
46770 29300 
87460 2711 
62572 34880 
94981 22174 
76882 3336 
8883 26010 
15774 45226 
94713 89563 
61729 33074 
50194 31549 
96065 21161 
61497 25973 
94712 82130 
70188 3983 
71346 97857 
66381 69081 
36908 77299 
75253 23451 
97845 12409 
83869 30622 
46679 24701 
63182 20199 
8035 99697 
76115 74143 
90838 54213 
26753 20868 
63104 32354 
98026 3354 
9619 80065 
45599 80579 
54750 5220 
64280 67726 
32739 90499 
19881 19953 
66068 89667 
44275 16973 
68796 4370 
24278 11210 
26283 8209 
76045 61055 
15283 57595 
85814 82488 
19112 4761 
15124 17345 
61481 7329 
14032 34518 
29498 10949 
59408 51602 
81492 66763 
37033 88807 
38508 33871 
16006 44392 
39679 8430 
21900 11455 
1142 15679 
1109 39589 
55786 98924 
83018 81753 
66817 40394 
88890 56611 
1989 52899 
6799 99710 
27312 88324 
50441 73012 
29162 19265 
46347 51636 
1916 63496 
48783 9099 
44608 37443 
64556 77930 
94557 44478 
80943 71179 
88524 26604 
29174 12216 
82676 33984 
83125 35107 
81478 95745 
88338 85955 
22615 7662 
39991 76762 
40142 87526 
80103 17695 
81271 87441 
64066 81092 
83569 93734 
54472 31073 
28802 89844 
36276 86369 
77262 5281 
11454 70734 
52133 24636 
23647 45302 
87308 84616 
83652 10289 
74033 44225 
15173 9630 
41849 73449 
16913 71470 
87542 69185 
41863 69865 
22141 73672 
27539 98606 
40485 40293 
72000 6793 
30478 64373 
39583 57568 
29867 72492 
97612 36399 
7243 42824 
30751 53330 
90902 11137 
53172 54844 
94355 2352 
40413 85272 
90437 15946 
32551 15136 
67367 84960 
18246 84381 
59545 23030 
95236 92139 
83493 71607 
17029 1481 
25055 60390 
77824 17561 
17828 98032 
58093 40629 
24770 17284 
51810 91551 
85014 9006 
22951 56837 
16158 92847 
93692 2568 
68637 88915 
49630 62234 
13263 74356 
58399 12132 
5603 31556 
37198 9831 
11615 20524 
72054 86131 
97769 37035 
87025 49015 
85900 50234 
85111 79293 
48094 48667 
34286 71923 
70158 62070 
51849 4490 
43570 67758 
48212 94826 
55262 35079 
27263 43497 
32204 9171 
4620 43676 
63468 86107 
97359 80855 
66313 85550 
59228 37946 
84777 84140 
83870 67473 
9401 33115 
75271 91909 
84889 47020 
89400 45622 
28885 16897 
83939 77494 
19513 70927 
74033 91938 
21921 78317 
81146 17864 
14790 68025 
79396 60106 
46624 12996 
89152 5851 
98608 12656 
41214 29838 
55914 91686 
36550 66390 
92562 21483 
56357 93795 
56287 62210 
35127 7100 
99337 17956 
95404 39107 
38742 95310 
57135 26138 
45264 56503 
76737 5107 
54165 62284 
41465 71484 
62829 6842 
43176 23940 
30409 57309 
82247 70778 
22897 23788 
7184 75677 
53341 2335 
78402 75875 
51411 52958 
55635 14579 
59139 97451 
47650 91228 
90335 47763 
30188 48150 
10077 4599 
33486 80266 
87608 98077 
24256 75619 
51089 77539 
58658 68897 
25878 95964 
62609 17493 
69356 75951 
3642 90269 
24770 88876 
54609 92825 
4204 26560 
13643 39949 
76464 95685 
37104 25823 
79554 19185 
62634 35638 
99349 85968 
47986 88469 
56214 50596 
27943 580 
19507 47905 
96442 10749 
26259 54065 
53915 14799 
14811 95210 
20903 15180 
96773 77512 
8154 3304 
81383 88466 
50708 57231 
35225 98134 
58866 55404 
7194 71263 
12504 78312 
73731 86396 
26817 94270 
62558 46526 
47396 2954 
94475 57297 
90426 40894 
42299 43430 
29852 36823 
43559 71775 
47496 41576 
19347 50278 
4401 47217 
45534 76165 
62116 53082 
94530 13755 
81112 32674 
15900 92589 
50240 4616 
52330 29926 
55894 13341 
93811 98165 
82452 80747 
57369 77384 
46620 98743 
42276 55938 
7449 94428 
51389 67935 
61088 14587 
88116 85415 
24743 44250 
35492 15199 
37848 95253 
98924 85591 
60111 75070 
47403 46544 
25896 73595 
19325 48369 
22290 86158 
68530 8710 
94259 24716 
13775 25255 
44452 56000 
20573 42545 
87484 45333 
88177 35221 
38965 77893 
36464 27219 
68049 75394 
87578 26623 
18957 25484 
15390 19324 
11707 93570 
92215 31079 
65192 92385 
96669 37244 
46783 43275 
59163 72174 
41794 75007 
12249 66176 
53439 70853 
81873 16905 
89306 92752 
2588 84216 
63920 82562 
64840 82746 
48625 64710 
5692 34874 
29797 52013 
35692 38218 
94313 86990 
54057 96432 
47230 34684 
41943 59873 
80805 79837 
39306 23515 
56250 71175 
4690 33562 
30034 98674 
29264 61283 
55099 85815 
26516 12890 
13976 28197 
47250 57624 
95619 12290 
75861 72746 
10646 3686 
48350 23740 
50728 2912 
95134 20797 
37048 28648 
52428 18526 
69977 3181 
4822 54841 
87604 82952 
18653 57112 
64222 98273 
870 78898 
31572 40587 
71301 68986 
85422 63104 
67598 15949 
47967 41189 
11592 56063 
92566 72601 
53403 80194 
1508 84466 
75343 26111 
19762 53827 
81548 96733 
88100 41681 
21187 1904 
87495 86595 
93258 81554 
3371 3314 
59132 31518 
23069 84221 
45431 19720 
12777 7059 
54225 50137 
81254 11045 
10197 4645 
26787 15283 
65085 68771 
81144 18369 
48614 26357 
9673 36102 
2066 90280 
251 5451 
55748 21624 
75418 7202 
14833 78080 
91854 37190 
99419 23847 
49242 86553 
44087 27945 
16595 75155 
99868 75605 
98294 19153 
97238 18268 
4375 3582 
22611 91741 
59989 73949 
32766 39192 
87527 56991 
81756 85885 
21531 70061 
63049 25998 
71316 81070 
76029 98298 
29133 36470 
10415 47135 
32747 83442 
4801 87936 
30436 74293 
76198 22279 
63737 55985 
36353 76612 
78662 15798 
7541 70831 
99623 75324 
25672 58165 
52003 99286 
71738 16220 
99059 13146 
4017 10504 
66771 3999 
72857 96420 
66294 12978 
87547 73440 
87808 14177 
70423 56064 
31859 15063 
77257 80178 
64701 6414 
84929 20540 
32670 35983 
47489 55377 
47284 79456 
99924 77479 
57566 34658 
45304 17646 
58964 70569 
95466 15999 
49308 21378 
47951 49397 
31389 27634 
72688 99119 
79033 91491 
50719 21914 
28953 31099 
54251 69721 
34197 90404 
82434 88551 
16674 84927 
70445 15451 
86016 41520 
70860 83940 
49953 20692 
65710 42956 
27418 93766 
5277 92101 
89728 83951 
85339 36842 
97529 70354 
68499 71348 
71537 97040 
27123 3748 
33700 25398 
35593 48876 
82020 17436 
67717 26919 
17099 40044 
61575 22921 
21351 35815 
98476 81680 
2874 14754 
5341 35390 
55137 82961 
30546 87190 
50912 39371 
62092 2844 
84293 39656 
53953 94875 
98204 47617 
1543 18727 
86402 68694 
60479 38930 
38837 87663 
34148 64729 
7083 13167 
65070 99270 
2618 65409 
52639 94187 
4887 30152 
85557 52338 
48360 42118 
21116 75391 
78220 53944 
65447 10148 
12831 93036 
8981 7706 
27824 7983 
49552 72954 
81393 58651 
91957 48396 
33331 9603 
47224 45944 
71347 45229 
67474 13032 
47392 36754 
42954 95343 
43981 56251 
56681 37382 
35915 50832 
39114 44312 
86367 61419 
90350 13675 
17910 94760 
40592 34047 
28895 34851 
942 39128 
83471 10457 
16099 454 
89577 19113 
68088 39618 
93406 44845 
95904 41800 
61124 96726 
89776 56407 
89021 38521 
90767 77726 
81829 75795 
76472 8793 
65591 16245 
41841 25011 
56247 21392 
90483 70591 
88020 23384 
36289 40493 
16715 89337 
77790 23325 
52211 77442 
48414 6508 
41703 44027 
64643 74031 
20662 28834 
91033 59268 
72030 66930 
16173 50545 
85800 50029 
86884 85553 
90948 87413 
79281 12196 
39572 97214 
94826 38103 
59123 92525 
57081 38759 
52812 13604 
50587 45121 
20507 97383 
87160 85584 
92888 68566 
6849 14251 
20145 82798 
20915 17788 
33159 51664 
82405 56444 
99908 31790 
26233 61388 
32741 65793 
55180 80092 
63182 21620 
60788 34279 
90123 88528 
58873 30818 
24520 52992 
88215 44943 
99115 95831 
67971 77327 
85280 23055 
34422 71774 
60674 67264 
80933 68683 
1264 73852 
6315 60924 
29106 16838 
36270 13435 
33362 72859 
20193 5544 
96165 18643 
21322 55957 
97235 7248 
12089 94320 
41567 21406 
58478 50400 
53036 98512 
27312 42195 
3428 71101 
78605 57652 
1196 69109 
11457 41165 
47147 85776 
16459 15694 
75288 17746 
50156 94037 
36252 51715 
87844 58736 
47975 84957 
29834 19044 
33717 35083 
33273 85537 
91075 15607 
16724 38213 
87265 28204 
37913 2281 
55745 49972 
76425 87357 
77189 74600 
62566 90418 
63802 22 
81250 10606 
30186 41937 
45454 74856 
26203 92565 
77648 27350 
27727 37016 
59588 92878 
29690 85880 
10946 84496 
62489 81958 
35464 89205 
57628 91476 
29699 31917 
21344 95711 
83864 87564 
36036 57639 
16889 83998 
98444 50031 
78535 14177 
20842 96378 
20261 55160 
66895 94066 
83491 73545 
67366 60439 
79047 82254 
62553 66697 
34727 1927 
48054 2004 
69351 71719 
58453 40768 
11089 48897 
9474 69734 
15452 34395 
33376 68346 
54084 62381 
84594 25785 
39308 95870 
63087 21151 
21384 77551 
1353 89441 
45504 95272 
87749 45307 
83792 34973 
53543 39007 
63925 10380 
34022 74536 
438 78407 
25019 28601 
97420 71947 
95390 70953 
31973 7633 
83250 1481 
46712 55137 
99190 87594 
76513 86713 
83225 6560 
9828 60950 
13899 71820 
38123 33059 
47739 49730 
78314 25541 
75173 53730 
62580 37715 
15061 36661 
77496 20309 
34147 88744 
195 92238 
70011 88690 
23058 30661 
56541 48469 
80467 22562 
99452 38459 
91201 26333 
26052 79013 
8312 55246 
38229 36931 
24644 61158 
30574 70870 
16652 66487 
96542 28439 
21742 65176 
34752 9532 
35127 89302 
84803 75387 
80978 16973 
67378 950 
59686 79250 
76966 39266 
98095 9149 
77166 91006 
32829 64101 
78357 49608 
38145 44783 
35391 23122 
69269 27842 
89022 17534 
29703 27816 
88944 3142 
86776 4396 
78594 75521 
53524 35217 
92279 65655 
26961 81463 
13723 50044 
22909 83841 
71808 60859 
75782 39861 
4045 98716 
78038 29849 
1223 6146 
18528 78760 
57747 68590 
41536 63608 
91288 71518 
89037 2210 
62711 57237 
7551 87939 
22600 93002 
97940 67331 
34274 83264 
61593 92607 
74842 33170 
49668 19586 
95602 97896 
53406 62958 
31045 32948 
83005 65497 
81715 94273 
70141 85578 
60369 23813 
94946 58217 
83154 96099 
82095 38868 
7919 94546 
32635 96337 
70330 32279 
58279 81432 
45118 31672 
63126 61328 
64548 29192 
74081 76166 
59149 77725 
55767 43992 
46741 77242 
58290 12929 
84978 76489 
36935 35333 
19914 53315 
51751 17704 
8478 99336 
1917 82228 
66328 5795 
74910 61124 
94168 71831 
93692 33283 
65426 33779 
26516 4263 
16087 44713 
83373 25276 
63525 17120 
60753 44580 
95310 78415 
12082 85578 
11290 78955 
15051 49902 
72624 35257 
79031 50924 
9998 87346 
85866 93347 
69895 98445 
85553 27955 
32619 27680 
74669 27066 
18611 62032 
69875 45886 
10718 2466 
51430 57702 
59148 60967 
92371 76731 
3203 40177 
7846 11460 
39250 35379 
56090 23430 
87927 19763 
97598 1661 
65264 48240 
72301 1317 
42167 42493 
85879 36697 
84615 540 
5826 63273 
2988 7753 
55478 31251 
3060 13120 
59940 43996 
23517 74449 
41684 8698 
65236 69305 
85588 23745 
66131 14649 
93253 7553 
51995 37467 
24685 36969 
98584 91112 
81744 29873 
73074 17673 
22282 76211 
84086 15335 
6443 94503 
58592 81552 
67340 66662 
81350 67772 
67185 83050 
77890 99520 
46894 11771 
95614 86854 
2305 91471 
39251 74502 
23368 35301 
46672 58449 
14003 25188 
48992 26299 
69807 70210 
44914 62421 
28382 591 
33450 95737 
22784 69757 
91393 57902 
62426 40843 
52391 62736 
37765 41226 
42941 13941 
95181 78867 
57335 97442 
56680 27649 
8342 17160 
65415 5403 
73334 88562 
22475 87922 
66591 13050 
43001 25039 
7703 18044 
405 50716 
23229 62571 
46315 8088 
14230 76242 
90846 42553 
45800 20667 
2894 51220 
66376 36705 
43370 15457 
44425 68362 
75634 84723 
17975 34732 
6875 24556 
88516 55062 
1776 89296 
54965 18835 
75508 31034 
75642 32714 
16972 10261 
66652 69248 
15171 30828 
93572 88447 
61668 82084 
90024 2622 
80361 34440 
41492 7359 
92090 1090 
5639 7050 
56116 48285 
1441 22070 
43087 9274 
88594 76565 
84823 32934 
75944 30687 
15110 77090 
43094 39239 
62673 38673 
32893 89835 
82570 98114 
74140 98041 
15506 43741 
23669 14368 
45870 33465 
74840 28577 
88829 45657 
65530 40433 
74345 68881 
32876 2873 
11762 81019 
4279 33494 
12408 72338 
84631 33316 
19683 74165 
98224 47990 
46138 65103 
70486 55921 
45337 40090 
89453 70234 
52594 44111 
69822 97044 
13171 92006 
53433 1229 
79121 18556 
19224 92687 
96669 28937 
42952 61005 
24897 48592 
42414 54548 
23436 3746 
67418 21152 
22006 99021 
45419 1933 
37824 96968 
73531 97159 
38296 45883 
55503 3694 
55833 46860 
18345 57229 
49274 98808 
7362 99319 
72077 11042 
50735 29184 
51332 27044 
5113 93318 
3577 60134 
42281 12115 
13542 2046 
13583 42052 
80128 28765 
33592 24422 
90299 94509 
57417 77136 
16036 74353 
87077 44868 
42081 88743 
31523 34559 
22962 19050 
62190 28304 
36577 2280 
51359 83670 
48658 75233 
54145 2697 
27466 23602 
96595 75161 
51350 79940 
62148 79100 
33102 5878 
26652 52188 
44542 88635 
78123 31216 
62368 79609 
71635 93779 
71992 3701 
11982 26180 
59981 72062 
27183 84659 
97649 38040 
94432 13216 
68488 46390 
6743 30643 
20293 39180 
23349 1797 
29247 98321 
29793 63727 
47656 24282 
44722 85955 
69634 73323 
49516 6026 
89789 1423 
84197 96383 
48755 92116 
48460 86696 
56441 77561 
70216 86960 
58932 97428 
55673 30984 
68208 78565 
14795 87359 
5211 59902 
63864 65536 
16227 31705 
42929 78349 
10184 6012 
50065 9122 
30175 85985 
86658 71465 
16356 55912 
28349 42898 
39345 70716 
84797 99661 
83364 84086 
88083 79366 
36554 17722 
54360 50600 
2275 40699 
96269 74152 
79656 97562 
24679 99215 
74255 96544 
67452 49760 
90432 45163 
50242 21184 
25861 99457 
29734 25433 
35601 75253 
43263 93967 
58226 55114 
40413 72268 
99746 12989 
92003 17027 
52407 70091 
29735 37712 
84898 90167 
55853 7899 
78149 20066 
76308 8602 
96551 82397 
53194 55725 
78348 31072 
42669 6871 
879 87654 
83056 38914 
26460 86688 
24536 37061 
62918 71575 
46587 38559 
79139 99041 
92250 29803 
465 29899 
59347 4248 
71357 6536 
27921 50380 
13489 43453 
70447 53922 
26275 86186 
86812 66527 
73785 26051 
29540 14402 
77140 93436 
36451 94608 
84664 90717 
67692 34250 
23451 67384 
52005 68310 
45432 84617 
83136 25582 
68691 64263 
71424 98988 
80425 68082 
47936 16481 
11861 7110 
38875 21815 
17364 38128 
76568 20663 
90098 64479 
89973 46861 
24806 21844 
22435 56015 
94642 96109 
57340 59259 
43439 90063 
93339 68663 
7412 28438 
99988 37583 
71006 66681 
1914 44204 
30457 47834 
85058 84589 
85602 34040 
92046 12736 
5555 24461 
75425 89457 
17136 59736 
7287 79347 
46216 4649 
1680 65671 
1697 95277 
92292 36676 
29360 34669 
22011 33682 
78609 21952 
43271 41209 
18937 3802 
98497 42496 
14933 44316 
48500 59942 
18752 19590 
43331 49318 
67176 56683 
84886 19047 
76756 53160 
13479 1405 
14987 33009 
61606 11194 
88080 17521 
57313 89262 
26592 15563 
26848 43158 
69066 66706 
41701 65321 
40742 2775 
78647 30351 
99573 28668 
13102 47247 
74933 61646 
45854 69940 
55806 9810 
71161 50008 
94673 15121 
30239 49155 
80954 34044 
58323 15852 
3548 79808 
25753 70471 
65885 4262 
93992 36334 
38868 54430 
55952 261 
37179 99131 
6735 85527 
82649 84417 
95615 72600 
74748 43066 
43059 8561 
22696 53007 
67562 4832 
6328 12314 
56275 34636 
23555 74267 
30682 6556 
51087 65005 
3952 8640 
92108 88404 
205 88664 
9634 8078 
7498 60516 
47557 84779 
66213 4074 
22683 38973 
52364 56529 
30584 2996 
1420 76808 
45644 24967 
32397 1549 
11439 87467 
74227 1031 
11399 8065 
66862 86524 
81721 95837 
8079 16725 
78537 48313 
43626 250 
39633 86668 
53124 93605 
87307 43443 
67054 49606 
3455 36766 
61207 79946 
70564 87731 
14103 57374 
13018 63541 
80203 97942 
91958 57959 
27139 31802 
3933 52795 
8701 92250 
8647 39375 
97009 27034 
64354 17329 
77074 63349 
80792 29544 
14849 38564 
9019 36751 
45927 42364 
75102 82965 
96181 2839 
30363 53888 
37954 88990 
34690 84371 
5786 95165 
11441 28185 
44218 19164 
12515 63576 
36885 45045 
10447 71481 
70858 94107 
90665 89776 
23143 13102 
51583 16554 
17259 27407 
32753 8192 
86992 98718 
82048 93835 
1678 91752 
41692 6943 
52824 72529 
79913 16660 
75361 31974 
20113 27033 
78532 52925 
22647 473 
91154 16039 
55685 53363 
83946 70691 
51056 66358 
17629 80621 
78620 49635 
79654 90924 
88406 4296 
14737 52904 
63607 25053 
24740 86383 
99499 96531 
12014 55254 
73458 45708 
66958 81384 
99449 26447 
55339 24391 
66724 28538 
43833 10422 
46950 23330 
13270 1720 
16546 80751 
48237 60611 
81782 18429 
58977 76444 
13004 72607 
86929 92133 
91327 12678 
68780 88108 
46249 56439 
85592 55794 
15860 81497 
3306 20218 
92647 69824 
18876 51855 
27389 67041 
62294 41567 
51239 85769 
68953 99268 
41787 33304 
29044 76912 
2761 97818 
41127 9456 
49013 84461 
45544 13646 
88488 52977 
89979 83787 
71158 71830 
84283 76105 
31184 70324 
34590 78869 
83106 39865 
7756 24141 
45406 8220 
66351 8819 
55550 86556 
31699 57618 
9437 67998 
77864 78642 
5161 38626 
33046 33459 
96116 47021 
66465 67853 
61641 66923 
68644 26889 
84820 79001 
90876 8503 
86453 92398 
95719 93509 
1875 24479 
84502 26721 
2978 58046 
10135 13859 
61655 99337 
53897 41942 
22871 67218 
43441 27088 
5634 54251 
15897 42939 
78383 13690 
84730 85384 
61663 42968 
51958 84809 
95402 53866 
18322 85804 
70731 42294 
83196 76059 
67001 96525 
93295 61147 
53482 11690 
94653 49922 
12239 10495 
65869 36498 
13740 5369 
62305 39044 
29987 75634 
80664 83102 
1330 74772 
61329 97698 
82548 27530 
81847 26192 
81441 24324 
59130 40647 
68834 71292 
70187 88425 
82804 8364 
21673 92800 
71862 64828 
47020 75550 
21952 82127 
86602 68819 
90342 97011 
11167 35977 
25823 44675 
81687 26789 
89118 11104 
99786 50850 
99982 36675 
92102 65121 
28226 48852 
89198 36296 
14709 80902 
5052 56805 
55342 15623 
96702 64477 
6240 78365 
85268 40163 
71371 91994 
49376 35087 
15409 97945 
59883 10254 
3966 42160 
10902 53932 
10973 22432 
16200 80044 
48716 94580 
82416 243 
69862 38867 
40879 5516 
62791 95222 
18403 89351 
11654 86050 
54048 93823 
20792 58823 
23655 62374 
9499 97138 
16857 38666 
67586 68539 
22303 59548 
24802 199 
15996 51996 
27887 99378 
14942 58852 
37889 64629 
53682 86214 
57334 65818 
64866 86562 
71952 6304 
96638 65990 
44865 18978 
79421 31372 
32525 89383 
62582 73852 
1112 43763 
77504 18732 
9756 87629 
47735 58676 
92617 31339 
59207 27033 
15749 93148 
23864 61228 
6614 27362 
18645 52283 
54231 85445 
58379 75894 
56152 81328 
65951 52925 
44820 98671 
36005 92731 
60319 47442 
49493 31420 
49148 49961 
85528 88997 
59337 12401 
94291 34245 
71119 16763 
40149 64286 
49292 50479 
97678 76951 
28554 76020 
84949 38408 
46267 31298 
48203 25913 
18498 43132 
69986 56172 
14633 30688 
58800 93416 
23447 73558 
92541 68189 
19283 20013 
30235 27719 
30770 14972 
77022 81855 
86557 34369 
85855 4735 
62580 22839 
6053 1639 
83630 45025 
43634 52972 
38334 77328 
81245 2833 
51129 86522 
16562 68370 
17410 64438 
17190 7890 
48750 13794 
57363 677 
93947 9221 
97171 59498 
98624 89726 
88576 18006 
41192 74011 
44114 9531 
36223 28522 
84011 81217 
27637 59537 
85297 68015 
3540 45285 
92589 84747 
52204 71811 
14330 81246 
44344 87189 
20591 45558 
70747 42689 
78926 33215 
86243 46642 
13326 46818 
11126 16983 
47967 89460 
19343 81836 
2232 67967 
99135 44034 
36398 27505 
6258 95051 
8431 57802 
42542 36615 
91448 23012 
83242 44134 
18753 32241 
45499 85069 
68703 85794 
37199 87522 
75238 3373 
50601 39567 
51549 64832 
68356 88206 
44141 71465 
30853 98379 
92486 66428 
73338 27031 
55444 36554 
78806 65049 
79851 54644 
8436 716 
28908 11266 
65141 62359 
58445 28155 
17817 4990 
27659 41495 
63948 15982 
57586 92678 
36449 28228 
5345 66602 
66989 45702 
5118 73090 
2501 5989 
37858 75754 
34181 27110 
30863 34401 
38998 11829 
55662 42055 
52601 11645 
88061 5705 
89468 84801 
17716 41106 
1237 17888 
46294 26259 
17387 19013 
93027 85640 
43794 31989 
34417 57830 
4143 65650 
40840 32861 
96781 80128 
37010 32442 
5324 22838 
5484 46139 
45174 60882 
72872 29676 
50071 13751 
66885 17697 
2907 50418 
9061 2656 
93265 78344 
12769 83934 
40454 18365 
89010 96864 
55331 29108 
23565 90014 
26777 17299 
78216 30920 
9397 46237 
86019 85377 
57905 33687 
56048 33479 
594 12587 
76554 56799 
69396 13216 
7145 55371 
7263 13841 
80363 30653 
54963 98382 
90970 1135 
78814 54242 
37277 1005 
38529 41225 
92995 49086 
10032 63312 
30409 65181 
71961 79116 
86051 54053 
36566 93920 
58592 73456 
55766 86473 
55360 51925 
61398 37119 
58627 24507 
5010 40299 
65761 10161 
47023 4120 
68361 63252 
7714 62442 
74637 93381 
33136 50796 
46606 62737 
48016 26456 
19077 38205 
64573 45128 
90915 96701 
91340 41958 
30772 56455 
39281 2949 
19225 34464 
53848 54374 
57171 10879 
11076 42410 
6405 14768 
3452 22963 
92404 32536 
6962 32537 
91690 80228 
64628 65006 
46498 73967 
43765 36274 
98050 79026 
24320 79058 
6389 17310 
53867 73415 
29483 65478 
61181 85145 
67264 81500 
54782 53796 
37269 56139 
45437 44806 
37723 97670 
22357 56148 
71185 23059 
81615 48863 
47300 46935 
52360 53012 
56706 30852 
91424 85808 
9850 79653 
20212 7080 
64203 49209 
59041 28715 
21312 60346 
73643 89379 
61150 97495 
86070 3535 
95370 7387 
18024 94678 
63375 3075 
28440 26708 
65529 21625 
79147 54497 
26337 80008 
12515 24934 
7120 23055 
53226 73139 
42479 59745 
52664 75038 
57742 39708 
78862 37097 
35650 30479 
17579 26792 
39669 17874 
90769 73262 
68621 66788 
17584 96590 
12729 47812 
39993 56298 
4707 56198 
10223 44877 
11179 24091 
90427 90585 
89518 54325 
46371 75206 
43077 84688 
26345 17126 
43840 25226 
4155 17831 
55680 97996 
30759 20790 
83677 48598 
82928 85714 
95385 91886 
19343 38304 
8461 478 
54580 15839 
15715 43945 
39694 92368 
23452 39066 
94448 33731 
11873 77047 
70701 2297 
87328 52328 
39080 4058 
85391 29401 
81774 46561 
1007 49014 
43130 55221 
67364 93194 
36723 77638 
78689 99723 
32648 90812 
53812 40998 
52023 14553 
67155 59677 
77022 25831 
31668 84055 
44252 63502 
4326 29815 
26852 10560 
98908 31608 
26463 41945 
33100 37879 
90009 29979 
7355 45390 
38251 6565 
11489 46107 
43147 91615 
81648 8434 
19277 10481 
85062 17190 
943 39717 
92916 52337 
61034 40107 
12715 95121 
90319 58645 
90651 12112 
96596 7046 
61790 82593 
1915 53362 
21314 2780 
13132 95403 
13542 21570 
16082 19928 
87180 36833 
96944 89930 
44981 8678 
25661 43877 
23932 26720 
45800 35360 
78112 2060 
2804 89376 
537 41479 
8316 2356 
12568 1335 
82116 67041 
69902 11674 
35168 60434 
82668 7293 
57377 93328 
23837 1771 
51891 83274 
4915 92979 
14105 79360 
30834 94082 
88027 36802 
6937 42797 
45235 12104 
60181 53442 
22398 25422 
53899 41281 
22174 15766 
20927 66732 
29261 96810 
13402 18168 
18499 6325 
69214 76414 
35113 30646 
24875 81419 
8563 77063 
62481 52200 
20916 61677 
64477 94824 
88275 78005 
64080 70002 
29500 12500 
21542 81837 
90321 77152 
26788 92308 
62914 36469 
27554 62277 
91088 16397 
8761 69121 
79493 96094 
3694 53533 
31560 14 
421 3595 
25400 27342 
17956 92926 
99452 78616 
65810 51523 
60416 65221 
67862 62851 
44845 16463 
26912 48804 
62738 31042 
29776 25357 
26588 55022 
44474 86037 
22550 6744 
40849 97791 
11736 10660 
73823 74384 
59142 46679 
4600 26162 
75282 69368 
99211 71832 
21331 2247 
36150 37842 
72460 66399 
75200 64011 
55953 59763 
88131 80277 
80874 63718 
28590 18693 
54199 16958 
23273 77317 
34727 63151 
99427 58123 
10548 48503 
24700 59830 
98405 18123 
24587 18314 
54076 35932 
59938 52220 
51692 31880 
92464 89464 
36897 62378 
39661 21510 
83882 55074 
22273 56604 
89500 97498 
37176 20613 
19044 20622 
46480 84657 
77760 22971 
59685 82446 
19710 78708 
99888 17012 
21380 73982 
87314 46511 
41255 19830 
43873 81782 
58523 97061 
20945 24606 
34237 98788 
79309 24865 
66414 49681 
4855 37283 
16949 97484 
26681 13970 
72671 91996 
15183 77711 
65465 89449 
76908 82723 
17126 46117 
30241 84577 
93430 93967 
41390 9021 
48909 23316 
23676 30663 
18881 32701 
54798 46750 
68558 44544 
46515 58753 
40337 26705 
9120 55027 
49919 4654 
89090 21489 
69445 96710 
22475 94097 
1600 55729 
38870 6839 
92446 54580 
71216 82020 
52757 9893 
75220 55802 
57706 98832 
38843 31307 
72956 86999 
67086 3996 
11612 52097 
60220 9627 
60897 57596 
64633 3776 
30064 3425 
64639 93732 
61754 56545 
861 8503 
17853 43323 
46233 10748 
97902 67696 
44186 25637 
73177 4414 
15242 85962 
22795 5001 
68034 70255 
39569 45598 
8677 41247 
32755 40457 
28444 75672 
92498 42633 
63870 13276 
96449 54282 
65695 42779 
32908 72995 
83439 85654 
86811 7694 
70989 34750 
84965 7926 
45180 54108 
25179 63697 
84185 48762 
20271 49562 
35407 68891 
72405 6266 
13616 21359 
55820 76016 
9243 23522 
26719 33313 
93994 49103 
97952 82323 
6398 84010 
13091 23830 
23422 31162 
29577 30135 
75922 77710 
73881 4598 
45536 65466 
62929 44042 
88479 85940 
95524 66859 
67780 55067 
5125 17430 
39633 9504 
31016 8323 
31833 6363 
8785 15755 
72674 1264 
2988 931 
77216 25808 
4979 90123 
74500 84899 
97100 9731 
64072 46749 
40778 39073 
23064 3995 
80556 13282 
46162 43050 
68661 81445 
89903 70599 
5473 971 
10063 11122 
60048 28238 
26277 7384 
81896 47621 
21611 27005 
40232 66329 
86409 2570 
30211 90801 
45584 10156 
66962 91959 
66371 21729 
47719 61212 
29655 50561 
99957 56875 
62102 45620 
49148 41550 
68620 80835 
33604 15005 
75102 28208 
65860 54227 
89921 99931 
90116 82578 
19296 93981 
13523 3353 
26485 80112 
95406 49562 
7592 18730 
63009 21357 
67886 13819 
84952 5318 
21648 62918 
74286 95647 
5846 82078 
11913 66363 
93373 51790 
78076 75693 
15099 51093 
54761 19122 
51652 21348 
15030 85932 
35626 28648 
46698 15578 
12841 74354 
67201 94872 
47278 36985 
74123 84688 
18527 15477 
41570 15802 
52806 83767 
16411 47473 
49080 59748 
90399 39487 
10307 37799 
24274 48672 
66502 33447 
78165 24240 
81113 41123 
58970 42832 
65097 11569 
29854 93767 
84121 14136 
39617 97750 
33479 61010 
20374 18172 
72600 35382 
70893 3142 
56426 83612 
89846 78514 
74478 2636 
48372 97433 
10099 78206 
94557 40299 
62121 6942 
63772 50555 
29144 65805 
28319 86317 
42633 76236 
57375 65657 
49191 47063 
74016 84185 
84685 70191 
89887 87601 
53263 86171 
70097 89022 
22885 32938 
31006 31139 
75615 40309 
1780 6613 
5714 35289 
86957 66676 
41516 78798 
51735 67474 
78033 63106 
14267 26487 
46491 61104 
70018 87207 
14185 33467 
92038 19294 
3537 67823 
48006 13519 
42708 45259 
49993 66091 
11828 3786 
6111 85321 
28661 95837 
74554 95102 
25431 17441 
30039 54276 
4603 20401 
40214 58770 
25535 5629 
15351 44195 
66215 35719 
38480 60663 
24729 97919 
5094 48675 
73596 94848 
1644 5188 
56822 39620 
30283 92367 
24248 84483 
43651 8006 
30740 17632 
87970 6257 
88756 21582 
65323 30034 
52002 98254 
16695 92364 
25190 30908 
96223 22934 
40294 71113 
54065 78239 
13242 10119 
70393 98967 
96669 18337 
86237 86650 
74100 14059 
58270 63111 
98866 53119 
24068 70855 
67100 14887 
2013 70332 
28282 96814 
65692 90843 
79147 19673 
26525 95899 
57106 88710 
30300 30945 
47939 52126 
23425 31633 
49127 47606 
72879 84194 
84994 30065 
30252 45976 
52743 29349 
14684 53828 
89508 95302 
52144 70780 
89674 49463 
49200 47336 
69058 77552 
98275 2704 
67896 65011 
8367 63424 
8155 99034 
30307 32097 
72328 34837 
98830 97299 
50676 51385 
45130 37279 
11761 2316 
42978 14658 
87183 1539 
39146 7094 
25567 69767 
84544 69783 
63147 8205 
26371 79632 
78697 58665 
43523 68113 
49094 55592 
7614 10011 
98471 74780 
30184 98707 
38678 36011 
13009 5106 
31702 22408 
52928 86965 
65723 38003 
65147 88122 
25642 36808 
79772 43018 
56209 21639 
35097 80892 
61280 29012 
38216 6167 
56265 87607 
88563 16804 
92513 62121 
63258 10762 
2136 71767 
44449 22233 
69691 3255 
28330 23915 
23189 21771 
93106 29379 
51055 20276 
18911 30432 
93923 37426 
46506 8398 
30602 17433 
33592 65366 
76047 81415 
17634 31714 
35861 29079 
22350 19568 
16603 92031 
51339 8411 
74125 15578 
96805 68632 
93171 54556 
53936 51587 
30635 30568 
72217 632 
22170 12930 
93795 66560 
47243 53699 
25997 43030 
71259 28354 
70206 72826 
35062 8005 
82490 14148 
41866 16459 
72779 97655 
99626 6033 
58802 49607 
12855 19688 
78638 4205 
82071 93888 
31433 79101 
61349 96527 
59684 42067 
44847 87315 
8483 53923 
1720 34236 
97183 33108 
55494 18979 
17194 50609 
8764 16704 
25956 30523 
46975 41062 
41599 1107 
16088 4081 
55427 13965 
58105 52343 
70038 24857 
5694 5830 
39799 8670 
82568 43872 
37308 63170 
29820 53823 
94623 41442 
80061 82409 
71220 41297 
31006 7142 
82026 71406 
28056 75740 
78312 8589 
51444 45211 
11860 58409 
17723 89040 
28504 32115 
47590 30909 
31045 56972 
22507 6391 
23444 44159 
51086 50294 
98367 48664 
92880 56626 
58319 68961 
41983 60593 
66991 50813 
55796 47622 
11895 79105 
25294 3082 
21968 64425 
22348 78185 
24552 56947 
26889 62515 
44991 49207 
32153 21671 
49079 61461 
49749 79724 
3668 38594 
87976 485 
83991 25910 
56587 49045 
87580 32653 
59109 95590 
24144 36717 
69869 57204 
38385 31777 
57029 60180 
88401 68940 
5228 45303 
46245 99031 
11829 31641 
9120 78731 
79306 551 
9820 64076 
2970 60960 
93240 78176 
58027 9377 
82123 6524 
22836 3703 
89705 42904 
36326 28564 
49473 81645 
76632 41720 
23024 27860 
65342 56055 
15832 76304 
47129 29701 
77699 91624 
68091 8053 
89788 8012 
77775 85741 
43323 54671 
9646 34077 
96438 4993 
52686 70042 
55073 41973 
12819 26597 
61453 30161 
77037 20892 
89403 85309 
35385 6899 
39577 36876 
86362 42075 
99677 85702 
49842 93817 
84832 69393 
38281 60837 
1509 61353 
91736 86972 
84701 45888 
65176 559 
42597 31469 
67558 21162 
5537 86939 
91321 37272 
16784 11384 
38243 73538 
21480 77370 
42990 34155 
7144 19346 
19263 30215 
24144 74342 
5052 73166 
67832 20377 
63355 43945 
35332 99577 
2576 27926 
79487 57587 
16883 39511 
70051 78613 
10957 47023 
37925 46344 
65851 48468 
22099 14971 
23076 41854 
60927 31666 
12593 79874 
69471 12140 
27016 98158 
22843 34263 
49147 58659 
21868 81257 
72849 55379 
51814 35579 
18325 88266 
57569 97374 
32000 22991 
49358 77260 
78510 19201 
21924 92209 
77717 27945 
17095 75411 
13173 30151 
84743 96269 
40155 12352 
364 75055 
51150 53283 
78848 68237 
14590 25569 
83516 95167 
88677 385 
67039 74502 
26281 79806 
96636 39684 
29205 71489 
9759 6743 
80492 63417 
18456 74876 
82011 52604 
30709 50443 
51197 30992 
85243 98476 
85621 34208 
2687 42224 
86971 14408 
40403 50950 
47054 7143 
913 78904 
37598 23976 
84590 44304 
12917 17547 
96100 66151 
29901 33819 
11070 8818 
13350 87464 
84557 19643 
46307 70625 
36109 83095 
44847 32776 
77558 56609 
84679 49919 
59157 97819 
82966 35098 
97275 40645 
2909 28988 
12584 28608 
40944 49273 
51516 67707 
76806 70607 
85745 18363 
15233 53109 
84549 6155 
24782 36700 
33124 94482 
83965 70999 
26268 28750 
77861 56079 
1340 31361 
49381 28067 
86972 99489 
98519 35401 
34767 33541 
40215 16475 
70025 3175 
76871 7494 
44546 39914 
15068 80539 
99649 30603 
57736 36165 
50737 74371 
32775 52285 
86140 57259 
77063 21671 
32395 93275 
80792 94097 
75741 78429 
11275 75950 
45327 5164 
77607 30089 
57472 88587 
68010 61793 
92297 63067 
90200 72842 
24149 17982 
71796 15063 
55439 54819 
32560 77155 
9889 64287 
23171 94130 
25652 41778 
36283 77439 
51338 82224 
34758 25639 
88746 21319 
9260 90404 
44913 19033 
72818 40773 
53085 13513 
23470 89674 
97302 8699 
57793 21133 
28515 97366 
97898 83972 
91504 62809 
2354 98391 
91331 47017 
67597 55520 
15668 20935 
90471 76838 
95052 43286 
54897 40286 
26989 48444 
26022 72997 
11762 60958 
83786 56726 
47945 94605 
4453 91405 
13801 57197 
3483 14659 
17125 48907 
86006 80735 
30546 11480 
12200 60915 
41911 58460 
74035 39386 
40076 92443 
97136 43398 
25307 94376 
26918 64677 
80455 52024 
31691 202 
64137 80026 
57086 64796 
90435 72298 
95938 5426 
40920 19059 
95684 77640 
14309 15404 
11349 28322 
56658 86067 
26374 65683 
30702 51928 
5809 87423 
76820 67798 
16811 81018 
90062 68164 
49924 6285 
87779 67807 
1282 19715 
70613 77623 
30634 2485 
85969 12422 
93052 9626 
87532 87186 
53158 66531 
47029 20932 
29914 790 
15124 93296 
87280 12290 
47202 27877 
81459 52567 
6762 8572 
98990 5615 
34247 70340 
71597 36652 
22341 44245 
33504 2784 
70138 78117 
94824 104 
98034 98793 
40665 55399 
92813 29672 
29768 57528 
18100 28182 
58756 63391 
69231 61760 
78515 6559 
73515 98093 
97726 82762 
37020 45601 
85250 85780 
17189 43526 
87862 19720 
56961 67513 
12701 19220 
50545 86174 
84898 67825 
23588 76883 
79930 16572 
1204 84962 
47609 69808 
6167 89361 
89967 23267 
76569 20131 
28867 10693 
17312 58186 
811 39553 
3049 36268 
46215 73864 
31518 51517 
18317 52710 
85706 94667 
22941 16715 
858 98671 
14469 51553 
48079 10408 
15689 47535 
40128 93147 
99577 17349 
36961 74561 
69612 10251 
78695 65347 
1892 10302 
1881 86882 
67085 8687 
1311 62853 
33176 95741 
84076 49412 
61000 26965 
25173 1189 
43715 79153 
74695 96355 
8643 27700 
85474 72923 
95327 44194 
27023 60640 
47191 34624 
26733 28024 
5841 12833 
32476 2540 
76823 31280 
22150 63351 
43596 71762 
95137 50759 
42470 32424 
68266 84176 
75455 34202 
64599 31355 
30229 9787 
27180 25616 
96858 31271 
11886 84914 
19433 78819 
13608 46884 
97430 52027 
58203 97341 
56423 78076 
49024 36232 
40652 76349 
91293 94680 
41004 97874 
30177 89485 
61121 69778 
29172 77343 
41632 39859 
84221 50060 
7913 34477 
15983 94133 
80329 14133 
7751 23354 
87551 35433 
59765 81467 
53342 5575 
11985 3390 
85113 46056 
46881 18178 
78573 65998 
21384 74623 
66985 82303 
92879 71290 
85784 13782 
97946 76783 
93774 19484 
14551 33155 
90599 47628 
88468 45655 
96901 10870 
32955 75347 
18315 6064 
17025 67682 
97387 52260 
42168 69697 
68540 29354 
69931 11286 
70346 61642 
3527 51871 
36678 5447 
45458 22790 
83709 68088 
50138 27863 
33263 6604 
65574 99839 
64682 29022 
11407 48814 
67170 48342 
71955 80210 
72462 20011 
92358 4533 
83721 27349 
53557 8893 
80727 66198 
67516 11119 
73683 19992 
77997 71351 
98411 9552 
74108 93069 
94200 48067 
24015 5826 
82283 31038 
14352 85268 
67648 43441 
37283 32605 
19845 71876 
1598 5244 
49453 68211 
56825 63120 
86060 23014 
10096 71089 
80864 72023 
84311 76781 
2437 76961 
13141 65429 
67722 93207 
93503 78433 
51979 61127 
19369 70833 
51216 35351 
2098 74315 
28506 96792 
41978 27058 
61660 75958 
53252 29437 
23882 52865 
60617 85515 
71293 88841 
79044 94233 
81655 88564 
60737 61348 
87134 86868 
43142 13417 
70618 4158 
60144 8519 
49884 16737 
84940 54891 
56818 43908 
57536 68288 
29922 62379 
12436 21643 
77526 20362 
62785 66473 
36373 38661 
16107 34476 
45680 54124 
93724 59896 
80304 82023 
1056 98503 
38313 48255 
49218 57383 
58023 69671 
59687 91268 
47499 41436 
93265 65737 
45537 23996 
32186 35401 
97311 9044 
9917 36040 
20148 83838 
27063 43681 
55317 6264 
13760 10713 
50229 49241 
99021 49424 
92136 72397 
25745 96688 
19180 31344 
6430 60053 
67555 40500 
49112 15111 
74592 64047 
95651 96772 
46732 21480 
5192 2955 
18622 59086 
84500 8212 
75006 56816 
13833 66924 
80601 11167 
42092 70954 
64807 59017 
28244 15060 
37895 84799 
87352 14809 
73216 83977 
58986 16429 
76026 39451 
53449 35752 
73657 4363 
46907 64275 
4074 74701 
90417 84406 
50256 78170 
69773 43044 
66372 1990 
3231 42946 
68385 31594 
92356 24657 
16516 74644 
47609 28341 
99884 354 
94759 44433 
44697 32784 
30794 84807 
6510 98610 
38733 32043 
74377 44787 
89595 53356 
10096 9619 
56746 97893 
69324 51917 
42938 31360 
2961 17257 
73590 318 
17019 47782 
41206 59983 
77071 22568 
95272 43995 
79449 49252 
59629 2404 
75471 14460 
24963 84940 
27312 40476 
7984 704 
94507 88707 
90767 42501 
98631 96644 
53878 24307 
90350 34379 
95089 43733 
47820 19131 
81878 47877 
68341 31857 
20338 50534 
76180 38662 
35749 21554 
58662 31570 
50770 44950 
59885 68152 
16074 21419 
6868 7578 
95200 73025 
16430 11833 
30512 93078 
32779 5174 
20372 72597 
75594 62344 
18968 26265 
36249 26609 
29745 35420 
45906 42397 
936 23340 
53339 24112 
47462 79020 
92644 72671 
17280 49586 
91400 94324 
92258 28653 
68382 72579 
63724 78184 
96582 93299 
51095 34770 
62092 25538 
38308 67772 
32288 16206 
87262 76386 
57827 65383 
50085 35455 
72087 10875 
42732 25718 
18996 65587 
61319 13188 
35602 19331 
19516 74514 
39244 37888 
60451 385 
20890 66448 
49804 47443 
25954 72009 
88093 50687 
11825 39874 
89642 52938 
7396 73072 
63331 55739 
64005 30357 
95915 46893 
79521 78372 
82588 13895 
97694 26626 
71406 9596 
33431 60145 
88310 96731 
51322 83949 
87687 61293 
29530 45962 
29765 51255 
74046 10529 
20624 66768 
9384 13402 
63183 708 
60905 40867 
58242 4339 
61291 40642 
63541 31846 
59062 90227 
65725 99646 
80585 19589 
45231 81594 
98677 9364 
17329 49643 
90692 63227 
13889 60958 
26895 83629 
29941 87161 
15945 63782 
96646 79099 
48496 45620 
58090 61451 
22183 83375 
23075 55438 
1694 95492 
35142 35087 
66141 83788 
54082 32703 
22624 48086 
70465 22624 
19654 26988 
81035 28800 
77016 51016 
37318 21403 
59686 3055 
42359 90395 
62582 42836 
11240 9887 
40201 67138 
29900 36104 
10626 45459 
43694 13925 
86893 92105 
82299 2182 
40397 9938 
80736 66337 
80786 68500 
87651 28594 
44695 59765 
61484 10198 
21729 8474 
42713 48367 
10247 838 
56132 21227 
87786 35307 
40925 68107 
1380 92205 
28296 49661 
31559 65178 
86516 52583 
60483 96765 
31441 7008 
79432 12816 
56950 51246 
3802 56037 
74167 48072 
24781 77679 
60990 29605 
16054 58147 
14114 23637 
31139 92291 
64633 93318 
72408 93183 
65245 4201 
86351 39387 
82191 17919 
41314 15041 
28292 154 
73725 69506 
54780 22040 
46730 53918 
79106 28787 
51199 75662 
63486 47057 
93228 48584 
74697 3523 
54529 6754 
49461 31006 
82530 92577 
61719 45763 
65537 26333 
38240 89703 
74959 13458 
97166 44737 
11405 48382 
90511 42925 
74339 29274 
16047 15747 
86056 6744 
26640 48561 
39854 51365 
5815 32194 
9619 39836 
97179 32620 
53382 27645 
72288 31792 
67012 97301 
96660 27984 
95816 45527 
6861 22331 
91633 222 
42909 59797 
10898 38595 
89755 37412 
85207 11548 
69166 40381 
60066 66196 
89070 17526 
89776 98381 
1269 61575 
96849 60071 
40409 16866 
52859 92744 
17164 97376 
14301 57178 
16850 61275 
51810 82488 
11016 54786 
44020 62843 
24012 7709 
68359 88971 
9182 35743 
10237 13377 
79991 80616 
29387 13153 
10303 98038 
67511 32307 
64939 85610 
54923 56746 
46803 28100 
75543 99353 
50034 25839 
79392 50053 
90029 63543 
89614 76300 
40622 71437 
37132 43155 
46332 28370 
70172 58895 
93290 57445 
28181 42064 
16324 68713 
40087 48927 
91634 10602 
5367 96500 
14602 2013 
43073 65609 
90495 30382 
48707 70922 
72181 17522 
81816 40416 
63418 74681 
18129 55462 
68925 91016 
39301 64523 
13109 25539 
540 98392 
68222 1626 
11869 82971 
29653 35287 
92250 66780 
51183 63651 
7514 54709 
6252 78511 
82772 66955 
72615 11265 
87937 22657 
47262 60222 
31002 81445 
86056 99002 
57865 62917 
28281 55627 
49817 4009 
10116 5909 
30170 7291 
93061 81884 
40085 79412 
33397 56255 
20278 58227 
97012 27242 
40105 79588 
80268 94691 
48402 40351 
32050 87946 
81516 72822 
84740 78752 
53116 57715 
92578 88302 
67655 67597 
44729 76587 
44764 50903 
67339 84298 
15406 37748 
53954 82813 
52249 73139 
66928 76162 
26550 60559 
33747 90377 
41693 29538 
21719 80254 
79620 24448 
12037 81325 
10499 48633 
9970 35683 
58298 87879 
21772 24361 
85325 80331 
878 46030 
57341 96139 
16048 92092 
77484 39426 
22350 81585 
32084 87627 
22210 35845 
74287 38815 
88246 92475 
82509 46287 
82183 80954 
69850 81565 
44875 8072 
87912 81833 
51318 30395 
63870 5960 
21492 23086 
33170 44407 
52989 89674 
81896 2668 
94578 95718 
92640 5298 
11241 50849 
95601 48185 
656 8272 
62693 60385 
8720 98581 
46585 23678 
57416 65618 
58901 37921 
42184 26102 
2201 13374 
77918 31890 
18898 17315 
72832 73992 
96950 1644 
87620 30814 
76921 90545 
93733 29655 
37932 12907 
79022 60053 
1061 22845 
61621 50387 
77890 63510 
63673 94972 
9221 94309 
65309 97926 
84344 19714 
6319 82191 
4817 29046 
28002 97362 
58353 80927 
50941 48339 
98216 43531 
65767 58331 
81399 32338 
73473 74386 
4950 70795 
49424 21335 
93916 36071 
20936 10952 
36698 42089 
42133 17128 
33995 55019 
21789 34973 
26074 32669 
9930 52025 
89748 28486 
77222 73127 
51217 3334 
27487 57030 
43881 43787 
68195 42402 
51210 94364 
26357 63697 
13969 72936 
37962 83200 
48345 53504 
57976 94576 
16956 68577 
34857 85369 
18241 4617 
68675 81171 
11399 38279 
25108 32545 
73836 88666 
8981 47277 
95964 41357 
10437 15210 
54271 33655 
24467 20596 
67698 77346 
10226 87845 
34676 35168 
415 60522 
68580 60271 
92992 70566 
97872 54155 
57555 14987 
73890 97852 
66967 20647 
34020 63601 
21162 44251 
880 19797 
64513 24306 
59210 716 
10753 74537 
41291 24304 
80176 84160 
69025 6291 
22666 69394 
46212 36927 
47105 2721 
68080 57856 
2779 31682 
16812 940 
61641 87340 
41569 28291 
31645 74073 
79447 43349 
90807 26982 
59815 26513 
69290 20944 
48665 85673 
22487 16224 
31862 1900 
31961 29576 
6628 93661 
43054 26865 
49098 19073 
98072 43528 
52454 85059 
52203 52542 
84950 34693 
65624 16089 
9 39590 
49776 76738 
41654 32903 
8360 66695 
27657 80274 
54317 39583 
60107 1064 
2929 58199 
8480 20229 
38146 3818 
33843 52410 
24306 7892 
74498 94109 
88706 45339 
93118 27291 
31753 70158 
93385 18290 
30955 18690 
50138 29607 
92582 53655 
61214 48983 
70555 72907 
21451 80112 
15972 60919 
39734 32373 
42644 18096 
68491 93198 
94127 63272 
91706 65967 
75942 68152 
22326 8818 
73028 48933 
92801 15251 
6961 9983 
83594 36181 
38 7215 
23587 54829 
4081 74653 
13666 90861 
20643 36710 
70115 28168 
86270 10824 
58033 31962 
21588 90335 
86616 45089 
46192 85891 
67946 30979 
42659 95151 
98838 61157 
12495 65198 
11324 28990 
4404 9825 
51523 8094 
11018 44725 
88928 63835 
24031 7642 
28543 69370 
9706 37643 
96848 73901 
16771 97947 
99228 20105 
56982 40117 
1287 10173 
4955 23914 
69370 75424 
48348 26764 
16674 13182 
82081 99527 
40450 16405 
80984 51133 
3129 36490 
4135 73670 
5582 87765 
81103 51622 
24270 23354 
5424 34212 
35701 86416 
13837 88204 
31403 68218 
61198 89977 
34507 85045 
10405 60369 
65105 19659 
44318 93495 
65678 59838 
72348 81654 
90196 6434 
48241 92420 
80874 16515 
37581 11168 
5148 93277 
73583 22506 
2041 33795 
18034 67496 
91921 98071 
526 80031 
36535 68438 
43646 75367 
97250 27048 
94347 36567 
28583 91010 
72483 20491 
61404 9654 
16309 83972 
75585 46507 
51732 12938 
35420 39714 
37205 22512 
62792 58980 
39355 84471 
52847 54550 
75812 29990 
94860 24295 
21155 70192 
46991 8677 
9508 74778 
27801 60181 
83021 49933 
29696 23732 
29341 60643 
29844 7700 
23129 49745 
72675 21269 
36797 16255 
24730 3276 
13845 28896 
57389 70060 
4537 67276 
95946 65428 
48117 2765 
84516 4545 
48378 53903 
55420 65350 
30106 77019 
59000 96075 
82770 81778 
5187 75473 
94825 93471 
91720 83581 
57040 19138 
45553 15151 
66560 12994 
83771 95314 
94677 78100 
8260 37620 
90830 85906 
84391 18297 
82905 42982 
18170 27353 
99646 85194 
38540 97133 
84833 33533 
11995 1970 
94859 2975 
65147 68793 
71426 15976 
67572 37833 
59326 35597 
32050 65054 
95575 99756 
22208 63468 
30700 7744 
18628 39196 
55528 82863 
83616 89960 
97572 10968 
82157 98621 
19952 33655 
61939 72454 
2760 57008 
68899 50029 
11880 22033 
76402 21907 
63491 71311 
35929 88777 
73826 37896 
15084 11232 
43255 77126 
74743 89092 
61315 59735 
51347 44972 
35087 45582 
52627 76748 
37111 61275 
45418 86647 
41050 12117 
12837 90862 
63391 69054 
84656 62916 
57676 84674 
99582 66454 
14150 8823 
41006 88685 
2138 94028 
98831 94401 
55086 3659 
49172 82320 
38922 61663 
10969 40430 
63237 11688 
34004 65084 
91750 85560 
96306 29791 
83642 16304 
40633 63954 
50534 69318 
59460 29257 
45275 6772 
45857 61960 
8121 44966 
63630 83073 
83543 12110 
54304 65164 
86590 64885 
90773 84521 
41579 76141 
7879 80455 
37881 63213 
88702 89712 
47637 86600 
62012 23270 
28503 12127 
71115 5276 
90816 96196 
7230 99394 
43101 23404 
61585 6567 
42400 98508 
39560 29987 
66638 70633 
97507 68031 
95086 46615 
8280 13960 
29968 32480 
35035 12388 
17334 27348 
94542 46857 
28555 82398 
21012 10248 
45149 29052 
99367 40382 
49109 75167 
22916 86821 
58514 65753 
44545 11696 
63905 5658 
32838 17353 
14784 45613 
14941 36647 
77548 40207 
86503 17927 
36269 96577 
95735 86058 
35956 46001 
63348 63273 
74296 87086 
83101 89218 
32312 68847 
58685 88227 
97008 4762 
71847 93717 
69771 34738 
43947 54479 
73159 80945 
48529 15770 
65670 75589 
56050 89250 
49185 73975 
43554 159 
7016 4541 
81868 27544 
41802 49116 
20798 33947 
92017 91218 
28862 14605 
93405 18003 
8231 83095 
17415 12343 
97846 50228 
62534 25510 
98092 46127 
96398 78081 
98936 81566 
46667 96924 
70109 43987 
16844 59514 
76681 76063 
59611 83320 
16297 90211 
74673 67643 
35391 31171 
10755 68031 
70824 10589 
42066 59289 
80693 2468 
58445 22086 
73496 6417 
55320 70305 
18306 56842 
34763 21534 
20345 80509 
32104 1472 
76073 82368 
63949 64521 
79851 70099 
52881 7485 
40257 11514 
21764 51021 
78310 55774 
66259 64402 
22112 39336 
8026 13111 
82869 40579 
3047 15967 
95752 43282 
29618 8682 
35734 18430 
8765 24181 
73332 36252 
16200 16471 
18072 75990 
29389 74517 
8551 9566 
15923 95307 
47123 97134 
10087 11176 
44504 47465 
43383 95471 
35041 64145 
91719 2761 
46882 19791 
77102 35042 
62968 74788 
14858 63778 
88555 84490 
28787 79133 
48868 19406 
66104 82333 
76539 56577 
31637 84913 
12636 87162 
26457 29435 
37368 25201 
19974 283 
66985 95586 
6509 50283 
1885 25454 
97438 29121 
87648 62555 
78228 62938 
55471 96558 
16048 975 
41389 64854 
38091 14757 
44726 83084 
13355 8092 
75351 52456 
61341 71992 
56616 60831 
79988 97681 
96259 12660 
32126 42938 
11098 94006 
54832 32300 
92978 3232 
59290 60029 
33252 55358 
70119 56245 
80962 98679 
12580 71254 
95923 65889 
93696 30856 
72096 18820 
39034 16309 
48887 35803 
40726 26602 
98449 33761 
44320 87852 
75574 13307 
52099 84860 
43454 64448 
48780 3271 
43337 72939 
61810 87264 
59040 22909 
52966 37339 
38315 27 
581 95518 
72210 61358 
72404 91158 
869 52947 
7978 49570 
9606 24263 
26384 97783 
2645 9811 
50296 37026 
93558 22557 
90512 89903 
31239 31222 
66483 71706 
88137 74103 
47817 79988 
73523 95740 
89359 44222 
98738 79574 
98148 28282 
13610 89703 
14399 32482 
53695 27871 
10660 99028 
86491 58042 
13349 84997 
21446 50237 
29130 30335 
53369 47718 
14935 14886 
41772 67199 
64876 68050 
89679 449 
99939 67479 
74622 97468 
37045 39051 
1835 76339 
82895 49392 
95027 22966 
45044 64338 
13707 15063 
77681 31979 
87642 29087 
82863 37315 
88849 66256 
69273 67044 
19414 64359 
30064 17652 
79481 45731 
38917 77703 
93891 88636 
79211 16127 
18265 99173 
14995 12297 
15707 3956 
84485 70823 
93867 79953 
46844 74229 
18731 87221 
41276 40084 
76327 72704 
23795 65631 
36414 68822 
31487 62616 
83269 19286 
86706 7748 
17855 26364 
94352 60123 
2934 28801 
4235 25923 
18075 87622 
7494 82865 
15090 78278 
11142 12080 
16044 61873 
88028 23539 
75800 35688 
30867 2593 
38958 43748 
48436 49863 
57086 61911 
29661 34439 
96294 58730 
67017 31260 
57501 73313 
74532 67508 
52144 44463 
57645 60028 
24611 71561 
92267 85982 
89356 86989 
48625 92392 
55420 72320 
51804 16658 
43999 56064 
5395 59826 
65748 89475 
17216 27110 
13650 8698 
56856 26031 
44570 56523 
43569 91590 
68043 55050 
10080 89968 
34342 91760 
12924 37538 
15576 5826 
63170 60333 
3321 38917 
32749 10617 
4203 45317 
51039 51862 
907 39890 
44005 21138 
60219 99217 
83868 78860 
12006 21184 
11167 59787 
93460 91366 
63012 46342 
51441 734 
91458 95535 
22435 8550 
84124 64184 
64428 46728 
5549 93616 
97889 17518 
62246 34657 
24119 45085 
56993 16480 
28341 3321 
38658 88760 
42249 57216 
72669 95591 
36083 23158 
54231 71722 
33880 74721 
61489 86981 
97181 94835 
99051 3065 
2276 2649 
13637 48435 
43973 63988 
73093 61641 
34910 27974 
87608 1204 
33595 19221 
17693 70998 
26634 54927 
57319 64142 
11038 49288 
2606 85497 
71008 13811 
16535 73140 
20269 61457 
78382 2553 
85828 74953 
62909 23774 
41905 5210 
28865 51397 
63845 24437 
8868 31 
60985 70409 
83552 33750 
64704 83235 
91636 77024 
93335 54071 
74587 16794 
89118 76412 
79644 10571 
24052 14895 
48158 3839 
1289 84011 
97606 51544 
36612 59674 
65058 33069 
90589 30283 
17508 47863 
36136 30751 
50182 79763 
88530 92891 
87798 22042 
95307 88633 
75716 62379 
82017 38731 
98021 37155 
76474 8927 
87794 77891 
88922 18011 
1187 89142 
8444 37726 
11381 16773 
86979 73232 
41111 88323 
21483 74588 
93150 33016 
12024 44703 
57018 18011 
69051 77252 
67122 69572 
66587 79240 
62660 83137 
89760 7231 
52827 64615 
4868 73684 
22214 86748 
88106 60414 
20762 89011 
85088 9880 
70237 97286 
37465 51829 
84901 90381 
5257 62757 
47926 94542 
33870 48708 
7031 44156 
63357 88155 
52968 7161 
54107 70976 
22670 37013 
7957 22027 
25228 79598 
96611 3336 
23350 33076 
70288 47676 
15550 31418 
8711 88057 
55008 98280 
93776 12640 
9944 96823 
28717 92630 
17267 83287 
2064 1901 
6400 57299 
96377 71427 
73369 90342 
71532 99025 
66627 5280 
10210 65490 
5522 74462 
99325 91893 
89951 1712 
35237 9615 
75427 54347 
82918 4663 
81667 15409 
89632 40845 
74759 33404 
52223 62592 
13083 57093 
63789 27535 
75355 56279 
20255 21369 
95547 46012 
50341 63119 
13882 51281 
43375 17602 
15701 72017 
88635 93715 
70751 34089 
7130 22085 
4241 41003 
52184 73724 
28041 73139 
78694 2499 
35447 16587 
32605 68543 
16197 42076 
91934 27189 
79742 95929 
98568 48558 
84270 9665 
56120 66644 
56555 82580 
33266 43529 
53464 42545 
4283 74331 
59745 44246 
78918 51530 
38757 21228 
22243 53524 
52853 68363 
41830 21578 
48357 94723 
24333 41766 
56458 53370 
36524 54086 
95762 24180 
66808 69600 
74890 98575 
72448 88287 
84196 90946 
14987 75221 
34564 80495 
11787 70767 
48168 69421 
5117 81674 
31222 28574 
51895 24249 
61945 90107 
66989 68261 
8316 38163 
10848 60769 
49679 43237 
98321 92770 
13829 83645 
19650 8379 
56975 98376 
6912 46187 
7775 19616 
49604 45527 
68653 40392 
61601 46532 
17667 82983 
28356 62248 
82471 47175 
18032 3436 
64191 33905 
23130 92309 
73583 59500 
10242 10138 
4377 98432 
94684 85446 
9481 18431 
24099 44502 
64520 764 
50475 13835 
211 70648 
93592 85728 
60117 97996 
50578 31944 
93600 67087 
85995 78375 
25088 55254 
44855 33895 
50287 5297 
66922 350 
97547 24112 
44894 77484 
58302 90881 
61282 16494 
34388 12170 
59242 69001 
71970 18440 
51162 24417 
51948 56695 
45432 27981 
84906 97387 
76639 24210 
15023 40212 
57336 76043 
71860 73031 
30545 68685 
21487 10935 
91351 18939 
59186 18328 
63199 75776 
54791 95926 
59930 15965 
8687 96675 
38124 9746 
1613 19877 
45984 55881 
24623 21152 
4762 62841 
56903 67407 
16665 83454 
18625 60589 
79195 94029 
63610 51754 
39 45802 
92295 67868 
48912 6467 
59349 77769 
53180 52647 
22255 30823 
42600 70330 
27270 12088 
75187 69632 
57405 71159 
31017 22659 
73402 98382 
43647 88852 
63167 41753 
49924 845 
77726 80564 
78051 45713 
72460 97749 
61121 91412 
91261 21869 
58698 76289 
28202 41830 
92586 725 
76410 32658 
54573 34296 
27075 69045 
23731 79270 
12841 44878 
38746 11837 
99336 61608 
6814 56146 
16166 96039 
94781 33052 
84434 9035 
40485 65407 
41691 10611 
42691 14810 
87200 54024 
36519 70896 
70488 91734 
37942 13598 
24378 89463 
45722 21217 
68 61121 
22024 2733 
96251 56955 
34049 91472 
86914 10059 
28110 49040 
43145 22260 
24932 93422 
13141 49381 
70312 83149 
71568 28031 
48844 60697 
74549 71317 
70057 82530 
59740 49246 
66108 40700 
12337 61106 
98084 11431 
77304 1721 
53976 49855 
35736 21256 
35602 86839 
78954 79096 
73979 73821 
7834 96353 
83099 64614 
56771 18681 
60580 19336 
91860 11300 
70330 64945 
61019 21567 
97135 49305 
80185 60881 
46009 81243 
24165 77368 
70177 57799 
53306 13541 
50696 41642 
47904 69005 
18049 66589 
41091 17273 
1416 17231 
37932 57919 
14886 49853 
83538 20498 
41522 96155 
96256 75096 
55982 18719 
13312 45834 
34308 67743 
5782 68300 
35530 22250 
7339 79642 
3892 85780 
66975 80905 
32785 46549 
79712 65242 
51898 5087 
71329 62715 
47628 18593 
13177 12686 
3426 10532 
21434 38163 
51585 46459 
51460 62977 
60850 82621 
32389 82281 
45280 52566 
99717 69639 
68950 68813 
74340 79830 
38368 81590 
5352 85505 
19890 54684 
40902 67976 
92944 89673 
16478 67633 
51561 54099 
53230 87918 
96450 46591 
40292 38234 
17814 62527 
34508 95839 
55101 7494 
48619 64501 
34075 42631 
14618 8584 
23836 35886 
2900 45233 
26886 36281 
49756 84452 
13813 84461 
95880 17139 
40867 22135 
66769 64488 
43472 65454 
32270 18720 
81623 62919 
66955 24676 
24167 67140 
95649 74617 
98110 11549 
49127 14411 
96392 98122 
73861 88310 
32975 70247 
36667 81653 
57618 66044 
40185 56068 
94391 21769 
18375 10144 
47747 22382 
12536 40034 
27891 76909 
37841 19082 
83214 29942 
37967 63335 
91730 7408 
91139 645 
55731 34712 
74734 15118 
64281 58404 
17583 95752 
36716 48704 
69192 78386 
36982 59576 
93330 33453 
53394 75427 
49789 18536 
71361 79117 
62576 84343 
27610 34643 
85414 95495 
23632 89669 
66132 3378 
93349 68028 
80386 87321 
65401 40376 
52129 62498 
34003 32389 
3320 38191 
53982 54179 
78624 98444 
5367 12082 
72162 68641 
30847 94511 
42876 26151 
35419 7264 
42647 10965 
51725 70514 
97048 93115 
16863 79614 
72440 57651 
76851 74939 
35111 75128 
33478 62185 
58242 35754 
74914 73843 
60712 38765 
86273 65005 
68108 45096 
19177 92258 
70764 21013 
10469 33075 
16261 23177 
79321 64942 
14541 1437 
99324 38418 
52644 24693 
37507 46365 
13021 67275 
75813 12792 
64509 28550 
82180 99074 
48263 96845 
78188 52736 
12271 10269 
58132 4575 
57576 11665 
50418 53572 
46922 42659 
76331 65866 
92237 72661 
53537 54009 
81258 12671 
12041 95773 
25538 20878 
38919 97991 
12185 67297 
44746 10217 
19921 88054 
49476 45427 
16367 26435 
18390 70569 
87963 27478 
39818 88442 
66497 25575 
25451 44212 
6983 40500 
31377 54800 
40429 76231 
43370 77474 
72036 99093 
43508 5123 
20470 56987 
76836 54 
97051 89860 
66600 55560 
5068 73059 
84464 5091 
98894 29870 
68187 82545 
80178 47255 
93357 74015 
24104 29720 
48102 91273 
22568 30228 
30092 40321 
3084 4203 
83667 54556 
32333 42923 
21625 11399 
41501 55995 
30943 53672 
16874 89084 
44647 92582 
83665 82718 
73069 77878 
73617 734 
26893 82521 
7656 82805 
31675 64200 
43736 4512 
28928 34053 
36953 60530 
82416 84161 
34139 21755 
59927 99700 
78348 55610 
40625 9075 
29995 40210 
5953 5920 
20898 47763 
8105 10554 
45049 20285 
74267 25277 
55678 11615 
97074 77865 
82013 23711 
82168 40649 
1116 22339 
72281 58785 
278 77514 
43888 20633 
43659 37437 
77314 55582 
13232 11188 
34054 50268 
28546 5026 
36097 32770 
62427 29956 
31238 86236 
60451 74045 
45612 18289 
40886 12015 
70107 30668 
98758 6758 
859 4722 
62794 42647 
55680 42699 
57238 18952 
18049 82226 
1850 23098 
18227 31920 
42897 98215 
47075 59785 
45544 17104 
12311 2852 
93745 75687 
89256 56450 
37623 22967 
88487 44602 
272 51677 
61380 69185 
6015 84055 
91187 84828 
20388 527 
72049 48987 
98464 75637 
61293 52152 
22580 5134 
1364 41887 
73168 30929 
46924 16175 
17078 96491 
99938 76507 
16654 94240 
50942 99223 
59772 98668 
48279 4781 
86179 14122 
68701 78969 
38656 4602 
42539 27510 
98912 14406 
94558 26068 
77565 33097 
97650 61369 
15167 6012 
645 45953 
16969 42420 
83873 29024 
87946 27429 
16436 18928 
56588 888 
37761 78982 
76068 26757 
62613 57691 
69594 39833 
13556 66831 
43139 23189 
17756 26446 
23171 39334 
66046 54500 
89642 10846 
21359 90728 
65191 22116 
80878 9190 
90388 92835 
41706 92089 
61776 55994 
93363 8599 
34631 58425 
62100 66782 
95510 90261 
61774 84098 
91071 41245 
63986 52589 
59067 76405 
86160 58500 
45049 21378 
10461 52932 
4025 48559 
88687 60044 
80165 59245 
58703 52400 
29620 64052 
96529 19252 
1617 74184 
54822 2843 
21221 29468 
93316 80296 
23497 5591 
89660 24170 
73277 62608 
30158 83510 
67336 19535 
19048 88987 
56513 65725 
12265 695 
44140 48724 
77034 85226 
14135 10442 
2167 29847 
17203 78718 
35611 75892 
96809 59739 
5570 80965 
67947 18284 
89441 80 
71183 77388 
30835 9566 
12066 16767 
69108 84401 
61714 245 
38127 79546 
38230 16395 
11401 58947 
10572 73778 
19222 62043 
66622 52376 
40161 96952 
65374 76220 
74007 1929 
49571 38710 
36183 22277 
29531 81749 
74678 8572 
61549 2580 
99715 53866 
34959 38071 
33656 52519 
50787 55228 
34047 81309 
21922 58809 
16240 74731 
49791 12203 
3722 90658 
35788 56082 
63998 40011 
67019 869 
45874 84633 
75434 63666 
19932 91270 
6970 18067 
38218 66358 
53098 26131 
71416 86275 
90977 25822 
52191 80772 
50419 54334 
51935 23502 
75945 97976 
44789 32851 
80447 72675 
67630 88764 
93316 55656 
67579 26781 
90373 8491 
39669 79219 
55516 54450 
96432 95231 
64763 98991 
78467 86435 
2158 11193 
10477 12855 
14046 16111 
30753 45120 
83259 83243 
73797 13172 
58029 34694 
65519 79186 
1747 38152 
98378 52962 
39205 94364 
89856 1759 
62509 76609 
91832 93316 
25615 30513 
10689 50807 
258 96555 
18409 91484 
88034 74768 
83443 66998 
83481 11352 
26808 22668 
61244 50337 
13633 45448 
16731 59904 
23309 75877 
24167 12626 
2413 17990 
88532 71622 
93741 93019 
58603 10520 
52089 47605 
37158 74112 
2794 45343 
71373 68711 
72619 41666 
31561 56492 
24204 66380 
89592 16464 
55101 15616 
89702 26215 
80312 85528 
63874 13227 
3289 63743 
81557 22295 
94525 31421 
39214 46452 
39126 18676 
89064 72835 
85188 99218 
78309 2035 
23329 6248 
20277 9725 
54381 948 
47110 32760 
57037 27370 
99986 78423 
50165 43070 
97332 75137 
55524 23552 
84077 5704 
5781 371 
5727 90027 
10019 7716 
69893 13254 
84329 80345 
54855 27437 
78621 66931 
99868 90020 
82437 97206 
65134 40892 
72348 68730 
80683 61195 
71430 99660 
12933 1755 
27315 27628 
65232 16723 
79530 21585 
94471 88900 
79070 13499 
69649 87238 
43587 49760 
20287 54121 
80109 8441 
22660 80292 
83864 27781 
50048 88670 
26560 43778 
69545 14800 
80392 40301 
2465 41320 
85083 73827 
77943 16565 
54410 46748 
75 63329 
35980 68095 
17798 62784 
83399 58646 
33653 80713 
73538 28514 
12696 88434 
3242 79685 
56039 19210 
29625 63380 
84852 92408 
76003 52689 
40114 32321 
11541 74632 
41031 6312 
26864 82605 
60721 7826 
70159 40098 
71655 13801 
78714 29677 
85278 53169 
39354 97367 
60363 33354 
37926 91923 
82851 85090 
12743 60911 
26293 2364 
9819 21065 
86467 73906 
48758 29116 
46357 25454 
47333 41063 
68404 17824 
20051 62843 
29756 74893 
61433 63372 
13262 47683 
48266 42173 
42024 56007 
46742 18080 
98540 87513 
90179 32973 
848 75477 
945 45062 
17515 21297 
66227 19919 
90944 75425 
41450 14289 
4179 41337 
47444 87631 
70241 21148 
47850 69437 
44992 78603 
41817 56535 
64645 55435 
83676 13925 
87225 40465 
46075 5121 
73661 57309 
75976 83547 
78663 6192 
53930 35223 
34109 68131 
56227 74804 
98419 55615 
36790 61952 
14229 72920 
91096 23114 
63637 31334 
37947 34953 
35426 49798 
56564 50008 
21845 59877 
46270 22588 
43923 25454 
33937 23475 
63726 82183 
40407 15718 
79588 99496 
31249 584 
16067 68809 
19519 32709 
14201 25615 
58576 46533 
99659 20254 
61560 32304 
56424 62414 
10787 49256 
61911 77786 
75116 66000 
45749 31825 
36226 73735 
18936 95161 
35818 26582 
82671 47987 
94863 25156 
66890 46630 
23357 74437 
67378 4476 
34415 15054 
47315 71621 
92 48308 
44191 32786 
37960 49571 
76261 81491 
97292 92107 
74058 69944 
21555 83995 
71949 78728 
16 54448 
82326 98157 
85375 12698 
40735 64007 
46643 42529 
54096 44371 
46897 88615 
6158 31484 
84074 37006 
74395 52645 
9624 91427 
90814 77718 
44624 99501 
35451 67218 
45888 88554 
85844 74608 
35606 29381 
58330 89172 
97235 58131 
67781 81751 
57643 51456 
1192 94573 
20905 68086 
47544 98594 
92705 41228 
51453 26983 
35936 30472 
61322 81776 
27898 19339 
24093 2234 
47389 75186 
38129 78055 
6016 71847 
13396 88357 
52230 12225 
3793 48213 
18868 77992 
70375 48550 
55366 76609 
6136 82313 
84410 52071 
3158 60086 
49363 75119 
71126 31721 
73680 31066 
22585 47036 
36359 78988 
24748 8267 
78562 64687 
80305 89719 
95680 31689 
40376 25942 
36390 89436 
71612 98746 
25690 65948 
96407 85523 
52412 93364 
309 66570 
13373 49148 
53909 27513 
86129 3141 
27850 34416 
10177 1231 
89077 3790 
92517 50093 
54032 37492 
17623 54273 
40230 43349 
34160 96834 
1501 16370 
11212 47841 
54141 12540 
5298 31150 
1341 7419 
56124 79304 
41451 95179 
33814 58753 
2010 50195 
93243 53204 
75938 42934 
52172 51573 
48877 74668 
99009 98864 
97402 71365 
53321 33202 
6654 56178 
47633 50341 
2944 2020 
72582 8151 
21952 51015 
29157 7891 
36381 75970 
61532 66550 
48261 50511 
1919 25062 
10593 89182 
44907 20932 
80594 16530 
82895 90585 
22542 25103 
76528 56747 
72074 86260 
4461 99169 
45739 84872 
35276 3244 
29731 59179 
91088 30374 
9931 40523 
27125 56356 
11757 4103 
34473 79677 
2756 61595 
84257 10238 
73515 49193 
70628 10891 
53155 90515 
77262 79094 
34536 42826 
87455 24057 
81280 67166 
81452 15935 
63789 98202 
16299 57973 
24693 28022 
63292 59900 
5487 59595 
86013 71481 
75593 30230 
77974 68800 
92688 53133 
43046 72667 
88855 76054 
94148 18505 
20962 9987 
66064 90100 
45646 38047 
86814 75827 
79389 74880 
28628 5263 
82370 10355 
64412 76533 
61153 37785 
88438 90318 
19724 36545 
21101 65137 
996 51727 
6663 20328 
51622 89336 
30268 78102 
11803 24546 
25869 54101 
78751 2639 
20257 77098 
17571 97552 
60063 2772 
96529 81279 
98353 63954 
5050 48926 
75372 30287 
72233 38811 
14032 33952 
41295 84784 
64862 54913 
71052 38798 
77484 49090 
29417 5778 
46022 45920 
15846 39960 
74439 37969 
99784 62133 
34431 34575 
90359 70575 
43295 53931 
58943 35011 
72109 83595 
20665 82520 
5579 48104 
43535 7083 
14087 84185 
94613 60355 
65748 38982 
51450 10217 
1694 74820 
4025 85832 
21347 85181 
47514 63151 
76090 897 
19420 83211 
49543 93024 
65951 37063 
10553 59399 
32035 95798 
61043 15583 
56893 11910 
65034 97727 
22898 69069 
37420 24816 
49209 11444 
91509 60818 
43724 40788 
92861 63464 
26914 29780 
43623 5705 
19401 63504 
26344 8310 
41420 87415 
69159 27660 
6830 9816 
55276 1477 
6904 79587 
88843 67043 
69878 35800 
46588 31386 
51049 4868 
89990 91027 
55230 2985 
86320 70012 
18429 86877 
88524 69312 
78872 84274 
53703 98101 
48804 26998 
37879 87984 
58011 4194 
90748 74954 
77585 51011 
88288 70651 
48161 88870 
83379 34455 
30745 37512 
24998 1010 
70182 26113 
95094 13955 
11431 41014 
38895 65969 
37038 61011 
19199 47669 
545 47625 
8095 63474 
15023 77419 
40616 81224 
18566 26192 
93971 44184 
79238 40726 
23279 88985 
20875 62801 
80175 81122 
48078 2305 
64142 829 
23842 91518 
8135 86464 
6493 91032 
79805 69973 
83950 59277 
87567 19578 
52791 42249 
16788 38519 
77220 87782 
85509 55487 
28743 39593 
1450 82359 
51197 20342 
22385 7864 
17774 70049 
70585 42055 
46767 66503 
28629 25722 
20974 17638 
48698 71371 
12073 82387 
40375 7934 
45728 46127 
62988 60065 
55791 49614 
37731 4715 
66705 46143 
12043 12598 
12027 40715 
54156 224 
43992 47095 
29272 89405 
14121 83905 
10445 95402 
8114 19283 
7084 42356 
99592 65126 
51854 35217 
46740 16589 
72827 1049 
93522 30237 
91865 49429 
52802 35147 
32515 91589 
42623 75255 
91119 1027 
18821 88368 
23341 94479 
97258 37519 
25020 61492 
87199 23723 
41003 73267 
63684 25688 
18541 56992 
91229 31676 
32866 30600 
73786 51450 
51730 54693 
46613 22140 
72951 73308 
44557 50836 
64451 83287 
78225 68875 
59790 93174 
24601 8031 
13855 6909 
91916 47186 
3158 95018 
49912 19576 
63115 96556 
26095 15341 
90684 28755 
56213 61838 
4931 68176 
42875 15081 
50372 7039 
20099 49659 
48318 81548 
43544 91620 
50046 15160 
26270 99059 
22204 19096 
18115 58525 
99722 44820 
83098 31884 
74339 88787 
63741 57863 
47940 8435 
33819 85305 
69045 20247 
31736 91009 
88057 15599 
35593 14036 
12314 48236 
87995 20510 
15522 18353 
3710 98180 
57767 2621 
96556 68384 
2158 56902 
43203 94587 
71998 48995 
61078 61255 
78449 62417 
15137 94614 
62818 49071 
84007 97709 
39858 98560 
9838 76173 
98904 35004 
28183 38266 
18193 48384 
24323 62972 
74380 16772 
90664 43353 
84036 78235 
66207 28823 
96845 66765 
23529 9675 
71237 35304 
31343 9918 
2350 50708 
61419 80369 
39516 60471 
27464 12961 
25862 99081 
40599 29334 
16159 23073 
41093 32048 
80710 38158 
19288 45131 
82847 9252 
69989 12177 
25540 24808 
34030 64835 
98616 20503 
68388 22294 
22293 54213 
51873 33239 
74978 64083 
77315 25754 
13718 34622 
3128 87795 
44209 41905 
37217 61086 
73939 48301 
4449 94685 
86823 69576 
5200 70969 
10591 42806 
7038 86411 
9246 82194 
24124 42284 
22038 21730 
29700 76293 
87713 8569 
15826 45157 
38196 29050 
61547 50275 
19390 20499 
95736 83872 
98465 46242 
44095 61413 
46749 88738 
31151 97539 
45297 46264 
67531 77456 
46203 2302 
90433 73424 
36908 73591 
40906 56891 
97029 32748 
55398 60816 
7655 44410 
21037 53854 
71575 50080 
94158 98329 
29585 86131 
9859 77299 
12784 21900 
16684 92530 
53689 60351 
55015 54808 
90046 52472 
60360 10783 
34350 38416 
13435 76434 
49388 43308 
77785 76194 
65531 23711 
62680 18979 
99023 81955 
24092 77554 
82192 39828 
69807 76078 
96273 90581 
66054 32176 
5469 28754 
52526 44497 
26880 91040 
60237 64498 
35124 28207 
92417 42029 
92723 68028 
72466 88363 
17780 22277 
84968 57371 
48954 36984 
35878 5855 
44462 84503 
36197 57393 
56567 48375 
69811 60582 
55955 57522 
40635 2164 
41428 85009 
6813 8304 
59497 38446 
425 43146 
75757 34000 
26 92787 
85317 64095 
70301 4938 
23108 40052 
8209 39783 
36551 15227 
38229 75957 
12838 71678 
80671 7016 
11022 83914 
76452 58461 
35091 57015 
89387 53077 
98433 73197 
22726 53281 
72314 70852 
80537 13108 
81459 23160 
76499 79681 
8317 79542 
42766 94171 
94279 82578 
19803 55713 
80895 75408 
14404 28191 
17039 70250 
97628 89467 
69021 57306 
76930 45366 
9785 95197 
17538 56613 
30641 38974 
6934 55930 
14367 29826 
53296 64610 
32068 91810 
83847 53165 
77830 55230 
62267 28992 
34999 53728 
75706 75547 
75816 22754 
51361 12099 
32182 60712 
50221 90923 
39487 960 
51282 99666 
47721 82733 
83395 90603 
14484 2149 
83855 15650 
43068 70654 
62991 6261 
5435 7558 
32179 677 
94684 45770 
9082 87542 
84542 35403 
48399 4517 
34418 88618 
58968 3247 
67744 20871 
58837 67971 
68591 8704 
88720 54011 
86979 2240 
51260 94551 
16816 1788 
68612 9343 
12069 32233 
54052 37358 
36569 26355 
74722 6933 
729 58777 
42044 51540 
24523 55935 
3947 77114 
80223 44284 
28792 87721 
10656 88888 
64710 80357 
89191 17609 
30032 26801 
86165 22314 
40625 70711 
33142 77816 
8114 81499 
31177 21719 
49383 23063 
32149 93904 
32157 15051 
33301 43077 
44121 87111 
64247 69621 
13703 52436 
13010 88936 
29546 55945 
33065 67515 
2623 84533 
96889 5200 
90076 62125 
13187 11363 
53062 90592 
4748 50234 
52264 39145 
51780 11109 
94160 29412 
41637 92929 
28775 11175 
29984 79467 
65343 74621 
10747 21370 
16168 98968 
12595 34311 
925 94438 
88249 68742 
43770 54832 
39555 6016 
73811 1318 
26061 88129 
95890 64548 
37747 93862 
33041 21870 
73562 32822 
54642 79126 
56639 40671 
94959 62426 
34280 23808 
35652 64293 
56270 19795 
72773 70672 
98564 11049 
13902 80609 
1103 53604 
54254 18712 
18245 60216 
61985 32083 
38258 7624 
62357 57970 
14320 21506 
48035 46202 
63646 29443 
58527 21308 
33661 62186 
65593 73245 
4508 26553 
73449 72771 
95770 69504 
92683 17790 
71890 2240 
75009 30318 
95598 55610 
2356 40285 
61555 93695 
8239 11962 
53433 21120 
71972 91595 
6860 81449 
67000 80689 
27888 58980 
63479 68392 
12103 64311 
82184 88555 
32992 5247 
71972 2307 
19863 18920 
36182 45350 
25404 68453 
64770 20702 
90845 88063 
38397 62216 
52771 94169 
58307 41985 
99746 66911 
21569 45616 
79233 46428 
5074 93332 
75665 81282 
43666 42043 
29107 12640 
87900 63723 
40554 77115 
5110 58855 
14746 63637 
43832 30178 
24248 65253 
16120 11627 
39611 25492 
64860 20079 
59573 90704 
73912 73424 
92549 44755 
47793 97477 
86060 20512 
34538 26361 
74314 53743 
90507 86269 
15767 69379 
89125 40869 
22329 67524 
56863 68138 
39738 7168 
79285 33030 
24712 69238 
57544 18138 
78604 17454 
11450 75393 
39591 65394 
19087 65836 
5853 1228 
54908 61653 
60697 17787 
38363 94876 
97271 44936 
33302 50582 
95287 83673 
44784 18874 
85080 96946 
44356 39604 
45377 20837 
17494 96522 
20286 21635 
67601 43410 
8331 39207 
29814 73805 
71748 25187 
44851 77989 
37793 5645 
18199 66213 
15491 72283 
43214 75494 
31009 33559 
97989 18830 
92779 37800 
35392 80291 
33520 13975 
73198 7217 
40446 62668 
57032 1628 
77276 69714 
12624 66949 
22030 8020 
25908 23280 
93159 39306 
89541 64718 
13202 26788 
32687 95576 
63948 22296 
7228 48887 
20012 96869 
38046 60195 
8729 42562 
57622 42375 
33477 85017 
35915 83128 
14782 11305 
85336 65785 
49008 35587 
67598 96182 
57937 96347 
54330 3641 
4214 3287 
96553 72432 
77443 29362 
39483 51649 
13578 74066 
78576 86004 
96342 7708 
90342 7849 
3533 43287 
87181 31578 
3372 72475 
39315 95573 
76455 45315 
78917 4012 
37419 69405 
51559 31070 
57072 53679 
8403 63459 
40531 24320 
38848 73725 
99833 95924 
27841 36389 
70502 89698 
84675 21725 
60720 52323 
30771 27891 
89052 44037 
52855 41096 
62047 32556 
24841 45652 
66619 50652 
76897 40973 
3741 49527 
43345 61003 
69766 7541 
52409 33019 
99637 34446 
30313 57423 
22230 44958 
79800 37859 
42286 62306 
58896 41889 
55629 52349 
29554 26448 
24809 81924 
67833 19465 
90835 41265 
27322 9230 
73299 69656 
25752 56525 
16035 75925 
81122 11011 
68289 50948 
58072 82986 
52491 28034 
97898 94414 
58812 58851 
96282 8960 
24023 37535 
61694 19818 
97555 23652 
34347 56204 
71213 85901 
70743 54668 
50630 12747 
2021 29759 
76372 13626 
55693 70045 
60475 64914 
89819 80179 
90260 38561 
26268 87391 
65407 88107 
85433 31722 
76588 56711 
18623 63276 
4326 14934 
6329 76916 
15320 32166 
40638 25098 
60113 34938 
38322 62868 
30779 7776 
37452 95613 
20206 47836 
14873 19728 
35584 93237 
24470 69168 
57894 6849 
96877 6679 
6427 12203 
60128 27555 
62836 46274 
37721 75862 
32706 15093 
55675 8349 
74316 12420 
43358 79612 
4040 89203 
44240 63638 
95757 42067 
62176 71401 
27658 22795 
56441 72033 
94007 57584 
64427 75882 
91707 4772 
74819 91842 
11910 72835 
95970 28420 
15472 66609 
64347 68301 
47685 29034 
16114 9502 
52534 98157 
1281 32764 
79614 4666 
54303 24416 
37880 93977 
47632 56721 
39578 68639 
45429 3593 
94977 11838 
43506 48558 
63929 70786 
28525 23997 
43834 50013 
14594 5926 
75237 88873 
18612 76961 
76059 75030 
17065 61637 
73412 76248 
86456 32847 
87927 56505 
67135 85947 
39732 79267 
6020 77938 
87484 90698 
27578 33145 
82267 18646 
54346 23940 
16694 19444 
48440 45317 
76250 53873 
73665 15487 
54641 76085 
84224 51191 
77876 74828 
30477 86039 
92815 15055 
34810 22941 
15073 89741 
31380 37575 
98490 6756 
82381 78852 
83735 3640 
80406 44446 
7201 4357 
21617 44727 
2956 6417 
87634 6811 
10354 14168 
5414 11936 
7765 14672 
63846 4020 
28970 26228 
53417 54987 
82884 36451 
60986 23348 
89585 86739 
95599 96518 
66024 53037 
43194 64470 
43321 18994 
48192 32602 
74232 36927 
98177 45057 
94136 24443 
44192 56238 
31809 50143 
23688 57902 
27290 20525 
65741 41953 
3309 92003 
48866 54953 
54010 96921 
50632 79362 
60142 90505 
75220 58639 
13403 96857 
70202 68617 
34291 56467 
47005 25903 
97608 55104 
893 15610 
37656 44550 
85775 15302 
91215 49318 
36726 89830 
50551 90315 
48854 32590 
40966 46350 
14972 32759 
7860 17455 
96520 55160 
96745 50180 
52279 29712 
36372 34336 
77637 60742 
89883 83104 
13514 82992 
21809 63992 
68530 10745 
39793 56821 
60598 49265 
9060 76718 
24841 63632 
4936 15064 
53587 29035 
64150 19390 
31157 18729 
19159 54403 
1277 21126 
51435 60669 
58152 15840 
79391 54874 
83588 80040 
4569 96212 
62034 41075 
75743 77068 
92999 39097 
94727 83050 
86034 14279 
79999 7320 
67297 87247 
24627 97252 
48728 58443 
33540 57645 
10907 12432 
1849 34032 
28945 76496 
690 52051 
27066 49407 
69978 94439 
82026 85870 
78525 55880 
8114 94893 
1073 27757 
47203 86222 
79146 29812 
56154 77968 
77993 23769 
30867 60710 
25430 15174 
31360 98573 
20085 74024 
75479 36205 
26283 82193 
50195 72033 
30757 46238 
48909 52845 
22407 97841 
80799 42481 
70442 40986 
13942 18299 
18599 94896 
7817 53076 
83475 24805 
62745 47157 
43587 48881 
63938 85897 
32407 58868 
26039 10817 
3436 94509 
50395 9428 
18251 67358 
91752 48268 
19527 38269 
93710 96488 
90190 14689 
92918 13160 
67122 48811 
10939 532 
73269 85706 
49583 57545 
55548 31755 
80685 3192 
67564 88015 
74489 77696 
15996 20576 
42140 70955 
97365 20578 
77298 72369 
87963 40190 
69433 83871 
13882 77714 
27127 88922 
20344 24904 
93537 24174 
79980 82646 
58144 57673 
28198 97353 
69013 37721 
90480 69737 
28019 39879 
71203 40064 
7839 6120 
6514 59556 
63963 39745 
44800 16309 
27614 92456 
7475 95908 
56146 55835 
72 21852 
86378 48495 
89063 38979 
83248 72292 
33338 74271 
1331 96256 
60947 33729 
79909 15240 
11507 71462 
73709 21851 
22555 97677 
80842 24778 
24193 75984 
67084 44473 
20517 97211 
1391 17938 
78607 6881 
11351 48432 
16266 6583 
39269 43016 
78244 45622 
29676 91116 
17315 68703 
7272 50649 
51389 87793 
10661 24788 
50736 1899 
31715 32040 
20436 97199 
72993 95089 
82336 21756 
76366 99719 
28061 43996 
94854 4149 
10070 72208 
76641 11229 
61244 33503 
5342 51201 
85187 84987 
93817 61129 
39174 57343 
60171 88568 
39632 11602 
24046 91705 
56028 23536 
48933 55943 
23228 96967 
21920 97777 
94675 47195 
6167 80826 
79131 88826 
23361 25996 
52276 8473 
23504 58025 
11102 2122 
77597 94019 
43845 9383 
85166 46107 
21091 82436 
22992 79959 
74739 86145 
74074 43684 
20654 37652 
66500 57482 
98131 58699 
20832 33437 
44722 31976 
51497 76975 
98458 24021 
92853 6754 
21238 61462 
23766 18135 
66866 24888 
45899 6887 
75171 55168 
30405 64408 
59676 50722 
85285 53504 
70426 71108 
11405 74635 
55876 52170 
9032 36543 
18172 81115 
68684 52326 
54652 76041 
30224 92240 
5093 63768 
22332 37928 
78991 52263 
830 99242 
20083 49527 
88834 74492 
76351 89479 
84269 57674 
82904 87213 
41039 22126 
32430 60936 
48972 39072 
3312 25959 
34636 21620 
39036 87304 
80220 20056 
24183 31809 
10909 32644 
82087 48065 
32503 37642 
27136 83059 
10531 96894 
40745 78114 
69690 29078 
4182 13524 
58167 1599 
13707 31213 
65257 44107 
23911 97840 
2646 43753 
13663 16930 
59847 42532 
45731 97957 
22475 20485 
95946 42724 
98426 14977 
60672 14965 
31455 95946 
12377 17789 
94301 89748 
62284 15379 
44167 20105 
6331 328 
92267 13669 
76121 26045 
86089 99849 
90032 94865 
28137 19788 
1356 16789 
58123 47771 
70103 31268 
6949 19846 
43012 14957 
90276 59046 
12369 82098 
47075 84404 
38351 20990 
44285 91771 
61953 99939 
62541 98504 
5918 19170 
49929 51179 
59655 81346 
80784 5771 
70772 2677 
84814 3098 
20651 89045 
18144 78838 
44397 57100 
32376 67062 
66511 89042 
60331 78980 
62836 71543 
77887 64452 
26564 84264 
20155 92865 
11542 71464 
27220 22063 
49620 51379 
69767 59292 
90469 92394 
58134 56497 
92061 12443 
69684 23819 
97926 38664 
38856 89747 
73331 98001 
41864 84168 
36694 96294 
73717 71395 
14816 83296 
59099 14303 
70938 94177 
60612 7788 
3158 4213 
47981 80057 
87413 32706 
70047 23597 
43995 84619 
27721 84217 
39503 23968 
80541 6146 
97159 31708 
32077 3949 
77575 12669 
30146 7901 
9336 81030 
86656 8446 
94201 71910 
68853 7510 
85214 97808 
38865 69703 
37735 92972 
21646 54783 
63123 66213 
62766 4309 
72772 13230 
96980 50007 
86193 23219 
86104 9128 
91010 51359 
429 32981 
85042 18686 
11783 78787 
1014 43960 
38294 82171 
13008 8309 
31033 17838 
50418 2741 
20911 49358 
99939 11078 
50565 85502 
59065 36413 
452 80190 
15566 87888 
80945 35871 
66610 6422 
2959 96019 
58459 22930 
58488 41471 
23089 10668 
39394 37405 
11603 14520 
97902 13070 
75994 14350 
5460 94702 
30581 7000 
97982 53621 
32338 72075 
4970 76082 
55414 20338 
47591 9236 
99251 10374 
56518 88429 
62039 59096 
4209 5075 
31613 64769 
68221 31450 
94472 7379 
42319 79043 
40235 90522 
90304 30430 
43642 41418 
93876 51195 
39115 91213 
80286 58001 
63939 16435 
28152 91716 
35271 34292 
40535 20321 
43473 9413 
43196 75398 
89683 47738 
12960 8058 
69066 24423 
66192 35478 
2841 16962 
40602 37559 
51990 92152 
84980 54738 
3429 26115 
30891 32609 
5480 20261 
57992 56765 
43657 12911 
80336 22156 
90010 76221 
74884 85246 
29753 31135 
45413 54404 
67375 9269 
65119 84200 
41133 39958 
69413 52660 
29585 43122 
76779 17041 
16763 64204 
24 63322 
93576 96083 
72851 87340 
12237 94718 
57401 71405 
77772 10199 
17277 49211 
56071 22958 
37504 83998 
1503 96082 
48016 20180 
58745 28973 
60450 7023 
73291 25070 
59389 34449 
52992 66889 
98671 65720 
59030 25332 
40976 99433 
68874 17055 
44617 44217 
46072 63585 
45326 43465 
72124 98988 
2784 44592 
44225 19049 
81745 67565 
19315 64250 
15836 90815 
89696 81287 
58439 39154 
8325 13408 
59574 27958 
42983 28570 
20253 90606 
27654 6213 
66529 92070 
96728 68401 
54305 10539 
33078 59135 
62934 51096 
34559 46850 
60746 40717 
5178 49403 
28855 42243 
6931 58330 
10945 16473 
66245 69681 
16230 56175 
14975 12464 
40332 13529 
60081 2530 
84599 43437 
18383 39672 
48193 89110 
23217 8788 
39270 43481 
8333 42133 
1663 30245 
1053 49019 
81708 61710 
11478 21749 
66194 47139 
87449 82153 
6899 44905 
16010 41761 
9759 74511 
91266 10489 
7457 30443 
35818 3653 
53053 68787 
58389 65163 
69246 69695 
53748 45987 
62973 14044 
2740 51252 
68267 50980 
9995 96808 
11619 74583 
24795 96647 
3604 72484 
26628 36258 
48100 57038 
21118 73819 
26155 40529 
84269 51048 
55409 69894 
13444 88647 
47956 93570 
91946 87412 
89618 93325 
50808 55427 
41828 77333 
16129 34208 
23678 97220 
63236 2204 
66138 21468 
59967 92778 
43077 70308 
70537 75585 
74420 93106 
8747 15234 
65624 48258 
74678 39152 
94642 27731 
82578 17793 
82629 53655 
89284 84628 
87864 62730 
62329 808 
43737 85733 
84768 99938 
21067 24032 
79829 32136 
32691 22764 
52605 63294 
13911 41222 
88347 75485 
6284 24991 
17270 57455 
44196 91511 
54366 70372 
93759 50990 
49352 23306 
21782 97968 
36669 95350 
78943 25361 
58368 96881 
65733 32392 
43751 71120 
12354 20634 
68778 98986 
44469 98218 
85573 85191 
25570 41279 
7729 71552 
63662 93858 
60676 44724 
45111 22709 
58038 79868 
11672 81847 
44660 89182 
28108 83181 
54936 24829 
97260 14204 
71066 19457 
67015 91460 
30075 34338 
39375 89388 
20649 25087 
35642 38162 
31330 28002 
93743 41243 
60077 16224 
73766 23653 
71902 74281 
26066 85322 
96068 91978 
32587 395 
87234 84192 
66556 72984 
35975 1791 
28295 32636 
3271 10754 
5599 28642 
70836 81469 
76019 61324 
44562 48278 
15303 70575 
21914 70525 
1412 87155 
35733 50665 
6690 40671 
16729 42463 
52152 9615 
74833 12840 
57316 93510 
85606 4651 
56607 84944 
82090 84471 
69060 20162 
94749 49419 
1949 90877 
52562 10110 
40870 7106 
56870 63026 
28973 11079 
66236 14894 
66217 55649 
85368 24132 
65878 77148 
34051 79951 
90030 12239 
83088 48425 
48292 31090 
83393 76649 
84875 85069 
81675 61029 
97801 96144 
11562 53836 
31145 47348 
72534 3348 
56239 68854 
60727 97192 
11021 52651 
95411 5979 
98017 70280 
92891 4860 
50982 12711 
75612 84336 
67747 19236 
68372 48476 
72614 13073 
25887 38623 
15433 15446 
56326 13750 
36498 66976 
53968 64807 
26494 45509 
30823 39731 
88932 32874 
41806 8214 
68880 49562 
30991 905 
46256 45965 
87503 16409 
4549 11535 
88741 1257 
76554 39143 
25962 72979 
37574 60886 
52596 74446 
63479 53741 
69272 18883 
96143 98709 
61132 9229 
61989 65471 
32838 92989 
70712 86097 
44558 44277 
80743 75944 
38278 48449 
55590 57671 
57927 1522 
50936 45163 
9095 26552 
66208 48137 
74530 52171 
66318 65383 
151 94697 
29345 44787 
92947 34547 
4195 1719 
26945 80118 
68576 3822 
36310 67864 
62140 49907 
85721 56009 
32204 93389 
47262 31112 
70213 86589 
80420 61697 
35946 51222 
7145 1169 
63431 12534 
97482 63480 
17640 69785 
32936 69287 
24270 14174 
94532 87800 
26227 46796 
30423 80101 
29955 93843 
93944 83367 
92291 64033 
7170 62289 
64309 44115 
97320 93890 
52408 82305 
73758 45027 
78920 66637 
61880 48048 
24576 65483 
86831 79389 
13404 60832 
4792 98347 
56995 71482 
12466 8818 
9513 32874 
26457 65496 
97456 73080 
13368 57824 
78871 331 
68751 69954 
55601 96471 
88427 33029 
9083 92851 
49264 57274 
55340 90438 
18127 55731 
18014 74288 
37521 48897 
99661 64034 
94346 70087 
90960 36670 
64229 75037 
95126 55675 
38048 96097 
60522 41381 
79552 71278 
8300 21516 
33393 21498 
13914 7960 
1424 45559 
51387 56018 
31763 51723 
37494 75902 
19930 47146 
19336 82585 
4247 62068 
33262 89860 
48762 94270 
25690 77168 
46073 21199 
67116 83626 
39764 42043 
9425 12728 
61521 80143 
33606 63286 
1587 97309 
10068 37437 
82823 45907 
46971 14951 
88469 12065 
33344 24525 
1577 83860 
93217 87438 
50151 12093 
54620 56647 
16167 18025 
2994 25301 
58945 42441 
32419 32674 
23741 23415 
30058 52599 
54983 36402 
29260 9791 
10221 29557 
45061 32795 
75637 39624 
62094 18794 
16900 79347 
79450 55176 
60152 45985 
29603 15472 
87108 12373 
79232 23180 
45492 26900 
88630 55985 
21491 66842 
53376 45026 
94414 60667 
76993 9092 
95395 19269 
26617 52034 
21802 93514 
4964 43161 
16886 6044 
31425 95033 
10253 88988 
62671 50817 
28917 96040 
98901 94231 
30947 47308 
15688 99141 
84157 8389 
33380 42961 
10815 1349 
86082 18303 
45997 94568 
80490 90672 
12015 20874 
41181 66514 
94247 28948 
23443 55567 
14732 81673 
37327 34195 
39051 76926 
67318 42281 
19324 81232 
90881 75258 
71515 34796 
96105 64978 
8828 7588 
73751 78376 
4587 60499 
12277 1271 
37829 93008 
55694 16140 
82684 39383 
93649 27342 
38730 9117 
40676 35001 
63595 54122 
27300 9670 
61419 85143 
69542 73869 
1172 52932 
5306 53736 
87359 55891 
86268 24282 
82323 35227 
92077 35116 
84112 71108 
90058 70017 
96821 98848 
98036 63342 
91316 22872 
20553 69044 
43451 18016 
19418 53917 
54129 72639 
48418 65712 
1007 46141 
28963 8893 
45155 84600 
68568 46051 
17650 62636 
27249 31376 
40869 96983 
18311 74091 
97152 7867 
89446 24377 
43552 87942 
67654 72084 
85533 75385 
67253 49379 
64767 17667 
54056 32517 
86614 55586 
30784 45016 
11361 53370 
58888 74805 
59996 49923 
60157 31259 
40050 8774 
47854 84568 
79980 99832 
21576 49498 
71561 54749 
22661 98365 
58953 99499 
87647 13909 
80378 82743 
56181 21786 
63742 86603 
86707 74490 
1093 27639 
8389 93794 
78459 30199 
90933 17176 
17376 81680 
45328 35195 
92361 59858 
77984 51402 
24591 56114 
8374 44149 
16220 5209 
25956 60515 
82059 72182 
6071 26583 
55736 40042 
26408 15428 
96000 88100 
25792 74429 
95502 50086 
25226 76902 
99148 93682 
87494 29549 
72042 68620 
26089 36845 
18084 29224 
86839 96256 
39424 49055 
16309 74026 
44272 10310 
99940 90317 
55980 68623 
99801 24583 
49832 65177 
47001 37321 
45642 82314 
46955 92733 
14066 16264 
37113 58316 
12403 71214 
96177 52054 
51742 62604 
41476 5596 
11430 54358 
66858 12746 
59159 44698 
67314 36526 
5339 58272 
68544 55255 
19008 98494 
29734 38312 
59143 63318 
16067 55646 
30047 30134 
43822 41584 
52402 70990 
85403 53131 
52592 68095 
84212 85703 
12074 61316 
70031 35119 
85863 74375 
84413 23665 
94596 34482 
22543 40204 
18182 21348 
73156 79513 
70705 55837 
91288 4465 
16038 65950 
70018 96122 
91511 48414 
86800 1470 
43052 77823 
87602 36273 
39345 2109 
37790 51384 
24843 3058 
12527 24890 
91900 93649 
21455 99560 
805 70185 
62499 45338 
53159 36510 
77877 90013 
28835 70042 
41730 27666 
29661 4904 
43275 84164 
34003 66169 
41966 91697 
55587 986 
61881 241 
17186 17369 
61397 32842 
95200 59427 
61192 73730 
64698 19069 
38700 63540 
76155 8478 
381 64278 
24901 95131 
24503 48209 
32184 31685 
26621 59415 
42845 96748 
37514 94598 
58680 99375 
99090 50505 
68930 90061 
77591 89431 
9693 64073 
65425 81313 
82613 39157 
93024 91244 
89856 38975 
388 94572 
97175 16059 
24276 18279 
19752 3633 
41514 26944 
36575 94376 
71473 94363 
78241 5969 
81496 27773 
377 8241 
57888 40628 
50262 54794 
2089 2007 
57803 83169 
86696 25985 
33628 21931 
59283 2688 
36899 70501 
13260 14230 
83319 98123 
54522 23402 
99844 42048 
80222 70684 
96808 71833 
51726 66078 
20407 26589 
87652 16242 
68918 25097 
24885 84518 
4587 94865 
95528 41742 
69730 65567 
45998 29064 
20426 24700 
80817 20525 
24062 38881 
48107 42781 
28028 2905 
96415 82085 
96037 90494 
23207 84552 
25800 45586 
4212 34708 
7242 71134 
39786 79474 
53916 43512 
79548 49973 
42009 4994 
89769 21941 
21038 64179 
9339 47018 
18325 64823 
99628 81820 
45296 67211 
31113 39465 
27887 23045 
65422 89086 
25549 14732 
85242 32875 
73823 73052 
96538 97332 
83941 83362 
77632 85648 
59589 39809 
77888 51527 
45768 9471 
75128 71247 
7557 23911 
85345 10422 
47672 24322 
80910 4628 
10819 48238 
14164 98990 
90176 60770 
62141 20786 
46707 1339 
5168 91289 
75576 38122 
27128 18290 
5563 96695 
78461 49149 
97207 56835 
74273 5711 
13257 91998 
9426 67058 
71103 59663 
60068 13821 
50982 37586 
6785 98653 
26049 40910 
58410 61469 
830 48172 
77484 65194 
93068 10426 
8489 88004 
70685 17016 
88155 71422 
60331 43988 
73529 90158 
76912 16673 
57946 79180 
84528 76697 
57638 26268 
88405 55455 
42459 14204 
74701 21051 
53029 75717 
60465 83765 
93581 6456 
89563 16309 
14899 66514 
12057 69418 
4958 89403 
14306 40816 
86200 8874 
24939 86110 
77895 8630 
7940 43899 
19594 97703 
68191 84168 
67427 15170 
37142 79002 
68842 71875 
76661 37718 
93344 43952 
37670 44680 
46905 43202 
36830 87424 
25931 2756 
69315 65107 
73012 32962 
58628 22920 
81181 22052 
55455 66730 
55961 78910 
36707 74096 
85255 41139 
23179 32708 
85928 628 
29684 5360 
92953 30945 
85029 41793 
32043 36137 
10885 32030 
69960 78907 
28369 23269 
67996 87632 
69084 2992 
73631 86301 
3381 84605 
72945 39255 
62773 18764 
92089 53418 
25728 93470 
79988 34781 
56460 79103 
26386 52984 
34879 20722 
69467 28114 
92530 79308 
25511 17210 
74121 76050 
29363 44481 
77165 99344 
9000 88852 
83278 92874 
30057 15221 
83858 54938 
36906 11693 
20138 44166 
85718 74047 
3017 4784 
11923 60822 
51621 95830 
99581 27688 
91191 33000 
23388 38099 
80690 29267 
15389 38785 
98426 50972 
67969 83211 
29 89784 
22249 83944 
77268 87734 
6771 75693 
88498 42481 
85189 74833 
1922 63018 
43650 28324 
91386 42247 
98665 55211 
51102 62116 
34479 97259 
50470 49524 
85288 11778 
33061 56694 
62154 59326 
74907 48462 
87036 61748 
56338 40707 
37088 31845 
68963 49119 
21229 5024 
74730 75541 
7963 35373 
57603 80336 
98504 53863 
59999 63531 
92516 24776 
75949 4935 
25093 77940 
80841 94001 
63108 38999 
13636 13880 
36632 27682 
91625 30953 
46854 44935 
30061 81036 
35797 23766 
59417 36558 
25072 75787 
81562 85172 
31019 25692 
82806 49585 
41828 89303 
26530 30850 
98537 17284 
81060 62902 
56325 96289 
99466 24832 
15071 72049 
57098 69203 
98916 34773 
70017 89655 
33368 86257 
62826 69096 
15505 90224 
27985 21011 
97894 92646 
20334 60679 
10092 87219 
60337 20573 
22929 92636 
77473 54774 
20241 2931 
11230 60904 
80343 69950 
1328 84928 
85222 77846 
41065 64092 
69306 73526 
38110 6344 
91611 24096 
25587 764 
65204 82609 
92965 2873 
6091 56789 
61042 41090 
70034 91924 
8237 46209 
30244 98740 
66418 14449 
11519 79813 
43683 76427 
37077 33986 
98767 59381 
63245 47221 
87169 98007 
74065 10475 
22646 70468 
83048 40436 
49348 10483 
42464 17321 
99677 73784 
91951 95463 
20856 17860 
87674 87023 
89239 87558 
40880 66928 
95517 85931 
60395 98022 
76326 49691 
37470 29393 
88094 41649 
33371 78005 
67570 18762 
30174 63988 
91 33680 
83463 33333 
21447 80166 
71993 68239 
12121 98291 
73825 54991 
3688 14034 
11049 51987 
6362 99701 
95952 76447 
83907 6552 
80293 7285 
47609 39045 
56368 83815 
14460 11354 
83609 65170 
76447 51087 
17705 3707 
57554 92594 
569 77195 
93047 32824 
28953 19165 
51616 6362 
57115 84614 
35117 73122 
4644 89073 
32951 2079 
34435 63111 
78510 77525 
37730 71425 
53680 50502 
13288 55960 
14012 7375 
55926 75852 
62006 29993 
76054 33513 
78822 77383 
56279 95792 
35791 27686 
13765 41902 
46246 80802 
77738 95695 
85488 37190 
10401 28845 
2109 36324 
96474 53657 
67420 59477 
1684 59450 
61411 75864 
53736 84863 
73438 38582 
30677 59906 
3742 17349 
50992 96249 
87968 88777 
47415 51951 
30962 91670 
72125 47750 
28462 94835 
24860 66007 
75673 17927 
17461 20547 
10265 92043 
88434 45880 
13995 46119 
59374 17682 
1926 57595 
81396 82897 
61156 11402 
54251 47457 
61953 70009 
13333 42397 
53421 69075 
70577 64975 
73037 18213 
64029 70446 
44867 4420 
17901 72254 
14762 66928 
39973 93669 
72525 36546 
86456 2259 
40808 10003 
5777 50105 
68406 60370 
32193 37290 
51673 68330 
37774 13954 
21916 95882 
66998 37071 
78923 13998 
72044 2123 
21195 38836 
38858 76969 
21982 27294 
44156 75456 
26872 31992 
11738 21709 
3491 18237 
42873 72534 
56768 1075 
79934 84986 
34239 69236 
25104 38943 
85066 24570 
76680 50359 
3686 80558 
64344 39903 
84443 31501 
61753 53829 
37093 25213 
29892 69132 
64700 46343 
97862 53476 
85279 44912 
19104 91853 
86396 25187 
50575 36555 
38014 43741 
89933 84833 
53007 52329 
71555 39444 
77066 61185 
66048 61335 
10117 91386 
49865 80822 
9919 31135 
11774 93874 
5164 10118 
41113 33489 
50179 58547 
99133 72685 
86260 23064 
9203 85193 
35678 70354 
14239 62771 
43583 21158 
40451 63871 
295 22308 
75335 47435 
21885 82450 
14840 27701 
40514 68368 
59702 71183 
57599 83071 
44174 45328 
42726 24290 
61748 19891 
19088 52602 
11897 16686 
62296 82046 
29505 1120 
53542 42966 
74344 9792 
70411 56723 
51822 12478 
69023 4989 
8194 13892 
9721 72544 
93517 10919 
5209 91787 
13880 34376 
24792 19641 
741 20854 
71312 33087 
9732 79829 
58385 38228 
23837 43993 
54719 49662 
76612 16617 
29578 11813 
29944 58780 
28851 1988 
37811 91406 
34745 76095 
2628 22333 
13762 92278 
83967 46988 
37408 75172 
50785 12766 
68001 64035 
77783 81826 
37977 21721 
74102 74789 
15237 68261 
98293 28681 
39397 42771 
57332 56479 
34176 90461 
9455 52747 
49715 17723 
90641 50105 
65281 57584 
62832 94646 
87578 40251 
38312 74912 
12811 69047 
69127 8708 
81690 60729 
3055 64729 
45691 20977 
98331 71902 
80229 90822 
58191 48326 
25735 17804 
93269 63824 
11252 76876 
44988 35380 
16733 90367 
6286 43117 
60095 73765 
57396 45955 
52921 64653 
93848 70740 
54789 75812 
61462 46389 
70344 50321 
28837 55442 
75503 86445 
21681 79470 
29635 43142 
15281 21860 
29035 33219 
31557 1798 
83723 60512 
15302 26621 
54359 59843 
70628 66222 
68975 54159 
23043 72832 
50260 51857 
35237 12235 
23314 69199 
45341 98364 
41043 77600 
15295 52237 
59795 43675 
73906 38304 
21368 51107 
14317 66537 
49182 67721 
58777 86982 
46192 48579 
34997 44988 
90026 46495 
17823 9947 
56867 35053 
77567 38160 
69771 36011 
42044 81296 
59375 82943 
23237 5923 
45386 46027 
81451 46739 
95746 89057 
99955 76340 
97063 29116 
21282 37797 
74655 21751 
52767 52764 
33475 66 
83317 87515 
52227 54864 
66039 32021 
52122 54747 
12072 23089 
79048 70058 
9802 21573 
83273 82594 
30620 35791 
54421 34219 
7494 68556 
71030 91831 
75813 53587 
53864 83549 
47360 38578 
70014 91595 
47678 66840 
20869 70998 
84774 7168 
61210 86 
32734 82480 
38949 58672 
7755 51770 
15460 72889 
86015 7044 
24971 61855 
62930 57174 
58148 70612 
81553 83966 
9807 76295 
64228 72263 
13565 9975 
66086 35510 
97308 45384 
31552 80984 
32497 67492 
75771 84747 
17621 48879 
31710 75418 
31525 29894 
644 57946 
15860 19802 
18860 43855 
97576 10416 
6615 92794 
42160 21163 
96739 11740 
36224 75111 
49750 2811 
34105 39141 
49940 98419 
67262 48313 
42612 73373 
7578 74367 
16507 77530 
96066 91403 
57421 89721 
97014 37956 
99108 53971 
14261 74006 
75808 22342 
11103 83909 
37053 95308 
8201 81773 
19916 20132 
94937 34553 
86426 80525 
78789 29878 
24628 86707 
14621 80637 
80594 54007 
1141 76373 
35671 40277 
5377 62733 
68354 97638 
77624 54552 
43379 82450 
49139 65584 
51999 58921 
62764 68443 
86866 26378 
72660 82042 
72543 97993 
63561 20594 
88386 59620 
82156 28226 
14402 41431 
43710 66271 
2637 42119 
75487 16550 
26767 55753 
85253 13224 
90777 64688 
97906 18265 
83956 78482 
86173 11160 
53926 18383 
32382 72138 
32000 69682 
97447 47 
85903 50169 
40509 20929 
93729 71845 
28075 11419 
29978 5258 
95034 82297 
29629 91027 
71600 41796 
49401 81513 
69998 85775 
76734 37122 
32633 42367 
46468 46311 
79521 32454 
12810 86164 
56899 94095 
89898 91255 
81244 59024 
18113 52539 
93322 62348 
35279 25120 
85433 12803 
31966 84020 
41663 50235 
48354 30435 
35775 69401 
26447 17487 
64224 94765 
65914 34078 
52878 49658 
44421 58249 
65139 74968 
54049 67285 
56477 17494 
74216 70838 
65765 26136 
48550 15459 
7386 65317 
58179 94180 
29686 79309 
87202 83174 
35189 18625 
57398 19024 
15850 70153 
68739 24753 
42699 16446 
19842 90528 
63353 86367 
98244 15829 
3194 49247 
24202 23882 
36383 47766 
3735 66263 
91452 60975 
96669 45873 
82845 38176 
33719 99817 
14591 46841 
22953 265 
85178 33280 
70478 50972 
33745 3513 
2774 79903 
6881 93558 
18837 54285 
92568 13342 
19111 73416 
63264 16466 
55208 26668 
93609 69275 
19468 39421 
69941 66986 
46652 67983 
88554 72077 
31426 46112 
47577 30692 
74726 30347 
73356 56528 
59738 39125 
86407 58474 
23901 31535 
4274 28211 
37244 25572 
99045 97061 
19288 12867 
75826 17550 
26868 87139 
15092 24477 
23465 66984 
26684 82722 
96949 60126 
96064 34578 
27146 85879 
64518 18106 
17203 45328 
74156 39809 
93482 4605 
25805 49880 
47541 35656 
43357 86318 
40732 41019 
11623 25439 
17049 74365 
56424 574 
73098 56978 
65442 28246 
15362 81804 
6241 11621 
94470 91364 
83931 74778 
43718 13566 
95079 18118 
64853 40329 
76792 75192 
97956 37933 
20262 94296 
84245 85159 
16643 64361 
80710 45499 
29762 53987 
13720 93137 
44955 34923 
65080 28872 
26241 16843 
68501 41804 
25070 28969 
57038 95345 
23048 45912 
42769 42006 
58316 70031 
28840 411 
80696 50691 
50984 60111 
4217 41987 
20695 15038 
77323 74804 
95484 64803 
70837 46552 
32982 64569 
91664 12451 
95123 48822 
66261 95966 
56254 2159 
2046 22761 
34716 1061 
27226 22544 
11316 4626 
29910 36186 
20058 29396 
65926 11713 
96623 3609 
81404 72096 
48278 59648 
1003 90182 
65283 89926 
65525 11691 
28300 61064 
63737 25891 
78922 54029 
92358 95384 
11174 73704 
95456 21364 
10663 50430 
79915 38797 
15037 38141 
77174 7133 
94518 99006 
23077 86510 
54481 52838 
57485 66837 
43419 61058 
3187 47687 
9081 9616 
69711 50676 
83190 53031 
41766 82753 
90861 82594 
54340 58833 
74691 85773 
26916 35224 
95452 70993 
27750 1509 
21437 42226 
65880 27866 
46718 21187 
63250 67230 
84920 31448 
42310 67298 
69605 78411 
75442 56035 
54930 81839 
81735 26188 
50994 43495 
23933 59220 
47121 61488 
53761 97192 
73300 35024 
77398 92250 
25099 38502 
64505 37758 
30610 82323 
4015 12496 
69292 19228 
17790 49956 
62104 99641 
79297 78436 
39866 27255 
48609 64455 
62539 16935 
27320 31953 
5964 11080 
57378 22805 
54548 67645 
36377 10376 
38514 93337 
98493 77149 
32531 58845 
15065 19908 
88895 99468 
1697 51523 
12907 74164 
79822 27073 
701 28744 
29798 33865 
50468 84874 
89937 49832 
26899 55508 
1219 92892 
5637 69516 
71035 54998 
49612 73545 
30924 38970 
72364 67482 
93067 93601 
24822 21463 
68224 73131 
1443 16918 
93807 30841 
99249 51973 
34975 93368 
79009 52355 
63888 52259 
71654 32968 
92697 52353 
44988 62455 
34372 52787 
95870 93278 
92109 85716 
61249 33259 
32889 40297 
47781 51011 
83618 55035 
64247 27327 
99353 10304 
3559 87344 
92263 74654 
61905 74169 
77259 73454 
1384 53684 
85634 16507 
59500 72347 
21603 42447 
83944 25070 
88281 12048 
24340 28650 
89416 10024 
43969 37704 
21131 95456 
23963 84716 
3934 74675 
20051 73526 
69426 57251 
97661 6514 
8435 95685 
15047 79690 
7695 2443 
46062 37057 
50733 84189 
34299 35863 
35286 32383 
48561 37741 
64363 61842 
65951 7214 
957 94435 
43347 68717 
37472 43781 
50638 45997 
20065 68619 
29805 83658 
85419 27485 
12789 29614 
12837 85361 
78049 39337 
68113 94201 
50830 48051 
17274 93500 
55356 45393 
18096 54563 
8545 78573 
55174 22674 
4272 4682 
70395 95041 
74860 10573 
54805 9252 
32139 19593 
10144 6875 
84316 8464 
58745 79928 
96831 64740 
79015 4126 
15500 25508 
70394 12131 
98447 51399 
6447 62475 
9693 6461 
17683 15386 
11731 34090 
56707 35436 
57008 41945 
37487 2773 
18991 34700 
7793 29592 
22279 62415 
9274 46619 
28277 84527 
3195 45527 
7966 84627 
91480 37564 
86583 9642 
42528 16066 
76348 48494 
39154 91144 
22841 9961 
2055 98482 
78260 7218 
6363 71031 
80471 7408 
1112 2304 
60648 58592 
61892 23066 
24254 63577 
55457 59367 
50204 30354 
71746 39237 
31299 92261 
83551 67744 
35344 57502 
26965 95730 
849 17263 
56796 66206 
93801 14439 
20282 34202 
42725 50855 
9732 20839 
38095 89855 
123 80408 
29138 93300 
51224 30476 
76144 17224 
55476 19336 
19665 78808 
42642 82560 
9283 98822 
10144 70978 
94133 18324 
34060 16111 
14960 86138 
29886 35884 
53188 14545 
74479 73404 
86370 4587 
70983 4638 
71310 49545 
37101 47027 
26294 35396 
23717 50394 
12045 70406 
25657 53933 
17408 92578 
29307 48624 
40207 23242 
52818 93157 
16333 57861 
73799 93195 
90840 11013 
6695 68810 
43680 61475 
87426 2948 
79669 75511 
46444 85008 
67371 21686 
2967 37890 
64846 28913 
93001 44369 
1487 80969 
51607 69154 
94726 85293 
5951 6728 
67916 1705 
99819 71871 
1455 67480 
62550 89690 
93071 9299 
55786 35081 
25126 89656 
79924 17694 
36932 95605 
98872 7841 
78276 41082 
46444 51190 
76687 20550 
10667 25653 
85488 21345 
53313 52608 
92232 74852 
11109 86362 
57862 2517 
42366 70731 
25803 91714 
28213 69674 
87116 18607 
11094 50120 
12998 20392 
54911 19407 
69095 7716 
40932 97247 
7456 99523 
71526 32649 
91439 57265 
39799 59953 
46459 93109 
37388 24935 
45192 27704 
14923 1884 
29731 77039 
80120 65609 
45099 55074 
16957 78554 
8688 89053 
36092 2483 
68370 57835 
21413 46653 
8400 80019 
20580 19964 
46677 98330 
38411 63260 
29561 29436 
31126 99765 
71137 74288 
66785 56599 
2684 13037 
12621 78360 
95062 40754 
33532 74970 
91842 35390 
37642 20299 
44231 87831 
84644 45496 
70167 65381 
80525 51560 
69456 24636 
18324 99345 
14416 37488 
88730 22037 
1200 44848 
76610 45040 
90843 6705 
79977 91338 
91025 74247 
36417 96518 
29657 70040 
18697 57018 
49620 25633 
66013 87572 
10316 92455 
50292 69387 
16188 11513 
37953 29314 
4944 145 
96738 2039 
18952 89951 
14470 92309 
52121 29056 
42029 72244 
11545 43962 
46360 20000 
58311 41512 
60996 30333 
95048 19861 
51356 5096 
49205 48868 
69997 62231 
60450 74929 
63020 85534 
18238 3050 
3013 74268 
11285 9812 
66166 41669 
44539 44905 
41649 54412 
51220 86030 
59824 1341 
77592 22218 
52571 29064 
46351 53992 
13768 84436 
10868 15319 
10875 59562 
96987 41903 
9620 43604 
91692 33144 
12928 47519 
78665 80958 
82544 82770 
39610 67655 
7174 43157 
37191 67212 
4551 60063 
70531 19510 
96438 75757 
47440 85517 
75424 6827 
48890 32863 
90227 50378 
70713 45916 
12285 19336 
15127 2199 
10565 79987 
70387 7884 
53812 4866 
60714 39083 
79852 47127 
70648 92809 
20132 88755 
48024 11715 
44289 14281 
68056 10100 
94395 14098 
97290 95192 
11358 27060 
30719 47319 
17054 90717 
87925 95356 
4900 79364 
44827 99716 
8856 75041 
46478 34121 
66281 34644 
93333 39575 
63570 87548 
18470 9170 
55183 22425 
76526 50743 
76463 99394 
46397 65927 
28519 54213 
9274 78744 
99539 44888 
1155 44659 
998 27936 
54698 71869 
39559 41431 
39154 90645 
15851 15057 
79043 13625 
39850 23586 
82390 40260 
79240 49497 
37512 71941 
11937 22899 
43731 20895 
36850 62515 
25831 15517 
7988 50116 
44700 27588 
96203 32683 
57305 72710 
50112 61447 
98000 64260 
23186 45088 
50138 33345 
57503 15503 
52064 62447 
66326 78920 
34773 18845 
37472 52557 
19883 15424 
87319 67568 
16030 71062 
31356 52767 
39392 90599 
1331 371 
49796 35213 
31335 54997 
37657 8083 
55584 60179 
19038 37303 
9172 42887 
96154 98310 
99752 15833 
18910 81422 
22883 29794 
39390 76617 
26665 13741 
85700 17317 
92367 99274 
94135 97654 
86858 37658 
29415 53627 
59993 82710 
91529 77530 
5461 30840 
54734 17158 
77179 80762 
9339 96581 
54961 99684 
80125 83613 
82962 60246 
76617 20649 
62340 43022 
89866 30142 
65583 83116 
88035 3759 
54117 76185 
78760 85128 
23111 49156 
160 60100 
67789 43997 
74287 75572 
64095 59055 
6937 18175 
83219 41831 
45975 97496 
14294 29476 
16633 95040 
52449 88862 
36753 59728 
20472 16788 
77531 53500 
31482 22674 
76035 76484 
67289 31071 
24618 30161 
42541 9339 
59332 9119 
48299 47070 
44540 47230 
20311 88137 
4125 82445 
57077 43698 
81095 45952 
20690 95026 
16786 26008 
89470 28771 
28525 4576 
95567 34030 
30304 15716 
73021 30580 
84866 28735 
62129 90668 
97588 16195 
64552 62962 
62638 27139 
20225 6572 
50100 49290 
81931 95502 
79122 10464 
96300 59438 
56597 39069 
61050 85511 
73505 76334 
17413 17436 
41743 8752 
54013 53417 
23148 68283 
43847 62241 
49353 29928 
9556 8207 
56252 21588 
13851 99806 
60041 49476 
1722 54572 
83175 33863 
78993 3028 
98030 44559 
97790 38385 
93679 23305 
33678 55450 
86897 81095 
81494 12149 
92364 62489 
67314 90126 
39015 76089 
72529 27077 
69561 589 
92667 42809 
88460 89227 
8374 83416 
29939 11928 
28901 63584 
2142 94099 
79435 95677 
26104 33742 
42833 56102 
28931 4477 
33536 54401 
69451 81048 
76911 38541 
71552 56003 
90763 91113 
15530 51517 
17433 45448 
90992 68700 
34687 78080 
46196 58216 
81516 14596 
78207 40693 
70968 19550 
95812 53148 
26351 27996 
52888 48524 
69371 16076 
