97082 33210 
56089 51814 
26394 73423 
55637 37093 
14231 48859 
17643 13118 
41547 62020 
15402 69233 
10141 58734 
50405 99959 
9454 31112 
40220 75135 
65372 24236 
75574 24606 
52867 12567 
56273 45662 
41965 59781 
79780 28252 
12204 26646 
48540 32940 
14626 45542 
82538 49622 
82304 37358 
72158 11238 
90496 6758 
83006 36015 
45773 15188 
29208 24212 
39762 97485 
64560 40928 
37682 57602 
1960 75191 
84383 51692 
60712 77400 
1383 42700 
58579 42110 
17190 89583 
10861 21210 
20213 16437 
72320 23765 
48632 92047 
59430 83080 
34846 38767 
20217 48998 
3431 81115 
76865 94016 
81063 39137 
52287 5478 
14402 69317 
6045 72937 
7703 56689 
47262 69708 
85731 65841 
62596 70714 
59565 65586 
95872 44893 
22937 52370 
42636 9784 
35012 10837 
77678 38324 
51820 66492 
16465 63462 
53070 5018 
22495 34904 
73640 55577 
11708 44092 
89761 61277 
72395 48473 
28798 89014 
14446 94196 
68443 63018 
85326 57546 
66288 41686 
41818 99734 
13938 95653 
46348 57141 
41177 86590 
64648 69636 
5188 90800 
77512 83306 
87391 59477 
83583 50746 
86230 58346 
62393 92000 
38056 83420 
87271 72300 
20230 6735 
26294 98966 
90682 66178 
46093 39106 
96369 76891 
38130 12246 
39433 8271 
19959 17542 
24324 40160 
25022 13950 
21761 84640 
83698 83525 
76117 35661 
15601 72964 
51668 87787 
98536 26597 
60110 47440 
53050 95190 
36864 45290 
83198 29251 
36888 46816 
43890 42998 
2078 49573 
63139 65654 
11813 50306 
33532 80507 
65791 62839 
1419 88900 
64016 68524 
24608 26342 
42673 85036 
39743 932 
96574 46448 
79099 20513 
68957 97762 
3178 24286 
17662 20436 
70270 37046 
73043 21995 
47067 19776 
87428 42387 
75436 99020 
38592 52538 
49643 19284 
90360 46439 
25565 77637 
32366 57063 
78881 67774 
17922 58596 
52742 81972 
94086 52663 
87079 93694 
71204 74664 
1509 71052 
10578 97782 
11699 51880 
18373 56904 
95084 44884 
21465 62423 
85987 8130 
66677 24770 
72499 96096 
28672 64532 
87863 59562 
33768 40151 
37643 28810 
7015 85431 
80636 9921 
28120 12480 
86252 76407 
38134 2207 
24016 43958 
73298 74119 
1847 74811 
15040 99938 
58979 70029 
35842 1400 
36633 72939 
89532 51651 
94969 25053 
41544 81723 
18396 86953 
59769 78901 
52969 60977 
89868 52088 
49377 29963 
20235 30862 
42957 56870 
1293 59468 
88181 73809 
21396 44820 
79253 25806 
57333 18396 
30700 24578 
11278 75963 
62285 10671 
18004 66174 
31089 18482 
56266 9345 
80272 88029 
26509 41079 
28802 69747 
63364 91938 
9366 24188 
35901 33967 
72700 27149 
51197 47637 
15737 52619 
17483 88663 
58258 20839 
42011 63131 
88147 66852 
35726 51529 
18875 6105 
71946 57509 
54506 48000 
99463 95589 
37305 35692 
41836 73514 
60932 71050 
24115 69624 
68235 17342 
55816 53319 
16845 59057 
64735 47608 
88011 38188 
19982 86720 
34584 79393 
4621 78882 
12532 62629 
98399 44642 
17085 1168 
9259 64460 
49342 35350 
48683 35840 
72130 58000 
80383 9851 
74906 46112 
84466 49694 
56668 85238 
69897 29799 
53119 37949 
36971 72985 
79752 25800 
38429 5314 
36037 65434 
12993 93536 
17578 23764 
68294 18401 
12861 34626 
71527 28621 
19163 49844 
65618 14872 
98185 81364 
66329 41027 
6169 27903 
11392 70625 
75522 69532 
26664 30655 
95384 56637 
46231 61795 
37125 15945 
73506 14559 
97387 45567 
98585 64148 
86119 73488 
93462 33305 
69903 9489 
91193 32133 
91964 29160 
17685 46548 
29370 90520 
85517 32958 
15250 98651 
78034 5718 
49228 1871 
48946 36099 
42859 24106 
37752 16693 
98451 12504 
54520 83621 
99499 6702 
18935 30367 
98832 16797 
47951 91712 
26620 30693 
74040 23997 
4545 58373 
41693 58808 
44741 60550 
73717 61206 
32487 2219 
20841 80712 
40199 17850 
8211 43563 
96929 74246 
70617 98089 
42326 69546 
24619 91594 
26985 12431 
60207 26733 
82083 84256 
47256 18148 
70412 98671 
42720 45992 
48162 38222 
53396 81983 
12260 65500 
56030 45746 
81563 77575 
1657 34480 
61894 96809 
34272 57328 
74683 68536 
35296 97370 
86889 66701 
64751 18770 
65904 92217 
7676 34353 
97323 85634 
50032 49784 
45717 65637 
2173 4523 
8989 47978 
59981 36843 
15397 95612 
43790 10471 
39027 146 
83520 53779 
64229 97148 
24738 78961 
12506 73413 
14854 68263 
56315 32992 
91262 37073 
83457 50599 
33949 9583 
42972 55959 
63956 71705 
98892 60714 
66018 98090 
41740 60702 
88860 85314 
59303 20749 
29782 61711 
48013 76542 
41580 85800 
54174 68718 
9270 89922 
70302 58015 
31712 73415 
76011 57114 
8935 570 
5164 54773 
79829 12591 
41412 909 
76827 19927 
92791 67468 
64300 1577 
72687 99247 
5623 1381 
19292 21281 
60203 77775 
18550 74956 
46242 33144 
56670 13714 
17599 21664 
17392 1035 
93845 10366 
56524 18304 
51439 47212 
31655 8256 
30958 72057 
38475 50886 
40354 91649 
6825 93001 
37505 28194 
39347 30060 
56612 42509 
33549 69507 
2503 27419 
14107 88482 
74496 64823 
16404 35629 
97184 40699 
4589 16642 
29370 16357 
77830 46283 
94328 61358 
17010 45758 
24703 63777 
50731 13702 
43541 46861 
74300 1422 
9315 37649 
38285 78637 
37282 52739 
34250 84648 
72101 89143 
44447 21662 
27363 34055 
89518 61967 
26522 36352 
3692 8707 
76729 14792 
90473 71186 
82100 13103 
63485 89971 
56249 50561 
56929 74483 
25201 58151 
98015 96348 
21307 35012 
69758 15454 
56374 7662 
56702 2506 
27944 25346 
58413 61764 
56494 78853 
75986 50774 
73327 87315 
25366 40042 
78990 57694 
7918 54954 
70304 85103 
73486 94659 
90421 28564 
44080 28220 
90811 66470 
27369 27024 
6660 8740 
38326 4233 
37904 18565 
64630 97055 
96958 75624 
56882 45614 
31171 94786 
98182 93445 
53149 99584 
9309 58922 
15294 38080 
75513 4380 
46264 20314 
38844 60267 
26532 51078 
85974 45336 
17818 29590 
75641 60711 
76883 88450 
92100 25613 
78041 48324 
81425 65583 
40692 71881 
25976 60229 
8306 10803 
39073 6865 
53475 53039 
16657 58820 
90038 93992 
65637 52777 
57721 74947 
39679 48199 
7354 54818 
52326 63704 
55439 7142 
4642 10193 
95701 63297 
59967 88614 
52209 54998 
21922 41418 
33773 44415 
23454 21096 
2522 68629 
14489 66618 
950 66637 
43698 59163 
91144 1744 
65872 62222 
47545 39956 
70612 37969 
10302 95844 
20281 71748 
50111 11351 
5616 29564 
17435 90171 
75890 19699 
49075 70554 
77212 28841 
83283 82774 
37317 55598 
90980 4023 
68113 69812 
65083 93096 
18294 84788 
22572 59999 
97467 41355 
64629 1484 
10564 67653 
9031 12544 
86674 96560 
55977 65980 
60005 93894 
73581 37457 
62324 74842 
92537 41821 
16005 63494 
80765 37942 
74759 80930 
28346 54011 
45097 31025 
10647 82935 
35793 89895 
13257 98373 
24876 94932 
96195 45974 
4077 72349 
46842 71458 
59217 38433 
21128 57501 
71664 58955 
744 54709 
80790 53672 
478 8490 
30245 88391 
44267 3278 
31917 5781 
91141 68286 
20614 7914 
32957 14868 
39759 18475 
4682 4558 
93842 20644 
44941 79004 
26864 87824 
19653 18237 
37703 98741 
74797 32126 
23096 55853 
15700 31354 
46852 6584 
19710 68883 
69941 597 
76714 90643 
40268 3114 
17686 85026 
33223 24264 
35299 74821 
54500 17472 
22593 52293 
65244 46131 
55823 18425 
66197 17073 
25784 50669 
82351 31835 
78309 90093 
22475 12261 
59074 8417 
48966 15676 
70445 88194 
82602 66684 
38847 25273 
84069 97594 
59961 41681 
99546 7523 
36029 79186 
31175 21443 
44660 29070 
94879 54727 
81732 42003 
57806 66217 
2352 53428 
5567 13386 
43297 54487 
75475 6859 
47959 36269 
6157 98389 
30534 36056 
96200 26297 
10066 18232 
34875 85495 
16894 29638 
66566 85345 
24174 79456 
77147 7981 
85368 7024 
45346 82120 
64924 17524 
85076 42980 
33859 85125 
15694 57598 
64556 45867 
36365 56669 
99793 28509 
47941 28964 
89878 530 
61224 2445 
88752 38611 
53984 57397 
74989 68185 
90762 91216 
16871 55017 
99313 81910 
32050 73276 
5389 77970 
1784 19200 
63669 75924 
87343 87197 
86737 33742 
61874 76108 
66352 8169 
14903 47380 
1617 97132 
8592 13982 
97213 14598 
64974 99205 
71536 24507 
41624 67817 
19318 12923 
9563 98594 
6275 83038 
81651 36827 
34320 16425 
52358 38208 
5055 55696 
483 91336 
26549 28687 
75270 85119 
53800 52371 
33330 69457 
26831 25867 
18870 42851 
72020 46229 
82971 88969 
62057 58182 
18982 75688 
87822 79465 
50588 24777 
81519 27218 
46702 58131 
44566 7587 
53038 27342 
76016 20723 
24108 37403 
67690 76376 
11311 82475 
30768 11510 
12920 21880 
45202 50648 
19967 37888 
78133 52126 
98390 33354 
381 38984 
32285 46886 
41148 21918 
15667 86006 
60171 83541 
20922 4596 
83922 8130 
90925 79988 
47809 9106 
98817 77123 
9877 27695 
94499 22502 
53194 50520 
10136 49020 
73863 21331 
28318 14258 
59510 2622 
25992 39469 
99172 76613 
94868 64222 
29615 61847 
4738 62558 
15443 61636 
19989 20522 
80732 53620 
1569 32044 
58497 75925 
26741 30419 
925 64693 
37222 36000 
98104 50229 
82615 67223 
85908 24553 
60524 31727 
84698 51838 
67365 87053 
99683 5056 
64560 36332 
31069 77059 
33706 3324 
87523 32417 
41228 13350 
70025 37508 
58167 91860 
94830 30697 
83946 80815 
54063 71835 
4336 64513 
70366 40939 
73268 91157 
88050 39545 
45798 74190 
57386 85081 
5192 58325 
10928 78541 
20998 39172 
1180 68787 
46906 32526 
67474 33034 
17317 99612 
26545 42349 
29755 47961 
36118 83467 
6615 44116 
63700 63786 
14183 93963 
3827 35078 
79514 69279 
26157 33292 
86415 84915 
4099 46758 
50681 60088 
69075 93161 
71661 29349 
59049 6844 
32377 4062 
81598 12347 
73582 23608 
91628 87471 
98546 77032 
91696 99785 
74806 20467 
98976 34143 
86696 63452 
87039 15612 
58249 48101 
2930 72154 
9846 99122 
80396 74452 
34009 79788 
18704 36504 
75809 49224 
73097 59868 
81593 79754 
7758 56940 
36064 59559 
95055 94161 
42255 75520 
5854 54783 
11491 43868 
24879 32622 
21200 32171 
42352 33155 
67239 95139 
18587 76411 
84422 28925 
91717 67276 
33979 33784 
423 23166 
59947 63390 
23286 26442 
97818 30576 
94325 99523 
78234 33906 
40299 84351 
6141 67244 
99519 44650 
11516 75358 
24200 99398 
61637 22603 
38790 38967 
96837 48854 
25249 71595 
1785 97124 
32926 97170 
52548 10657 
65430 7736 
86056 13827 
79853 69711 
23035 10761 
44689 51479 
38108 58390 
41983 21873 
11443 96503 
66524 59950 
15226 46361 
70288 84580 
85154 21601 
23917 33537 
2287 30366 
18607 96079 
63797 86009 
11652 30502 
52501 85210 
26718 78641 
24546 56976 
56017 23056 
22208 33748 
75677 19415 
84478 46712 
77907 76529 
71986 1431 
43946 49587 
44745 47028 
30353 58293 
31338 12404 
17819 40966 
6348 46370 
76487 8057 
49230 65058 
34679 64155 
92250 79613 
98952 26196 
77736 49923 
62573 77443 
35620 86019 
56785 61734 
61061 97786 
44648 40547 
18956 75746 
30779 6645 
27208 70938 
61953 72367 
73861 30298 
23350 28082 
4554 35428 
93111 96870 
76229 87308 
3906 95212 
10597 77218 
74401 46266 
96628 85043 
15758 82260 
85147 50136 
88747 15594 
90611 67023 
85567 54432 
65219 68512 
37129 87887 
38756 72142 
1357 68343 
23896 82384 
70949 74022 
71174 60690 
50103 43591 
20434 98174 
88847 36431 
36273 51653 
30912 87123 
33865 32719 
26497 90780 
98515 71696 
84806 77030 
77367 13545 
92891 4792 
74967 41202 
7139 37414 
15669 63281 
31630 38316 
45383 47782 
33642 60964 
32757 31101 
10735 93822 
95590 82624 
16129 60885 
22141 59082 
69501 71424 
78958 40081 
28872 58818 
96957 96371 
75896 47607 
5698 5891 
71661 40398 
42157 99054 
73032 21773 
94765 84418 
60565 35078 
56071 78614 
18227 99759 
48137 40296 
22410 1873 
53587 86866 
43150 8462 
32223 54881 
33992 27656 
28229 50270 
88605 60720 
76171 22897 
72038 69654 
95394 91499 
92420 14579 
21848 39651 
64925 98773 
64007 1168 
34007 96091 
85244 54240 
62186 25406 
8875 47594 
64065 79789 
14083 89102 
62810 14355 
40987 37506 
72975 45969 
51387 51336 
68348 20515 
98039 65561 
76381 58929 
39779 86163 
51848 1949 
2451 15593 
21478 35300 
26268 47913 
58638 92012 
59124 1454 
42537 96615 
52310 88953 
79953 37149 
90227 60360 
19154 25250 
38876 91921 
65451 32011 
29260 36617 
15770 67879 
1330 95673 
65606 8543 
21668 18631 
5952 55592 
53850 90320 
20011 60658 
4271 17085 
9969 34805 
88177 81767 
32601 11170 
60771 97168 
99164 28108 
36450 51116 
99809 52598 
75611 2763 
45650 69192 
52903 59351 
82677 18499 
33439 35470 
20839 81001 
74165 72675 
38933 66964 
36453 76360 
71320 91230 
42962 8904 
56048 82918 
36887 63352 
25601 4336 
4961 30297 
51293 30870 
6908 62098 
10234 74185 
13528 33226 
29814 14743 
93182 93277 
78842 46481 
2176 10059 
16729 26432 
28388 4176 
82543 65114 
9454 83664 
4273 89737 
96928 97460 
35321 61576 
66050 39916 
80011 31292 
77113 55011 
52827 71578 
78876 8597 
27113 35153 
7087 19737 
68143 48008 
71893 68081 
12737 62669 
46751 23235 
53027 64383 
68453 74197 
5505 44285 
32951 72198 
98135 27912 
24904 38657 
88113 74916 
50209 31464 
30763 46337 
50253 7443 
56077 69535 
64241 66586 
73603 17676 
71621 14541 
18628 60604 
90553 33829 
73040 37012 
30276 11412 
42787 44005 
95355 30464 
50497 39471 
18011 97596 
6617 5107 
51080 43276 
55352 23531 
88614 2830 
52682 81592 
93757 58145 
22945 23793 
4214 96084 
57719 44716 
54521 18627 
66170 27370 
1262 21889 
59547 5605 
62503 46388 
54198 53019 
85910 89365 
7220 78261 
41391 61412 
56821 37170 
93559 64328 
25447 55898 
46908 64859 
57949 95982 
72337 39866 
9291 82253 
17478 72462 
66764 57571 
75275 85787 
90160 24520 
35355 11362 
80056 83558 
70947 2310 
39115 79536 
20467 18268 
74250 24059 
7339 28415 
98497 69873 
4247 1828 
30644 75275 
88708 80213 
57904 11460 
55718 57110 
22373 33823 
50206 19755 
15517 59395 
57094 45077 
16608 66927 
40031 79649 
90809 63567 
51169 74949 
70518 42641 
43863 93889 
79630 90752 
7746 52343 
24499 89215 
11360 10278 
67715 94795 
81390 81082 
21191 77769 
69480 84845 
43591 41550 
57759 31561 
3803 47396 
32384 83637 
76937 20192 
10775 13566 
72246 16850 
42698 42280 
53385 97559 
17915 16425 
612 51949 
3895 58703 
81794 97154 
5873 4405 
44498 82841 
88558 19416 
15002 9456 
23868 80210 
91688 90264 
32296 84720 
50082 65173 
66861 54509 
34732 4953 
48075 83256 
99106 28082 
95940 84356 
68907 89330 
20733 91282 
46439 89098 
28157 68408 
44098 95606 
66442 97051 
33586 68210 
93053 11824 
24106 19459 
66882 75701 
37589 55921 
78175 98741 
31898 93403 
12891 25040 
34010 50842 
10806 35213 
84317 89010 
17369 37617 
60495 75070 
48219 50507 
44766 22113 
82178 9461 
21958 74003 
73685 69644 
47385 80135 
28832 10896 
3381 32218 
20520 95080 
71231 15681 
27718 69813 
81254 62067 
71426 60409 
67984 75542 
85627 42779 
49667 46618 
5407 43992 
71684 59241 
76360 74399 
2082 43592 
89504 55387 
44025 26269 
24168 70298 
34776 81937 
37631 32483 
33721 96150 
74799 34126 
62999 7667 
83774 12224 
53446 10476 
13914 43969 
65842 60622 
41815 62810 
2886 51044 
17634 68570 
835 88781 
49248 90278 
91399 33256 
44994 48734 
54304 31768 
17056 57333 
38804 18897 
7058 94314 
18481 30203 
33010 77338 
57827 17455 
72471 72180 
11397 42513 
90661 71351 
46699 70105 
94202 85541 
80574 75882 
41281 1090 
45433 35512 
67253 70024 
56523 62940 
91030 15722 
34306 21583 
52103 56903 
47070 40860 
90611 75372 
78033 32315 
23633 78854 
88524 14498 
89671 39232 
44180 23877 
30327 18648 
94703 10199 
53225 31174 
49308 89068 
73482 26147 
69835 51940 
62362 20741 
11381 14292 
41225 54019 
76344 16425 
46499 82420 
11940 78182 
57076 87543 
73540 48778 
19452 21085 
96565 86035 
27834 68910 
68239 45491 
16584 76499 
67143 59170 
563 41394 
43304 36243 
55304 44758 
44454 23376 
63412 63800 
55150 21251 
66169 79582 
4585 65569 
50074 70570 
16208 45777 
66874 61339 
17704 52821 
32619 77939 
3377 18451 
76378 46684 
42692 32873 
12476 61535 
58469 5027 
91438 36709 
56161 60304 
44340 55808 
71675 54236 
72820 26505 
19359 17476 
52756 50688 
64051 37361 
13451 24008 
11505 24394 
26146 85846 
10060 8175 
85768 51032 
83033 56642 
98058 67972 
66165 14900 
90552 64380 
7292 15512 
50390 61435 
96507 20796 
54485 59911 
34200 19482 
98353 27742 
11667 15061 
48713 47471 
74377 11176 
41956 14157 
61540 20640 
25687 9572 
67259 98949 
93752 16905 
48335 30621 
96518 81695 
11733 77246 
17640 69316 
50707 29832 
96153 17138 
62781 94850 
38459 30326 
75049 83295 
8594 24266 
22666 65199 
7170 73720 
74952 98168 
49467 89084 
80170 37871 
31364 3492 
4850 90825 
28173 20998 
76406 75410 
5877 45737 
98872 15709 
36907 84672 
703 4619 
3279 92449 
90899 37594 
38802 5867 
45103 36455 
8993 97613 
16871 53906 
52471 64144 
70967 73684 
10814 51003 
65323 98743 
55193 10340 
66209 50421 
77599 80050 
67200 85225 
52046 71685 
96686 72705 
86888 55186 
40946 67820 
83206 32471 
80242 54243 
86215 99059 
33887 31297 
66718 3152 
36937 66466 
97892 24987 
25925 37925 
98981 15763 
93960 47047 
2018 55074 
86562 89582 
60219 8565 
48760 35997 
57480 93349 
1260 86391 
97208 87788 
18901 33514 
45718 54333 
8167 88549 
80517 79370 
32152 98693 
47012 72430 
11206 12964 
58536 8586 
35338 33259 
84062 42517 
60562 21366 
55550 70457 
25460 19454 
92627 67136 
16570 81507 
86126 78819 
31604 6222 
3982 10672 
38020 8113 
83091 6958 
1155 62833 
48966 85913 
60904 15217 
61340 57692 
68824 44081 
18384 23376 
58609 36510 
64767 25795 
12011 36205 
39528 98802 
99581 95364 
68573 40646 
21023 77672 
53581 19188 
43469 31153 
34207 2007 
37654 73949 
3675 92774 
41769 13530 
39229 46809 
40641 50433 
68361 33353 
33979 1276 
29335 9836 
81525 12646 
266 74311 
55289 27385 
64832 66216 
99420 7862 
54696 92775 
96812 17018 
58807 68578 
68212 7293 
17947 69269 
84373 69958 
29280 16797 
54698 52982 
70100 33261 
66883 64219 
12581 23200 
91190 38535 
42063 69999 
30299 62440 
10240 61125 
91085 17838 
51614 89021 
78189 27715 
66636 9730 
60938 60905 
28228 79732 
44931 80490 
99684 32936 
87530 989 
61443 4440 
32535 53166 
31824 55400 
3461 42092 
32528 4236 
87139 24066 
93564 23406 
59782 21037 
14230 18116 
56154 37384 
96869 63564 
59183 43211 
48359 40732 
92115 40768 
629 77206 
28239 36154 
35969 69160 
94217 97187 
15503 33379 
32252 90099 
99918 14082 
3579 52694 
20381 48310 
61188 79637 
4558 75765 
93234 66765 
87743 64250 
40223 85620 
42325 10236 
18872 36816 
40175 65576 
43436 61468 
21998 36037 
21344 73565 
85309 95045 
14130 12992 
18388 56951 
96945 8869 
1454 58094 
20332 85902 
68227 1096 
76498 42680 
71183 28069 
98959 80122 
22013 1770 
79237 60756 
85134 90289 
67182 35058 
86596 70440 
32532 79772 
63310 87810 
4501 54963 
18247 37271 
73439 1471 
66117 56806 
34044 68533 
50990 59574 
73127 82495 
92434 64444 
56603 41884 
69966 23577 
50156 51534 
86954 87144 
15930 89034 
64579 89904 
63665 30441 
4082 92116 
98805 49055 
21207 58140 
2452 40944 
646 10069 
98387 24014 
40226 50903 
10974 3601 
54686 11975 
94371 96851 
87133 42778 
18293 60644 
32588 27785 
28468 73339 
12516 84534 
60961 79338 
51839 69982 
78708 17264 
644 97991 
15879 17510 
11646 49869 
61104 72958 
31444 41945 
84138 57881 
88706 99478 
12176 94341 
65628 74532 
91857 42845 
20383 36983 
30856 24595 
87732 62424 
99037 66332 
22560 38527 
83291 95629 
66848 12250 
32441 4399 
14423 4336 
99060 41457 
19789 24626 
83522 91187 
47467 32014 
12315 44643 
86479 96196 
37409 71892 
60953 34924 
26370 59952 
52315 20060 
23977 89375 
11116 68516 
5242 84340 
77276 59996 
6998 86068 
46368 52530 
20679 67430 
16542 98846 
52406 27810 
25775 1932 
8166 81617 
42387 86486 
41685 81251 
3059 4491 
10445 95933 
2116 37734 
21398 1466 
23404 7887 
12050 22824 
71808 55620 
4864 11425 
5333 4230 
93391 31968 
90625 80390 
67010 79954 
4898 24895 
57876 50287 
85475 89636 
98409 29826 
84487 83553 
10613 92286 
20758 99950 
9516 32629 
33474 30291 
92193 89853 
33000 45490 
1127 72050 
13010 4715 
96067 15684 
35110 33837 
42064 82206 
22198 925 
23051 19444 
44 4559 
20109 92679 
7931 82247 
51449 20825 
58633 40842 
57212 36886 
65654 8626 
26330 28635 
71338 9605 
4963 5420 
3311 64552 
96467 80061 
58715 30473 
61368 51012 
65754 429 
52453 19240 
330 99007 
74938 76757 
41868 25264 
44506 59286 
36912 14574 
27101 64226 
1684 13570 
83495 96916 
35492 88259 
8951 23129 
35747 14377 
53677 73797 
2312 31198 
33364 69150 
93997 75241 
90685 3785 
53251 48731 
48484 61609 
46436 19135 
3263 10169 
76547 90758 
43594 57580 
12843 37120 
42286 42072 
47571 33700 
63394 64113 
33808 84687 
45552 64154 
80434 94437 
71703 95198 
80338 94654 
11886 38750 
26168 1641 
30592 65113 
24318 44514 
83062 44586 
52273 74863 
85968 74794 
17077 41123 
37057 1213 
63374 86790 
75631 72872 
48336 10617 
21156 93307 
47771 9052 
805 98011 
82791 6454 
78422 13958 
59634 66967 
27174 34196 
96616 73467 
46049 71110 
71615 53619 
6432 35601 
61130 30814 
29107 26278 
57647 78666 
34356 2692 
45912 61731 
78205 59690 
90682 52249 
86432 16194 
38609 22959 
24579 80985 
65149 29417 
97035 60558 
3731 11753 
51122 29623 
78890 65437 
73192 93592 
27671 53353 
2879 34132 
34334 57400 
58934 43868 
22230 96807 
65510 24345 
43693 72492 
91251 42569 
83910 32051 
65248 15760 
47917 88340 
13679 21395 
31245 66113 
68863 10163 
84210 95810 
38519 33192 
67423 21352 
87141 81663 
61835 39657 
73716 76927 
40476 43618 
10413 42268 
31004 97409 
55402 33655 
98306 33211 
29626 6157 
54596 21885 
52132 45120 
60796 36550 
21485 96772 
17489 97729 
31812 91631 
56293 61421 
1185 65881 
33256 87358 
7356 50850 
94711 3722 
71234 18757 
32992 66705 
2064 44136 
74531 98558 
19898 64598 
46052 76160 
757 2088 
45958 33619 
47775 36342 
7444 37092 
77670 5915 
77500 87695 
26017 49018 
51663 9339 
17129 86294 
98243 82242 
14709 90762 
77717 90071 
68019 86336 
13072 58879 
94935 65645 
95117 79393 
98069 20317 
13121 20713 
93031 32465 
85600 63110 
38953 84803 
28706 373 
545 8621 
40340 88012 
38245 3818 
97013 42657 
18434 33228 
57420 30095 
59224 14689 
41795 14667 
78984 8605 
9339 81094 
94553 26209 
87369 81341 
24004 64280 
15295 3725 
84852 5774 
54141 9251 
42775 12652 
78037 31023 
58168 77102 
7968 86582 
98302 90449 
70035 10172 
31370 35213 
60579 72157 
95356 5121 
78736 16212 
39480 10279 
43359 11421 
68842 30319 
45681 86013 
83954 37004 
1736 82261 
95999 19586 
59230 47914 
15929 11172 
82444 58558 
60951 32409 
85686 47414 
95455 39985 
10937 4358 
25122 91773 
48553 94297 
92722 17868 
81201 36560 
82030 17357 
90731 81597 
22308 84338 
5248 18999 
99988 3507 
79371 51783 
26447 45619 
94545 75831 
81199 36134 
38194 10557 
48347 66611 
70654 37092 
90800 67675 
17013 13658 
61571 64874 
27335 54343 
34333 94259 
33242 77058 
46493 63259 
91392 49269 
87183 4208 
45142 85943 
29840 82826 
54517 83143 
4490 92039 
41581 2879 
28351 82697 
73408 60026 
65053 57074 
58070 529 
62554 78472 
60411 1615 
27732 30825 
53837 69343 
31682 95867 
11969 56613 
3886 2288 
9710 75584 
65746 41191 
47133 32515 
74332 35275 
31575 70100 
95776 95326 
53404 62708 
4371 96943 
69168 73221 
8247 62836 
62168 46767 
35374 41643 
84971 86179 
74710 32846 
995 26843 
56453 19247 
32981 4432 
72637 33344 
95069 88030 
84741 2076 
32111 33303 
38500 85529 
15001 95604 
7772 49584 
43990 31289 
19097 89860 
93312 7023 
66503 54931 
89936 31477 
12141 440 
56829 21586 
82485 42587 
66854 16409 
12137 69376 
47281 55623 
57682 11107 
46834 46833 
2539 67756 
27340 56130 
486 40224 
70212 69688 
60233 14885 
94396 90723 
56414 6390 
66861 55747 
63334 72424 
49302 76809 
47015 75908 
65474 42294 
18336 85057 
92387 37861 
45507 69814 
75610 81217 
47611 74348 
43976 99690 
42651 19612 
52261 17934 
3286 17419 
11700 64608 
81381 58045 
77719 51509 
98507 67077 
51849 26360 
63706 14008 
20486 51380 
72108 95061 
97047 13731 
58402 5768 
56021 31068 
27702 65016 
47503 75711 
63002 51616 
59066 4266 
13203 66857 
48105 46108 
98608 42100 
2330 73698 
31806 69155 
98632 50501 
41040 42975 
21289 28141 
428 71190 
69338 43424 
16825 23015 
29875 47998 
96635 61306 
19186 88674 
17563 25822 
96810 44804 
60066 13210 
38978 20623 
11169 29782 
17366 85078 
39373 76863 
66673 49444 
53507 65292 
40292 73886 
687 45593 
47135 98124 
28947 83423 
34707 98526 
38634 6075 
33588 84154 
73340 95132 
6689 57711 
55904 2823 
53049 83811 
57943 25186 
351 26651 
2407 73830 
82986 41887 
37799 49929 
43165 33419 
90010 38990 
11488 14785 
93095 13029 
20286 46989 
23893 47964 
78200 59855 
17010 38358 
87661 2351 
16516 19099 
18285 8874 
28565 84128 
58672 13070 
75235 26077 
56696 88546 
14002 7442 
24093 46705 
79570 13898 
25006 75924 
25194 33390 
90114 63456 
89139 50870 
98069 1641 
88613 47827 
44202 43451 
48280 48221 
72777 38840 
3359 57990 
83575 53043 
78378 3994 
36179 40694 
31784 90074 
66033 25523 
73908 52848 
95230 14404 
11206 17924 
67933 56630 
43201 28419 
65429 44576 
40244 41971 
59062 40261 
59975 69876 
40613 3851 
18285 62568 
29174 94750 
16616 29312 
91183 13692 
41589 16849 
25964 55132 
95244 61612 
63016 43216 
84571 73264 
89231 31767 
97576 3438 
74326 58955 
19746 2928 
91015 60712 
99596 72976 
32759 63445 
54877 71917 
16455 96246 
22053 47073 
19961 85529 
90830 23668 
45143 20928 
32800 97424 
15909 10268 
28654 45604 
17740 73578 
21995 92430 
60252 61342 
79397 39140 
97614 20578 
16169 96382 
72939 73845 
55187 37204 
62275 20879 
22186 22605 
81399 20354 
45076 38413 
84360 60104 
17111 22202 
26530 78169 
4178 52044 
86945 54147 
24988 15041 
44768 50604 
9605 72951 
82947 47639 
46567 94626 
48511 80241 
61724 30553 
33372 57694 
32973 63495 
52144 17011 
34247 81038 
84189 38313 
19344 80773 
15945 29012 
1674 36941 
66588 65835 
59454 28539 
5139 68947 
97600 53203 
70390 70834 
27331 28635 
86348 34079 
82396 13889 
25365 66846 
76895 66559 
8733 82576 
23802 88673 
50244 51323 
75615 4093 
42054 94163 
18916 53255 
54168 79192 
53223 87284 
68958 87951 
11121 92835 
359 34427 
31480 81449 
53718 35340 
80456 32793 
66760 50010 
26023 89818 
34723 30889 
10936 65715 
63432 51684 
36302 37471 
12961 9043 
63364 68896 
91447 25870 
64626 27200 
33778 19602 
7113 31478 
53065 37166 
30332 98952 
84158 99830 
89433 35344 
47953 45791 
70089 49468 
52819 6095 
45766 58931 
15209 381 
40367 93791 
25359 92916 
79608 98075 
5954 6529 
63061 75249 
11738 52333 
65414 23057 
96269 96442 
80318 55585 
28360 51466 
53085 15969 
75233 50131 
9547 41855 
82005 31171 
77525 57552 
67830 43501 
14665 31737 
27906 53669 
1806 57647 
77491 23749 
34557 83902 
99198 12054 
47449 48386 
58036 37450 
34800 45078 
30043 39557 
90333 84288 
49788 61726 
73643 90444 
19669 81470 
25751 18374 
39606 13887 
98267 59011 
9603 17605 
31127 48461 
29632 39941 
12341 90614 
71358 48190 
79919 52766 
24487 7348 
80887 96164 
26837 81091 
85205 58967 
71705 52429 
63480 17796 
48735 83249 
76482 15853 
15156 57803 
91775 60561 
13179 84221 
38194 61709 
46231 60256 
32407 2295 
1896 44715 
63496 8583 
62554 14419 
1251 13308 
76160 28021 
1776 86561 
68982 62665 
20083 42538 
69790 37207 
3445 17202 
80664 86591 
31635 51799 
73460 5996 
90521 10270 
12926 40493 
14080 4782 
7592 56189 
6511 2904 
67733 92230 
60942 42428 
6096 59550 
24112 85362 
51520 21840 
17467 1337 
58215 67022 
14249 82494 
84129 53331 
89457 56827 
80757 93177 
4960 85063 
83638 20017 
65584 97313 
17960 68789 
83647 50077 
36841 88792 
19208 61615 
91275 99415 
21209 14248 
90140 93749 
80706 95871 
46312 92881 
21574 89752 
20621 54507 
96329 11659 
69239 43563 
25137 36390 
72082 79657 
14606 52000 
69873 86349 
19629 29328 
65765 80721 
66309 96859 
53752 58172 
36936 66533 
20574 46989 
28995 64802 
30435 30021 
39365 85053 
42535 56656 
92136 92441 
30318 97291 
23896 80283 
68266 24629 
63865 98300 
27197 41391 
97918 47358 
72221 12397 
85332 62770 
88885 485 
4973 88808 
72481 50367 
43716 80753 
3117 12261 
4021 57621 
94845 48041 
99875 68676 
51018 16619 
30743 29857 
79994 92436 
71676 32491 
25413 31164 
94402 25941 
43503 60125 
39012 28301 
16216 37405 
88758 24796 
23442 93311 
61510 72271 
10197 40538 
20587 39931 
75355 15301 
24969 81449 
77366 90714 
84283 51654 
99377 85783 
57520 52139 
41253 78677 
36082 14523 
9242 21295 
81542 7471 
55346 43659 
46425 84194 
77966 31283 
92338 70811 
32955 56440 
33949 32797 
19958 45117 
79588 46645 
2761 65436 
9661 46989 
94327 30488 
32606 15576 
87326 18733 
84773 27815 
39155 28544 
95397 75087 
26820 99937 
20744 36524 
71499 56182 
62550 82701 
95236 40746 
25021 55479 
12887 50868 
31964 83173 
81358 98123 
21009 58303 
25069 58388 
55440 26369 
31744 8967 
45787 8398 
65802 88911 
53143 7468 
77997 60170 
54066 29981 
99421 91762 
82949 86117 
95579 36954 
31935 20776 
21968 24297 
80703 66190 
66445 37374 
48883 505 
85641 15255 
12392 42797 
42757 65878 
1627 14313 
32340 48002 
4259 48166 
33939 43824 
28262 35276 
71053 14038 
41863 53054 
64349 99825 
96240 35123 
58874 12163 
54108 5324 
73825 27840 
92704 17322 
70399 93699 
23260 12318 
58377 25869 
70681 31665 
65274 79149 
86949 98688 
73283 53178 
29665 14490 
88661 96696 
23203 96304 
45862 68911 
34086 23692 
64383 17909 
34492 47894 
70189 40002 
98202 62650 
65521 91084 
71838 31045 
81007 31277 
90911 12217 
72216 97570 
64963 34221 
29121 15615 
39011 14918 
51461 81504 
49536 41422 
5519 67092 
32418 80488 
18628 28318 
7495 7136 
86501 24963 
59856 6894 
65508 92436 
61483 28221 
97075 41409 
28544 35988 
64632 99528 
89410 44355 
14882 50902 
46383 87916 
84618 73723 
50152 23702 
61928 24113 
70168 43443 
76348 65173 
36398 15422 
56373 94228 
48335 68324 
14695 78354 
95679 75685 
21655 68581 
11763 98852 
5602 26492 
85575 98802 
75207 63478 
91147 32750 
93258 62517 
54122 10149 
44040 25117 
64445 94522 
27152 61921 
61443 2487 
79446 24490 
62940 69415 
73747 57918 
83607 22351 
68104 39148 
89403 25135 
82571 54298 
64736 38123 
61831 59738 
26899 65446 
41465 66361 
8375 46453 
73272 84183 
41730 84812 
80761 65326 
24150 98647 
9768 87418 
9047 18203 
11167 26601 
70709 53677 
42684 79545 
14636 5211 
5105 7307 
60980 89447 
34459 90319 
11404 12632 
56285 3453 
20758 28960 
70641 42858 
34061 84625 
77270 62137 
16628 63026 
69172 4440 
544 14623 
19799 49179 
94252 76140 
64197 27314 
53667 58105 
27641 97569 
93020 7195 
86649 17387 
21536 30391 
56737 87125 
28103 1645 
88889 93692 
231 58594 
22400 30743 
55898 36774 
85657 26528 
87278 81866 
58333 67640 
63900 26707 
8608 67149 
19422 19083 
97245 88978 
51012 38805 
96685 6917 
93222 48106 
7809 46250 
89296 78084 
69613 28777 
71974 65771 
47750 17835 
83202 21294 
56766 38982 
7491 22720 
17808 34098 
67278 7307 
78679 91923 
30244 52254 
26363 86437 
8368 15452 
3461 45982 
86383 37309 
99465 70656 
3340 88430 
25395 13278 
25162 84722 
96052 40066 
88329 81463 
37964 91220 
65267 921 
13115 68697 
536 44307 
98594 88728 
93578 88170 
90578 50015 
58578 67768 
7360 85038 
74873 5525 
50649 81534 
52426 51379 
46931 83972 
75990 63630 
31426 10712 
58922 73854 
56018 51559 
32968 47498 
99503 42525 
23918 72980 
33592 49907 
14670 86418 
51360 34108 
77020 66572 
96128 5208 
61423 15127 
38290 26847 
69993 71151 
35157 72777 
2174 95390 
74632 91329 
54801 99960 
47376 86998 
78677 92126 
14079 85525 
42328 46982 
34591 9090 
30251 23222 
3823 51599 
7782 88587 
95758 10569 
17582 27174 
51304 1743 
33801 59456 
58382 55296 
89135 17702 
63328 68418 
7274 84414 
21544 68010 
18644 19465 
42319 19402 
10896 72822 
7820 2234 
67233 4038 
49479 63020 
75475 7164 
46366 45434 
48657 70269 
69598 93963 
83993 82470 
34414 24344 
1199 38178 
37315 55081 
43459 78215 
49467 98323 
94721 50518 
9565 15536 
65547 69336 
9449 53648 
26401 1154 
93987 90709 
22051 8005 
3072 36639 
83656 34399 
68075 54253 
66163 32807 
37689 88489 
77780 84433 
48803 17683 
35596 86950 
76909 69703 
76805 48969 
97530 77891 
78560 52158 
65215 87039 
91099 16287 
69916 57973 
68618 29885 
61875 60830 
90228 89783 
45637 91772 
99422 26490 
31403 95581 
54579 79182 
97654 27512 
75366 24013 
62829 41743 
90283 52537 
85806 50923 
39144 43195 
15051 61540 
60930 68177 
84489 53246 
2258 30376 
10538 36744 
14606 30726 
79190 94503 
69466 24926 
24636 81295 
9769 40343 
91643 37439 
73206 88834 
42759 46649 
68470 29321 
18365 52496 
58998 5097 
82718 32747 
10437 5192 
92344 19250 
87843 76568 
4461 42498 
46547 44460 
2647 74666 
46639 81879 
54485 42659 
35191 6130 
31709 83577 
82627 70095 
17189 19020 
30050 59150 
95061 31785 
2879 732 
70432 38756 
72803 42918 
93284 67157 
4850 60794 
67565 57871 
9274 4994 
10933 39121 
29002 15439 
93191 36594 
32541 85153 
22208 11945 
49527 73957 
64938 50636 
81520 39926 
88138 52192 
44170 77659 
78491 11195 
48540 26762 
55033 15746 
9180 41349 
18165 31593 
74418 91963 
88985 84787 
10401 4999 
80269 3446 
34567 31515 
6171 30123 
86512 77282 
81540 70247 
44630 18976 
83733 99253 
45442 77596 
49908 11263 
39177 19548 
60990 55564 
19971 8216 
19856 73627 
1958 34473 
65762 19046 
73528 13223 
79634 15523 
51255 44908 
25552 83916 
72208 5856 
42617 48351 
8824 49399 
48375 13548 
64028 70900 
40036 90761 
5955 14112 
82981 38088 
31419 73787 
57384 72454 
5163 79952 
93245 5154 
7993 33026 
61736 50630 
41025 95716 
6487 59013 
75582 37608 
92263 26983 
8683 71413 
20497 48614 
82581 16031 
11199 78130 
53520 70906 
79015 89883 
49589 88587 
37533 37360 
40534 87994 
50441 32654 
53386 59537 
10682 90602 
6917 75104 
69546 7645 
5255 30837 
56419 74502 
26362 18701 
26933 53852 
64646 44035 
52322 89486 
38608 80587 
16034 51764 
54235 81995 
14999 65720 
22746 49209 
72389 12784 
67349 87080 
56369 44843 
17790 70124 
64986 249 
83817 77433 
81254 65371 
19039 49761 
24427 82438 
35225 68005 
23555 64653 
3743 51624 
17675 42953 
85616 27968 
43267 35284 
64587 29071 
4161 98886 
18635 31142 
31611 98859 
54505 63808 
33006 2127 
47149 81100 
96544 84948 
71349 4253 
66131 24234 
86342 17565 
25910 28200 
35925 22888 
37014 50245 
56311 35761 
50496 21463 
41901 36762 
79869 31820 
5180 75347 
54269 87791 
81122 60267 
89002 75102 
68735 60578 
4048 59265 
72831 84347 
93115 63698 
7611 98334 
95880 75478 
50321 1254 
54326 42162 
88039 65655 
40394 39609 
83529 19025 
26666 10370 
97168 43429 
34382 94955 
41090 34790 
33817 4185 
8978 77867 
90891 9820 
20364 61069 
50868 62795 
41801 76402 
25078 83650 
98959 24196 
99840 8115 
73469 69673 
18097 12309 
86252 79008 
93752 86657 
5097 96204 
6291 75373 
78438 8936 
89000 49231 
89521 91446 
67942 33356 
45614 5651 
30803 68903 
65406 87805 
4858 47731 
4417 47389 
1487 22567 
63043 57310 
41049 61660 
54729 20114 
6377 86546 
72845 53544 
85770 4310 
83966 50641 
57057 21599 
92557 34502 
33189 6650 
67471 45876 
36758 47729 
94205 72993 
95947 41620 
18517 57299 
57659 34190 
76788 86247 
94880 26564 
66442 14844 
44846 55062 
95737 41346 
52158 50809 
66439 99307 
6703 85812 
85152 18146 
60123 16296 
69493 47430 
76503 41216 
13836 36307 
23076 4138 
6011 8790 
34962 80025 
41135 78082 
94285 5005 
61636 98652 
48521 26792 
63612 63510 
55483 76226 
48774 15905 
83121 86222 
68556 59641 
11115 13491 
2346 20244 
78244 50451 
35355 30446 
94605 50059 
53281 87715 
90967 24645 
50732 59047 
8905 21339 
58258 88786 
44825 21304 
28887 98907 
48595 57764 
89235 58070 
43213 98663 
52522 35620 
75793 93822 
11247 49845 
32124 43581 
75807 65947 
47153 6150 
2021 98514 
21968 24313 
55267 25735 
14202 18578 
91904 28139 
3248 63550 
99627 23356 
44291 37012 
27623 80199 
15851 7115 
54623 60313 
34424 2047 
88402 53705 
56731 88717 
63794 45652 
15230 72204 
7936 76817 
35734 16142 
71277 35817 
67341 75675 
80753 54096 
14351 29279 
57609 56591 
97448 93476 
56468 58550 
87138 5365 
24565 88767 
46291 61885 
50453 62584 
90597 11849 
70035 24184 
25861 7074 
24430 27034 
49262 32256 
18968 23771 
8069 49809 
15517 92383 
93766 15448 
1389 34239 
12149 43114 
17220 41338 
10655 23665 
93508 45069 
63073 30795 
40913 26883 
8708 79754 
62938 92416 
18219 39709 
11296 84959 
11532 38951 
84032 41599 
84590 43669 
74374 75910 
11205 35630 
14368 4791 
73813 61875 
21440 23834 
42720 80393 
48381 75569 
67221 79768 
57612 47987 
64000 7904 
89163 86948 
88252 5190 
68412 5366 
51260 852 
4461 24554 
4449 97741 
62916 88625 
44459 40426 
57859 51572 
6324 34231 
96993 48463 
2636 58712 
31194 27103 
35344 98109 
5139 34617 
53872 93382 
79194 24575 
58312 5765 
94426 74603 
49654 70077 
82366 81861 
10410 7594 
79085 34357 
58406 62876 
89153 39718 
54159 26714 
59236 29899 
57953 8235 
63362 50214 
26577 23219 
72277 84172 
11682 72785 
77896 61766 
71783 96882 
70453 48195 
38166 394 
20792 12439 
81329 66163 
3120 30666 
9012 88866 
4585 88146 
89518 86449 
7214 5165 
34714 71677 
95014 27378 
95971 95388 
34453 89084 
23257 5141 
91 79129 
12712 98228 
68766 13438 
21246 86384 
85535 45625 
58042 31034 
12493 27690 
72338 52539 
7602 66525 
44452 64691 
44849 8731 
52715 36523 
79316 26224 
32864 37571 
81172 68160 
68390 79812 
11117 90890 
50438 29760 
86482 76999 
24098 27599 
91957 6894 
94237 16730 
21855 51991 
98541 56708 
1829 17254 
67994 65360 
27129 72609 
85755 11682 
71781 77755 
24265 60181 
68463 22930 
87352 49413 
32401 79362 
9219 72743 
4261 77512 
65429 17723 
16804 8585 
32336 11997 
47974 75407 
90879 18263 
9133 2430 
8283 18575 
31305 51453 
46890 29152 
54592 79576 
43229 90868 
96320 18998 
72390 87714 
72019 54419 
62860 55785 
69991 23176 
55210 58730 
35021 65623 
4373 22088 
99678 8893 
9714 38582 
12692 75822 
19700 79190 
53078 72657 
98690 70677 
85913 24112 
62238 29308 
11141 92387 
84234 72552 
80266 37969 
54346 65871 
7482 54352 
17422 51 
81571 36239 
57873 36050 
92795 21377 
1519 98943 
25061 79844 
94990 50329 
27790 11451 
88491 19409 
74207 51832 
91580 26989 
33171 80887 
93598 93747 
30223 73425 
40467 84397 
50160 31163 
37818 2724 
38249 87696 
6732 19004 
90098 83599 
52877 80931 
81237 67528 
22396 31922 
76621 91000 
8648 36567 
77554 29473 
42728 91990 
8943 80404 
47687 86004 
23322 60179 
61450 48210 
99754 46090 
36670 28562 
45498 87010 
7094 29438 
66242 36966 
69489 11851 
56727 49495 
67784 94238 
77772 7499 
81789 63098 
27966 53259 
16717 18775 
88721 26306 
61700 86829 
19911 13077 
35585 35636 
9988 61569 
66527 54311 
39228 16672 
58230 61484 
97708 87395 
80177 35135 
10615 65929 
81777 76424 
62666 80275 
71073 46335 
80704 77130 
17525 42971 
28938 99771 
35331 19435 
94824 46884 
78856 77523 
95276 72591 
34968 10810 
12629 15373 
28419 12211 
77743 24163 
65887 5757 
53625 83550 
31876 10033 
37129 26880 
15436 91662 
88594 65957 
90452 21155 
19641 59136 
94279 655 
17944 85767 
49568 93270 
64409 94295 
52353 47148 
2991 43722 
5826 73904 
56304 63751 
13692 10637 
41190 17587 
59599 67569 
27591 63194 
89854 39167 
1342 73772 
85495 35643 
36930 96242 
56744 73853 
59773 97760 
17978 51864 
79251 74573 
4584 19831 
3518 74976 
74380 51351 
4996 18699 
95800 14057 
91521 78747 
62600 36014 
52270 28517 
90590 65310 
89854 46984 
45735 24267 
20402 17784 
24939 66829 
21992 54238 
60924 57916 
38425 31660 
50850 6936 
146 10756 
14652 4129 
7014 91446 
73552 28067 
28667 45192 
1804 15367 
17370 35670 
45450 9578 
95549 52607 
20706 35171 
75588 51660 
1588 74736 
93037 14392 
81450 62698 
86010 16738 
46388 47274 
33356 21772 
29738 13891 
72088 93181 
26431 7897 
50585 59511 
33535 42178 
38266 46092 
49038 26144 
4677 31479 
4783 6586 
1398 78313 
31432 67986 
28655 34701 
53441 173 
45227 1527 
90234 4550 
84996 13547 
96133 76646 
76420 87691 
6064 72368 
22209 50690 
66645 38082 
85698 69939 
23010 60534 
47635 76488 
552 71621 
42563 87085 
67734 25159 
57480 3403 
91247 48033 
77135 90890 
97975 56521 
90093 17137 
39614 20048 
27627 60209 
15225 49300 
93512 81088 
44639 83340 
56967 91177 
1327 51280 
23285 35790 
7198 88047 
67073 57560 
63781 90916 
11591 99968 
44313 13736 
64319 60425 
99508 9160 
73669 4857 
36115 45681 
54684 11259 
11839 45923 
42572 18405 
52810 15365 
72117 17687 
40506 56583 
48266 41036 
33878 93082 
68621 65916 
89389 58910 
82086 79574 
16810 45539 
19585 19066 
61789 35812 
12563 31000 
37610 96342 
22863 75507 
37989 44287 
43645 32662 
50363 52264 
95135 56354 
54881 5975 
31316 60594 
38100 83174 
94044 16268 
72407 79693 
99640 82574 
12261 68531 
19647 96679 
36588 41359 
22239 97562 
22989 48329 
73676 65605 
73915 21675 
60223 18165 
27548 41371 
80138 13174 
76851 76975 
72584 77770 
89106 18790 
95764 97018 
65219 93627 
40081 68974 
3173 45675 
63822 56660 
33247 51375 
68611 44964 
73938 28723 
89814 41043 
17023 96006 
63105 40485 
87784 32782 
42564 18343 
42134 96752 
87949 94030 
56246 54198 
9228 62204 
36250 88796 
54948 77901 
25663 63835 
57720 33531 
16428 26289 
4852 67776 
75816 57676 
85092 1992 
85885 96255 
73466 8427 
54794 77891 
55368 76361 
25 68786 
58336 57226 
22359 92256 
55353 37845 
86471 83914 
27062 12080 
99087 44816 
21935 95543 
28869 545 
33217 55436 
43539 15695 
19389 8157 
49243 57853 
30915 71003 
4728 52924 
70207 41125 
48648 24525 
4031 14816 
22155 64191 
67965 53291 
90899 36236 
51093 47303 
70674 81399 
25737 32266 
39142 46761 
91853 57977 
72453 35927 
38587 22618 
80017 43107 
86570 39403 
23295 7474 
63637 16030 
95206 48 
83998 92086 
5587 34390 
46240 97567 
65105 74468 
39121 66905 
85146 98375 
45765 67194 
14399 64892 
66621 76746 
14216 21444 
39517 80686 
34304 86602 
21119 33974 
87891 38038 
8301 79068 
41242 37724 
20198 95377 
26238 30182 
32146 726 
56715 56679 
51211 21234 
79356 38580 
49714 95337 
18133 96386 
27908 80130 
77676 87529 
59896 83741 
55384 65615 
87891 56184 
74731 86550 
69120 32918 
92888 12872 
46900 40302 
54692 96624 
12884 40193 
61915 53207 
50969 12124 
1910 73930 
5030 45823 
32929 63347 
92448 44277 
54750 28960 
93270 18088 
2726 95525 
80917 85601 
90971 63918 
24488 80052 
96118 85420 
85003 4973 
16918 76288 
48333 72113 
66954 54574 
86118 2369 
57799 41459 
12602 69492 
8218 32694 
10132 18816 
71306 12296 
28956 98800 
5987 50223 
28000 1864 
31845 98558 
12462 22830 
97007 76570 
41349 8220 
57650 14042 
23485 87699 
14651 4393 
94059 50195 
78030 4349 
65451 51495 
33029 5324 
75833 17586 
63035 93162 
16985 38568 
44021 7521 
8780 31653 
62788 9930 
1949 88596 
26981 70450 
33041 12818 
28759 86838 
25891 94580 
95894 57278 
32440 68732 
14249 37969 
32422 48894 
33748 30266 
66212 34353 
76336 58534 
58039 41545 
48880 19563 
97803 20667 
26566 7071 
88905 79776 
13071 40783 
36758 53706 
2640 58498 
48101 23148 
66150 61755 
34717 10488 
58375 40911 
66875 53256 
96866 43847 
1545 83534 
94193 94025 
18396 22200 
34817 8237 
32584 30591 
75408 12135 
17519 48978 
13169 2540 
63072 91211 
10586 59496 
15105 57908 
86961 68175 
90731 76820 
87229 71022 
40380 78252 
16738 33851 
32532 65922 
87052 76169 
69869 49160 
52293 85581 
6673 61072 
28131 8920 
26411 99087 
76280 88606 
55767 89271 
6169 91746 
36777 93822 
92457 61619 
52262 52408 
32158 6439 
1403 72257 
68333 28676 
52115 59405 
88705 89705 
54751 14058 
66980 99197 
87726 96691 
52273 16413 
19818 8365 
27776 51435 
16149 18656 
53616 58387 
85313 17658 
80852 19811 
63604 64727 
73669 31628 
59001 55942 
4991 11498 
32298 34693 
97163 69865 
75751 25385 
63762 2660 
60567 78935 
71217 87318 
63789 80546 
79652 89713 
52370 85195 
41192 18565 
97672 14339 
30953 96027 
17130 68521 
61056 48417 
91511 84880 
81173 59429 
85958 96037 
537 69660 
10942 27334 
75743 50926 
95257 3172 
96323 31592 
7375 19935 
65777 19 
53739 82992 
19576 67223 
3023 98291 
43661 27008 
33855 55271 
57027 12028 
80245 37135 
220 7677 
53665 46951 
27919 52158 
53697 43648 
38248 20745 
40159 40619 
84058 64985 
28819 31507 
2150 53480 
90042 72654 
65242 39882 
75180 69786 
8477 65867 
69006 87676 
7339 92119 
68179 25864 
87104 38709 
15499 80940 
25260 7780 
77631 46468 
67829 56071 
40004 85320 
18121 82569 
6750 46003 
72152 97440 
35853 84512 
68836 42427 
10046 96296 
95003 39999 
42585 59117 
35417 58812 
43642 36916 
86180 96406 
27861 97218 
56245 96574 
26546 50183 
66267 38471 
78958 26114 
16576 57278 
16375 70027 
36804 82112 
19858 46844 
48556 5895 
28055 18837 
69451 33994 
94940 78136 
61994 93734 
49012 91427 
83943 25229 
85297 41430 
28177 15509 
29369 30272 
49578 82534 
48690 43611 
63978 63438 
50666 61146 
70014 12242 
99166 39095 
88529 66258 
1614 83317 
36141 97546 
67327 77904 
49732 26048 
14407 33419 
56782 34374 
7308 71379 
42856 90756 
40096 67157 
2013 56283 
41438 32164 
68503 25308 
66555 27985 
18839 23768 
58625 70104 
2193 69205 
7541 96883 
4008 78361 
7479 50696 
72852 93490 
16371 42394 
43732 86936 
50172 47745 
72453 94973 
2729 15051 
55068 26587 
68070 46840 
44077 90611 
56125 55328 
88731 85480 
35144 81323 
20674 99935 
4510 9271 
78107 80068 
172 7366 
11768 28405 
61572 70940 
44230 14067 
43755 49809 
60392 89591 
41223 95800 
91482 29567 
1160 75394 
17506 29071 
42801 54212 
53797 25683 
67003 75043 
6165 37934 
35491 19153 
76115 45134 
22789 61815 
72708 68779 
95490 7320 
40865 54138 
53330 16175 
47231 92099 
74423 17736 
74245 66007 
43045 35241 
60603 55947 
2540 37026 
92051 83852 
68172 67614 
90307 36766 
55191 5483 
69834 62767 
25891 40464 
32352 94279 
36108 63074 
47137 16895 
66395 10495 
21535 68332 
56009 19522 
599 21768 
18899 95431 
47315 80571 
10025 17610 
45667 87297 
27629 67668 
37563 28853 
82495 83845 
51697 1829 
38779 16733 
7451 87283 
32607 85615 
80207 72625 
4486 12188 
95763 49749 
39433 39001 
81043 13193 
94794 23617 
35860 79877 
9856 36352 
6231 52822 
33673 79341 
33602 55267 
77911 87801 
26272 68748 
64 70505 
49466 18918 
49052 95830 
58654 66313 
59995 32165 
7139 75725 
67866 7042 
43340 57520 
20769 58033 
75845 96944 
12738 10284 
25002 13381 
23245 30501 
98675 20508 
46006 75242 
26765 90426 
13230 72604 
64187 60097 
73089 50672 
25226 56800 
57989 53551 
43535 60835 
89133 66392 
61514 68295 
98895 4461 
40403 64525 
16677 8182 
48157 69744 
56239 25961 
25996 72293 
62851 59729 
56522 22151 
27202 94268 
56370 17548 
49630 30762 
94596 80949 
43020 97408 
94351 87135 
95662 15516 
9861 75773 
76344 58211 
83319 53586 
53169 50661 
77051 67154 
14823 25712 
45119 6342 
28461 66846 
55538 80504 
41914 41617 
99362 94856 
39551 52987 
26114 42798 
90949 13457 
26390 21452 
89416 77452 
41948 72338 
63453 51084 
21160 46837 
58392 35277 
53471 96988 
27751 48137 
10317 96159 
44238 15545 
91955 1271 
38873 15131 
29731 78495 
3381 8093 
21563 27728 
45757 95803 
84741 57667 
71844 93655 
94620 82910 
76789 23355 
40400 37274 
69395 86619 
69883 23417 
19686 98239 
13963 47822 
15411 24497 
78570 22356 
36726 94119 
66892 48861 
9990 23288 
47912 41615 
81362 23652 
18654 84000 
58816 42846 
17002 60350 
7222 20738 
29556 51705 
45295 31411 
4696 35066 
85509 20864 
24905 79765 
78476 43434 
14337 91685 
71827 46194 
57742 16312 
70286 49837 
85069 74997 
88439 27040 
32422 75295 
20567 84857 
24504 5879 
12982 16361 
36310 99294 
13462 98609 
82508 21674 
89639 78918 
51851 27565 
53642 9502 
50873 122 
3802 61744 
46283 82199 
95902 75659 
98637 92230 
86233 77554 
61258 10306 
46637 29483 
77824 14481 
37734 57740 
49641 45090 
40716 44496 
59364 75755 
90351 56595 
31740 73724 
22267 28605 
83959 39375 
46119 13406 
68254 24904 
82889 62927 
37665 45651 
59375 4052 
72177 13983 
35813 30327 
86952 45316 
53638 38751 
6955 8566 
29514 2783 
33006 19256 
89088 87600 
43129 2459 
29303 81755 
70045 84910 
21650 40538 
70758 10874 
20410 10665 
57405 14734 
19701 33387 
89870 24755 
11073 3646 
40175 17131 
29420 96602 
26212 87150 
39143 59704 
78133 55222 
4783 8366 
44565 79484 
10736 56420 
67755 3857 
43239 58689 
56895 30654 
24426 42342 
67064 70255 
93068 56132 
47587 86817 
59522 72203 
58081 28669 
23435 33805 
63055 4766 
31914 54116 
6650 44449 
73169 36284 
37970 56795 
46027 2869 
4391 87922 
19271 94079 
55384 59928 
96392 18475 
2557 63450 
31167 17298 
63013 67412 
97339 34112 
72560 4078 
1736 65150 
92939 85362 
44348 2595 
52923 7152 
71102 72919 
57013 2455 
35557 15521 
67435 11301 
84232 43062 
15199 45546 
6945 74224 
24266 40175 
48345 32062 
39149 99120 
59713 56684 
30811 63324 
81140 89678 
18263 51454 
83373 49534 
84032 49617 
65872 32238 
80497 55383 
3063 39294 
21053 13581 
54285 56608 
25193 16568 
4600 81990 
39785 80064 
83416 26486 
90192 47143 
15790 95280 
24346 17598 
97291 87653 
493 47651 
47510 42240 
35030 15868 
89522 93829 
70730 5133 
23081 951 
47602 7660 
7826 49767 
58729 20290 
49435 39013 
51684 60694 
86481 3239 
92409 1587 
8610 37153 
42991 89730 
97733 42533 
17295 89199 
73071 31036 
69188 64325 
38165 81125 
36910 96685 
73392 65447 
14130 12650 
91058 36150 
43310 83289 
71790 79968 
30254 46742 
30743 32324 
60022 94750 
20050 70297 
53893 59594 
59968 87946 
44664 35510 
5343 94349 
63258 69463 
96298 64627 
23501 60225 
12456 17279 
63882 11793 
48554 87395 
55204 97449 
55951 14565 
11269 4147 
49323 66797 
46081 43404 
60767 77299 
5522 34524 
34531 79659 
64052 88702 
94785 88821 
17721 48471 
86120 90127 
23612 65934 
81859 66833 
32805 35365 
78825 17642 
39076 31003 
48845 90144 
18731 39265 
97078 83490 
68349 16084 
85137 54180 
56675 44718 
13050 92555 
94494 17129 
18218 24393 
92044 12916 
41849 31928 
17376 3773 
33752 81729 
91049 68591 
14883 93007 
52619 64562 
93734 79278 
12632 63037 
37415 48735 
60175 25372 
31196 54247 
30482 63654 
21316 42602 
49744 3921 
25013 64412 
64930 45401 
9038 71071 
35330 88265 
83295 43174 
9473 84553 
29813 66054 
36176 52158 
88900 92363 
61705 80144 
54110 9085 
46377 45180 
85585 56941 
93408 53496 
37348 33825 
20397 20518 
8289 50728 
19577 1225 
68889 98554 
46792 88283 
86092 27303 
51147 2101 
67335 35266 
7377 7270 
71343 15222 
41175 3167 
88124 7038 
44119 53038 
73487 61682 
59255 35508 
34457 30284 
81021 25201 
1099 53784 
53930 35044 
87574 43555 
73243 81834 
40642 11532 
87860 68762 
97372 29519 
80760 13868 
25468 71698 
55517 91751 
99416 21761 
88793 97376 
73572 6716 
18171 85458 
49320 53041 
22284 86632 
97622 47724 
15932 52529 
90546 26658 
26701 35844 
15771 5902 
41618 68651 
96616 17555 
12409 62442 
16777 11256 
86209 16761 
53764 34808 
84891 89814 
57936 12969 
90649 54035 
75037 2134 
8088 32390 
99357 10483 
63781 87030 
61860 38071 
73107 10946 
3080 9432 
51153 55382 
54094 42454 
69572 11038 
50562 21577 
64483 49445 
34580 20848 
81891 22441 
57043 52886 
6535 12255 
79203 3553 
57692 22499 
86312 48889 
51186 1232 
68489 40851 
20695 91259 
94383 91459 
63425 9977 
1737 81106 
25300 71296 
55596 66160 
69083 75591 
79724 63383 
75134 10106 
49668 44286 
9029 21873 
46975 81209 
52842 47972 
13198 48757 
37613 13817 
9635 99129 
33380 39181 
84150 97992 
50124 23775 
69942 28686 
78071 19483 
92824 46912 
49018 34691 
43322 95475 
31700 57698 
77836 69203 
83688 30792 
49134 53907 
69903 54340 
30616 49990 
23549 51127 
91054 31328 
69129 75166 
96947 83057 
49177 6345 
68142 8124 
96417 32529 
89054 91756 
71311 84099 
82586 65465 
41289 52436 
86765 17741 
12435 93473 
35156 57320 
36986 90190 
31253 46676 
10747 23819 
24364 88387 
43345 82516 
39878 65044 
31251 18394 
90371 4578 
88559 49061 
95648 67219 
93761 88191 
69623 27698 
92102 81150 
89807 56916 
52557 16346 
51274 90961 
16076 80697 
21072 12183 
87486 28527 
51369 56988 
17245 37163 
80029 8056 
91257 29679 
45830 24910 
97029 55440 
72217 16035 
62691 32526 
28258 58244 
71717 72570 
58390 24505 
40711 28221 
83550 90157 
10162 26166 
15500 49261 
38823 74524 
93367 87771 
11238 62453 
46905 28258 
64851 1913 
14457 82154 
18305 96794 
95306 19742 
35703 63006 
95848 95624 
92967 64606 
36956 47895 
21932 75697 
25937 23018 
95365 25559 
60627 65136 
81846 35382 
25476 48564 
43302 8936 
59872 25221 
69942 96682 
27486 4991 
47436 13054 
92092 86280 
29434 50035 
10095 6526 
44822 96640 
82908 87929 
3630 43570 
73344 12414 
78069 25035 
79388 71609 
25927 25628 
75943 2601 
92369 59143 
80604 38273 
73195 8348 
73020 72222 
47671 99991 
99070 62586 
92308 77681 
20871 76535 
68268 26804 
31548 7756 
34598 247 
39709 82946 
77049 91484 
42762 10153 
57980 2410 
50461 11747 
86697 57381 
90517 27843 
81532 21966 
26597 72239 
45091 95248 
45749 72194 
2291 57835 
27024 25853 
57182 74271 
86018 66676 
9016 68157 
1060 32916 
30597 11061 
65960 2013 
52711 92153 
81492 64718 
17252 64509 
93214 81814 
58641 96186 
6751 87501 
48235 89377 
63340 77832 
89642 69372 
38203 50017 
84215 86536 
32243 38988 
95453 19153 
63581 31304 
28655 12725 
29617 23301 
7873 42220 
2575 30309 
76089 37731 
41927 46866 
66475 71173 
55585 4002 
92729 61875 
18450 69021 
84671 22309 
61669 85631 
51667 31705 
78872 57840 
90873 94933 
56684 39739 
69942 16769 
25982 5093 
4521 97574 
47647 35608 
19726 35374 
91958 84825 
31758 1508 
44333 45747 
10916 42217 
71770 74670 
90493 46968 
14114 1079 
67371 15777 
22219 84074 
99636 52442 
51067 59471 
44083 8358 
30113 58532 
92265 2435 
75359 69229 
57528 46679 
78117 54011 
37489 14103 
3929 34223 
26486 95892 
61770 675 
80775 8135 
58478 12255 
45568 24929 
36204 75 
37505 34288 
1790 3342 
38738 36065 
96066 24918 
99523 26945 
18392 9527 
65082 46584 
17170 15586 
39445 91111 
80570 72873 
74102 35438 
13389 92519 
22500 44219 
65760 23281 
32787 92803 
87295 28619 
60650 64146 
16333 92763 
71731 35404 
78084 50812 
68777 18821 
57773 77821 
22578 75506 
35275 64902 
7688 77836 
16287 56569 
44031 56479 
71725 22863 
23713 31415 
1844 92233 
58722 92793 
74451 76720 
19648 67173 
47666 79684 
48180 77364 
76793 88131 
16825 80024 
22191 16623 
78187 44134 
20424 87846 
93065 15640 
54508 6081 
51773 98759 
60729 4153 
6279 72859 
39305 21862 
12116 55324 
94060 4476 
38491 15417 
12318 93567 
42622 41951 
10392 19245 
20037 68409 
12315 92853 
36441 63204 
99887 42191 
18711 99858 
70627 27555 
32687 32173 
66895 26210 
3634 12795 
94235 75314 
41635 10143 
29883 18921 
18588 98228 
33438 13357 
6148 16715 
10842 7075 
24605 24396 
50110 26067 
71609 98292 
42652 63941 
96560 62706 
27566 96981 
61624 67810 
47949 18830 
83543 75731 
88050 16858 
81748 53601 
67994 92868 
67770 17663 
8865 64458 
98526 20288 
45060 70192 
81803 22620 
53152 41677 
66082 49598 
86865 98682 
68841 81190 
56347 69669 
97553 93983 
66548 39383 
95848 30598 
34315 77606 
3608 40940 
36723 8759 
54290 8904 
4194 40704 
45333 50922 
61112 82916 
8234 48600 
33946 49174 
73744 56727 
92274 57925 
74585 10017 
61655 14720 
53193 37264 
48962 85409 
45230 79914 
50555 46234 
90929 3577 
71596 27514 
85836 85663 
70840 51330 
20085 60020 
59397 407 
71090 393 
24241 45351 
8358 28478 
17668 457 
41132 39505 
52403 74497 
89638 48523 
68770 32218 
88954 73940 
95072 84708 
40864 91390 
5277 82374 
13523 10593 
89110 92948 
51362 50675 
88847 8771 
98401 15255 
24349 42527 
56938 97628 
23321 38689 
629 78496 
97305 49103 
35987 13957 
55554 95484 
59630 49845 
28765 69005 
89887 40001 
82508 97755 
60906 90698 
36262 46518 
54942 1201 
68115 152 
14293 21305 
77456 21767 
18136 719 
98431 70000 
31538 62260 
5433 5848 
33976 91131 
28585 18846 
12962 95862 
1941 54834 
64670 63065 
53 33089 
77980 97746 
79578 99319 
90924 13671 
31765 72832 
99239 14181 
68946 11107 
65614 82837 
13562 33091 
25138 85413 
31792 13723 
7603 70012 
55517 86503 
506 40448 
66135 68363 
57960 69550 
71637 51677 
20187 13674 
94424 91924 
45861 87452 
1464 56327 
75315 58702 
50712 88774 
36426 27405 
98087 89324 
77032 59819 
7881 2877 
57758 59000 
36081 60814 
67420 66448 
10927 21935 
29462 6028 
17891 14535 
52413 1003 
7324 90172 
39890 17740 
82177 61488 
16451 15527 
90471 11411 
44396 10965 
42627 29079 
3645 97506 
97261 49083 
81855 95969 
10770 44893 
75221 50253 
25756 54798 
31716 23956 
81288 99240 
78000 98247 
64020 82140 
58857 19094 
83351 55595 
83688 92818 
46088 67301 
18498 82961 
26493 3093 
83734 18575 
76122 83215 
18454 84298 
94537 70212 
49538 25959 
86737 98824 
60974 71962 
66087 43780 
92747 40319 
22540 118 
11446 73971 
65115 62456 
85430 22896 
64885 54584 
66235 70526 
70130 78815 
24890 84108 
38850 25719 
16899 53907 
35482 9190 
52865 74529 
68478 69230 
33082 13132 
3278 15399 
63910 3948 
71269 67577 
11314 6264 
9465 87504 
62701 63905 
7959 84487 
62014 8268 
12556 21749 
55038 54080 
28591 46088 
31939 47294 
98545 12800 
82314 37950 
80896 80305 
84357 67292 
40517 4448 
34212 78084 
72007 71147 
84212 79834 
16459 67898 
99393 26469 
99501 9539 
60532 93054 
13801 1803 
38947 70269 
92818 47331 
43360 30568 
74200 73159 
92374 58400 
31036 86128 
97467 78295 
57072 43229 
50843 59310 
28042 57587 
119 22048 
25406 47616 
57525 25354 
1111 76802 
35148 63796 
82355 24637 
19732 64166 
63901 75447 
615 29486 
12140 11130 
42658 42400 
9881 46295 
52309 6308 
3762 49847 
19466 72252 
77215 55755 
30369 72310 
61059 77555 
37495 56129 
11114 6085 
41267 6235 
27604 88010 
85353 89884 
64669 53901 
92452 90485 
79975 88920 
70662 49979 
4175 16637 
1889 45093 
67900 97053 
83219 14989 
9984 23586 
29779 55600 
4805 40629 
63335 96824 
88876 93173 
4714 82726 
37272 63129 
60126 82072 
38976 43091 
41542 66722 
46918 47673 
89517 8833 
33237 64948 
73199 64295 
63233 6095 
26720 29463 
12495 20063 
43782 81010 
90860 1864 
92963 34591 
4121 38049 
35118 87026 
79864 995 
21224 38819 
7273 24824 
24108 29104 
92482 70075 
10742 53486 
10776 11703 
93098 76728 
44884 65564 
5071 96891 
34644 2187 
40551 65272 
27454 83501 
53439 17364 
11249 98111 
64289 24075 
32108 63750 
40179 29569 
47168 11790 
14557 2327 
40167 67943 
92000 89447 
31709 95784 
39189 30656 
49295 75244 
97862 58173 
83143 46950 
68130 81304 
43029 65089 
1217 30519 
48649 66403 
9594 14785 
31394 81030 
49389 28030 
98998 82029 
55104 25910 
16152 94830 
9851 82375 
83979 65199 
15700 27082 
59167 14954 
88175 59301 
39591 98313 
36564 31735 
57426 8582 
7401 98537 
63017 74832 
62340 25821 
53217 31303 
33620 70083 
96389 38412 
50404 40229 
32988 83620 
57506 72236 
85366 92809 
54362 62033 
93398 38403 
66585 21773 
3538 39173 
25026 47447 
78078 8441 
67996 11659 
58676 22392 
1150 24390 
13618 48228 
46510 36695 
21829 93106 
87180 97554 
98289 9125 
67578 12463 
45309 17047 
40286 93843 
22031 92033 
60169 38000 
60550 88335 
13947 11105 
21203 66728 
39165 77551 
71885 28387 
30346 58027 
96625 51993 
52074 61824 
87231 77051 
78854 98082 
48423 75682 
59842 34117 
51720 7643 
62846 35439 
6192 58867 
86507 91717 
75277 22491 
42144 5699 
57992 93207 
97480 97959 
70161 10652 
43322 59373 
6696 5669 
91207 65335 
39498 74431 
35171 50975 
7203 29752 
13984 35048 
82801 56347 
91554 71627 
63030 27359 
32686 3395 
9519 23187 
88950 88071 
85802 30437 
25181 70375 
76596 88780 
10928 75969 
46159 96553 
73189 10906 
91092 82146 
56834 60392 
69579 97520 
67356 94053 
43860 92648 
76941 1377 
55660 85239 
59302 649 
65292 48796 
81343 87456 
24349 3874 
20422 14693 
19167 12340 
94845 25035 
17652 42519 
92187 88940 
75603 94287 
55127 36526 
10329 47487 
37731 10039 
29127 24500 
76435 5106 
8107 38362 
29470 13646 
52897 31495 
26073 29014 
36898 96966 
32531 24872 
5062 14102 
85968 73259 
51567 23367 
68760 24475 
28306 11608 
96550 31641 
17752 78071 
71057 66180 
8571 4044 
5239 36968 
45241 54555 
62820 95522 
83980 99232 
66794 82369 
76451 51252 
22264 45593 
19986 88258 
67781 41579 
58493 37164 
16364 10094 
91738 75998 
72442 1101 
52355 30208 
14208 19080 
39716 18331 
12215 42134 
57725 32466 
14508 67786 
89608 22702 
66190 35139 
56947 91460 
47054 73921 
52485 93648 
4739 34969 
6650 81599 
32854 63835 
46259 29950 
93613 89414 
30551 24941 
12741 12931 
4459 5044 
80756 99077 
91952 95411 
79215 90731 
63326 87320 
13105 91475 
49444 75602 
71270 85965 
43261 81978 
55644 97228 
24340 60326 
16987 12100 
65619 1043 
9974 41257 
33346 26027 
33650 18675 
70883 93219 
54667 86865 
64989 10219 
20153 58848 
29229 90193 
54671 95595 
3316 70075 
1468 88540 
59484 51047 
12026 90759 
27380 14314 
9931 97570 
97523 11404 
55163 37521 
40029 27528 
13117 98162 
80079 68971 
89048 77435 
4517 31086 
23068 21231 
35026 62091 
53441 80318 
92444 49757 
46646 95822 
94116 22966 
61522 1358 
71549 78193 
61764 12106 
69201 12190 
16176 56340 
86868 66411 
29269 93311 
57955 66216 
26169 52888 
13773 68415 
75246 26991 
70109 14420 
69511 40601 
86406 23105 
3498 31014 
90220 47384 
76254 67998 
30029 61605 
22979 54670 
17972 43052 
27995 59128 
50799 60146 
99931 40273 
52058 82390 
96347 47766 
61490 82668 
69514 95664 
8617 11198 
67655 32074 
46666 82253 
66668 53003 
90279 29708 
26208 37616 
95841 55546 
60987 14227 
46813 16616 
93217 1612 
58117 69306 
5378 8586 
93390 19177 
43831 16343 
96842 3216 
33246 12624 
77502 66025 
49452 94573 
47773 78107 
64001 8020 
10517 84328 
17613 44893 
9293 63718 
1626 77659 
4918 27948 
26683 69872 
18168 85157 
36092 65339 
83222 48228 
77676 24909 
89380 72181 
82366 49488 
49597 64055 
10413 678 
23544 20447 
16803 6301 
40207 12836 
56319 17047 
10418 58876 
95659 62674 
93275 89033 
25107 41371 
82039 42265 
65512 64332 
4910 1883 
47623 69053 
93980 13285 
351 9531 
61683 8969 
22111 29247 
38260 3022 
25088 23747 
65993 7254 
36179 3611 
16417 64176 
10278 75716 
95225 88244 
61706 70996 
26253 56087 
47795 60232 
60716 88898 
44979 15950 
40777 25703 
42239 98095 
57553 94949 
39312 63949 
82857 53647 
77839 28587 
21208 78251 
52425 31222 
24099 59520 
45614 94875 
32030 74815 
5826 2084 
61457 85573 
40559 47740 
33620 35165 
28495 71645 
50113 2904 
63625 17998 
56081 3652 
32102 16803 
96117 9305 
88254 33030 
60183 8369 
40045 83406 
37322 12905 
76233 77800 
43441 68315 
67573 2468 
66115 20758 
52648 25745 
74138 49432 
75246 73338 
72475 76501 
74676 89943 
44286 26176 
43014 76711 
10858 16237 
54006 69936 
57571 30247 
37169 5360 
19436 36774 
17648 94604 
93263 93119 
67443 25503 
45198 95368 
16879 86488 
12136 14030 
56508 6674 
53436 85101 
19123 97933 
95400 10042 
69162 82993 
25128 55047 
42496 94466 
32660 29838 
73441 33742 
70724 69358 
17814 85779 
99921 37884 
30947 96108 
13877 24408 
87798 29719 
93652 595 
38638 48018 
23600 68148 
78274 59676 
11934 31159 
69365 23924 
98393 90797 
1105 10751 
98690 74640 
83401 51452 
30844 81029 
73640 45103 
92028 40015 
8244 21797 
6214 66770 
64434 1861 
42707 10788 
8953 31752 
13537 84775 
13 21998 
93744 90800 
96278 60266 
72733 48103 
92447 23545 
37167 66909 
44862 67420 
6267 5642 
72488 27551 
88950 95147 
18769 28715 
8853 12821 
38052 60166 
48125 42019 
26609 42550 
93732 57651 
52808 81251 
31098 37575 
53521 73806 
19030 11235 
54628 14889 
97184 21890 
42292 21390 
22724 96888 
58678 82207 
6374 91607 
20860 22673 
19711 97006 
64908 61880 
75345 78172 
98479 32671 
39520 41824 
4708 28727 
22742 14402 
77808 40889 
8160 49213 
86493 45771 
19735 71035 
55191 13704 
2643 9640 
24995 10171 
86872 69897 
6388 75186 
31672 35445 
64005 78397 
3243 5324 
80034 64238 
21031 18576 
27354 21063 
18967 30480 
46075 30955 
7184 65906 
57886 82785 
87030 90227 
71468 60088 
67590 6297 
29186 47472 
55471 7160 
20386 34503 
41272 88531 
39839 34425 
85944 52469 
1218 76527 
18132 14265 
24981 75656 
89675 58265 
7610 30075 
541 75129 
44901 49791 
96814 53004 
25825 71440 
65715 88137 
35472 72975 
213 26653 
5679 61647 
82400 48526 
30164 72143 
39641 57241 
17333 78252 
60365 44174 
88419 91069 
17445 55436 
41181 89482 
36239 740 
90136 4577 
61681 8777 
63130 58610 
24191 51663 
81045 41296 
77730 32222 
72511 91448 
84981 52159 
78737 40361 
54410 56639 
84911 64846 
91891 81361 
74100 92445 
15599 11874 
37166 99109 
97044 1740 
87946 40517 
33392 86058 
26800 62189 
26651 69948 
67577 40707 
43804 67777 
93175 18576 
58672 18225 
33076 8682 
31027 2744 
62598 60754 
61430 50503 
8061 1915 
71271 21631 
4679 86126 
96675 22367 
94700 13232 
52193 20682 
72180 7293 
15637 98987 
77722 76048 
8935 1756 
21640 8582 
1551 10181 
67212 6662 
42784 3446 
37030 86710 
37203 46748 
14947 34006 
13471 79905 
3703 38471 
995 67198 
64032 92250 
21128 9025 
4917 83347 
20037 9040 
16617 76640 
18909 36607 
38185 33928 
33809 23746 
29446 87968 
22305 88166 
73713 52027 
46876 79557 
72016 16058 
6151 5011 
2217 53387 
74196 1242 
7096 37669 
5355 86233 
44347 48872 
7527 40983 
78391 29190 
60363 43256 
19020 35022 
56444 99497 
15100 19538 
73365 98578 
92904 71880 
42496 41557 
88143 33626 
66273 85352 
58324 10960 
50002 75042 
77820 1810 
56467 29438 
11865 61269 
62012 87655 
37666 35706 
91350 20579 
30924 6258 
34949 60465 
64271 95747 
7703 4332 
70485 9592 
90437 2386 
7824 895 
6875 51397 
27382 72648 
27849 74768 
83160 55887 
61804 85988 
44312 31606 
86070 206 
66063 96403 
96908 79878 
50866 7045 
8003 74736 
84585 77558 
6840 43776 
63847 43921 
86339 27542 
40177 56089 
5138 72649 
94131 4822 
94084 97321 
18354 41656 
18773 26662 
32347 4400 
28388 19441 
73701 17617 
69627 54351 
10638 97849 
21168 43046 
98955 56690 
8896 89678 
62765 61340 
95050 22227 
12951 81884 
95450 79618 
29821 27299 
68153 50423 
27173 48087 
34161 23901 
83831 62404 
36211 32175 
75706 44712 
15213 33565 
66484 1220 
85572 11382 
18329 44774 
20404 39953 
65279 73329 
15568 201 
51526 50810 
87475 10797 
74346 86874 
73792 77722 
87180 13014 
48453 55021 
12204 56394 
32776 52572 
83714 19992 
83053 22929 
93726 87836 
61607 8575 
39445 87515 
53130 33381 
78573 58655 
70983 77624 
82918 95671 
9218 84630 
43367 55863 
35222 8885 
19981 49801 
85148 30446 
49864 59948 
19758 28500 
22373 65610 
21786 28168 
6397 87530 
67620 8902 
67590 3850 
85887 90329 
44853 30657 
23414 91906 
64784 4948 
75093 96488 
60443 55628 
98335 34696 
26479 98999 
25076 46920 
86543 49240 
4711 72874 
70849 91481 
59867 64793 
1867 25331 
13599 19681 
64347 50111 
51352 78478 
92226 29535 
13958 45554 
39424 43215 
78986 40642 
14161 5122 
76891 7156 
47127 5010 
5715 65740 
32693 7818 
53505 20006 
29328 28187 
11132 92574 
30472 82496 
59871 93868 
20354 9183 
47880 3544 
10580 39633 
27624 75022 
12786 96543 
12327 57233 
40266 94416 
23706 64578 
47185 17744 
45506 15971 
7858 56391 
67776 6952 
10520 84891 
5368 75018 
90144 82547 
789 67658 
53055 4665 
76327 24999 
52461 31724 
83279 44555 
58470 42914 
7149 4246 
28785 83241 
26844 81687 
26971 19278 
93169 22673 
54056 7617 
87358 79859 
56165 32248 
43875 63832 
46039 2304 
73425 23080 
29455 40031 
1859 96794 
58954 30295 
48588 65039 
46731 47630 
4162 54483 
56160 24517 
30807 44717 
57117 75521 
2021 60120 
74158 45885 
17730 25312 
78537 10311 
80036 8405 
75169 7924 
91262 75597 
13875 62787 
40771 33084 
10559 5833 
79955 37847 
98485 83726 
45814 17535 
42376 12892 
82731 51505 
38818 12869 
29292 30027 
95265 32099 
82457 26687 
26942 61444 
24882 90275 
36025 15930 
2884 86698 
40703 53635 
72308 98948 
3075 92108 
87464 23690 
64309 77374 
94360 86755 
33091 58278 
3572 36597 
89095 19869 
60442 64768 
57090 33470 
630 45490 
79231 88234 
77659 82603 
63211 79254 
75669 1504 
12151 40631 
75472 26112 
48472 28463 
24824 36461 
28451 78299 
74927 11231 
6762 84381 
84302 21335 
51040 73877 
58473 55604 
25334 78291 
89308 27711 
58298 36397 
81392 34646 
87071 98264 
4478 11360 
21007 38346 
90848 53676 
777 27093 
4305 62083 
37826 55186 
43582 92759 
6775 52243 
7095 88965 
29075 92718 
38253 5900 
30066 35731 
90958 35171 
73583 2689 
3455 81230 
78317 56806 
45349 41432 
98389 12027 
7414 93828 
6947 65335 
36682 2359 
56028 16093 
80397 7813 
98577 8772 
91526 84727 
49203 11348 
65827 9352 
29103 20617 
25900 1867 
87582 67819 
41135 77223 
17659 83235 
74188 63310 
86501 66752 
74360 22576 
82752 2950 
96178 43818 
42328 53856 
7517 54521 
51801 60279 
65753 40956 
44265 83514 
82734 53207 
96386 23216 
69744 15321 
7343 54357 
52200 57007 
90437 36451 
70458 32599 
36383 61599 
37905 95463 
13651 24411 
10403 51564 
55680 16505 
32222 24636 
47396 71012 
62718 27180 
64192 8409 
55325 46488 
35363 64025 
55835 22929 
978 9644 
10463 18948 
6242 16936 
25874 51523 
30669 48797 
3110 88295 
80674 6185 
75295 88121 
83726 2671 
15001 509 
9756 86693 
41331 25216 
11258 82342 
49078 73214 
17365 73556 
2693 63307 
39159 13703 
86352 34874 
43553 2786 
78090 56517 
31338 37894 
20699 62862 
11297 9020 
95066 57282 
96798 81997 
62611 77061 
63850 83055 
32665 29268 
335 75388 
27916 70624 
44984 97115 
66452 22639 
61628 12148 
52473 84543 
19362 10750 
69396 30830 
52470 84912 
98872 57658 
55324 95233 
47137 72960 
26922 40546 
46149 8757 
17350 39369 
11147 71027 
44149 33055 
78520 32401 
40456 24595 
18307 16024 
68699 74097 
14176 15120 
83802 82260 
30404 42117 
57998 6509 
40124 3608 
85766 70986 
72083 53029 
71825 51216 
44113 81577 
67758 36989 
90749 69765 
63530 2941 
59652 36892 
59034 45256 
46950 93826 
37760 75079 
65127 25645 
39778 94473 
88742 5042 
84463 19137 
3058 64789 
24718 53584 
88574 38177 
23935 69145 
10475 9991 
34541 82881 
46179 7435 
22669 86396 
76462 333 
27375 27513 
86014 73019 
64780 4943 
67869 76509 
87597 96300 
2748 68872 
88768 3208 
89205 4150 
94237 63748 
33318 35752 
24385 52123 
67740 58928 
16251 58161 
59074 28768 
89368 15180 
79814 55069 
6910 23719 
66516 93536 
30809 774 
59387 23924 
94592 69443 
20154 30077 
20932 92246 
54838 74240 
92226 42909 
25998 88609 
42021 6006 
25019 90754 
72661 91627 
89188 66371 
20299 53125 
90595 52779 
82230 99952 
94292 99617 
93488 4798 
81683 79400 
89758 14432 
61786 69925 
21841 87055 
47790 32924 
93308 95488 
59218 68959 
77402 55118 
21091 37238 
31893 58299 
70587 90824 
71257 22793 
49037 92700 
74459 90797 
52447 46155 
3547 47294 
37331 94211 
83374 61659 
30249 17082 
46009 94874 
69268 84112 
74705 56184 
13442 97216 
91805 37669 
92471 96530 
22542 2950 
32841 85779 
32407 57140 
89029 74844 
79639 79138 
28791 30045 
46310 54504 
70053 68876 
11636 7412 
43622 35210 
9323 93537 
60673 43478 
67120 82256 
96934 85843 
61229 26161 
66478 55132 
30810 88642 
47211 48056 
88550 76172 
37436 78226 
32104 933 
68280 46533 
8201 81542 
70281 87623 
6284 74912 
94147 35562 
61804 20639 
15413 29183 
30616 70813 
10705 8203 
55400 72799 
79299 34871 
82635 70262 
97842 12740 
4364 88608 
38414 64086 
92862 75009 
50460 70560 
68249 70306 
5723 77868 
89233 346 
31923 14581 
85356 87687 
15721 77600 
55489 1093 
38448 92403 
41773 79901 
19054 64868 
50815 93057 
77959 3284 
34669 18538 
2728 4109 
62972 57842 
91909 63112 
14588 32388 
76931 94686 
92200 43906 
73594 16500 
16524 19269 
94473 84033 
88154 1756 
61483 40146 
14536 95310 
93868 78518 
87143 16171 
11052 6597 
59672 57085 
82067 33650 
21922 23342 
73674 2568 
85961 56984 
97867 30281 
1333 25818 
36046 20935 
94244 17209 
22001 68442 
82021 43160 
98697 70574 
48617 32802 
24932 35456 
79530 61175 
97071 73154 
45229 39065 
68359 29954 
91013 67639 
93718 41046 
38228 43801 
1467 48462 
26841 87384 
95091 55486 
32602 49729 
17910 66166 
73373 54654 
71486 89118 
78683 17494 
64571 68532 
34140 85608 
83615 42080 
28091 44644 
18094 15384 
21731 38870 
44356 85754 
35868 60971 
70214 44115 
97624 77012 
69164 33335 
18581 65606 
87899 43645 
82246 66858 
93697 81348 
3148 56261 
39313 55785 
82514 81507 
62128 91261 
26163 26005 
1630 85637 
9130 91962 
14700 5333 
68481 27963 
91696 27674 
80896 61254 
28013 15842 
34821 33339 
85569 39140 
38307 78951 
86568 31815 
13175 33140 
17952 17413 
13701 98946 
89084 12430 
73759 58999 
77520 62971 
30213 68417 
18102 61208 
92293 23485 
39178 34595 
26823 60841 
26390 141 
7371 5302 
99250 28460 
31736 50956 
18672 67903 
46682 29743 
4615 37749 
31386 94571 
32185 11274 
81850 19813 
91820 74427 
7304 1099 
44588 63934 
96661 18404 
77168 59830 
38143 11714 
62740 31743 
78440 6909 
63806 15685 
89101 21022 
70853 28675 
67340 70665 
56829 12229 
36021 5131 
41545 32526 
23323 86627 
2410 55051 
96434 44016 
38308 54544 
95577 33648 
91979 17295 
64802 51067 
62899 42128 
4155 50769 
97461 48882 
74237 47716 
26174 58723 
68585 93896 
28589 19370 
31951 46020 
45890 10064 
43234 66274 
28310 76115 
715 27109 
99973 10899 
44171 23122 
47303 24348 
23578 28375 
88777 11347 
77314 75853 
63611 60835 
14128 77298 
84854 27012 
2618 46233 
38422 17739 
59545 34804 
73743 42008 
94060 45899 
23996 98344 
8722 36035 
14296 79031 
80212 81615 
64769 11259 
42713 41432 
72057 55616 
75139 11650 
57639 34764 
49786 36017 
4212 70730 
34406 3685 
62453 67927 
52325 39764 
99617 90822 
95955 69624 
78713 50135 
57870 16952 
2435 29495 
90619 77710 
29516 55683 
31540 97387 
72882 39917 
32028 67325 
18735 95049 
12124 47388 
63605 64134 
20691 16887 
52475 79520 
19093 53426 
15206 8405 
22003 40202 
40799 30781 
22794 6305 
99434 38714 
2959 11695 
20755 42131 
75112 98777 
63547 15592 
37314 45885 
66710 22951 
22843 74481 
54373 12400 
13991 81509 
79011 83074 
51060 91098 
25579 86193 
8472 45681 
66994 38692 
28728 85612 
56664 95327 
1951 98477 
67340 46447 
53832 54566 
37191 82946 
58013 83335 
63813 97337 
20304 87206 
94780 70470 
91606 33667 
99384 27087 
53979 14404 
70370 30255 
90067 11062 
96760 24622 
89882 61244 
69265 31541 
70975 75482 
28329 45277 
88084 16173 
41488 78838 
86583 12839 
1549 60401 
10412 54597 
69953 86897 
9619 70332 
50782 99972 
5269 79822 
69967 61393 
60186 74962 
51596 69885 
72824 69219 
28587 79469 
58569 35578 
98554 50542 
7854 38515 
37341 89284 
13676 53879 
12492 8387 
42492 62098 
96825 72696 
81901 94741 
68322 77027 
36145 12216 
96706 40236 
56172 91272 
59358 89585 
84856 4979 
99632 52488 
69940 84975 
39187 68912 
47369 66039 
82567 87051 
25890 26419 
7104 7310 
10168 53847 
14075 95191 
84118 86806 
28121 92411 
38749 3372 
71063 17340 
69567 55816 
3568 60833 
87394 78179 
23494 51581 
83462 26139 
33305 86277 
64719 43755 
40596 94260 
28525 90062 
35551 33684 
77244 99962 
97073 96861 
82730 98525 
15359 36115 
98278 35534 
82842 8285 
81369 58015 
97739 75972 
34350 92473 
44801 96684 
92182 65702 
66458 77221 
86488 53274 
14158 69976 
93336 8209 
74520 40237 
28581 88829 
97819 39187 
88997 74393 
17347 75934 
50110 29939 
37371 93774 
22280 57543 
84686 20800 
35503 50297 
64159 83039 
70326 47375 
32235 39496 
77383 73842 
3974 22811 
31290 37224 
39032 46642 
45975 44379 
9881 71506 
37986 96812 
41593 4442 
61938 20352 
26690 44728 
57965 85990 
60842 77791 
44887 82653 
15589 62535 
64799 9852 
62830 53491 
34863 68376 
92450 48521 
90314 40588 
19264 55231 
9039 68384 
58344 24849 
92568 56497 
58868 10963 
40896 51600 
25743 72387 
99306 73522 
25579 54320 
74163 3900 
68970 50061 
11692 69725 
84606 66707 
8769 94499 
52368 92602 
78055 28065 
42360 91726 
21081 7733 
14744 30798 
72428 47893 
71273 78544 
65687 3109 
13571 3403 
37651 539 
55520 35882 
31004 91530 
57483 54849 
77785 29392 
98668 3229 
45950 40573 
80575 37890 
9627 19858 
59252 70954 
59979 46722 
37016 65325 
8067 89580 
5304 5927 
43714 37439 
19500 79943 
5072 74337 
3858 64320 
82467 90963 
30050 36828 
27051 9969 
86424 98200 
59894 86737 
56676 17156 
80374 35769 
56471 87575 
54066 24338 
34428 17647 
19806 69687 
29922 54521 
93207 73816 
94338 84784 
59619 30767 
24669 41042 
43377 45326 
28774 87963 
12158 9198 
40150 57292 
25356 90942 
26725 50706 
63616 9365 
92971 31804 
83005 76543 
57530 84070 
21788 16296 
99614 20380 
50354 86672 
6560 91409 
95572 60897 
22234 55249 
89705 50239 
91384 38612 
90977 84358 
18562 41177 
97989 99983 
11919 8977 
33406 27130 
61936 30132 
3668 3563 
13089 86837 
50985 92861 
22464 31166 
1429 29176 
63503 39107 
78697 62671 
25350 37152 
96946 33600 
78673 88866 
68081 60175 
27380 75006 
58970 85538 
42285 134 
12284 92631 
77606 11048 
1017 62167 
4037 17976 
21200 18609 
53219 68133 
39920 81774 
57559 33071 
6496 17567 
86649 36200 
3497 60374 
26944 64900 
61254 61734 
24892 82875 
84629 5202 
15375 82671 
44030 15676 
87085 95763 
63982 82958 
94404 8146 
2072 13958 
11351 13088 
48658 25717 
37363 69496 
93466 92263 
6915 24299 
99039 62373 
25444 323 
92990 72386 
52523 47300 
41083 88519 
79954 3007 
91421 26474 
7165 13935 
86337 12654 
99268 20490 
23076 70922 
24129 20375 
6948 41603 
3984 85671 
81349 65291 
84399 24036 
37913 93043 
18813 42520 
7000 16660 
90401 93691 
3856 48022 
44695 58080 
58979 14796 
86135 44388 
92584 81377 
99690 69475 
2536 48523 
94683 13837 
22696 32909 
32121 35085 
74389 78699 
89135 61902 
77500 7250 
34521 84004 
9716 68175 
37924 99822 
2517 15267 
11869 82951 
40730 94134 
90603 80834 
88829 94933 
82659 64747 
1617 93200 
95068 8799 
89538 74526 
16289 87520 
99583 14714 
62258 46514 
41599 66065 
35310 18763 
36792 82545 
19324 30308 
90303 1864 
36035 63397 
92957 90862 
17310 22599 
38661 52103 
6033 79971 
3339 84223 
84336 59032 
68970 86294 
42015 54147 
91936 97397 
40319 71838 
8809 66548 
96639 23605 
44613 55293 
14236 96071 
38749 85518 
7734 73511 
31952 58396 
29947 90346 
64030 86924 
88478 46687 
16576 4097 
51596 28729 
97474 31541 
82026 37630 
4716 19310 
4603 45411 
25903 96535 
9118 64511 
26793 4763 
13263 38819 
57320 21060 
62178 38298 
56772 16356 
20972 66794 
71129 35977 
24413 73151 
5060 33977 
84086 89480 
18653 40611 
17442 7217 
44706 93168 
55443 41565 
46212 14422 
5958 27976 
55682 80023 
98542 40516 
38035 76484 
12942 21275 
96990 14721 
98423 62442 
1270 30667 
23947 88187 
41385 74078 
60237 42241 
40353 59405 
83967 98840 
32461 28507 
11540 79649 
92999 53948 
15405 77362 
48871 93784 
49314 57853 
25100 93982 
10657 37066 
85453 22995 
97741 6293 
6765 14516 
77825 10030 
86014 89080 
67738 64308 
16795 22916 
43080 40215 
87557 33339 
34276 27251 
47843 53985 
38186 34244 
60695 80303 
72484 81725 
9535 75979 
26699 89000 
56033 44364 
18578 61576 
51801 85441 
47367 40180 
91279 78546 
46605 81291 
55704 53759 
78229 936 
38850 40812 
77031 28421 
64014 13320 
49949 84754 
98734 78297 
58194 21698 
48804 96168 
61884 31711 
66381 54856 
86623 66469 
38326 63045 
79409 82244 
30386 72326 
57244 64084 
50439 85713 
16018 67575 
59726 60876 
59501 56894 
4852 70439 
28704 10936 
65321 38852 
60385 15489 
11440 35544 
80154 58734 
45683 67503 
40408 99820 
56919 80896 
46246 85786 
51420 50969 
73523 50839 
37120 12251 
72402 43778 
28357 56934 
67014 94312 
7149 8317 
7267 47088 
24044 58335 
2365 63430 
46682 43442 
67273 15103 
67411 21500 
43134 71871 
62678 3818 
10573 15174 
56348 91134 
833 93940 
76757 60077 
23877 75366 
12956 47512 
74844 33449 
69524 84197 
50695 61112 
91250 36299 
7375 87948 
79094 23571 
14517 34946 
47080 96365 
19480 39980 
76090 70171 
15424 43430 
5024 36000 
19157 31974 
62379 87662 
3671 427 
82026 32911 
97532 6429 
65807 84379 
58736 60858 
52550 58399 
54156 18033 
28203 45047 
27365 4089 
64999 51098 
17425 49347 
8919 59142 
99116 71075 
44191 90674 
51135 86704 
51165 8778 
22936 24420 
39622 46872 
63197 37954 
83412 4005 
93264 25479 
4320 4301 
57515 98713 
53121 78430 
59190 47646 
14027 88346 
95059 98730 
15077 83025 
35192 69975 
61485 42606 
55132 85040 
21570 41032 
16942 20268 
85595 33234 
12856 23523 
86719 51843 
30721 61771 
20209 80587 
73892 25527 
22179 56761 
69953 42623 
72325 43556 
32406 31174 
66506 4508 
97357 52195 
64442 6992 
43305 6016 
55454 79405 
16261 53457 
854 47596 
24741 32656 
5454 80074 
39564 85525 
42640 78672 
31924 3995 
7550 61592 
9890 55513 
1112 99141 
68234 49730 
54060 78959 
49425 63840 
84499 97191 
24665 52759 
45216 94783 
42966 32135 
57618 83973 
63613 37116 
48066 39073 
82698 27875 
99315 57711 
88016 34093 
4886 34028 
28208 4892 
67419 23637 
61874 58179 
13377 21709 
60256 3906 
5998 20132 
73148 49462 
25914 57494 
31821 82208 
54666 26463 
55077 64132 
40106 57199 
44924 66641 
44717 52509 
6903 19725 
77940 10755 
6773 49019 
91838 35866 
80038 26753 
75766 340 
43702 68128 
20190 96724 
20681 63358 
32403 85845 
76467 47438 
77596 25901 
84905 74622 
87606 45578 
85379 82682 
26617 6432 
67218 3196 
28196 85081 
18802 98435 
21284 94093 
8633 82863 
44079 51967 
23542 17825 
4243 7266 
75247 51691 
81457 19652 
622 14540 
84075 1522 
23345 66416 
65460 27887 
14973 41242 
77576 29315 
92059 24684 
89502 92969 
12558 53555 
26743 10186 
89580 26813 
93594 25528 
23432 73752 
25237 61859 
63949 33692 
78901 18782 
54264 63283 
14095 67620 
74441 2477 
30798 95142 
98837 98296 
31451 80376 
4555 6713 
47694 24069 
20036 67274 
26027 88781 
82626 72531 
97891 49062 
81837 34942 
69178 95814 
1083 87547 
51743 86681 
34828 41584 
25229 85209 
50351 64126 
61372 85481 
83761 31899 
64894 76123 
8431 63626 
85229 57760 
90657 32555 
31529 91437 
52165 13285 
79735 22002 
91979 22558 
94995 90063 
81197 72372 
5294 18916 
33396 65605 
52879 38683 
70658 29262 
18928 88949 
50634 98535 
63861 23266 
93578 36057 
50810 24178 
49960 95035 
22977 25797 
79052 12412 
86950 32452 
66778 48740 
13546 16572 
97164 75187 
5306 76703 
5886 44855 
95535 37477 
86693 75586 
37589 77286 
91890 14460 
15115 76625 
66616 50403 
54019 90256 
83294 90620 
45185 59751 
97421 19034 
93302 99481 
28789 10452 
91622 8744 
83243 82887 
85097 85451 
69248 32285 
25026 42724 
30845 8825 
37233 58706 
13942 62056 
22727 22043 
6461 3298 
84940 70759 
44505 8078 
30812 60593 
56498 8787 
24375 40401 
25149 8327 
80952 56836 
83148 79213 
77679 58287 
22652 99384 
21778 18921 
90885 15953 
61870 57690 
64633 21174 
49583 84293 
44891 71087 
58797 64314 
89634 76645 
48112 59184 
7423 49538 
8452 63054 
67513 90521 
72205 28367 
43117 66730 
72890 44600 
93678 36280 
35062 10581 
9273 43413 
43025 19767 
85669 25484 
83886 59991 
72117 44295 
85572 14453 
35602 78616 
73687 39108 
15060 92112 
52392 83101 
96999 21556 
73994 13528 
29971 13792 
99518 3570 
9514 76836 
68251 43900 
7483 342 
88114 41297 
90065 43819 
30662 75504 
67343 87103 
64644 95640 
43906 86944 
90247 50837 
94818 86014 
42513 66301 
74130 76165 
16883 95591 
74187 26523 
32436 2708 
93138 48746 
89077 53416 
35313 86790 
93821 24261 
64585 86530 
28261 69863 
54334 21816 
4411 24314 
29309 27842 
9357 50889 
74468 20147 
70463 95800 
93771 58149 
82386 46320 
37965 45783 
24726 41388 
84520 48638 
64878 33667 
45208 46948 
84482 56044 
97184 36826 
89863 2670 
81986 38344 
66922 94918 
93530 68373 
19194 65987 
80953 88541 
84108 64418 
25077 44215 
56974 46383 
8287 69143 
64810 99380 
86802 42164 
22858 15850 
91568 47365 
75461 14217 
29448 7125 
69982 87009 
29890 28664 
37504 40937 
83937 29057 
57300 82219 
52213 81073 
63404 91928 
76426 52829 
11079 30759 
14992 97860 
58580 10394 
37500 89105 
35338 69486 
55073 80175 
61528 96329 
34037 20401 
55969 47357 
38896 46303 
19394 20933 
77239 21458 
8338 59203 
73994 99189 
21280 67347 
85369 38061 
3098 59151 
73835 8846 
36524 60603 
4689 93463 
30010 29078 
91993 91317 
30238 74685 
17125 16535 
84517 2494 
66684 90803 
53365 29580 
88175 10791 
26844 69240 
41671 96627 
29515 16217 
33566 8436 
8394 11392 
54562 51642 
85857 12189 
8195 78564 
25192 45767 
8508 33758 
314 76138 
45844 83656 
83161 73413 
68327 17197 
62356 33698 
3207 3515 
84981 61480 
47058 45140 
69618 92893 
86729 70777 
73303 7862 
73966 70392 
7648 51871 
65790 87149 
90080 64000 
60022 45719 
85021 86866 
722 14495 
36789 16229 
1860 70482 
21101 33290 
39212 59931 
45294 51078 
90228 25218 
8705 97829 
59563 99059 
94138 54892 
13962 50813 
98954 64444 
64377 6479 
30006 23183 
75483 53892 
80547 82166 
53127 87728 
79139 80092 
58843 45090 
50756 47577 
27171 31781 
58462 33358 
16331 41814 
380 19859 
5709 28248 
21192 15176 
64649 92169 
59940 31312 
56190 18425 
96687 84345 
6694 1667 
79381 81233 
67706 74328 
9307 90095 
19931 69361 
38534 26031 
20865 24844 
86053 22970 
77405 65060 
10613 3484 
32682 73156 
87738 3181 
92379 4246 
26018 54025 
79977 74574 
23480 81798 
2634 2351 
8694 26948 
29828 68909 
33251 55182 
35438 15017 
82324 84412 
30561 86535 
48279 18051 
19199 95995 
68619 41159 
41815 72288 
64042 5560 
32820 29321 
24968 2813 
7198 96320 
85639 99795 
8773 17397 
93715 90659 
98028 46074 
30291 1064 
30904 31634 
60330 65803 
81705 18503 
96749 89386 
92983 57289 
42738 90578 
93202 56685 
36358 26558 
9026 89136 
59071 90120 
13210 99964 
85566 74192 
91389 59619 
46112 1975 
81442 41765 
44618 28124 
37662 6114 
25692 26644 
98617 14226 
12221 94568 
92370 8958 
41310 16955 
95636 43776 
10937 58423 
74501 56871 
12236 69142 
73466 46812 
63066 19108 
86883 21419 
77371 3540 
42255 59610 
1793 94329 
48405 47157 
26122 47771 
13178 21611 
27360 17157 
15128 89094 
38560 60314 
21550 56222 
43029 76820 
81267 54115 
82130 57360 
84699 18271 
30600 78586 
76094 28009 
37172 30828 
23136 2268 
50255 23142 
97750 94737 
48524 70445 
98524 30593 
74488 30842 
49999 79587 
25471 27773 
46963 65769 
90887 61235 
72928 72844 
37308 85076 
11119 15952 
33541 3250 
83620 15635 
76773 16921 
99686 27781 
27824 36428 
67806 54571 
88633 57391 
27734 85729 
58340 88598 
88515 96842 
85668 10826 
16418 62090 
94772 40391 
2740 22384 
99338 68949 
55601 86759 
35424 51969 
2132 34795 
37384 22298 
57876 30917 
53202 12367 
18741 57594 
45636 78835 
57526 23796 
53817 36851 
61814 7507 
96292 27633 
32922 46637 
80955 62654 
76674 1396 
49935 10527 
55877 72993 
28204 18512 
41689 78467 
63548 89619 
96486 49521 
42481 68365 
44347 44428 
41805 23533 
36948 36394 
28741 54634 
2456 69197 
53883 90301 
72890 51485 
90724 91446 
21485 94836 
63085 19785 
5729 87449 
67509 83216 
4056 35330 
41522 23512 
54552 95861 
50644 68962 
52607 74860 
67125 34812 
41063 57537 
91608 17748 
31240 96208 
25256 97172 
26089 83182 
34383 25651 
77777 95937 
62178 63662 
1181 13511 
32891 89639 
82021 67985 
62649 95353 
63804 12978 
38069 58741 
71262 62313 
48922 71603 
29648 76254 
64341 87923 
69021 50251 
23383 50106 
60571 91597 
70261 45032 
18068 53178 
2134 39589 
11684 30253 
13084 46223 
83709 16177 
11748 73058 
26105 56031 
62036 20244 
78376 33314 
46493 94477 
30883 74187 
80047 26980 
73526 56166 
8269 96769 
12624 63765 
8714 80634 
89861 42256 
76533 74032 
76318 62533 
16255 52954 
81902 25024 
80480 75862 
15899 98643 
93227 56875 
57905 11973 
70734 76677 
50041 88185 
5768 35986 
1167 42648 
12831 97914 
1705 42739 
41127 10200 
83705 63061 
49747 46023 
24972 56093 
5259 53023 
88350 98230 
5739 54111 
7648 64255 
57233 814 
80261 29453 
28770 40156 
3179 97908 
90235 19418 
93865 7971 
93779 19671 
70390 71432 
93921 78575 
26265 61646 
14060 35696 
24546 77657 
57893 9485 
53095 76316 
33021 94037 
28271 82469 
1055 45928 
7876 58442 
93583 16615 
75834 38419 
36623 74324 
90860 10707 
7495 50828 
49308 61470 
7554 43123 
98387 77203 
71809 97824 
50134 40028 
52149 6918 
88780 39840 
4810 47556 
34593 70395 
84610 5679 
25777 72625 
98642 33529 
6707 37783 
307 4481 
65528 85452 
10907 45118 
47084 87035 
40529 44132 
78165 14030 
42502 60348 
81219 52184 
76470 78086 
19969 37615 
73953 87041 
15778 39001 
97234 96034 
97143 31161 
57530 25194 
96362 79668 
11610 59553 
87200 83547 
87376 88504 
65284 3719 
98392 226 
9006 38511 
94953 47922 
22867 94379 
65002 55598 
57465 39940 
42041 85116 
20777 24460 
99188 43376 
43875 88150 
8574 68751 
40911 90938 
23564 99257 
7978 38802 
97568 91466 
38353 92364 
87741 28777 
92700 1083 
4412 30438 
51912 18238 
57846 48567 
97621 16816 
22786 19435 
10766 44497 
88158 17416 
52166 27110 
84476 45230 
90712 54252 
84656 82519 
74548 58215 
55335 6281 
98559 27914 
95229 91310 
7481 83211 
34687 96569 
88155 71855 
86319 44271 
46663 41172 
30401 2473 
36587 79739 
90762 89100 
3061 20446 
6936 25579 
34053 45664 
36590 81634 
65003 37701 
28596 69314 
65929 73263 
91564 63919 
51099 69361 
45281 52299 
90546 49892 
83199 34814 
70002 17086 
92979 36306 
41191 80058 
79053 13521 
28028 13926 
6289 81703 
5849 97219 
37037 21429 
50651 2808 
65214 68299 
63199 98102 
60519 32674 
8880 43971 
23515 44462 
78387 68676 
17986 68785 
66550 33008 
90872 92397 
87081 95924 
12022 37828 
89523 36152 
66126 22497 
21331 84550 
7387 43421 
82839 74445 
43873 34629 
55747 22765 
52932 14032 
46801 13425 
41660 9274 
77513 66296 
57150 27919 
68039 39985 
20068 16386 
8749 34749 
2104 34136 
86556 33034 
92930 54882 
34739 39475 
5505 94977 
4765 59600 
49961 60633 
16540 87078 
65708 245 
29548 53024 
39065 45868 
91489 27700 
49391 28754 
63339 54880 
80574 57869 
90120 42234 
6681 57440 
85257 27259 
10698 69841 
23011 87598 
23488 43475 
88295 67066 
76448 41869 
16073 44207 
45831 29774 
63586 78962 
29286 14835 
97800 34795 
35889 49299 
47768 88595 
89790 25185 
66994 8723 
44582 28520 
74444 2768 
80577 53451 
94476 10905 
10413 15463 
95780 48163 
49760 44408 
37310 79506 
19357 82697 
65228 45295 
32214 61751 
69043 41544 
85557 80683 
97413 99299 
20893 65204 
54486 541 
37596 41853 
46189 14226 
45486 22924 
22546 35358 
20094 60822 
66874 62461 
80667 97113 
15627 54363 
45426 1119 
53696 65915 
31206 65717 
19116 74063 
55300 3826 
68448 70642 
66210 68108 
99468 16351 
76965 98524 
1383 21498 
99749 87634 
4406 43500 
83836 41924 
30348 68499 
40151 8931 
3754 75049 
95265 34582 
69191 61525 
55212 12894 
74414 55716 
75261 91092 
21446 14986 
25603 97181 
58011 68494 
14898 64136 
80303 49115 
83726 35160 
44706 12046 
8189 47790 
40906 39514 
60295 11177 
61712 86565 
56187 10477 
15960 31608 
85904 95035 
70016 57220 
59084 32952 
70697 1622 
19843 43587 
97825 89342 
81067 51719 
18181 70753 
3435 42317 
64252 74483 
97701 33255 
41004 4159 
60156 24815 
71760 91489 
60600 29451 
30359 51400 
89807 33026 
70878 71734 
39161 89643 
58526 9993 
28992 6163 
25702 62644 
24116 29641 
25765 18706 
75186 11191 
33699 8670 
2672 83125 
47665 12226 
96645 52749 
78334 93828 
40008 85820 
73923 93865 
75424 25413 
18025 14962 
26888 67830 
54607 7923 
55780 96199 
39955 79872 
78161 54519 
94892 18351 
95211 30177 
32240 49432 
91909 1338 
64295 25370 
40406 97102 
52986 67858 
4018 12980 
51429 76668 
75370 21946 
99743 50252 
97921 22264 
80283 54830 
13986 67226 
7863 21571 
54297 29127 
29048 47630 
34288 60011 
31298 26159 
50479 25122 
17499 32831 
76696 1507 
84330 51977 
44340 53811 
53965 34143 
53496 22108 
47766 38686 
2427 82443 
57878 29957 
41815 69798 
68110 63706 
57103 85308 
98939 21516 
57375 44806 
3221 25405 
2462 64161 
18901 92159 
31264 18388 
92979 67554 
63792 56096 
26997 14272 
37021 98651 
58473 14187 
338 4272 
85016 85589 
40278 31281 
58225 9007 
26139 91884 
23056 1490 
68234 48088 
54967 78483 
58707 64749 
51955 94933 
21226 1247 
71492 62771 
30308 92923 
63432 652 
73660 46134 
39079 83611 
21608 46725 
33937 25278 
36568 60635 
67027 43323 
2458 87564 
73240 30010 
79064 13832 
86801 74066 
89585 98951 
83764 57483 
30950 21950 
49308 81476 
55935 8100 
21686 59470 
13752 54456 
78821 51844 
51462 73503 
75812 7067 
72445 78201 
12065 16962 
20107 38858 
5250 89987 
5128 52495 
75984 95781 
22742 78768 
1899 36618 
12930 13009 
82694 57027 
843 86566 
68755 11479 
17393 7391 
45154 71905 
40657 79692 
30063 71711 
17609 70485 
42057 51044 
22629 22984 
14331 89255 
84383 52051 
85462 84810 
65855 95291 
76211 70345 
13668 34870 
69681 31142 
2325 49796 
48271 28963 
86556 6123 
4943 20038 
40728 43430 
38675 95898 
8082 69944 
64336 68847 
4568 35778 
15775 70045 
22107 14030 
97564 27485 
54382 82866 
45648 43591 
24551 68198 
90012 97745 
28803 76216 
73580 57718 
22232 17783 
70650 95814 
64246 2560 
65516 70475 
9586 59771 
97287 52154 
77973 24607 
50493 43458 
60530 14547 
72688 67888 
24321 8251 
30076 78928 
57730 31159 
70077 71816 
58831 46611 
45800 64017 
6547 48983 
71531 47223 
70073 56295 
20651 3669 
5922 3680 
47790 22602 
63905 46277 
15579 48937 
73460 90344 
32992 45446 
9961 84776 
67089 52293 
47000 21712 
72857 83236 
85099 14534 
96892 6590 
9900 44350 
49823 20779 
73613 91875 
9659 49310 
12348 691 
13663 48029 
8936 49944 
19877 38737 
85918 49818 
71090 57532 
66635 11508 
73831 33713 
73678 84885 
12866 95636 
43437 1721 
57724 33591 
23088 10064 
81937 36613 
82067 36230 
7951 60052 
13960 64916 
11102 73821 
26653 85022 
64546 87405 
18757 9064 
83739 47058 
18476 37404 
33808 53027 
17483 5067 
96091 50244 
66820 18495 
51138 4573 
14432 62389 
24649 88570 
54690 32637 
60085 65599 
29069 30342 
27122 79259 
64168 34098 
48628 26245 
58303 52902 
30532 15078 
31171 50477 
8707 90609 
32415 23292 
84935 34733 
64369 9181 
10017 37460 
11914 1214 
86292 69309 
88038 42382 
4080 75924 
97582 80618 
96997 58871 
93616 70836 
99614 2794 
50972 20918 
17590 58381 
9713 91952 
75213 93088 
47629 79522 
88158 77070 
25357 22512 
20352 80521 
10297 8581 
22949 20402 
26228 71422 
20738 9496 
94378 3841 
6708 28775 
28659 42892 
29010 65294 
22909 18499 
6254 32094 
21156 95429 
86821 14076 
93323 79934 
75817 64362 
48215 7042 
89307 9340 
3260 72227 
59640 7427 
96191 22040 
7956 46497 
67688 72340 
20374 58027 
65994 79822 
12904 72168 
24608 52864 
46773 37272 
42369 51044 
60659 79883 
51609 89203 
19208 86702 
94531 31558 
38284 48793 
40525 34113 
36518 20068 
67923 69511 
80044 7049 
2476 47459 
32704 24972 
51854 25992 
97531 26485 
550 94102 
36999 33504 
32789 94623 
89298 80248 
32396 47791 
55809 6022 
68057 30485 
20994 20016 
9985 63966 
80056 97216 
39741 63759 
92040 54437 
8815 9347 
46431 98588 
73511 98490 
29843 35440 
83824 61207 
6078 76503 
32177 21852 
77574 84056 
74266 14228 
79220 49935 
18714 74298 
66519 12379 
44833 57808 
99243 77059 
48537 56015 
89030 23327 
35268 11737 
74755 44836 
75784 70035 
13071 94825 
15760 33115 
23139 80712 
83370 27426 
4400 80063 
70357 32399 
54105 30585 
71592 64936 
47382 80462 
55693 61492 
6774 72189 
5032 50483 
80459 72995 
7266 61739 
68789 58007 
2537 76884 
87292 98499 
90557 84734 
30986 6892 
80035 69219 
9584 42617 
19238 23831 
56130 88497 
80957 56207 
72608 66022 
87747 19243 
65237 69690 
54028 80994 
39453 65543 
90486 24616 
69992 17069 
63188 51749 
35000 72861 
24912 47983 
4794 74728 
39424 57439 
5647 22383 
789 4975 
36912 61420 
9255 99201 
5798 44970 
2865 47186 
58310 56245 
59664 12673 
27131 69128 
79232 53578 
87620 67014 
24212 81701 
11667 36326 
52649 97829 
35792 422 
126 68788 
14637 62063 
77082 29492 
13953 78177 
31115 12698 
8188 99342 
86731 31883 
86953 68227 
15670 68591 
41925 86180 
9811 44560 
1157 25210 
25642 91083 
1312 83796 
44347 63316 
39964 59292 
44825 85623 
29946 37121 
18256 55540 
85584 77515 
62350 78582 
6720 14273 
80977 53872 
90592 66797 
80619 81432 
93891 6626 
98917 16013 
87768 12742 
22575 49421 
97066 96130 
51972 63606 
91732 73371 
48048 60120 
3128 21504 
53401 38056 
70908 51947 
13968 62248 
87109 99967 
40308 36197 
93320 38008 
38183 70150 
4034 86115 
7003 13683 
74729 10766 
51677 4330 
6742 74621 
78500 69011 
82651 24002 
48924 3425 
55713 78367 
46431 46045 
74740 16606 
71168 58010 
11905 38671 
14632 17947 
75079 17894 
82386 41628 
28614 49236 
26666 40403 
16878 41851 
22685 39430 
83395 465 
72552 87030 
5104 89436 
48934 99825 
16026 75791 
96968 4861 
77548 3087 
97351 59519 
63562 56651 
56188 52789 
67860 42573 
27855 17342 
8473 17745 
96021 10871 
99049 76333 
34912 57252 
80895 19237 
48019 73382 
60985 7433 
34669 45900 
81000 27512 
66218 63496 
50394 78299 
63119 55165 
12505 21157 
51677 32503 
76887 23344 
45081 85019 
43343 63786 
37086 31443 
63518 63655 
18750 87147 
34490 50359 
28695 68043 
95398 62856 
25580 14687 
2996 58637 
27852 86862 
94878 88311 
278 48490 
10197 62404 
79391 35520 
26816 46785 
20667 75295 
91165 88113 
19153 4910 
62444 88722 
2174 18203 
66373 21580 
17899 56280 
55346 270 
46734 44838 
1617 96372 
43881 73079 
8077 27199 
80849 3600 
7203 20538 
91336 453 
32919 99847 
42582 63380 
92409 23314 
47174 60290 
35306 53244 
2247 57147 
16246 28439 
93111 54687 
73419 61539 
26569 54784 
525 85742 
65540 95757 
72486 30893 
21065 15574 
96256 17614 
20372 24636 
97280 19957 
10418 95713 
19386 62031 
75135 7609 
11351 82084 
41623 11259 
96893 18747 
25598 22221 
76492 48425 
19645 81890 
89260 30314 
59165 71284 
70961 96029 
10375 5872 
80328 54565 
12330 87655 
29984 70112 
70643 41626 
50564 10187 
44440 17687 
37032 54610 
90051 96284 
74739 2052 
25041 96234 
19410 10185 
54398 46618 
10051 57922 
57068 51111 
26662 23791 
65453 42748 
65692 33175 
83149 99889 
95312 38977 
76852 70003 
69889 65205 
47283 26925 
28448 61037 
30880 69338 
75421 84119 
9167 53511 
43684 56168 
5899 41688 
69636 11384 
33422 39033 
67990 88761 
9199 86660 
79989 3053 
1001 76038 
82926 65984 
75027 50939 
91098 19232 
15034 67088 
48788 83776 
52560 86822 
14351 26396 
98378 96305 
61180 93413 
93600 46237 
76080 64230 
5138 33481 
18530 32769 
74742 60677 
15296 33607 
93424 33664 
4067 91430 
13782 82402 
7034 87361 
31613 20091 
10770 3786 
65149 87328 
52288 30490 
35376 63370 
62810 89248 
4096 64978 
586 61424 
57740 94801 
11996 83737 
34443 45894 
96192 11012 
79444 16725 
12744 31573 
79627 41891 
63967 60857 
71870 97784 
4087 31915 
41816 99554 
75898 47639 
29797 65999 
52226 58885 
38871 92363 
64318 85084 
96249 37544 
32166 99528 
53904 1839 
72824 60187 
26710 44107 
51925 78729 
57213 63099 
60906 85372 
64966 46736 
47841 65252 
85344 75210 
3323 13187 
27835 49057 
4509 78021 
87058 1739 
50212 45206 
21060 47745 
77831 36795 
70967 11882 
38971 91766 
33622 83162 
24726 26373 
14592 37570 
73920 64177 
82750 78025 
67993 68476 
19635 46930 
14750 6050 
6876 77017 
49862 20432 
23192 59512 
39794 95388 
28820 25215 
52730 44826 
99718 53649 
75117 74071 
36457 48243 
90608 19234 
13469 41362 
5448 86378 
53137 22015 
99796 80198 
6212 11184 
7972 33198 
95122 44995 
82300 20574 
29960 64307 
74999 73552 
38309 50824 
80492 84395 
59496 94429 
16510 30082 
41501 24238 
86563 28393 
44454 86705 
58621 80140 
98490 8149 
15244 44315 
85728 36184 
78961 39118 
16223 14786 
93341 61178 
45960 11125 
44983 67663 
41317 78781 
44583 71607 
28890 11585 
46232 59416 
82175 15107 
73311 51381 
87319 98662 
36578 90914 
98995 69730 
75507 66351 
44462 94796 
27428 40296 
58906 75897 
30700 85849 
38450 80507 
97944 6459 
78522 53929 
53240 46744 
24747 37966 
13267 85293 
1167 17415 
6484 37276 
96248 16791 
66777 84652 
81045 73706 
8377 94811 
5830 22453 
87392 84682 
71601 31585 
81978 36664 
1107 52690 
77933 75166 
40372 54019 
29419 68120 
6177 32313 
75563 26513 
57560 18868 
32824 36803 
10098 21800 
50319 76037 
30612 75457 
10706 27526 
46884 59 
82749 36167 
82074 9891 
83356 16768 
76777 46771 
86677 56226 
92963 57005 
25732 30920 
3553 74675 
68103 94425 
58957 21849 
11372 77429 
87643 87213 
36259 81700 
31634 98580 
75852 42999 
39820 61906 
7835 84053 
42052 99672 
53283 77975 
5229 84864 
70390 95018 
28916 33323 
64388 11052 
72517 86812 
95968 14903 
18617 91952 
59659 63461 
67836 56027 
20924 98446 
29387 39671 
46114 56756 
18479 28580 
32992 77528 
96854 11642 
51168 33361 
95912 81265 
31591 90578 
43258 63179 
2140 33995 
72985 77612 
52404 75317 
37578 31517 
24898 1144 
55061 42373 
72231 6477 
18866 98116 
90180 2691 
69851 64871 
35138 85139 
80022 64403 
61076 94864 
25707 56605 
65922 11328 
34299 78831 
20218 68646 
73149 13497 
61891 96508 
11789 78167 
80174 48762 
29384 58175 
78999 97612 
58167 30871 
5562 39413 
50581 62686 
53331 79261 
32944 95481 
411 35885 
61679 77017 
23962 35791 
29513 31879 
39280 46166 
78482 13835 
48206 29755 
64238 28342 
45638 91728 
81809 64814 
25272 28512 
6862 32249 
46043 81599 
28471 48955 
69334 45573 
49488 97363 
53618 78879 
8836 18291 
98044 18320 
36415 85547 
59345 3831 
85741 71348 
27491 78754 
2080 85832 
34697 42690 
74532 49780 
89628 98900 
89379 38705 
74117 56334 
48985 18547 
13185 17530 
45629 78529 
30864 7957 
82877 55038 
34075 79817 
18442 31968 
24738 53875 
61972 97526 
26320 46587 
98768 35316 
25203 66622 
26196 28343 
69502 54788 
83383 58621 
38426 84466 
26752 92173 
93759 35834 
54080 49489 
51736 6483 
7949 74848 
68346 23456 
95830 34469 
14032 77342 
48513 93032 
24765 7696 
1178 40895 
55651 30926 
22142 70204 
30499 16694 
33151 27092 
76209 86946 
62070 99303 
54341 32910 
43916 33819 
53930 19671 
39401 17449 
89352 75408 
71493 94859 
54988 42933 
89998 43117 
24461 4855 
61745 69629 
46362 80530 
49666 51160 
80710 32871 
87954 85711 
40736 16185 
82410 86071 
53184 42376 
65209 4194 
26945 42184 
11539 38872 
24611 50561 
81903 45711 
64500 50850 
88363 38028 
41673 71143 
95584 40067 
45682 37980 
58269 29764 
70030 57524 
65435 87353 
53754 12392 
8922 48188 
69083 33514 
18652 43425 
70769 30730 
10376 606 
52475 43244 
72970 67648 
13528 1650 
81846 18417 
25364 76917 
62623 95789 
1168 28543 
44916 48981 
14474 54036 
39988 25961 
82927 84928 
47934 88851 
31936 70748 
50190 30494 
79576 41659 
71389 83760 
38950 42949 
916 31629 
17049 90086 
48994 45754 
262 1784 
74731 3937 
55782 30305 
64285 62854 
45491 23189 
56137 91331 
44279 18653 
7463 1653 
78313 98112 
70649 51586 
50415 93565 
2272 28224 
99510 75054 
58160 66234 
48993 23958 
37665 97733 
34921 31573 
27850 78751 
69082 49265 
64025 88160 
84287 56388 
66914 48898 
29632 5270 
38711 78496 
32022 48724 
366 36129 
16899 54877 
30692 96827 
85916 66547 
24193 49949 
82185 67961 
19034 88688 
34793 80311 
59118 30106 
63412 19434 
45007 81073 
41132 13883 
97239 44519 
59050 99677 
2574 42496 
9676 79261 
38815 17828 
7904 56464 
77038 64502 
98032 36745 
41459 28449 
53289 12532 
66595 14999 
60294 37190 
29002 37042 
95097 27935 
46579 38820 
39686 27991 
32297 34260 
58279 1312 
61147 5897 
51258 29426 
59238 20695 
31249 29225 
52180 32439 
20639 13020 
16232 56887 
52745 67698 
60166 25500 
69866 38546 
28425 46305 
50631 65097 
56821 26347 
66307 31319 
30922 39181 
61190 60502 
94222 52981 
75689 6428 
28272 70092 
82400 66695 
80220 67250 
85254 71522 
44495 67177 
39714 81922 
14893 16897 
88049 64825 
10899 95880 
67868 99556 
47795 27973 
44373 9989 
63969 25121 
37221 9809 
40797 47977 
61392 94448 
50582 28761 
78151 12635 
46248 65130 
56945 2899 
62821 60278 
82019 85953 
35251 54170 
98544 62564 
49646 63526 
82217 78349 
35805 24056 
33597 81857 
77697 7483 
43814 20380 
65579 67969 
51862 89116 
38486 57861 
15321 73633 
69091 41012 
46147 3021 
24252 23482 
21085 61672 
94053 15988 
62278 91354 
19737 40309 
97830 52016 
66645 92648 
54341 99737 
82148 81018 
3861 83293 
50486 60813 
86228 56982 
6583 3000 
54443 56704 
99075 42734 
45481 88701 
99174 72697 
61880 35940 
36451 65116 
60475 95820 
5210 29142 
83795 24693 
25857 36159 
36938 79625 
64523 74612 
8144 15904 
11154 28038 
54824 19988 
91388 5278 
28458 31883 
40772 90193 
91567 38423 
1199 19734 
87859 99447 
8939 43829 
62720 2592 
31209 68315 
95328 29215 
73983 33015 
96001 53919 
27567 31071 
42775 93198 
38438 32765 
79751 64943 
95953 37311 
76405 19826 
756 39507 
51843 58058 
38045 64590 
904 50558 
13359 94319 
20025 42275 
21105 80034 
19962 27209 
6818 14317 
29745 49645 
52939 11905 
41640 4132 
64916 32610 
20449 77992 
59503 64278 
2109 4405 
60359 72179 
36380 71590 
87412 12734 
86264 64161 
85902 4106 
82894 96423 
78632 43955 
48741 34193 
40668 65507 
44302 91677 
89599 27114 
63839 32986 
56396 37599 
4256 4094 
52059 29946 
57880 70310 
73421 9252 
34699 36839 
97862 17392 
2499 85515 
1118 76448 
44395 69515 
95008 95718 
72409 69675 
22598 53021 
3037 30960 
67183 89973 
96126 65711 
28417 93077 
81980 31488 
94071 67710 
53196 65641 
89049 50470 
77588 86183 
14699 46835 
96419 49097 
911 25752 
8217 85922 
81070 50483 
2605 32249 
65692 75953 
862 97736 
34380 96816 
80353 21273 
87753 87614 
8466 1171 
1047 36631 
88401 89510 
99364 38442 
23916 92279 
30846 76659 
43028 22451 
48550 97983 
81749 11883 
24403 51466 
18049 99694 
9301 42714 
63560 79759 
22318 31824 
65910 8005 
98918 85923 
48156 41368 
53177 82463 
13394 4637 
12263 47798 
72452 58788 
62725 7073 
10462 75035 
7672 16077 
94133 2479 
71464 43472 
35740 54069 
4302 72693 
72090 25527 
32935 96808 
87166 4951 
75670 86764 
5663 27008 
89969 23696 
11318 74948 
49166 99350 
98681 36098 
51138 5185 
49933 72067 
46282 50346 
39340 73601 
34714 71433 
7141 31817 
23348 22917 
11915 72499 
52363 65992 
65911 68216 
97514 5855 
81333 64189 
29871 62588 
7255 28172 
67773 99254 
16619 62044 
87141 72286 
10672 93376 
65761 13892 
44234 98928 
24748 3942 
39375 98853 
96125 39710 
47310 316 
89303 65805 
38799 62314 
51207 83784 
51811 99661 
14905 21198 
1916 43439 
9818 3169 
65631 27633 
62926 36136 
79864 77246 
54867 83016 
61636 31895 
7422 81785 
41414 50671 
69604 35356 
20683 9031 
38409 79658 
9787 16513 
97261 18919 
75612 55290 
80294 2426 
30333 63879 
73824 5416 
22245 67765 
47701 68245 
47597 89268 
68740 42631 
88392 52668 
85982 91482 
95272 37436 
93296 89754 
76888 22324 
68662 77735 
27576 6185 
61446 25317 
23681 87535 
49091 76045 
45550 34217 
12852 53140 
36973 76958 
88567 26166 
96798 16182 
32909 56665 
8439 40118 
8195 63817 
52194 14082 
29505 77084 
12546 15728 
36751 71777 
88055 59154 
51297 15634 
34965 71921 
51807 89735 
27311 63372 
57262 85470 
96122 50067 
36396 20774 
18178 84730 
72291 63480 
60875 68791 
98476 97377 
53851 15415 
88581 17463 
50356 69853 
25453 94864 
61742 87040 
97614 9037 
96975 12508 
71041 5122 
15760 12057 
62461 97677 
8613 48010 
96713 8551 
50170 5500 
65195 96275 
33018 30882 
15015 7085 
78528 56202 
89177 53608 
38417 48607 
7009 6203 
46221 41612 
20970 64111 
51356 76368 
11110 58810 
70123 5371 
81659 30337 
17800 88489 
5571 8876 
43873 41777 
22332 28500 
78480 83205 
31910 97734 
12317 56275 
43501 52494 
74538 2416 
31507 20914 
43592 96131 
23212 36774 
24452 53055 
92675 48416 
52404 70404 
63623 83489 
38280 61715 
30436 46306 
52994 3387 
90811 44265 
60228 19172 
46294 62527 
45308 90629 
67568 32014 
55562 96453 
40256 64813 
62902 51700 
3964 63181 
82871 39078 
72372 43609 
36078 98827 
75433 55798 
17716 71126 
96057 17862 
48785 65546 
83149 33751 
18654 65759 
10464 6604 
92781 64514 
16457 12642 
51674 63855 
4169 54199 
47595 68613 
2135 67639 
14054 47374 
87441 22140 
39779 34496 
50232 8710 
23650 99113 
35354 85315 
59989 12710 
31272 13619 
64638 5482 
89009 95588 
41397 13538 
44566 94090 
5725 83949 
87139 635 
27949 22698 
62419 95517 
31838 41782 
25354 30882 
85991 86046 
59982 55618 
55317 97744 
65290 92470 
37781 7420 
65519 72420 
97618 23370 
40941 29109 
20390 28764 
90860 56970 
57544 85472 
34422 40739 
98519 86669 
26802 71152 
7028 96512 
18444 71861 
84745 64489 
13218 76018 
80470 4482 
87755 7453 
45707 84150 
18646 41008 
48654 78934 
26822 39348 
97756 6804 
89131 89453 
93255 74795 
86009 90966 
20578 36473 
51063 80763 
22956 80622 
63533 13292 
42302 45815 
77800 54672 
97185 82913 
15440 89994 
74625 68154 
54832 87944 
48495 3145 
40893 14567 
1448 24920 
3249 38931 
19595 89148 
15013 27394 
49557 82635 
46278 80361 
56054 67487 
66565 25619 
94853 58583 
28671 45765 
20686 88464 
22721 83714 
82651 19317 
23680 39914 
20646 20402 
68204 47645 
65564 41123 
87415 88674 
63229 74838 
91042 90507 
87489 26609 
45329 28657 
81417 69275 
12229 42542 
67204 96527 
20607 62069 
95160 59129 
21535 33409 
60095 998 
39222 27133 
99433 95509 
66743 9615 
1542 19267 
71419 59493 
95067 90474 
68580 14984 
60450 42124 
94400 44974 
3369 96417 
58593 47059 
56469 56145 
85973 89100 
30568 31190 
62257 27335 
19407 73882 
83923 53760 
73072 5642 
74564 48198 
94348 79146 
70889 36401 
79579 35192 
365 84480 
20997 81531 
69488 92155 
11033 42080 
56728 82498 
40765 99305 
57474 24279 
64469 79938 
59584 64494 
10115 14824 
37685 93301 
51733 37328 
41916 11338 
23669 71597 
22548 20268 
49113 1873 
75771 11414 
75613 7151 
17901 84477 
58892 91641 
95344 88553 
12899 40836 
15914 41093 
48830 85401 
43409 46918 
58768 60699 
31852 9028 
60605 8412 
88372 95736 
10105 78593 
44466 4486 
3213 55369 
84183 41755 
37149 47626 
24767 20557 
72361 57159 
70410 62317 
39060 61128 
62944 78255 
61848 23062 
34705 96956 
33875 77250 
28210 99384 
57967 15035 
84957 20389 
86359 38342 
21318 76629 
32931 35724 
3377 84802 
2261 79260 
4536 41266 
78349 36848 
79790 44321 
42512 43734 
18823 53863 
44762 79582 
46397 99559 
35853 52933 
22996 68391 
78252 3601 
61281 25121 
93428 95386 
14631 45110 
70146 86398 
12901 67977 
53857 32374 
17481 12633 
60827 99547 
42869 29568 
12286 37958 
45164 4561 
63670 93525 
9248 69561 
11959 17767 
75899 21069 
112 67754 
37661 94119 
1799 75696 
98044 90844 
61881 7489 
32450 16601 
88533 22647 
11206 33765 
41397 94197 
45182 3565 
36868 46461 
92693 49699 
96349 21078 
22734 43971 
96239 87180 
64065 83834 
39486 70350 
82257 4471 
57632 86772 
17560 43907 
69619 33954 
85251 58689 
69018 7468 
87150 69747 
84852 84311 
8043 3363 
62895 37858 
74001 80495 
44066 26776 
30923 99252 
74467 30860 
61097 49919 
67668 90428 
93195 99697 
53960 42739 
76797 85196 
93619 38837 
86433 54726 
1615 67284 
92086 9558 
29749 7448 
83176 3586 
78842 84309 
61301 74189 
68399 99223 
23354 93609 
74084 66597 
41068 49778 
54369 95182 
5702 88289 
26876 14446 
47247 73089 
22230 61483 
56416 52458 
38641 11944 
34632 48980 
43974 59682 
72338 27473 
23716 24125 
9177 33213 
53051 91815 
60918 34277 
79143 79137 
7514 46497 
35787 36937 
24226 67240 
76724 4563 
3526 95107 
6213 60769 
59281 66676 
5870 12049 
26746 98507 
5304 5082 
71956 82911 
20747 49361 
2340 49342 
90668 88464 
26735 69798 
70249 64023 
47445 56208 
7673 75121 
79577 70585 
14292 47678 
83631 44572 
58052 93323 
66156 84001 
54972 55299 
50241 16258 
6978 10175 
42750 23464 
36080 18412 
28384 92860 
94653 94319 
2034 7315 
89499 96451 
10348 93492 
43397 23233 
11044 42934 
32003 35397 
74191 22267 
76274 16745 
