16717 11994 
92550 35596 
25788 82184 
88147 79095 
38378 40946 
69071 27096 
10172 44719 
62856 8478 
4072 57159 
76088 52305 
47420 19765 
18922 7064 
20395 96616 
44274 55175 
40647 95512 
25785 48553 
59335 78094 
25310 40328 
11957 84845 
55485 90264 
73700 17431 
25819 76979 
53525 40428 
71811 58776 
23785 87264 
5737 86696 
22911 81067 
95041 88352 
87534 10120 
69679 9159 
67393 29754 
83296 18799 
51478 97758 
4780 65025 
87069 88775 
96510 84398 
4699 74641 
43551 60080 
71508 2274 
34044 50539 
83101 48444 
55253 99779 
69698 81670 
61953 79717 
36237 15469 
94312 8343 
78073 94306 
70920 33513 
13973 13881 
59280 71544 
56382 40729 
30884 42211 
95245 62637 
40873 47314 
6150 70998 
33358 98689 
6176 49002 
62587 13325 
71517 15388 
37478 58224 
99829 52555 
42416 45678 
47213 29904 
60766 50851 
94836 18558 
29188 47848 
3426 81990 
80665 37921 
95207 18589 
92027 74006 
62346 26810 
37814 69486 
38541 61332 
66464 15888 
86131 49509 
57119 24174 
44944 41403 
85715 47329 
61078 73835 
27613 38173 
63896 39116 
50627 45607 
87756 62521 
7130 54971 
41333 9070 
16827 33744 
11861 59798 
42796 52504 
54228 20453 
2578 12905 
55577 51460 
23378 29334 
84912 36951 
45852 79020 
34185 42843 
4473 56510 
32422 49150 
64156 42794 
67707 80126 
72586 26755 
83127 97333 
95607 97227 
22336 65339 
39086 57604 
87905 47546 
24778 1785 
41426 40466 
80072 30153 
18133 8838 
21833 77382 
50799 41040 
63157 70043 
97761 4558 
48466 31285 
48148 44616 
27188 2335 
33730 35599 
9158 56107 
11290 64511 
5919 36902 
92000 98485 
51267 72016 
85033 64211 
11649 65988 
91455 46191 
42469 6304 
31442 92821 
19844 80569 
12956 4578 
79066 29451 
53236 66962 
20757 37169 
45796 82344 
3668 91844 
25122 49500 
29059 31747 
18832 37378 
35785 30258 
92795 495 
67507 62327 
88559 87405 
43816 38276 
24394 766 
65648 86980 
81383 77819 
11978 19764 
24168 73459 
39594 8829 
12372 44582 
80671 69548 
43120 54012 
43859 44690 
27739 35097 
63808 50439 
46400 83898 
11304 59010 
43330 74934 
71616 60742 
22201 28559 
22181 69731 
76375 93301 
92427 11387 
41937 44887 
68298 57729 
92779 45150 
11978 56830 
6461 48681 
3331 36459 
17208 92816 
73734 48857 
38083 57438 
95283 63453 
78242 35072 
8738 7441 
3171 8890 
22119 315 
85853 96487 
88532 27775 
75086 80667 
76582 52844 
63488 14996 
79629 67647 
72215 61484 
71211 47930 
82003 90547 
3076 84276 
30881 49231 
59582 28870 
67735 82738 
27624 14760 
97888 76371 
14775 75736 
81958 70318 
50001 19273 
52460 88026 
31088 82432 
94001 10459 
40824 31152 
92351 23147 
40026 47101 
95293 60671 
59656 83022 
43888 74154 
56553 57496 
26592 51265 
67723 3081 
80708 25445 
96656 77977 
15671 21252 
91816 714 
60961 96153 
32208 69759 
47729 55561 
17874 85542 
17739 37553 
74159 1063 
15785 86477 
17792 89081 
62503 60499 
78 28809 
23321 47182 
37939 83126 
86265 93292 
67039 58482 
36452 90292 
2928 14014 
68302 95362 
75893 13821 
7871 9284 
13135 96902 
27156 77160 
77918 72975 
19845 25696 
39492 39200 
73691 1641 
39884 52753 
18531 30000 
44068 87306 
50978 67746 
8529 47617 
36862 89030 
79951 15773 
70762 1252 
40476 55066 
28291 57863 
48954 3056 
81286 3404 
88600 44035 
58638 59036 
20646 62981 
26232 32693 
60864 47960 
28314 16996 
41241 26070 
79551 20198 
92631 89154 
22196 60675 
85849 89869 
65938 43865 
98486 66119 
9403 32066 
32609 82414 
1730 12111 
94559 60452 
40245 63716 
62216 7979 
15979 32166 
7386 44976 
12620 13002 
11368 69251 
36478 63514 
10314 99734 
5109 66090 
33629 85061 
50499 81847 
53463 67498 
99040 49481 
46248 47819 
75003 3910 
78270 5420 
36802 12005 
66428 89803 
96107 48633 
32617 14478 
88642 65183 
65574 52415 
62550 34937 
27578 53348 
25246 94832 
95033 77579 
42940 41611 
1778 68347 
18345 81803 
61835 65397 
81543 79639 
84398 96092 
16622 94753 
57961 67208 
12370 52384 
72833 20502 
69186 42832 
71645 8206 
16352 4003 
66019 90801 
93871 1178 
34228 58730 
31340 81492 
19443 32149 
12637 47113 
81089 98398 
49712 60759 
12865 5548 
1328 69926 
30144 42199 
63356 12092 
46742 98662 
26059 42146 
6466 22696 
40775 5448 
8399 54193 
63498 65170 
66500 47489 
46108 80913 
73937 67454 
27302 27171 
422 76053 
34804 34759 
36912 9772 
47979 36147 
16143 85122 
85738 96468 
79793 59374 
78443 16014 
33467 16735 
54514 97122 
29208 46387 
22516 78641 
41942 28101 
57744 54540 
61012 43602 
8663 9696 
889 87416 
23043 25574 
46172 59625 
56202 31222 
85151 84769 
64529 924 
53499 16079 
6272 28808 
5059 52292 
68574 42892 
50235 15482 
14819 56258 
54149 12676 
99588 91444 
66518 31441 
29863 55653 
63121 210 
60591 88986 
14729 77813 
318 55685 
63585 23469 
68337 99231 
79748 38467 
88618 36158 
90079 63808 
27775 20561 
21130 64286 
84438 71552 
73905 28788 
15580 19264 
53214 69054 
41744 91538 
7270 4680 
7550 33043 
94191 80864 
86471 21325 
81272 77189 
9619 20182 
125 30695 
67062 89744 
26230 14543 
77254 54771 
24972 84790 
45165 17956 
7879 32073 
33005 93361 
72587 52481 
48724 26662 
57950 82437 
16967 63460 
31751 26099 
34761 24725 
42645 40633 
29930 49251 
10222 34615 
34080 67082 
97522 77922 
53969 74918 
8836 17639 
75186 94838 
82313 43823 
60256 10985 
1666 51440 
9678 95437 
34179 307 
38840 54040 
13258 83606 
86368 45798 
22930 77335 
10186 55251 
8962 57992 
46414 26303 
36717 43883 
3205 98059 
39362 36604 
36709 18537 
51717 13591 
9580 50430 
4842 50052 
63814 24663 
64320 29178 
49117 42073 
31282 33210 
35683 71319 
89340 94761 
5908 41998 
72906 27731 
63459 85943 
52765 50225 
20076 36823 
83314 58059 
20590 58400 
32556 6781 
44841 35197 
20682 12560 
81555 25809 
26022 87848 
3701 48753 
78176 86447 
87437 43464 
47266 44404 
7485 24968 
55580 68098 
10636 29729 
83247 38957 
16029 32322 
13154 75447 
15967 97815 
61945 17251 
54262 23152 
73744 74056 
40417 12304 
11161 11872 
17460 24588 
64150 33538 
38829 33341 
11469 46886 
25420 32958 
11782 3940 
67776 36360 
71821 37644 
10348 12060 
37605 18758 
4884 20244 
81336 4906 
48192 20690 
11397 56201 
25887 41814 
15783 47411 
68222 19808 
60331 15361 
86657 39529 
2269 42047 
590 34747 
46904 88911 
82491 34295 
70657 65754 
46658 72845 
57217 39000 
81923 20265 
45217 58301 
81848 21888 
65636 7948 
57303 83536 
55045 70079 
25785 79774 
66835 20420 
59443 11610 
66741 64053 
39496 90757 
91247 58695 
8564 81536 
67881 66008 
34432 88696 
44934 17670 
98831 39601 
54795 82234 
3079 72675 
39897 71264 
38732 10477 
3154 28790 
5919 65391 
5827 6826 
74568 98707 
24899 41486 
74518 29708 
99336 9224 
69317 70417 
40019 60726 
15488 43758 
51662 1231 
34151 28156 
16693 10347 
25111 59984 
20874 71855 
34849 16742 
58311 14607 
49370 98520 
39593 49259 
20393 23016 
40896 22446 
49170 50287 
74240 99908 
45997 57386 
29435 33174 
55499 90205 
36832 60579 
87849 30053 
26640 42720 
24307 25914 
15337 34888 
71817 59817 
32654 54587 
25863 32380 
13603 10950 
63396 78344 
19209 24645 
28353 47798 
16884 81849 
91152 17790 
46771 33914 
60495 31159 
23971 75520 
944 94667 
78160 8474 
62921 6893 
11947 25710 
63164 27858 
67193 30633 
63108 46969 
24579 40648 
80294 53644 
25835 10508 
33610 65831 
367 51073 
67012 25661 
98394 12151 
18366 28591 
81263 44240 
135 12660 
96268 53363 
36847 97837 
68072 15576 
60664 31970 
71760 23337 
802 69463 
13562 94596 
15178 81546 
34477 87269 
3376 72917 
69282 26744 
8863 58503 
38833 72077 
65368 36241 
27120 17780 
67435 77019 
96156 52375 
48378 41307 
21605 72368 
30215 23500 
89941 80832 
69633 19636 
83975 83499 
61636 11899 
97741 32070 
78238 64189 
64025 54392 
13433 27073 
48221 54225 
77622 57517 
60745 59506 
34792 69085 
66889 47328 
3955 41673 
27778 76320 
52716 36315 
89027 12636 
95287 80265 
44695 44504 
69887 10300 
43325 42057 
11184 88044 
70119 34134 
52266 30172 
34738 41812 
87626 28415 
17703 29584 
3725 69596 
80095 9471 
36927 4273 
20982 60737 
49951 54090 
74948 8500 
27446 92541 
78114 38165 
78906 81632 
95207 9477 
2859 97800 
92527 73898 
10102 34422 
62052 92087 
25752 25424 
50482 94453 
89950 94715 
23655 27075 
55299 99573 
1580 77724 
35461 2596 
32219 82260 
93797 76477 
33208 70420 
73556 18601 
19844 21778 
61818 28361 
54965 67643 
48256 79060 
1758 92682 
86752 98437 
34062 61293 
93008 57071 
60397 18040 
14490 52327 
47724 88902 
90429 66980 
88876 40680 
79034 76323 
43603 39563 
66715 75266 
97357 86707 
89782 97871 
24226 98583 
92996 5717 
10822 42954 
21263 28662 
96482 37505 
90896 51791 
11782 67483 
15085 55736 
52173 81134 
64555 34054 
6425 77299 
28864 30974 
70642 8217 
6404 65579 
17725 82404 
91889 34379 
59490 67411 
48926 13205 
34023 60339 
52309 11531 
74405 15176 
59694 67534 
66605 90341 
25590 10610 
84109 7246 
1939 59576 
94778 91283 
79005 69377 
71450 306 
7921 86918 
1975 32504 
11949 27497 
86644 45520 
37359 37303 
31391 11695 
16809 64612 
93685 80559 
18195 22529 
14675 18971 
30182 89530 
75952 51754 
91953 60542 
52195 31272 
9198 30946 
92003 23025 
10962 68622 
48377 6230 
92699 5061 
97595 53225 
59699 55542 
30651 69651 
32073 60516 
74935 48540 
97534 25610 
5517 15740 
1471 26002 
35178 21581 
45129 32465 
30227 64222 
22203 10969 
85191 13820 
61757 45526 
3629 43496 
61056 34791 
74591 62989 
85821 16988 
4666 93957 
87314 84811 
64090 22111 
35817 62249 
32055 10629 
98246 28624 
81134 61783 
94028 91661 
23655 69260 
47812 31020 
53885 12351 
20195 56498 
59055 5001 
38371 50951 
39534 27641 
67447 97031 
73873 37827 
60150 18929 
87976 76848 
97749 5592 
39308 63830 
88232 20241 
6856 96269 
19128 42537 
85436 56526 
71841 34368 
19008 57475 
91953 67973 
71794 47325 
75682 6008 
28297 33602 
76528 77165 
33731 79290 
58103 48078 
34875 70378 
19263 52496 
58080 53340 
95844 2107 
65883 93527 
99698 69874 
66639 11026 
90147 6387 
12596 9208 
85629 22487 
10988 23034 
13971 47293 
90041 79109 
68619 49780 
7155 77539 
85109 94152 
60094 76854 
77149 84561 
63653 87562 
74943 43047 
84076 57346 
89675 56113 
81389 61474 
87620 19967 
95864 95706 
94864 12213 
28979 5769 
69412 18665 
11530 77431 
71264 47939 
21966 54272 
33018 73639 
16527 46426 
83686 54168 
59476 42903 
6583 93615 
96434 42536 
18551 23640 
96809 74143 
42197 5924 
2279 85235 
5477 77498 
57496 40349 
43633 87162 
66451 85100 
97367 171 
13324 50 
98101 80534 
10226 89717 
6263 95512 
85857 26369 
21774 25254 
8909 95652 
17241 2071 
47961 71714 
53857 48409 
5619 83141 
27591 30396 
28851 17867 
58961 94673 
89726 55128 
83577 10250 
51177 5633 
22550 94250 
80965 87293 
12019 60638 
53656 63164 
49230 94457 
85223 20719 
68971 20535 
77785 77118 
98634 5321 
13043 53828 
52762 3203 
22125 75788 
18684 34586 
76831 15230 
53666 61985 
92695 18338 
60987 12522 
7804 24136 
37462 80479 
2975 9287 
88123 31928 
58685 69952 
85152 24965 
2044 82391 
7611 53714 
83159 67725 
36109 21992 
34363 23047 
92301 53458 
8112 71052 
6905 49000 
59718 23380 
71962 9324 
39662 49116 
83102 50884 
86850 89133 
5840 56739 
69006 59478 
6262 20377 
99265 42516 
70932 60207 
69085 73261 
3443 5152 
76763 90145 
25773 77669 
98100 34384 
31446 29525 
41194 50223 
34463 17777 
50878 59467 
33082 43661 
79941 58085 
60734 15494 
24118 10062 
27721 38158 
25675 94272 
66804 76399 
86522 93842 
83393 86917 
95872 4248 
76784 65086 
69830 76394 
42698 6177 
20619 3924 
89413 38057 
21777 10255 
99802 42607 
12226 90117 
49880 46488 
86987 12825 
50774 28351 
55153 85 
15496 59273 
6814 49814 
64540 65906 
19772 89285 
74988 81721 
54155 5842 
46711 30746 
28483 21486 
6182 70307 
44242 48854 
93553 4547 
27690 90387 
81828 68865 
87433 19973 
58366 76939 
44158 16871 
58350 16610 
75021 5445 
77540 78657 
29273 91045 
7269 3392 
14065 72305 
28547 33981 
19708 53202 
74084 72549 
52273 74416 
17141 45364 
68018 32838 
74357 96779 
58943 60512 
16024 48134 
21684 89885 
61780 77397 
52978 40893 
2258 98160 
54107 27275 
27989 42380 
93999 94403 
65668 80373 
76088 69002 
18884 43590 
77560 22348 
85521 51038 
81284 22796 
77227 78559 
489 80979 
97737 51655 
4189 71570 
46278 87241 
87369 49178 
99894 57394 
94116 62777 
94247 99097 
94167 13016 
66306 47946 
33735 89804 
44302 30934 
30046 73781 
70421 13684 
55648 84563 
19936 60861 
63347 11155 
36829 35021 
35547 65406 
40418 28772 
2787 58159 
70114 97863 
65446 9506 
26128 38737 
69862 69511 
32849 33033 
35517 43859 
98516 63694 
3492 90040 
69975 92578 
78039 74022 
84474 77833 
62908 54798 
1844 832 
51983 94752 
59859 67061 
19805 77502 
33175 43130 
71737 51668 
91962 92942 
55779 8965 
50216 80069 
8501 48100 
65667 10500 
6048 72126 
3349 201 
17854 16228 
3073 65275 
15497 5357 
97421 49052 
72014 96699 
11348 20025 
98041 70655 
37059 97351 
313 95818 
18576 86460 
15329 8382 
99238 36373 
66394 14486 
82361 62410 
15815 45178 
30372 13271 
35646 68008 
80965 99800 
193 86700 
90178 44299 
11396 40917 
21727 53840 
4221 51820 
89598 68813 
43378 45956 
26544 88807 
14958 29923 
95035 31933 
36983 81358 
79175 40819 
61415 67953 
96161 8776 
16814 5560 
44135 62990 
45637 18835 
59582 8129 
23059 73499 
91934 3349 
5250 7925 
15606 18466 
44202 3626 
90447 90923 
23462 99124 
50396 84191 
14578 69777 
47160 30371 
27552 67296 
757 25013 
30298 37049 
12071 30561 
41858 8632 
73838 36319 
62054 85814 
76008 17474 
86280 45599 
39005 33461 
68316 93013 
24124 6837 
36304 8120 
64159 27831 
37453 64877 
29344 36868 
85586 97612 
93747 47620 
12269 40205 
95525 86519 
77083 65546 
90760 41152 
75488 8349 
85093 29624 
93767 63143 
89955 25684 
99703 11043 
90925 326 
24929 43866 
34586 69560 
90289 22214 
37237 70180 
49094 25339 
93896 20614 
74818 24922 
19261 62323 
99555 42340 
83656 18706 
17474 29562 
16443 53108 
3548 47502 
36984 55289 
61987 2476 
38967 36571 
11082 41364 
97746 67895 
31611 99109 
92337 52155 
54437 38423 
33777 82423 
39652 20854 
69811 1046 
4350 809 
92201 41135 
89063 39727 
7422 1542 
13903 96238 
44115 79239 
64627 60009 
61386 58824 
66125 61881 
90894 37949 
46234 10998 
92629 49532 
66328 80788 
29396 26923 
96780 90011 
68230 46531 
45193 2498 
98322 73956 
3193 99779 
14514 34263 
63619 64504 
52996 24832 
74108 49368 
81593 90061 
35350 96175 
40846 81215 
22702 12781 
4093 31846 
8396 11807 
74826 89474 
88208 64363 
67847 57555 
71274 24431 
27071 18335 
74625 35167 
17320 26733 
75061 37016 
90031 88247 
10132 59411 
63526 59649 
87299 92714 
77361 40351 
55731 5167 
77204 54343 
18758 90782 
61831 57953 
16632 8429 
77022 46988 
89066 99830 
72507 78369 
34889 54700 
47568 65959 
22234 25026 
98502 58069 
66807 77223 
46905 55001 
88079 10902 
71521 78968 
73649 66024 
88443 65888 
30577 86406 
24498 8790 
79125 6884 
6898 45951 
49140 83835 
48578 53376 
72221 94391 
43112 70891 
23854 88291 
95708 63833 
58845 88212 
7484 98239 
679 99301 
99104 86410 
90836 6725 
6791 41873 
77635 11247 
8865 68006 
25830 77146 
44157 92981 
57980 44235 
64993 55176 
96508 86309 
26942 37843 
61411 82052 
55085 49551 
92745 1212 
42309 47851 
9285 98853 
28971 7544 
85171 53496 
85242 42133 
24897 81211 
67551 97242 
43653 6985 
48769 48185 
14803 77181 
28105 50378 
29227 52426 
11180 10895 
22236 29002 
13339 72255 
62991 98574 
79968 25356 
68598 71101 
36439 97541 
466 53766 
77301 93850 
24078 21 
79382 4800 
64952 17112 
76754 32407 
73374 47915 
66790 27663 
18389 23462 
26089 77311 
67568 16260 
2576 25525 
73240 11270 
15845 66960 
78149 51417 
41663 1666 
73913 7510 
78491 99467 
94208 68685 
94024 81675 
1232 48781 
27926 91382 
28820 56491 
83326 90073 
78477 82736 
74079 87940 
25622 17344 
7427 88029 
82515 18984 
72378 219 
81616 27217 
73012 60059 
88524 23600 
92856 69597 
27201 19974 
1608 62591 
1831 76383 
18657 84899 
29448 28497 
29269 72293 
55389 35010 
8704 2635 
9650 39143 
47180 97057 
76395 75216 
84308 45696 
91142 41191 
55450 37522 
50569 1153 
24465 80931 
18418 77890 
27360 12037 
37617 45049 
79622 962 
13565 30778 
6337 82939 
16382 341 
38672 60656 
61016 93891 
82910 47054 
63208 57377 
8935 43625 
36648 19521 
23916 78303 
92024 35876 
93914 59154 
22236 42140 
51233 35300 
9676 33245 
78560 94948 
71288 12159 
92284 71838 
65009 32925 
56845 76086 
17253 96138 
49602 13159 
95221 41884 
61373 5566 
40152 25105 
61700 85883 
98006 51416 
79832 86847 
32615 97609 
52531 14502 
83005 40366 
68024 53769 
31364 69167 
91780 22320 
81062 64946 
94246 58237 
5136 84723 
13286 99737 
14831 4264 
74802 91072 
15085 35780 
63824 27760 
59219 55708 
85387 36406 
88662 48835 
79541 69635 
45200 99340 
58133 85031 
72987 36755 
12294 68498 
85516 75426 
99061 57063 
58746 69746 
53166 13915 
25761 44243 
85722 9342 
90609 47545 
25421 65233 
49391 22319 
29785 27945 
5198 79476 
44163 44597 
90154 14222 
14333 31194 
62613 4023 
64966 37554 
30465 84067 
40643 33566 
62536 4545 
68742 64118 
89243 35854 
44210 45889 
60927 2781 
55110 8190 
27720 96800 
64777 12210 
28325 36787 
41534 18222 
26741 22792 
80144 8733 
15776 54941 
90492 17027 
14069 70104 
38518 55211 
19400 82662 
11948 83603 
45218 2525 
49170 14190 
59608 43479 
13382 94891 
66314 28033 
16162 78486 
15993 41094 
94663 40324 
12513 84153 
24916 72298 
83906 34073 
10001 47095 
20493 16150 
16384 16335 
43736 59820 
44273 78996 
58522 17182 
8586 32356 
58897 89457 
75973 96753 
2629 24574 
50291 87512 
43565 20260 
24055 92724 
12389 91329 
16585 3874 
66145 37298 
930 37861 
84848 77045 
81120 83555 
79513 895 
18895 3823 
90080 27347 
24784 24788 
94036 41585 
22245 48137 
16915 36006 
65572 29386 
34386 69167 
42343 75289 
82347 8862 
19425 26942 
46161 27533 
97911 11639 
83133 73702 
26789 66178 
43341 51889 
87810 57050 
93094 5232 
4674 48835 
12577 10008 
48564 1132 
34655 59287 
8973 6480 
15345 34178 
73914 16968 
78114 35411 
16802 45636 
53968 75458 
18642 70239 
47174 11957 
63640 11616 
92532 36899 
33955 6618 
34239 22840 
95015 46458 
48697 67369 
6682 5340 
54007 70092 
17524 41345 
97445 22620 
99542 11824 
88860 91347 
58927 8907 
52741 25234 
14769 87251 
4571 26414 
72111 25789 
18171 80095 
28346 37972 
39853 52062 
42662 20888 
22523 27031 
67111 12660 
98247 79165 
84824 9626 
81368 37250 
26012 80072 
95886 31353 
35612 99681 
50631 85229 
47767 25331 
43635 49295 
81838 18543 
63179 52691 
12197 27604 
67125 89772 
79821 38286 
64436 46298 
7506 7076 
93205 13668 
52544 97967 
88042 35728 
80755 54113 
56320 82021 
74022 49022 
37584 43742 
89816 78487 
3330 4285 
75652 74052 
65384 44914 
4059 41582 
291 7929 
34306 54405 
64397 54642 
26042 59441 
69714 23523 
26931 86929 
14209 15094 
31470 89567 
11803 4450 
61432 75286 
47154 9721 
49680 39363 
88214 25384 
18591 46234 
25580 62982 
31939 59091 
71824 28672 
64788 66249 
46261 6920 
79794 7261 
91045 12766 
20309 58890 
12986 21237 
30757 1314 
22185 81843 
92977 48288 
43323 78490 
23589 91523 
8382 749 
11895 79160 
601 51073 
90438 20962 
8622 24416 
21055 88733 
67091 61602 
48114 59480 
5352 95890 
17589 30964 
99436 83367 
85747 24524 
24214 32104 
44407 78458 
32316 22470 
71113 26738 
44409 41546 
72016 52463 
21382 38299 
22872 3212 
3205 42955 
29261 56342 
41477 83990 
21011 26269 
23112 79196 
67766 12906 
81137 73492 
52728 692 
15228 45439 
69843 31003 
99416 6899 
16045 87273 
37285 75796 
34622 51748 
36030 10679 
28408 15575 
9903 57554 
2180 49794 
90850 74442 
12532 73805 
19568 67137 
428 90025 
13739 90884 
56773 88677 
61846 46948 
24529 65066 
70782 30560 
72279 33167 
3363 67224 
83597 64003 
77887 8111 
94186 25042 
66048 42051 
74463 47698 
17800 21595 
99136 4062 
62167 93670 
67258 31091 
81541 71559 
36375 734 
33661 84229 
12586 97888 
266 91501 
94687 34522 
74298 59104 
5048 98011 
58595 46345 
52454 4392 
38165 70950 
62891 3215 
5395 80586 
83080 59593 
63006 78599 
8538 21248 
3049 22745 
13068 63551 
61929 39970 
59765 93964 
81228 77756 
55001 88788 
61987 43109 
66307 29755 
86169 63954 
62693 5730 
93164 44524 
51627 45717 
41491 76279 
80788 53314 
56270 8927 
44651 19925 
61549 82355 
86062 4282 
23262 69550 
11206 79209 
83351 83070 
42687 63047 
48512 53158 
19937 72833 
8056 94310 
18747 59018 
94532 38909 
2470 7450 
68054 31481 
36242 23293 
673 45201 
92590 43741 
60668 3461 
51869 61585 
48319 63637 
54184 80114 
14462 47620 
90832 61297 
1083 84261 
32734 73866 
79205 62554 
80954 95617 
23523 81202 
90113 75190 
55475 20171 
59349 12532 
6903 52860 
7457 74420 
4945 63767 
48932 21654 
55498 35783 
65869 87906 
7345 23740 
27014 16741 
11974 36374 
39732 32910 
55135 7569 
33270 96816 
25350 49561 
62392 66908 
1884 45717 
89330 73755 
90059 58583 
48969 91702 
5393 80 
27255 79256 
9625 35025 
86077 47713 
31557 66642 
49186 9068 
63472 83238 
23208 48862 
9997 28955 
65404 67369 
80379 98299 
25541 33425 
57469 44103 
83090 99188 
47098 31638 
72960 31248 
10069 67782 
43031 23768 
5650 83478 
15026 72717 
30245 50137 
26554 6741 
17811 66232 
16681 89876 
79644 58997 
79941 34031 
314 7985 
54448 85076 
73793 12152 
28606 75351 
59270 90226 
47889 67552 
59638 25308 
78273 50207 
77333 38939 
36087 83319 
81965 7362 
25456 34280 
32118 13218 
33923 88767 
29697 59642 
24476 69093 
49394 60541 
27909 43368 
78107 60743 
83296 62837 
19563 32833 
96340 21857 
67943 43609 
85438 95271 
30939 82477 
63541 71298 
87495 96498 
60241 64550 
98353 82391 
22957 63428 
48609 44471 
48739 38916 
90584 39336 
88877 17643 
72669 93041 
37408 1103 
85144 94575 
61528 95054 
27565 40636 
57061 98369 
3930 31039 
15331 88973 
81653 91497 
69146 36043 
8252 31126 
45065 62232 
65734 25668 
86726 77469 
56764 54290 
29723 6734 
59062 7715 
2391 38248 
54802 28546 
98801 25605 
40396 40805 
20382 87660 
48653 75040 
10815 63357 
70112 97800 
15178 95164 
43265 9823 
78789 34451 
94392 85998 
63827 84859 
46922 91966 
2483 25628 
87506 27160 
24278 85805 
71385 12166 
92145 72441 
73202 59470 
56974 91088 
41033 40967 
93525 35326 
91219 93064 
11990 63520 
89499 80759 
48935 25657 
99936 75776 
28957 50873 
47343 90672 
54119 57127 
31176 50724 
22063 98523 
49246 78528 
95690 22880 
38190 12399 
47375 72412 
14265 78971 
78913 23772 
2810 92883 
74763 30198 
77663 61931 
80580 98141 
92818 34841 
11681 3505 
77806 40555 
86765 28503 
85523 32927 
51081 79152 
26680 72749 
210 25537 
98574 50245 
40711 92249 
17507 75470 
27112 14765 
94026 41508 
96081 69056 
48001 95909 
78073 76317 
46657 39527 
4348 82500 
62769 8699 
42989 13167 
92581 86684 
91388 8229 
43372 33311 
24630 48229 
99142 18019 
49332 94102 
99568 90743 
40685 75716 
22127 27574 
46815 81006 
40244 43678 
29040 17135 
41303 74638 
69213 37881 
27564 89228 
16041 57318 
90295 11530 
61136 98861 
42830 98415 
32527 60889 
21823 39561 
68436 15401 
17599 21527 
87383 94535 
74316 24821 
1996 61299 
8543 3490 
33387 5488 
30904 30421 
70574 53491 
19587 78395 
85108 31615 
86826 46840 
54957 76515 
99834 37326 
73637 43477 
66253 27016 
20699 23534 
70790 88619 
47895 43788 
54547 57816 
91698 91812 
61414 54710 
57305 74629 
36973 24536 
31894 95524 
54492 74688 
75571 7826 
59875 50054 
7338 83798 
72871 6720 
50357 18887 
55338 15302 
25905 76884 
59055 49471 
88605 69865 
95346 92676 
76916 58330 
26678 26663 
12273 51572 
66456 49029 
17934 86059 
87377 3921 
44255 60498 
80998 99896 
81000 10244 
81583 32033 
9251 10858 
65827 21588 
95574 10864 
66727 35785 
59344 7132 
94626 52790 
50445 92833 
41404 92483 
59063 27509 
54794 42307 
41881 1601 
8983 69336 
89685 93610 
64921 24601 
80281 47102 
9202 13810 
57549 26887 
83875 29763 
52591 48950 
71249 16116 
16144 17096 
77505 59544 
62757 40782 
66850 87960 
36744 53219 
33994 86109 
97476 96611 
66877 26699 
87341 92235 
43856 55136 
89511 67115 
29995 59047 
4657 66136 
85605 99908 
75837 38722 
76864 83465 
68994 52564 
83120 98040 
72885 53401 
28404 55386 
16683 59475 
25694 27480 
16144 52042 
11651 84397 
49907 99204 
66818 3421 
36390 29312 
61706 37545 
28658 52343 
42685 2772 
69812 12892 
73307 67882 
54592 46803 
76444 7822 
24295 4968 
80524 12408 
81553 2456 
59227 25740 
49121 48874 
68108 28539 
12533 16759 
23945 65553 
80371 8787 
42995 63256 
67814 91733 
52882 79243 
59271 75344 
19499 74056 
34097 27698 
85104 98597 
45768 35093 
96683 45867 
29335 34160 
14690 24461 
74586 66654 
31456 73048 
43079 33221 
95807 50030 
26036 51490 
35881 627 
37075 55926 
95639 24820 
8849 12166 
52233 43921 
15888 56918 
61197 90959 
77283 16008 
84306 30656 
2320 97810 
91011 48439 
29787 7023 
88499 34763 
77378 74645 
27729 30972 
61477 54006 
53182 95954 
69577 89850 
12634 99087 
67690 27689 
19871 44246 
3315 94069 
68104 82109 
20888 44850 
24716 73559 
41116 48265 
99012 25663 
68172 42257 
63829 33537 
79485 81480 
29104 26343 
21671 68347 
10959 33723 
83150 44650 
13352 60183 
39077 5519 
41032 79238 
67450 85861 
92310 36580 
16586 60950 
38070 82102 
63652 97433 
79480 34292 
41517 88801 
91015 17331 
26932 10233 
97712 1175 
76864 31730 
5955 17962 
71820 35598 
5647 24279 
75061 94571 
88284 28139 
44848 80261 
80216 1959 
43210 88110 
73307 58401 
69178 84676 
46228 74625 
7054 5803 
8797 12314 
20981 60125 
69033 95790 
45946 21367 
18035 78588 
22316 25001 
51309 50047 
96088 20110 
96837 7822 
60293 65659 
99962 49610 
44301 1897 
23083 18011 
67274 72227 
54167 66075 
59602 18648 
82276 97961 
21879 24755 
90566 79025 
34832 34250 
37634 2753 
55568 30116 
46635 48133 
35631 19779 
98231 60387 
74559 35027 
28236 40396 
78993 21924 
63716 33769 
31850 65592 
92368 69142 
88693 67499 
49107 7152 
9113 68755 
21144 26450 
99840 91934 
18190 91193 
93217 56056 
27989 15633 
9816 4639 
79033 65764 
57158 75077 
62094 15402 
97882 29135 
20129 4647 
80152 58969 
2132 32383 
60705 80825 
90688 51263 
66661 29457 
55252 23595 
36069 70322 
53592 39577 
49115 53702 
2373 95560 
12052 45203 
64521 79307 
84098 80421 
55779 11657 
43916 8089 
55785 49596 
76765 5650 
20053 64387 
25986 73939 
28354 70274 
93248 43547 
72342 94170 
90781 54454 
80617 44851 
45830 2613 
2990 61322 
32661 82471 
27382 94390 
60635 92735 
82531 2858 
78266 14250 
87636 26395 
62616 13438 
46085 30750 
50988 72536 
44565 7856 
37600 98729 
11150 53289 
1776 18286 
6373 36588 
56152 18935 
69814 26193 
3506 63962 
21401 30009 
69027 64916 
21410 65092 
31206 66267 
26059 75499 
8981 65051 
36613 76040 
75392 61223 
29101 11478 
58697 10382 
69011 85691 
60775 29482 
60743 33337 
69592 88313 
55154 77783 
67617 4757 
40150 43377 
41289 50241 
69108 67557 
77996 63262 
39800 88886 
96487 63536 
22513 70777 
94238 57058 
50253 57497 
11025 23224 
26178 48967 
1795 79194 
73823 23967 
83892 23799 
54221 37514 
73827 73526 
683 67522 
56946 16533 
76767 88289 
39757 27113 
45914 3905 
19113 2680 
52221 83405 
65054 8084 
51010 1261 
54836 37968 
95137 1776 
14530 36849 
78362 74018 
21524 48765 
60694 45092 
96394 3567 
52226 73886 
65786 85313 
11795 54879 
9351 69744 
24708 22122 
13201 62417 
59800 77260 
39987 16864 
70258 52203 
91396 62987 
94922 57073 
82729 29934 
37209 57047 
71196 4811 
47288 67978 
79633 28840 
9869 59920 
35617 95966 
44684 10200 
2260 85401 
59681 53172 
11452 29239 
58008 32545 
22928 89014 
88962 73943 
23239 90968 
50436 60329 
47579 48782 
95749 10976 
54356 84675 
71316 35862 
7543 45005 
13256 61684 
25016 94900 
60823 3129 
32464 67948 
2467 83602 
21935 41609 
56360 93307 
51643 6745 
1368 9381 
39427 578 
16760 92757 
96075 76355 
59348 19440 
16695 90145 
5264 137 
98441 95454 
10277 91443 
81088 49705 
97317 4267 
13324 53145 
62773 70721 
32091 60366 
4198 39401 
4903 27388 
11185 30797 
25797 83122 
28478 99529 
74407 43032 
95794 18133 
44652 14966 
92346 18367 
24584 82345 
65760 266 
62218 88315 
4805 46665 
83455 85935 
23325 61447 
37732 64140 
58755 83470 
34611 6939 
52781 14948 
217 94200 
73986 43003 
26337 6392 
62734 26159 
6916 52754 
27082 63766 
56803 2642 
95163 65623 
85823 63164 
34272 91544 
57607 12728 
79807 36154 
97052 69761 
78225 92915 
22932 48588 
37376 43167 
72843 30373 
94812 80945 
56576 55999 
60121 2376 
20935 29904 
60854 59666 
34128 9146 
23262 3984 
1108 40352 
48868 19019 
2546 98691 
5800 77522 
9625 77666 
39824 36868 
64420 76256 
24229 26459 
31368 30820 
9933 69750 
19164 43191 
7655 26746 
44412 63500 
32481 38990 
58421 96531 
67847 8414 
86819 13801 
60725 43823 
37933 70025 
42729 64382 
20411 42313 
82862 58163 
73151 33129 
16831 55598 
51280 3995 
65089 92668 
30849 35858 
47219 6681 
91814 44226 
23780 28728 
14002 12382 
48411 11173 
73999 44417 
92772 56025 
62197 81259 
14800 90565 
48762 67589 
76805 70310 
14847 5198 
84099 76229 
31114 79295 
7103 13022 
9466 98235 
70327 8394 
75877 44275 
40133 59404 
12280 93226 
19841 71311 
93739 24248 
65552 86760 
3423 7529 
68942 8750 
42421 27223 
14345 79471 
64008 69786 
6564 88960 
52705 83713 
83191 52434 
37316 95682 
70561 13241 
74105 50261 
16057 99557 
61378 25569 
31111 87270 
49932 65649 
9037 98944 
95223 61864 
39752 99311 
56531 10190 
29463 31425 
86041 69091 
47565 74463 
66445 43501 
65287 94047 
49543 24469 
21014 99074 
20280 21129 
45766 15203 
60767 31931 
8971 34476 
17031 15435 
99448 3002 
77619 37474 
39431 64163 
57637 91130 
40498 83547 
44388 8716 
49438 43570 
1534 10831 
99352 10748 
47516 66565 
76731 46587 
20960 71061 
38739 54318 
20892 81883 
66641 27944 
62796 94048 
21068 97587 
22922 75032 
72728 45614 
52688 25749 
18213 1779 
32653 81205 
54708 12375 
1233 15453 
79695 18388 
37206 69422 
2153 70662 
96987 77391 
288 56303 
7800 28079 
37501 9867 
96055 59713 
53059 35306 
86608 54962 
76883 70209 
43043 71235 
78859 82601 
31734 14582 
52283 2323 
83124 41356 
48287 54010 
92567 50755 
23553 76718 
49989 13516 
37124 86462 
12773 67294 
33783 62221 
39455 97599 
81280 13440 
83200 14722 
86565 17578 
3476 31669 
2246 7 
91952 45881 
48643 65318 
24356 28431 
19076 79065 
43910 28334 
6482 42058 
53885 6800 
87918 95470 
46952 26455 
30262 44359 
27212 33979 
35102 89668 
87145 91089 
23816 14284 
86177 28429 
74804 77475 
40177 19684 
64029 33811 
71904 99125 
27311 7640 
91288 74768 
58208 22220 
71387 21490 
78878 3849 
60968 73682 
72946 55607 
27872 75393 
49223 22791 
58694 87447 
12993 52674 
49757 95606 
57654 84938 
11959 11655 
53641 95906 
77821 10107 
3847 59678 
42870 97285 
55160 82317 
95507 66623 
4304 11440 
89573 54319 
12773 22868 
92060 72805 
50490 38450 
94782 66067 
20706 34720 
13253 413 
79671 60761 
8658 77077 
53825 95451 
59493 28926 
74471 39202 
78323 42522 
95367 53395 
16058 28939 
32164 31876 
21265 51969 
64293 13214 
25237 10761 
69709 19854 
4903 65399 
20761 40872 
35131 88592 
55553 58713 
79569 24384 
53261 57141 
84893 35669 
84213 37537 
37190 26311 
75900 13771 
11160 30786 
34652 52051 
92921 74533 
89368 71483 
85450 21557 
78462 23500 
11992 42350 
84105 23905 
17289 54827 
28886 19935 
29054 13700 
89165 36610 
82832 49626 
46667 61532 
32269 88459 
95312 95387 
63740 13037 
43761 16599 
9420 65241 
5861 82882 
6089 24390 
50931 19895 
78303 39576 
93761 27763 
34064 38155 
40212 69917 
48671 80370 
68467 95535 
78218 80946 
18300 86783 
87991 72538 
81084 15154 
3043 42995 
31848 37361 
88280 38689 
21323 60581 
43640 89525 
50702 59281 
56290 77760 
84775 31413 
86231 42374 
20091 40472 
74303 83499 
14015 1728 
52304 7297 
97777 35857 
3800 30668 
42060 31302 
71130 47305 
17197 27860 
29280 41873 
91691 58311 
50440 27451 
42595 62355 
64482 72905 
9152 17685 
80013 81454 
7173 16703 
68282 79486 
35757 54239 
27948 75531 
50271 81514 
42530 53302 
45895 24728 
14383 69863 
94588 62775 
9092 40226 
4975 7961 
72429 3046 
29468 35994 
88365 78612 
25804 67126 
31078 49945 
91262 8981 
26527 20557 
26938 33447 
79861 28339 
56784 74927 
43788 24012 
21492 5339 
10 54730 
90864 62412 
909 28653 
89951 82179 
71905 74729 
14041 13976 
6259 53370 
15486 76845 
93550 18392 
81382 49914 
10665 78301 
85288 76164 
69865 55911 
88458 98911 
62328 99275 
86442 43407 
57549 54035 
45497 2175 
19076 67564 
49853 81964 
75278 58628 
85712 22703 
40199 52838 
20739 4360 
14007 53742 
98842 16322 
5162 92209 
59217 75731 
7147 72602 
5898 46136 
31435 13254 
99472 25910 
45371 60894 
16152 47042 
88714 43910 
21061 49270 
45822 17738 
32370 71926 
31811 47132 
10833 36448 
10488 64753 
95307 76209 
99456 43204 
19001 7111 
33510 18586 
83483 22361 
51298 7590 
37880 37884 
42184 67312 
9258 11036 
40356 57221 
56799 4598 
81433 76078 
77214 70462 
43194 63112 
71705 82991 
76497 72406 
95859 60735 
95078 52179 
52980 76994 
33627 86519 
58685 74647 
2393 86179 
99980 68768 
63538 47098 
35570 41698 
29569 30638 
35820 9599 
37379 57856 
40567 66924 
82796 51660 
20905 95821 
10005 5317 
67068 61190 
37789 3530 
88743 98890 
70301 73199 
6384 44586 
83862 94966 
32540 43754 
3327 63775 
90738 29560 
81587 46946 
96098 54667 
74055 51624 
26697 15437 
56297 79975 
47533 12576 
67456 20142 
10056 50965 
74705 93694 
39326 93226 
44709 56224 
38187 46519 
76890 26722 
83229 80131 
295 3488 
60871 42615 
60938 9617 
93525 71538 
29738 99443 
35627 66365 
42483 48850 
77183 25537 
42769 46992 
78563 32525 
36424 4683 
74398 12448 
81665 95657 
26741 70762 
33085 50834 
78052 68638 
29538 32915 
53106 85794 
66076 28837 
85597 70890 
18341 11040 
99958 82033 
94127 34963 
61884 75483 
71345 59840 
22014 9384 
44160 2618 
16453 91115 
39868 60680 
55053 11829 
87857 68090 
23795 79807 
19010 82177 
51175 85435 
49005 32545 
40105 4938 
52163 2970 
46681 77446 
63871 58156 
95040 70538 
59065 71934 
53586 83075 
41866 61265 
62006 20997 
47159 81259 
90801 21650 
98795 90462 
35468 95313 
91025 52751 
95968 98759 
59913 2468 
68832 55031 
89650 62774 
83993 86018 
55097 73726 
51375 30014 
36302 56205 
43276 75121 
53370 10570 
27777 51173 
60774 24802 
85658 87800 
9049 45891 
88742 64319 
28762 50375 
91101 48339 
16795 35157 
86238 44255 
8142 38142 
13118 50289 
97817 89708 
51868 53265 
36918 90677 
35962 74015 
64496 10197 
21890 13132 
52598 97820 
99601 36716 
35707 8076 
97392 84829 
67768 42961 
33484 81575 
89 28018 
93155 75023 
1630 51071 
65118 37651 
49540 9159 
53702 13529 
2270 28878 
94474 7182 
30199 48055 
40059 70864 
19417 72585 
50232 61924 
83174 51255 
15742 10030 
12462 43507 
68884 55166 
72299 90353 
85480 91678 
3511 37024 
62714 81067 
21161 97444 
65201 76779 
10217 95252 
67661 37963 
6691 63845 
86784 95963 
18175 38795 
87094 77260 
81552 29992 
66100 79643 
77642 18003 
72496 44583 
22626 79391 
87859 68090 
34340 9096 
7098 44801 
27834 74523 
85769 45572 
29118 5564 
83454 87578 
8570 97584 
21535 67723 
26226 80228 
90984 95090 
50017 83961 
91206 76269 
54982 18345 
54505 78541 
36600 61323 
12389 20251 
74584 47166 
89754 15130 
64852 32232 
70839 27890 
96843 12317 
66934 82105 
90952 63148 
29953 98236 
26590 76406 
98274 29538 
85199 67734 
31669 6738 
4544 40242 
90654 98473 
90702 97341 
42300 43876 
62377 12064 
29271 16078 
8528 76572 
21808 30995 
24769 75156 
83398 24449 
56594 46801 
20033 82487 
18204 29255 
50226 24704 
74563 5562 
28408 8454 
71277 6129 
77812 43000 
72000 54670 
40652 76998 
16273 84727 
33160 50128 
42070 94993 
979 80274 
26791 56282 
6428 91317 
88029 30737 
43321 73458 
51177 14765 
67305 7890 
34782 71164 
50097 80748 
26520 73075 
14539 57407 
22773 42603 
84024 87567 
82999 30360 
84670 63954 
6465 48678 
71506 63086 
73323 40859 
10953 55190 
4691 41609 
41104 82217 
87044 59647 
48499 67819 
75124 92509 
45604 41218 
34511 65693 
6651 28114 
10141 73537 
21205 86048 
10214 87600 
54610 39137 
76353 89829 
62332 97609 
70299 82428 
91319 31293 
45045 24068 
15598 3024 
84022 42999 
95636 57861 
85822 81604 
21434 7086 
43886 34054 
97789 42147 
20698 49010 
56890 63018 
44254 82668 
38154 7891 
60909 3954 
58131 26690 
63184 73315 
4354 49572 
73717 39294 
26144 63422 
7260 22962 
62698 24255 
51463 89278 
44167 1536 
4185 36591 
24984 71614 
80134 70732 
60365 51764 
52895 68538 
16670 93785 
29721 77148 
14253 36690 
65969 40040 
37433 51666 
13622 88538 
10398 99341 
64095 88379 
30138 59329 
89356 84965 
67903 85068 
7354 48014 
99225 83176 
97869 76624 
99201 15878 
73100 89091 
44527 77464 
63669 88381 
96659 1336 
15183 63730 
1547 12875 
3090 61650 
30521 55188 
64307 35461 
4197 79729 
12920 61492 
86702 11844 
54254 92219 
11021 72517 
36680 1850 
97947 61860 
83777 68280 
60916 87375 
30804 26785 
46866 50562 
48893 25527 
49369 89138 
78002 10618 
44371 8953 
5371 69439 
41220 29632 
20058 64865 
12026 11037 
46160 196 
60973 23824 
7330 64857 
21821 76712 
3532 24283 
26665 15486 
87225 33934 
71891 64363 
10706 76998 
18319 89004 
78913 48103 
1697 22299 
82710 31233 
96973 8977 
6538 49049 
75179 93173 
1263 92943 
15337 94251 
88198 78404 
85397 90535 
13422 8673 
86058 58011 
2962 71134 
59187 91638 
78778 35547 
98630 70603 
83181 70972 
65327 15665 
24955 49105 
958 26686 
4368 55761 
54749 81488 
96183 89372 
86592 23397 
69905 85600 
86304 64130 
4710 70568 
53645 81134 
12850 11703 
16588 94043 
19814 4824 
26417 63620 
62099 8838 
57358 68362 
54189 15322 
55732 78882 
45182 19246 
29052 68266 
32463 39223 
39005 67777 
24949 20942 
63911 1591 
51617 45799 
26066 11725 
92413 58264 
37249 14830 
68074 20135 
1743 16269 
63022 97587 
30355 43670 
71210 87817 
61220 52117 
48612 96070 
53568 96195 
28078 80972 
19198 60296 
2325 96344 
83021 87909 
9079 71066 
18863 53072 
58740 85022 
89589 72706 
29374 18853 
31681 67264 
16498 77923 
63534 38936 
65780 16849 
64034 51592 
35672 19902 
63387 64707 
33939 24739 
11715 94719 
47161 12179 
42563 51563 
35498 23100 
28296 25597 
96361 5054 
32229 80670 
10093 35826 
98386 42789 
68392 18894 
83957 60672 
51880 96660 
31789 54382 
67133 81297 
651 61333 
75394 60205 
19588 35146 
45346 93309 
9281 52121 
40498 82821 
18163 32581 
8133 62592 
53938 89867 
71178 23791 
52159 78478 
37020 66434 
12725 24653 
27964 42139 
52418 87654 
6904 32485 
66989 18045 
18736 89514 
69903 50485 
93154 50120 
76428 92838 
57677 24502 
31613 50885 
91113 50310 
38571 58436 
7142 98779 
29512 66381 
95276 16894 
36167 81014 
62214 90480 
58490 31896 
10411 17155 
967 92607 
62704 85189 
44367 73921 
91881 64563 
47456 58254 
42362 29925 
27964 46677 
37440 51606 
55012 45351 
50073 10532 
96239 26937 
77761 15580 
2030 64346 
2791 27845 
76526 49134 
37975 25239 
80522 74920 
54985 73039 
34874 87393 
67466 1182 
44710 76788 
94364 27542 
44518 16148 
60212 7892 
72113 29277 
98638 37905 
15476 5953 
12912 80286 
40675 68798 
13092 41018 
1314 36157 
93191 72697 
50409 18371 
33724 40072 
24072 31066 
15125 43155 
43112 8341 
5729 56639 
83380 51241 
44366 10875 
98640 52414 
72084 9283 
40774 96568 
80129 49829 
11265 48171 
32003 94073 
95229 2740 
86308 6303 
74637 96184 
94022 67401 
90928 37799 
68976 53323 
28863 56888 
33495 56490 
23271 30370 
22556 19843 
48210 89342 
89244 47988 
34158 86233 
91908 57587 
72957 41015 
59151 30028 
12545 74868 
22606 33433 
13917 82760 
79445 88158 
41295 92625 
96672 60233 
83127 8082 
97444 80523 
56348 34144 
76035 3952 
29233 40872 
72538 42690 
9202 28677 
966 30030 
81095 20733 
65162 97509 
48753 22954 
15777 76844 
28098 60033 
98522 70404 
63482 17217 
19029 69164 
90722 91845 
2856 35477 
50017 86087 
60529 9509 
59858 52896 
76984 42815 
99088 40888 
32372 10260 
8398 70668 
26910 2407 
14879 15066 
26303 54463 
3608 48810 
66254 25036 
8812 79364 
54651 98172 
73817 69971 
88264 45560 
33752 18367 
57118 52258 
7908 60227 
44191 78959 
49676 25075 
40676 6542 
91155 84212 
87774 84540 
36801 95149 
24834 84173 
5903 65125 
70615 38698 
97199 27446 
89564 39117 
50620 48721 
98208 41616 
10912 62510 
48119 34666 
55825 55453 
81374 8296 
37571 15652 
92035 65840 
414 89896 
42891 19315 
79559 86246 
80568 13595 
56897 1584 
64059 31696 
47705 49899 
71842 43702 
19067 16420 
80986 75278 
95552 65132 
17957 88206 
90611 82785 
65351 84987 
13187 51202 
71347 72355 
38175 1490 
49411 44384 
96680 18721 
74631 74878 
37413 33711 
80019 40901 
34113 59697 
31236 34506 
65519 6058 
11411 58133 
74246 28653 
79049 40645 
18769 56900 
71548 55592 
68815 71454 
14375 71057 
58581 93100 
61750 11306 
4489 83483 
38453 64477 
14621 51299 
74415 27664 
65488 3816 
23805 41025 
98449 82884 
38565 25879 
92900 77025 
22685 8326 
6243 6792 
28004 79480 
31690 39252 
64880 16220 
14109 99269 
91843 62210 
81427 10208 
17148 47944 
94477 14754 
92158 10725 
91749 97715 
1543 60697 
7134 57006 
58551 27487 
68569 46453 
94900 13457 
43365 44618 
94376 74239 
82053 87534 
56746 44961 
26759 40069 
94398 31449 
92367 70561 
57895 89714 
99169 36448 
58650 24121 
34231 84802 
7007 44948 
45349 20987 
12247 39361 
26275 1118 
97360 26393 
34788 59547 
65940 86086 
96225 91297 
21111 75769 
84252 71203 
77154 72266 
37931 6419 
23315 7882 
69554 87060 
96292 100 
41254 20908 
92949 10218 
40055 12444 
8062 4497 
60818 73901 
13234 32920 
14433 36608 
2596 85275 
14667 64577 
18497 32046 
61215 59102 
36128 8452 
28807 83095 
29848 53999 
92603 26929 
65986 77029 
68687 83763 
66942 74003 
25094 1644 
69688 96644 
23601 32100 
58081 26545 
85431 537 
82875 86512 
35048 82416 
95937 90641 
65375 81022 
15874 11005 
85063 67559 
11138 17849 
53839 62398 
33640 32302 
85518 7466 
61010 15887 
99877 4106 
8855 9466 
34438 68162 
55722 25777 
85060 84622 
82938 94361 
30315 27836 
69103 55381 
8751 50138 
94736 99792 
60464 31660 
6404 57237 
14783 27165 
61670 40256 
4416 41957 
26258 63577 
13076 18192 
23084 70696 
18375 15396 
39121 16416 
74691 24555 
80581 73655 
91753 63814 
29440 55611 
3842 65651 
95101 70207 
91793 80350 
73826 52776 
15390 88628 
25505 55075 
37301 37492 
52500 3938 
71319 87709 
18440 81306 
67508 88702 
76267 18831 
54726 77279 
84244 44908 
97057 30252 
76287 69727 
84825 87876 
18654 44834 
73159 4909 
28918 87669 
1495 79233 
55093 18704 
75909 54113 
12886 19030 
72877 89507 
57290 79657 
27794 50294 
21046 80255 
4541 64831 
87006 4723 
3396 65952 
74013 73710 
53739 38344 
6628 50104 
55323 61161 
7913 52495 
77251 52824 
1400 93757 
97358 96123 
33534 47141 
66356 46074 
31052 30666 
10870 416 
89128 92063 
47428 43196 
45598 71204 
65479 55586 
34142 14666 
51681 24901 
25066 17960 
70005 72705 
56136 74996 
82572 65988 
27919 21428 
94715 71557 
88158 68825 
34391 63136 
57951 39963 
30873 93072 
58842 32057 
40535 96150 
84401 54364 
78622 1670 
22485 9353 
54997 91802 
75065 12510 
79208 59130 
41386 74859 
95577 84402 
27171 4404 
32562 76656 
17695 17934 
2337 92253 
5775 93053 
66249 76746 
97051 31757 
89807 54111 
24451 51538 
46814 21538 
91264 67725 
96470 94811 
28038 81693 
49531 89244 
92315 43505 
60024 14185 
62209 14768 
27564 5339 
74937 17653 
71955 18418 
39623 19473 
46577 60123 
10040 68681 
89931 37984 
37445 67788 
75787 69311 
36246 41462 
11518 1300 
85965 33938 
51483 59290 
61807 48871 
37760 58242 
33123 26918 
54031 83675 
94158 41540 
80113 72654 
94668 81958 
64381 2813 
19386 83630 
89272 28009 
24742 61320 
91076 82876 
78869 97505 
9378 15343 
66645 39822 
83805 96177 
15354 65197 
86156 97610 
68544 75469 
74492 29357 
85741 99556 
82469 69611 
73901 90594 
11945 31074 
62843 22979 
79818 57612 
21370 13890 
81089 55849 
73372 16593 
69301 27815 
13952 58733 
22784 85694 
44439 27808 
60554 97813 
42147 38169 
95253 36173 
55813 49102 
62166 70166 
70891 41983 
43135 78536 
20217 5953 
12122 32247 
25027 26215 
65175 34559 
38923 16799 
61747 91492 
33089 90527 
96566 25739 
4913 12905 
41701 40200 
14155 43806 
46969 83482 
50867 31053 
63523 69017 
17539 83402 
60211 51921 
64247 16921 
35240 73248 
50087 38382 
86686 40011 
16749 2061 
94567 21146 
50841 52191 
84478 4539 
80374 42344 
88199 78301 
97842 5120 
90209 70680 
27395 30796 
50726 7283 
56828 1964 
25644 21764 
36485 22676 
61677 86676 
6602 75261 
31048 14865 
52265 35721 
84204 18644 
830 79502 
41340 3872 
70544 13426 
13939 19170 
51041 76712 
46021 76682 
46516 64263 
91521 10103 
40582 38775 
98932 38143 
48170 14721 
57323 57164 
4308 16911 
68825 95403 
2200 39060 
51879 23043 
33768 53688 
46785 27291 
4653 53679 
90547 29732 
92642 37955 
51501 44385 
93604 88967 
65903 49230 
52214 28097 
98421 71394 
6114 76554 
56399 66769 
81629 93996 
23785 8510 
66731 14832 
44784 85693 
52710 53085 
79571 53349 
79811 643 
74823 68135 
44100 902 
40356 90148 
22919 40036 
99808 30632 
54485 61508 
88114 77838 
63574 75957 
1396 38816 
59676 8188 
65967 93636 
46607 95798 
82274 70330 
73311 29803 
16903 13814 
24393 6660 
61186 40095 
95939 43200 
48474 38262 
27234 91248 
23807 7088 
62256 77062 
89493 90500 
96137 82274 
8017 6747 
21259 77583 
29748 49778 
25282 18263 
27057 78174 
9076 11378 
58745 96901 
86416 68650 
59109 80243 
99252 65997 
44488 80421 
32463 41069 
56793 15785 
40242 73447 
18333 34838 
2592 8702 
55119 7970 
14884 7110 
56910 7449 
76039 20611 
81386 98029 
81617 27442 
77136 75489 
46916 82907 
95566 58472 
82210 76853 
85343 60197 
17293 23685 
14677 40918 
25764 49149 
46520 69457 
30817 79575 
99653 2702 
83760 83938 
64703 25647 
94126 66839 
8249 81380 
55905 61374 
90512 60343 
58328 24877 
42473 11289 
91562 97649 
96863 82512 
57811 45039 
44075 1285 
76508 66608 
88865 51840 
28651 22646 
16608 17823 
19804 97889 
38915 13835 
53876 95095 
77566 42489 
526 26966 
63015 78342 
7866 53942 
69125 98157 
59141 97501 
79317 48110 
97133 43864 
81004 62888 
43272 41383 
14923 29066 
19777 86377 
63949 15720 
42640 86849 
51938 78909 
90845 91209 
37371 83494 
72933 70081 
28815 75695 
5901 43213 
19642 82848 
93367 50666 
37986 13031 
40034 77723 
34567 76525 
67726 56305 
85807 53532 
4599 82221 
72560 88134 
3611 7174 
5832 97169 
8934 87230 
10014 44507 
29699 95314 
41424 46169 
99341 34308 
15409 39787 
95753 19455 
38726 73083 
72575 34037 
95654 40395 
5162 647 
16007 23678 
86121 51907 
61186 75011 
14773 29105 
395 11297 
12520 84963 
13342 78710 
61774 17651 
48013 84310 
10006 17138 
82517 85399 
2403 62140 
88541 73312 
6732 66127 
70623 87689 
72251 34274 
60204 49711 
20828 59727 
76375 8344 
2909 57175 
26225 52327 
63587 4503 
6900 52454 
54737 39128 
88728 63662 
98014 34696 
4203 34461 
50525 65867 
41142 42481 
50027 54244 
39998 99193 
19794 76811 
25089 44323 
94562 9819 
57416 81029 
88523 75622 
82790 86614 
63853 57767 
63115 70358 
74050 50497 
21007 39998 
50153 12839 
98297 81447 
69925 4567 
27521 52536 
157 91607 
42160 40881 
30477 21797 
6174 38417 
23403 88455 
26285 40704 
89853 18793 
21493 87814 
61899 47033 
63490 25402 
75312 57879 
68895 79532 
93262 15073 
19655 6872 
99520 21860 
11508 3082 
64619 95437 
82034 26516 
41625 75852 
49617 21829 
79546 31323 
2582 8602 
51868 66564 
13739 33852 
85297 88477 
19799 74031 
39514 34428 
97362 12152 
32613 22340 
87606 8648 
28836 38974 
70349 30855 
5344 42995 
64785 5247 
92957 22831 
39031 9050 
42181 15815 
43477 23398 
278 64739 
44001 28893 
97742 60700 
20272 36247 
33290 96990 
11620 9634 
15285 37803 
38395 58425 
64514 87649 
261 44197 
8321 32612 
54509 74205 
99338 12985 
7304 29950 
73374 78309 
8646 10053 
20530 70471 
27886 50319 
81177 78273 
790 20709 
94175 7764 
81436 88871 
18548 16628 
2619 82939 
21811 68048 
47007 82523 
78230 69728 
57922 16102 
48534 77126 
73414 45500 
18941 56458 
50218 73668 
61820 22663 
55201 20701 
42924 90264 
41078 74833 
40854 963 
90453 40093 
63237 20775 
7670 70365 
41111 31669 
61457 800 
58068 77925 
33051 61830 
23966 65781 
4245 88494 
34332 56473 
27712 18326 
66092 37384 
58023 4768 
47815 3780 
85891 59884 
8422 34471 
10503 80089 
52135 98775 
5180 1658 
29421 89254 
80157 79014 
73782 34966 
22931 78054 
52463 13357 
1406 29272 
35507 45405 
47981 90942 
22045 28277 
3759 31383 
75316 32495 
91212 51080 
8631 66505 
925 30430 
33347 90525 
23459 6905 
26880 43699 
30896 56647 
3891 33825 
14289 79817 
77017 27298 
13045 66443 
74814 68438 
30152 50111 
44132 51969 
13219 40515 
1659 70193 
95438 62685 
15151 57277 
32879 20694 
88687 57064 
44937 46670 
98259 47965 
63270 92149 
74123 68724 
21240 68130 
54536 2246 
70666 42606 
41872 91167 
95569 59955 
76570 78482 
3678 55211 
6971 89296 
15574 98107 
73817 95649 
38666 16685 
47047 35364 
8606 18344 
49470 87987 
4249 47409 
77036 46171 
93978 92574 
78598 59203 
50945 85078 
89445 66886 
82731 8971 
22340 86642 
56944 78570 
7403 64403 
68424 25001 
37890 50801 
86044 73658 
22783 18114 
37460 87493 
69064 90585 
38747 97226 
16654 20992 
52466 38898 
27207 9687 
62548 71609 
84325 28873 
87240 53877 
97192 84490 
12425 15713 
12256 20825 
16784 75358 
28302 48883 
77540 14542 
79092 58502 
90939 44201 
94741 56375 
15181 63787 
78090 57366 
45127 41614 
35542 44897 
57946 21111 
83208 7676 
26733 88463 
8648 54693 
85193 20759 
6115 8121 
40630 70611 
18921 74681 
74771 33160 
16390 5 
42368 84422 
4849 17676 
76045 76137 
22180 14863 
32538 21596 
93718 49869 
70230 9375 
33576 73395 
30832 37436 
60009 24952 
9053 68794 
55973 98628 
33311 71725 
46794 98273 
47760 22455 
85693 31171 
81399 16329 
34889 21424 
13474 54648 
5109 59474 
96120 48680 
69532 42641 
74932 9800 
99570 2972 
56081 75268 
79354 63414 
4611 52849 
43363 11004 
22740 54303 
47409 26692 
49250 27711 
26991 65405 
41454 91657 
19021 37079 
49807 20498 
23039 99654 
71828 29256 
56223 38407 
76837 59111 
12878 72472 
25889 70045 
73548 99082 
72333 5866 
21484 58756 
17590 8677 
14944 80587 
14022 24775 
32633 45754 
52164 62053 
56566 89538 
43158 30139 
81740 47350 
8845 18871 
45223 38681 
21801 48083 
48605 74369 
95470 52312 
7245 67222 
10619 47675 
97335 23780 
78476 65006 
87525 95878 
83210 23280 
35704 74691 
16811 60423 
3510 17043 
17979 34773 
91219 4039 
53271 59825 
23913 45459 
33567 37263 
26157 59834 
41786 8924 
6890 79780 
58868 56966 
38838 54893 
14156 43379 
57473 50423 
53621 94870 
23401 68905 
14771 7281 
89010 54092 
20629 64822 
85347 71762 
56817 43768 
98374 373 
75583 97696 
35118 6017 
78487 1891 
89725 20784 
65540 68262 
6970 91371 
2716 28906 
6569 15672 
52048 26418 
75414 39078 
28955 42098 
56893 39348 
99939 39401 
66491 89163 
10493 99297 
41143 48858 
37815 76641 
86132 8332 
95852 12228 
17792 66761 
81229 93890 
12893 11482 
37764 71823 
66295 33331 
34586 98254 
27308 94678 
98247 79643 
32168 48553 
12780 791 
75137 92518 
3303 4556 
63966 29306 
48568 88302 
86775 97745 
25734 8800 
76937 32142 
76722 70954 
79 6021 
99621 12580 
3099 17023 
10952 87382 
58895 73740 
94952 91338 
12519 52432 
54625 73914 
84528 1776 
5933 24831 
15553 87232 
11298 29544 
42442 83057 
31497 42171 
80814 39676 
86072 33309 
51444 76848 
51514 31950 
28642 78942 
93797 95710 
7619 97652 
27229 11603 
84820 99608 
15122 50803 
20283 31591 
79446 75152 
4330 14430 
66431 20617 
82221 18188 
22960 63453 
99890 15838 
74662 8533 
21472 60420 
60762 26115 
35054 81522 
73025 3264 
6933 50939 
66541 69203 
66632 24512 
58654 73 
5034 27356 
8971 7883 
46196 13134 
78181 70882 
9773 94466 
96336 68151 
15447 11240 
32269 39900 
93348 76327 
44977 6775 
55190 14088 
15111 46417 
49675 86052 
89 43594 
72708 80289 
29910 1398 
28050 26242 
62394 25327 
37274 85180 
46360 69530 
79211 57910 
99178 65012 
98585 46040 
91134 33352 
61082 827 
43244 26236 
47880 94524 
87413 21110 
76454 53148 
8261 46277 
6499 96713 
84451 4981 
39868 43229 
74050 17322 
51665 46162 
43202 1306 
95980 51512 
20315 69874 
14230 80354 
69027 29470 
36645 65383 
12321 27513 
8184 95929 
7492 11073 
89019 54880 
67064 27138 
76656 63094 
44271 16028 
71921 82146 
53418 23836 
64203 64598 
75174 87233 
42733 82530 
4796 24510 
50136 9666 
37313 452 
82090 80197 
47827 19428 
2650 98278 
17428 41050 
88647 26176 
75574 5801 
38534 36191 
78372 4218 
81168 71702 
18806 22565 
98211 26086 
69795 50330 
30213 14763 
93834 40480 
70886 85234 
14019 72079 
66687 82743 
30434 76703 
29563 65081 
83132 55021 
39518 39032 
8374 27972 
60698 73119 
8323 38180 
19721 26520 
56046 41535 
98250 22464 
87454 6342 
73131 85847 
89740 67975 
96899 59508 
81899 70693 
49050 11306 
97058 65065 
4199 45045 
18671 19423 
57092 32292 
92994 46790 
16423 89260 
38832 44961 
29475 33179 
2186 96695 
27876 65973 
58220 79457 
91043 49531 
45874 89668 
8435 56533 
31504 95165 
84264 3515 
37051 91334 
69082 98735 
35576 51374 
21493 66433 
12353 29173 
201 41175 
13306 94502 
61740 61243 
54180 54516 
92394 28416 
43665 43028 
34232 42966 
81578 39559 
74595 67361 
29243 13874 
56016 19876 
13392 78532 
29238 50230 
17163 71896 
15881 3353 
32204 87164 
69246 34512 
94425 9108 
21863 99296 
2579 19588 
86612 5314 
23680 85301 
34585 78993 
22122 46822 
7329 70465 
10455 86673 
33723 92313 
8877 65969 
12444 63788 
17847 84138 
89840 11153 
53571 34283 
9994 56919 
69702 97926 
38862 15983 
90225 47222 
67592 5075 
8285 133 
81471 63421 
63645 4657 
40436 77143 
97471 11865 
54662 97698 
97315 34351 
54487 45502 
87462 76598 
47746 93925 
90191 66869 
29608 35950 
82054 16408 
60056 46038 
95938 81040 
52409 63146 
74453 2717 
22625 37320 
63095 64132 
33571 1934 
42683 98175 
31099 56388 
39713 55871 
9416 69964 
20574 51343 
62157 46537 
70959 70433 
72486 21978 
85364 50795 
70688 1324 
43212 15579 
40900 81176 
27922 70304 
90017 44301 
53171 53037 
1249 58023 
96610 61724 
82415 55760 
5474 69307 
84796 31921 
30797 77236 
12182 34413 
67364 51004 
61760 96105 
25053 27581 
38561 6866 
33905 83887 
63421 91177 
90015 7924 
50744 22801 
82265 19725 
66844 77656 
963 47998 
92238 98747 
18582 80126 
1962 22941 
50113 68158 
46868 98328 
45935 91473 
65800 3071 
43640 47988 
83661 61888 
6928 70119 
53599 44684 
9449 39111 
82895 23374 
79402 1965 
41601 57545 
6713 78826 
90571 77370 
28798 85571 
81272 33065 
53185 86228 
73574 84182 
45680 32946 
89723 9166 
11314 47444 
72789 25845 
21939 47136 
46087 26913 
99162 21627 
76443 50967 
44184 20785 
28632 29284 
17156 24348 
60921 71279 
7850 24771 
52363 77475 
6674 70026 
71350 97794 
80529 81088 
91891 85138 
81496 80045 
39190 29462 
68033 39104 
99319 95926 
98121 88178 
59113 32214 
61727 99325 
51925 54753 
55983 99989 
72426 71282 
70625 53826 
89402 48150 
43559 87821 
29319 84681 
66772 37474 
25417 14103 
71409 28038 
27180 10765 
97435 9088 
43260 46783 
58141 12146 
47268 7716 
42609 6680 
10347 46534 
60339 88434 
36989 27883 
21359 45916 
71344 90526 
62447 15785 
10054 34850 
75506 55932 
4671 24460 
67642 36289 
61777 76122 
84191 71652 
52164 713 
55703 98303 
21786 49327 
87805 26750 
56645 13317 
98899 86597 
91400 24819 
24827 16392 
67180 5159 
51895 41222 
37955 12574 
10071 23895 
96782 47793 
56718 71754 
43329 86270 
7857 30458 
42328 19263 
28769 98540 
28937 2439 
78630 52087 
1455 30311 
14925 77596 
4471 77591 
2541 72874 
46198 74381 
39724 90789 
12634 11186 
8495 68747 
38141 1789 
80658 7955 
67141 67357 
62193 40861 
94842 43466 
38597 52586 
6263 53269 
91684 2744 
42301 34657 
94341 27725 
9161 57002 
53934 90351 
13230 13966 
67335 83718 
47284 32858 
70932 89169 
75906 98144 
17553 34452 
68108 46977 
88854 97508 
3345 57999 
56561 53731 
33460 21143 
38789 70118 
17600 45832 
58791 8428 
59705 37691 
2555 11277 
68913 49783 
89027 10040 
32069 93391 
12109 11490 
34506 75472 
87121 91313 
90342 15199 
36082 46936 
46781 80341 
75963 39552 
8251 75780 
31933 85805 
85670 11067 
83713 43267 
13748 71670 
67259 70671 
94934 19462 
96311 33806 
22495 51994 
38761 71033 
7147 57220 
81282 28592 
81798 10609 
42395 25168 
87149 74936 
48854 7630 
47269 79579 
73210 15442 
28729 75751 
41402 79901 
39466 86856 
58400 46211 
64294 99050 
67231 21310 
52792 66075 
52075 18460 
72310 34574 
19722 90795 
13909 31341 
45280 20311 
92262 92352 
47847 56277 
11937 54903 
69763 77555 
81899 78844 
69073 87055 
47701 10610 
99023 33335 
76553 54676 
40673 94312 
74292 71025 
75134 51126 
35262 74369 
30457 26357 
26207 71114 
14884 60158 
83493 33441 
52934 50259 
59342 76366 
73723 87412 
87215 73286 
61935 76494 
49088 18267 
71051 45335 
18091 19206 
15690 8263 
18809 85001 
5355 69420 
94554 52002 
55401 22116 
95960 80266 
12707 24778 
8539 38499 
63305 11515 
18119 88113 
47152 25862 
72623 71407 
91251 49992 
36183 6677 
86482 38459 
47355 93906 
75811 55522 
87018 38710 
91930 58116 
33528 9342 
80934 62778 
32797 51791 
75292 84120 
39165 1428 
34159 34882 
89325 46112 
51985 33191 
55987 15340 
47407 71310 
90593 92737 
83576 62006 
5121 75102 
38362 93585 
61831 30201 
38272 92721 
36822 37636 
93466 15401 
98334 32372 
22915 60608 
93967 8892 
38527 28819 
72325 85437 
64971 27964 
74092 72428 
7979 63167 
15105 36925 
48049 33424 
49740 5839 
28781 98303 
46779 4642 
29451 70822 
31870 85423 
60003 38858 
50810 58417 
93279 16738 
86117 4482 
54084 81126 
15662 12548 
17613 50876 
36650 55634 
30797 29211 
90813 91837 
59264 38408 
17397 52542 
79934 42107 
29392 59109 
84638 68433 
55409 91446 
33718 18315 
14709 17095 
205 67678 
96125 77874 
74965 49669 
92942 22583 
61111 33596 
5299 68952 
72015 992 
59249 75725 
61422 55997 
7362 6678 
56432 97229 
69573 72374 
34547 21343 
44983 42554 
84510 24699 
75394 32370 
17321 18863 
69587 78987 
48586 78103 
3713 41641 
56301 92621 
97612 77821 
29173 9936 
29514 71023 
59752 8673 
92247 11411 
3946 63928 
12980 59682 
23874 31463 
55444 56623 
54579 99177 
98731 76037 
86757 28595 
39943 57148 
37455 36595 
99340 94066 
88602 48115 
16099 4527 
9267 84316 
10400 47895 
41706 37456 
53258 13267 
23527 23707 
29407 52546 
38742 98177 
460 90457 
38984 62624 
75724 3756 
52832 95640 
76228 25248 
5991 87543 
33887 94731 
7949 67765 
2210 48620 
21815 71227 
67525 12757 
23147 2007 
40448 38794 
70917 17543 
76158 3525 
59139 74685 
19015 72702 
91215 50096 
92138 16088 
20751 71824 
55825 48904 
32341 76304 
39995 66328 
93744 35624 
15341 32323 
96921 83556 
5461 81824 
19540 5718 
57971 96217 
80872 49102 
86431 16011 
36361 49354 
66916 61759 
53758 70306 
23132 44531 
40292 99633 
62226 60618 
45196 46913 
29762 81648 
44789 45957 
36834 70938 
28342 71957 
74861 79635 
42150 45816 
74339 2106 
16471 12967 
82692 99017 
95454 52062 
33295 28688 
13661 90091 
52886 62553 
14497 74809 
7776 98938 
85606 82805 
20618 30868 
94231 22095 
98987 68262 
41559 21822 
4588 62596 
19222 88459 
57673 33028 
43438 47859 
15057 46956 
62652 85552 
82112 65122 
83101 43890 
19229 21630 
33369 33948 
81434 72619 
93797 72541 
86210 13838 
49505 60278 
39051 36992 
86836 75254 
58845 67510 
42185 68831 
35958 2215 
29458 14859 
24672 44435 
17825 81772 
18664 16177 
4948 68214 
83271 12277 
32556 67099 
21523 49783 
20990 530 
32276 57363 
57273 98501 
78240 44141 
57293 78039 
19306 85116 
36832 16245 
82295 61218 
68489 631 
32087 96030 
71912 83230 
81081 38362 
83335 61118 
24029 50088 
77047 55360 
13488 72076 
66212 62748 
97526 57492 
93365 10368 
25731 81441 
31967 51622 
92240 58620 
59522 4233 
25159 26569 
30084 45648 
50641 81081 
69370 49334 
56838 82487 
39223 66678 
58057 86767 
69864 33475 
12646 93831 
38118 7465 
79519 46798 
77723 23933 
7669 60758 
43883 90074 
40643 7234 
18360 25652 
83648 31443 
33704 97406 
24835 33468 
15611 87747 
24253 1576 
90966 84458 
84076 46167 
85750 77436 
91941 46230 
41805 965 
85546 86667 
14339 65551 
21172 34502 
73117 82071 
41366 74709 
19401 92775 
27740 2317 
48034 88658 
93718 46405 
29445 10731 
18993 83777 
59880 3985 
52601 85322 
29863 17075 
14699 26459 
90627 18270 
8504 84584 
56202 28728 
13334 41035 
64866 57861 
67246 2871 
37829 62394 
63548 60628 
15303 40626 
79257 2217 
20520 16493 
25579 10270 
807 64222 
60571 80482 
21467 73664 
32380 11872 
43015 58863 
27780 36413 
95231 67962 
85227 75083 
72509 61240 
94231 30156 
14158 85912 
43569 49437 
595 91232 
99724 27131 
91766 95537 
93887 38179 
57683 38042 
70976 38153 
2620 22514 
7334 99152 
64288 87408 
35123 93690 
77224 17596 
20909 83145 
25679 46525 
33512 15144 
75419 84447 
1943 85087 
66172 48316 
8069 71058 
66833 62008 
80656 8481 
44103 41697 
57491 31124 
71874 80571 
60554 68467 
13476 99476 
85531 55898 
41796 35666 
41424 83904 
23326 524 
88652 85096 
81352 48922 
14704 33861 
70784 67860 
55305 12380 
42536 10041 
15989 78916 
48888 69295 
74098 59512 
42955 19016 
44430 72632 
55131 12266 
73123 87763 
87321 72744 
83809 13636 
51785 89509 
37712 9489 
95596 65172 
85037 13649 
93990 57209 
78880 87735 
66293 95109 
94856 81899 
66653 52268 
49720 36786 
28464 857 
40502 51273 
96147 80327 
32022 61531 
60873 65790 
5096 96621 
27841 31193 
40384 98549 
81884 64033 
53526 20600 
85472 3299 
16061 46800 
38570 40371 
93601 7429 
53372 43849 
7848 814 
48564 43534 
82216 69979 
47573 36283 
62234 24257 
73168 56998 
11315 40556 
66797 91696 
70115 26788 
25232 96445 
33415 80787 
39351 25871 
42310 32079 
40318 68018 
11445 11000 
6943 28543 
11170 49887 
64670 6511 
2674 84472 
11433 56553 
80524 90088 
38505 37643 
11502 56957 
75540 7524 
71241 81541 
78130 33548 
70857 26866 
93507 55702 
34665 83685 
85419 55622 
36986 46507 
72756 56596 
31201 3764 
38146 3878 
7394 29759 
92540 52074 
96297 57553 
39707 16931 
96699 6578 
70606 32537 
41112 36496 
31735 91778 
30170 99737 
53890 37823 
60119 69130 
98124 17483 
39710 24164 
74261 3475 
42909 89699 
13989 41943 
72057 34295 
35312 84027 
12475 51841 
18064 15844 
43958 69817 
21247 9924 
37223 50233 
12060 82967 
4089 75202 
43843 59742 
88995 38104 
15496 10977 
86489 93405 
68530 54336 
44348 53482 
29528 81837 
65267 59145 
85591 4556 
51380 92091 
88274 85989 
45346 42127 
17499 69174 
9344 89760 
1168 89442 
49022 15627 
78410 4669 
33330 2265 
14851 67904 
83088 50803 
26829 13495 
1284 95471 
48107 27105 
96301 62142 
77459 22489 
5609 83675 
78380 53446 
61952 54424 
63247 48051 
56643 79043 
83364 64119 
45305 46602 
63661 29737 
10252 40022 
66200 50836 
40666 72973 
40180 38906 
16823 31626 
17787 36308 
87863 87047 
45049 94069 
13914 35486 
94720 87613 
2885 18502 
94293 39565 
9823 72549 
16382 55600 
82451 58601 
21002 69222 
30357 26322 
9690 34461 
67284 74486 
49927 1628 
26045 79551 
55026 60617 
73842 77711 
59371 38666 
62081 2220 
11861 95058 
29281 97436 
21418 63945 
38246 53773 
27580 58277 
69409 33641 
36497 62773 
11091 87432 
58043 11937 
84406 90778 
3308 70303 
15627 69520 
53380 6416 
22060 17234 
90120 79507 
8809 51663 
87543 38364 
83307 1001 
98453 65612 
82063 58779 
35131 87423 
69816 96944 
35177 8626 
15126 80727 
24003 26234 
68402 86062 
34015 20623 
68475 80518 
17187 22893 
82030 92125 
92495 9397 
36590 56974 
2621 79977 
42165 6073 
15346 35149 
9341 24732 
94215 79293 
62249 93595 
80365 41833 
13742 99473 
72771 26485 
17057 86235 
67764 69809 
33352 1274 
20264 14644 
57710 81460 
19018 81440 
27585 13973 
26006 51053 
97096 2049 
16222 56280 
98197 63435 
68208 16221 
25483 90205 
97985 37482 
75203 2615 
99453 49332 
41068 36789 
52861 36077 
19507 16299 
89595 79265 
5253 71049 
56348 24762 
64507 83424 
4605 45306 
57381 61246 
42458 77835 
43922 59862 
24875 76716 
48740 1569 
25883 38919 
78137 69558 
31495 25275 
80554 85724 
15766 23117 
16307 16916 
14024 69954 
55765 92588 
87096 85237 
56494 58323 
78265 37858 
79350 34321 
742 10729 
91110 95697 
57561 10564 
66948 42327 
88142 10973 
49916 79957 
56128 10017 
46554 91455 
41664 29560 
37858 37301 
77946 83108 
63058 87825 
76645 91204 
89995 56179 
19713 29083 
20382 70675 
56143 49930 
90792 97864 
31383 38921 
20991 3623 
94398 18178 
30034 18499 
72809 40815 
87537 55722 
80026 83455 
92644 15512 
19998 70916 
76402 97715 
84964 44194 
4644 36301 
99495 13457 
17909 63866 
50179 21434 
82558 12067 
54421 79412 
42965 54766 
64157 27991 
58485 4688 
70663 17826 
80903 81503 
75180 1740 
78147 79530 
16750 78965 
38282 76588 
3424 34652 
94141 42086 
75924 73405 
93422 22020 
43880 54238 
1691 1322 
73910 96230 
66430 69892 
76111 39025 
89143 47631 
30921 10455 
49484 55923 
21875 74713 
481 58291 
91399 8828 
7149 31300 
16618 82659 
32129 68300 
10014 98147 
81476 63236 
85854 77312 
11295 69492 
97430 75233 
61667 79621 
42454 34259 
28142 25825 
54367 88702 
3055 58161 
45848 75507 
19022 17721 
47457 5672 
5175 85399 
89171 3653 
23074 53364 
5425 27551 
83688 36003 
5358 41570 
59422 9826 
39099 24042 
95929 47718 
8200 59272 
97251 91939 
13775 79510 
4831 92365 
9389 94563 
16031 21773 
27445 70846 
91007 68283 
77564 99154 
78147 96641 
73405 20973 
47747 64605 
30360 66847 
61201 78489 
90762 97137 
18695 72756 
75498 25457 
22257 2600 
31351 48114 
62973 45560 
41912 99101 
91288 18460 
96582 99485 
57522 29363 
66944 72488 
16096 720 
22731 51111 
71416 19535 
30607 13865 
5970 93102 
18186 45955 
71927 14770 
52949 38250 
46343 73180 
81176 4385 
47096 70557 
95515 17591 
81719 50892 
51479 43105 
54578 77218 
32944 69504 
89131 38701 
74647 22850 
31533 12900 
85692 81213 
89402 56272 
82249 93991 
25320 46925 
29921 50347 
68466 57579 
16646 34183 
29766 93865 
25551 49231 
6027 93310 
53828 97201 
36771 43759 
28498 44304 
33801 46481 
2813 17108 
38020 18837 
78119 27315 
70633 4132 
85132 36891 
36558 32169 
75869 39934 
6736 53011 
22916 55699 
53009 48600 
96192 98416 
34317 12121 
89097 13846 
36188 73389 
95658 49959 
46871 40038 
98236 59689 
12884 18920 
11371 17403 
54397 79874 
41508 67552 
36569 24899 
64647 13901 
86794 29790 
94336 808 
19814 32396 
10997 34209 
82727 51935 
50215 39286 
60160 37161 
2410 54237 
86205 57716 
59222 15125 
94219 72571 
52974 95492 
98145 32283 
74739 26220 
39775 97616 
23827 36071 
55193 86113 
36899 21412 
10634 90315 
68478 74818 
33060 46597 
46272 76541 
14015 71943 
4492 80320 
96641 27513 
6310 5525 
65216 12468 
2567 81351 
44184 39274 
38063 75588 
79350 92590 
9015 80419 
17777 27847 
95676 20792 
24894 22755 
42667 97066 
77406 55225 
36201 73000 
48835 44569 
32207 72535 
60870 59362 
22216 54426 
8160 64960 
84965 92474 
76800 56428 
60785 890 
67472 98515 
3166 9300 
3057 73313 
7264 9950 
47493 18366 
88679 70863 
87778 23246 
87479 33020 
34209 41010 
2243 87065 
75319 62418 
16775 55636 
83437 95470 
68227 91056 
4386 90522 
19471 35003 
80578 52175 
40904 76663 
50593 83075 
77222 88963 
40307 11952 
73283 18682 
10735 68426 
59810 55521 
55983 80526 
54486 7684 
51026 87346 
16882 67086 
33540 78913 
6723 55965 
66577 98073 
34140 8545 
69616 65098 
57835 56281 
24371 14716 
82514 53326 
58693 67387 
30465 27 
87016 91910 
13822 96589 
39021 54831 
13841 86472 
39520 93601 
81431 29673 
12069 95102 
9199 79711 
66371 8864 
89450 24966 
95299 75222 
64863 94972 
51183 2635 
98953 25303 
92996 85524 
41999 20910 
96166 14256 
44755 57068 
94951 92249 
77043 9537 
83700 41716 
41261 11113 
37738 49157 
31843 90424 
27267 74484 
80897 60655 
88363 23551 
47510 90820 
84004 62822 
53637 10272 
35050 37106 
43006 68322 
26163 36469 
41154 95163 
94927 46880 
24478 87744 
93714 10588 
64094 74784 
73376 16916 
96355 98824 
75384 41864 
85999 90030 
34814 55816 
90229 96397 
90376 22650 
2397 78073 
69681 20671 
52528 69702 
68054 26037 
68563 64032 
67375 12752 
56996 72432 
47839 39760 
44477 73576 
29933 15350 
33008 70192 
46597 51810 
60494 35639 
86190 49137 
25722 46990 
65778 75656 
32233 69358 
91214 45469 
29088 77418 
35574 27967 
78209 74387 
20754 62991 
57729 96138 
18355 96710 
18724 68737 
95484 97965 
48719 21345 
18664 62536 
59527 43260 
94807 63682 
9257 13819 
72015 61329 
88757 26934 
44975 39368 
51262 78231 
9784 819 
40701 82093 
91303 13972 
78909 38322 
22433 69134 
4858 73725 
89232 75219 
20114 42609 
68354 98205 
83841 81992 
74018 19325 
17981 82262 
590 69893 
28637 52118 
93795 81767 
23241 27774 
8695 77739 
4719 762 
15801 14484 
53681 16085 
98004 82230 
67549 23048 
40513 59926 
11591 44791 
53577 22459 
50974 69360 
83465 97310 
75242 55077 
61085 72092 
97035 86076 
9514 61501 
5401 10020 
81897 52500 
80703 39354 
29318 59891 
32922 99897 
4644 40985 
8061 66119 
92798 37674 
18394 31150 
20511 36959 
91443 21407 
39335 66910 
99899 80625 
94539 73978 
30049 16178 
89486 59759 
69867 21757 
30191 90532 
49547 64770 
87970 31287 
47055 54317 
49453 97463 
79189 86101 
32698 62227 
34671 94371 
35735 4913 
69942 27794 
49610 37083 
80645 6091 
11829 96694 
82156 7342 
98081 57986 
81078 82061 
50213 64959 
96289 89456 
16670 59664 
92869 3714 
37931 43082 
25202 43753 
43969 75940 
46545 38539 
43352 99619 
31527 51900 
74324 33140 
75319 55711 
57049 81258 
78652 58380 
33190 70800 
1360 66770 
4067 17634 
68805 83997 
81885 15064 
45331 22992 
49856 25906 
46783 46280 
86513 55170 
50183 26109 
47125 77995 
72813 55915 
10817 98398 
35221 33990 
95886 18353 
93094 83350 
17730 3896 
21482 67950 
13954 45174 
61497 14713 
89391 20745 
94408 53314 
40168 92930 
90973 41179 
386 80680 
94854 49882 
17597 79116 
38164 50940 
3986 20844 
54435 53926 
28999 3104 
49742 17903 
16145 36961 
16234 78376 
81797 9997 
23985 6261 
7023 92337 
6877 42821 
64845 57362 
66110 35088 
34799 33058 
51004 29973 
24230 47749 
40881 72086 
81543 84794 
44139 90234 
30402 14872 
50999 50625 
75913 31583 
24984 1000 
33875 76352 
94802 29228 
12430 2007 
13146 12355 
31780 90908 
81774 37633 
2120 13119 
3318 35789 
92526 82888 
9398 78568 
14266 47552 
31923 57567 
10840 22033 
29854 79392 
94047 64160 
57249 83424 
90447 71361 
60080 12735 
65832 67613 
19068 46187 
76663 41060 
13722 30276 
56885 87321 
68786 32996 
86160 11288 
58470 78808 
1253 41074 
86109 13740 
6167 11766 
27319 92715 
8602 83810 
23260 77375 
60384 71049 
37245 82027 
7771 66872 
42759 7733 
63859 73381 
93835 60162 
99794 58170 
39773 55497 
14106 86005 
85368 80525 
80176 98624 
65061 87953 
90728 44838 
94879 76085 
15177 95282 
89531 23173 
60798 11383 
83709 21075 
81864 76511 
76415 80279 
12284 38788 
25058 58966 
6719 59636 
52081 2403 
62769 9924 
91065 65843 
62539 6435 
91508 34010 
15733 35386 
21926 43324 
8417 66867 
59422 59211 
61668 24301 
30558 60174 
82560 36434 
73125 32706 
46291 65837 
21340 86743 
82708 77558 
78019 60001 
53113 84298 
26433 91377 
93925 80371 
51855 8547 
72643 55708 
88201 92931 
48523 63306 
78705 56419 
55474 98756 
41245 88539 
27893 38881 
58690 10208 
71540 78011 
72578 775 
40987 95058 
44468 48735 
22788 82285 
63432 13341 
39253 67587 
20504 74250 
81541 66044 
41239 89431 
52750 3703 
66135 77743 
51820 66744 
95284 91904 
57232 42584 
68439 50021 
75885 36003 
34556 49416 
6966 62947 
75945 95172 
33261 47479 
91301 37639 
93036 73185 
9167 28081 
4517 69360 
98810 69721 
11912 44432 
69011 62616 
97067 14341 
96938 15119 
54043 11934 
9048 22138 
55246 5001 
43886 90942 
47242 95140 
62674 28977 
1943 17449 
37748 94964 
14627 11882 
41182 54499 
84045 91137 
76355 74420 
31888 87049 
43747 36428 
18961 17739 
8910 49746 
93633 81135 
45349 95039 
64494 46974 
57952 37401 
23600 89062 
53650 4886 
59322 72269 
15147 40900 
88480 84661 
50835 3684 
6360 84155 
39436 4212 
125 11201 
61436 45004 
96260 4284 
11039 46660 
15914 43367 
12156 26409 
93324 37959 
19850 23454 
72025 71062 
74705 49678 
31086 8060 
91723 81011 
9398 80439 
7668 94755 
89840 58276 
81168 1201 
77141 32540 
38415 14070 
53367 38504 
83985 53645 
23147 64947 
51072 78861 
67140 10340 
48330 229 
6695 66819 
71575 34148 
45257 35521 
87745 20948 
92794 2721 
65803 44002 
98382 35231 
24669 55250 
13031 85626 
91835 33734 
79954 33149 
17927 77991 
2705 24486 
72315 60660 
72929 20140 
52735 54166 
48995 96754 
77965 70079 
64316 3462 
96723 41542 
9936 21265 
38254 18097 
79783 28405 
50496 35337 
88966 31845 
20225 67948 
75595 85228 
46249 74092 
74820 77052 
41524 91448 
10143 39304 
72945 50865 
81514 96442 
8620 32217 
42335 47346 
31589 98899 
48208 48740 
96243 12328 
29118 47622 
49087 45896 
83705 92312 
9058 88992 
19392 37039 
4233 56044 
65341 43330 
91586 92960 
66575 72981 
44320 3933 
27051 62021 
77385 5240 
7105 62817 
95900 49504 
96364 42386 
93522 53811 
77121 28931 
98206 8169 
65091 5787 
61321 36938 
64605 62206 
12754 35243 
3486 23779 
59443 4752 
19240 1815 
87636 68832 
52621 20598 
40277 55733 
67263 4239 
80019 314 
54775 30675 
15681 29723 
3558 89390 
65379 66551 
6560 11583 
53075 4126 
58281 76718 
86966 82982 
44596 37799 
47915 24924 
60255 49223 
24030 61728 
98457 25666 
63547 29160 
44424 8232 
82313 83857 
70689 64968 
54472 40516 
75615 6848 
35340 19939 
28642 57474 
14029 44637 
85886 74958 
69997 18048 
17890 87881 
12514 75839 
47716 73688 
14942 3337 
32012 77512 
16749 71838 
30307 42204 
55344 58330 
98485 96181 
7120 78145 
11266 24740 
62469 78081 
65465 32608 
33099 8766 
40925 90742 
91636 19324 
99218 48777 
73259 94848 
81575 86036 
27055 87773 
26967 68622 
90806 77906 
68867 77888 
77057 32697 
84924 76440 
645 29288 
67663 81860 
48237 42919 
56264 25417 
88982 2493 
19582 83355 
52033 63379 
8815 81655 
51495 50012 
4523 91730 
22237 76396 
67232 54100 
41077 61303 
63420 89876 
46973 16785 
79403 85745 
41170 3569 
54507 67155 
43644 14943 
61875 6525 
5714 71956 
40342 48582 
30381 87071 
34057 73260 
31708 80825 
27868 58147 
72481 16660 
75952 47069 
55421 52736 
8777 79157 
7381 96384 
69211 83627 
88248 86784 
72430 99506 
76663 24532 
6251 36660 
33245 12925 
88619 54747 
18613 75145 
77208 73 
48343 63937 
82411 6867 
99849 85960 
69507 39088 
47266 21655 
48366 21648 
89531 33340 
39783 85808 
54168 19118 
76374 32514 
4679 88309 
42954 99565 
52997 5273 
86392 3747 
80091 72828 
28185 17474 
97615 3877 
94329 30960 
41409 60478 
36521 45561 
73674 23225 
56368 41734 
84822 90661 
59950 65865 
28279 98371 
63968 84288 
91931 90480 
46668 59905 
8439 72451 
86824 17085 
33299 23428 
62302 73902 
74334 48772 
86049 37266 
39184 9035 
41863 76144 
78409 70299 
44843 10798 
40994 82606 
92199 81886 
26303 8181 
88911 92223 
11957 89189 
29699 46179 
60645 65956 
93902 46909 
60532 30931 
63027 50010 
33715 31074 
2133 13686 
55085 11936 
55651 30156 
60000 30390 
95856 70760 
83323 49787 
27922 28133 
64653 71246 
99344 92793 
75029 47864 
83478 58631 
68867 74810 
7056 12045 
41593 47601 
69740 22832 
78196 33284 
60152 21463 
10857 4816 
7257 16994 
64812 47644 
18611 82611 
60806 59267 
47671 11701 
59746 27546 
1236 26333 
80601 91562 
45068 2161 
96099 60028 
90793 59032 
12475 86573 
50481 54939 
69254 78666 
26565 12467 
53020 47491 
64309 1535 
5108 89813 
31577 99946 
17360 29656 
6413 54178 
52325 37565 
46761 66821 
94744 88318 
88664 44229 
39641 14091 
69327 48158 
49062 59456 
99707 8600 
64225 46981 
17603 71484 
42810 17803 
36697 74554 
2119 20229 
69617 67504 
88007 81208 
43783 18303 
56770 10516 
47673 76670 
52593 55493 
42101 97774 
86670 45423 
46202 64493 
75815 38927 
61045 84943 
78114 15200 
25141 83497 
71120 30470 
5576 48129 
54108 94771 
16117 44699 
20069 10923 
19340 59633 
35418 57564 
13690 86507 
85785 91123 
28356 29118 
94802 87856 
48928 53928 
99464 46329 
75047 88115 
70418 23235 
67583 25974 
98443 80932 
77370 76053 
29437 83845 
60117 54154 
19358 92639 
72817 3195 
97877 70044 
15869 99960 
74903 30265 
32050 90877 
97663 35110 
98607 84208 
67702 64270 
51942 14441 
56936 64652 
65735 86151 
19810 14198 
62775 99245 
84635 19353 
78435 55244 
21369 2133 
9378 45151 
25345 22688 
74988 23446 
26914 26343 
90957 79874 
35450 262 
4558 30965 
52871 74222 
69393 66585 
46592 2404 
43690 3320 
54735 18696 
80765 16158 
7462 66666 
42802 42620 
87467 67218 
9871 79458 
19923 1848 
74923 20952 
77613 57499 
12500 20046 
10502 219 
83953 88758 
60660 19113 
95245 92709 
3247 9547 
54703 36111 
62155 45119 
87594 78190 
84977 21594 
51987 69755 
26086 42841 
66081 49525 
78935 58715 
1028 93821 
19064 57940 
15264 70356 
67865 65192 
6442 7103 
63793 90931 
35288 50636 
32514 34964 
32071 54778 
80370 50273 
30800 10097 
96602 32366 
88927 97470 
38913 11178 
40987 24876 
94242 87544 
3512 85541 
52041 74283 
95494 57701 
856 73166 
63780 51513 
60719 43320 
6002 97008 
93582 94088 
65010 58486 
91988 65926 
28211 55397 
32194 46594 
2855 67474 
92082 6738 
54011 2811 
76560 28877 
85820 11526 
63468 46906 
18600 34827 
81635 9376 
64460 89529 
59307 29173 
32316 1445 
36022 84624 
99539 17594 
13863 92651 
71945 46787 
35104 83251 
16430 902 
12369 66452 
91276 35064 
4773 97766 
18011 13900 
28865 16294 
35661 63232 
16764 50776 
53341 1757 
85534 63236 
70360 85709 
61612 27276 
64354 40942 
12038 18680 
57420 1547 
70249 29643 
57866 21842 
8376 4778 
40859 79461 
255 36992 
75138 41289 
39783 54385 
24930 21083 
27780 75516 
56273 17905 
17179 9703 
55221 87859 
11150 31461 
21706 68133 
41685 63749 
37350 41957 
17177 63380 
18060 5876 
16731 13796 
53043 76586 
26183 95294 
626 53599 
56252 20923 
58338 36122 
56758 97410 
49733 77814 
42512 94813 
73692 51418 
76270 86041 
43288 86823 
12048 47942 
755 40700 
88131 99351 
32723 53615 
73270 88304 
25573 51438 
11851 30584 
94648 51803 
84216 44800 
92995 43578 
96877 25413 
55447 17496 
43988 44449 
62034 39524 
36258 75039 
11102 75002 
76385 85546 
76964 91275 
71120 61692 
89504 89233 
9239 75917 
13911 40089 
1992 38177 
27510 32729 
77979 30404 
87697 69074 
47990 48090 
60021 80171 
6937 46734 
28720 74099 
19871 18363 
43350 68280 
46907 3893 
64616 3412 
97979 80766 
60126 84001 
72476 52167 
66484 41349 
31090 4008 
78025 68844 
67646 88973 
44429 36544 
97185 43091 
59574 52296 
53256 39630 
2199 6 
92151 37534 
45303 52175 
34720 87207 
85668 23472 
37443 15128 
57508 4823 
73607 20596 
84946 93421 
22700 82859 
96895 13035 
11561 94934 
74869 1135 
24356 11622 
29361 24606 
98 23535 
3641 74204 
66243 46399 
85185 79393 
14769 45458 
64394 79867 
13207 98505 
17899 87772 
57237 37858 
9426 75565 
13760 1578 
95087 28400 
73753 67257 
91891 7122 
32768 37920 
18405 78147 
43566 98882 
44698 79918 
40208 66862 
95053 12119 
15776 8203 
31394 53464 
46996 11761 
8003 36627 
98142 63813 
28785 34757 
3911 87303 
57215 43030 
26374 75800 
26069 70819 
4622 73724 
69125 95311 
67407 28736 
50253 65791 
58845 69603 
96671 89297 
35182 43437 
52594 72998 
26630 79877 
57113 46402 
22457 36629 
15866 37349 
29812 20688 
79915 29796 
77141 72657 
67184 88484 
81624 47746 
61967 95871 
76695 26388 
6175 10048 
503 39803 
52395 18918 
79093 1440 
83253 35482 
99091 93916 
14233 51887 
53872 72873 
87755 45729 
64456 14119 
35228 11130 
21779 48505 
30722 69236 
70549 148 
85029 98016 
56531 67960 
32077 9655 
88900 67861 
41044 95305 
27214 83624 
46963 51615 
88589 58005 
30213 1181 
84822 92618 
91027 19980 
41489 14943 
58976 88817 
21461 13954 
49384 92959 
73807 42010 
28694 4389 
55729 29996 
79062 94478 
29936 65125 
58788 41399 
22794 36382 
39658 16195 
39628 61299 
64876 54226 
72674 69531 
12005 44543 
4522 33685 
64145 98773 
5250 5891 
89586 93215 
45015 39807 
5255 13116 
95513 52063 
52484 66448 
73513 4606 
45021 76040 
87571 69935 
58612 3526 
85075 74957 
19144 6345 
60926 5977 
12012 79876 
81452 97276 
79256 90835 
97540 18833 
92965 65156 
69554 24877 
93547 53850 
3200 24348 
59700 63715 
351 86709 
33241 6256 
61706 2179 
56450 87833 
39222 74118 
92171 36776 
25393 33114 
87625 39113 
83774 27273 
11753 33545 
70498 61267 
42880 98429 
70145 27899 
8577 48797 
70900 255 
82822 49810 
33802 29948 
26928 44549 
68731 27532 
20144 88666 
15855 84866 
63471 82203 
45399 35993 
55931 89724 
30900 43081 
36375 43934 
21505 37006 
55920 35091 
37407 38361 
96146 98756 
39200 34005 
76472 27809 
76668 86675 
428 51176 
5487 10787 
75024 41315 
71323 56211 
45 35301 
99971 3652 
64776 80178 
99478 90177 
8540 42307 
75595 51530 
98404 52518 
85431 89034 
52486 94155 
5863 43228 
90537 79489 
73017 83798 
24824 1437 
57064 5950 
13776 92219 
72598 57056 
88510 68258 
89027 4217 
28025 91599 
97703 93332 
2720 32032 
12903 43338 
27890 71313 
32341 65447 
68884 51084 
59513 96569 
17921 29487 
95001 88506 
18821 77962 
36748 97 
50451 19373 
90347 98171 
92232 81324 
79570 84997 
85810 14431 
64634 34834 
75823 4318 
21100 40293 
59672 88218 
5863 40356 
1315 72331 
38329 26278 
67300 34466 
54670 98993 
24624 87990 
50957 82217 
99466 77744 
16995 79168 
33450 76334 
76879 97584 
89791 50094 
94516 57711 
55567 68009 
72835 40971 
58289 34025 
73888 33219 
65065 33415 
13736 65813 
60877 97269 
40790 60176 
8813 5661 
89184 37061 
79608 69676 
9796 60470 
405 55251 
20699 47950 
13400 37645 
86091 93952 
53866 4361 
28182 21009 
54027 56484 
46 94668 
54366 93625 
99099 12434 
57133 6084 
80658 4421 
88227 39297 
38939 63986 
43039 40302 
58892 60286 
79475 43699 
6435 71544 
87107 5440 
16916 17732 
5203 46833 
62074 64451 
84425 28214 
24262 15984 
87019 32053 
83408 14802 
98583 98600 
26920 17268 
80840 23687 
25691 20811 
29298 97956 
80387 76583 
12297 39496 
31339 33389 
58662 47794 
42680 23633 
30012 85868 
16748 20097 
60776 79614 
68332 63562 
74029 8630 
89978 85579 
84531 51170 
69386 28147 
81640 37376 
77809 92654 
44307 59579 
34408 34059 
77898 86193 
65706 53183 
78357 26638 
21519 29866 
23057 98681 
79190 82850 
59631 56771 
66483 38396 
14230 50159 
60131 39019 
68820 92971 
71849 26107 
63510 44947 
16500 85790 
64376 21132 
68174 56115 
99825 71606 
49064 55390 
9278 98182 
63334 6498 
66807 4042 
83567 64 
39306 4375 
20942 60538 
13915 61352 
61897 53576 
82590 45161 
33897 536 
3102 64304 
70757 46490 
65202 53008 
84063 61829 
78275 51352 
11364 44347 
62558 64576 
4106 28668 
69820 42066 
38680 2892 
81384 73622 
82503 78583 
31464 60866 
23697 59491 
82029 85044 
77733 6882 
31723 58963 
17294 4875 
75877 20438 
32675 87926 
47219 97386 
19172 4353 
57628 50566 
5214 54815 
30120 78989 
80394 62634 
57217 55129 
56091 4131 
46975 42335 
93041 51397 
21131 35227 
59991 57378 
11209 55333 
45492 43760 
57892 28902 
30902 35753 
56538 71532 
46861 24773 
7479 5159 
77751 29898 
23574 36964 
49089 72081 
19434 36845 
31331 71270 
56890 60411 
20213 25912 
49442 77780 
8551 36767 
34804 85002 
47337 92502 
9139 94542 
4994 43252 
79144 24023 
72804 50129 
28908 28281 
31838 13620 
17273 48836 
92095 51870 
18441 86957 
38114 21038 
93628 41791 
66970 44241 
34824 93398 
84355 43017 
53041 52022 
32365 45850 
92914 39571 
58623 81931 
43117 17033 
561 55205 
77775 22436 
50943 33649 
7912 37936 
91136 81822 
43927 61803 
27160 10906 
70207 21258 
40225 19770 
11200 25561 
68227 53052 
24620 25197 
67600 7789 
91926 12679 
65951 78837 
88826 73214 
5075 45141 
9257 69366 
91199 63844 
85165 22859 
14772 57300 
91369 38782 
75589 49241 
49883 2716 
50747 30665 
51315 69691 
72686 13470 
92285 55363 
42496 60393 
87294 34451 
89697 63529 
51065 49229 
3859 80528 
63102 31716 
5714 27473 
20068 47255 
95839 70548 
53532 74264 
17486 54786 
40768 45223 
96845 57470 
64484 87317 
78761 56267 
83707 17675 
58881 57665 
62557 67769 
24203 40052 
66176 34289 
53193 27513 
73884 79688 
93896 25439 
78396 34608 
33891 17044 
36977 86498 
99466 41130 
15469 74025 
73064 45706 
19349 45231 
97814 39557 
37361 78897 
45896 44393 
32673 13229 
63498 83906 
4183 73687 
69309 32888 
6252 42705 
75762 89501 
59040 68028 
22641 26845 
3564 63527 
61241 26180 
55707 16597 
3874 93464 
91634 79649 
58349 13301 
53400 89679 
99937 99992 
98027 29546 
94368 64022 
25917 17334 
74589 24194 
15191 86067 
91257 60499 
57391 95032 
2403 20935 
36952 96093 
41186 66635 
21955 63671 
2362 64007 
36897 85375 
17832 10023 
69545 1850 
49595 7352 
23433 78966 
14423 89735 
65146 93294 
68750 34817 
31270 12619 
24573 91575 
53714 57327 
37532 92575 
34108 35550 
6910 17455 
48060 55275 
53926 23367 
88282 29956 
99508 60536 
61952 10695 
45602 46689 
42136 97680 
75157 82753 
35706 6319 
25040 54082 
70900 89403 
53462 76392 
26529 45602 
18870 13647 
21811 76773 
10813 16342 
60877 91769 
24962 2941 
79277 92845 
54216 34664 
71098 22250 
75767 14391 
84821 91225 
50021 74133 
63627 61384 
11427 2358 
71583 99320 
23554 2365 
90990 79306 
91179 66004 
98150 66070 
70662 93201 
24895 69878 
96558 87090 
91468 29559 
47205 6966 
52660 45576 
4919 66863 
33612 54905 
27488 26253 
44263 12223 
36792 31149 
52173 17796 
47671 28877 
62264 11440 
5591 97818 
99034 34088 
75152 4624 
11865 43727 
23186 25737 
27286 60843 
69952 47454 
53388 10056 
39850 89379 
1076 19193 
29118 79783 
24422 34863 
22120 48195 
98124 14433 
30149 90503 
43908 58334 
97045 4925 
89693 53730 
14473 93355 
95433 10878 
16390 71963 
7771 86826 
76977 37321 
11993 7668 
19257 89926 
34233 20144 
52623 25660 
9493 26158 
96689 67567 
71746 79678 
16149 25235 
41251 54440 
86729 37177 
81183 23058 
35879 72766 
70764 23364 
53482 44606 
95317 26183 
47662 9664 
85016 60282 
28680 18055 
43551 94806 
39938 2060 
95576 27328 
19266 84769 
47457 76475 
65973 27700 
99770 32113 
9520 29785 
71890 73208 
24251 36329 
99175 23724 
11230 15858 
41433 80296 
73061 15200 
97714 11934 
40445 8725 
56958 1630 
70283 16367 
26611 72492 
24295 76832 
72043 16932 
54386 27390 
68472 26396 
66429 59669 
14031 1297 
7665 92087 
77762 6040 
24552 23863 
59491 22413 
67727 12995 
19938 46122 
78606 51155 
98840 65878 
78232 92153 
76506 62202 
93089 27412 
49903 63978 
94927 91875 
88269 4807 
2040 26806 
5164 28335 
87959 22130 
34028 1968 
70205 10315 
22483 11807 
6516 86184 
67008 28080 
8888 82668 
94049 50036 
96779 41145 
56268 61979 
50021 76889 
53311 58021 
89229 55037 
5360 22124 
6952 60577 
4684 82135 
96299 67065 
45513 91779 
75476 83054 
85776 32940 
86414 82697 
25596 72074 
53623 7538 
96903 49221 
25403 60197 
46128 25849 
83717 97465 
57663 68615 
1332 70280 
9609 168 
45218 51115 
75335 5224 
73745 35491 
84425 40389 
51877 3667 
34863 59619 
13346 80974 
4603 33678 
31699 40842 
45194 11596 
23135 53268 
52676 44878 
93246 93259 
1737 71111 
57003 88765 
97925 32591 
6792 5651 
49707 87751 
76816 38467 
87265 58395 
53833 81 
58117 44157 
13999 80696 
11039 27067 
23493 77306 
39189 83774 
26626 78391 
90983 20706 
59313 25408 
72944 48325 
68049 62624 
62637 14658 
84964 29865 
21746 25397 
8060 48990 
49458 88115 
62375 4166 
44550 31537 
72631 18504 
50899 67295 
60820 85149 
45635 81234 
93213 19643 
91734 64084 
40449 62162 
17580 17194 
81636 73185 
4878 98036 
78806 34230 
63251 2289 
71618 86466 
44981 14616 
93832 14328 
6558 98566 
92894 8720 
55046 37585 
41869 24935 
26763 83726 
68981 84125 
33356 18406 
94201 53983 
76085 80439 
54604 84196 
72961 70574 
20613 65362 
65385 98905 
53791 26180 
70995 1754 
33519 83108 
27685 18040 
84646 9074 
30089 81612 
71149 93419 
94292 55684 
81837 23928 
99149 8248 
23327 33641 
43291 3220 
52786 20049 
25758 61096 
28340 62368 
5174 24988 
28605 33773 
17468 53208 
94433 29782 
35368 47902 
75771 11423 
34258 20790 
24426 92395 
88432 91639 
59570 83108 
59411 12900 
46985 41316 
53681 14802 
75318 68997 
21079 69176 
83049 38191 
37013 77456 
88379 24711 
61810 98514 
940 77955 
98697 45404 
48990 57474 
78288 96556 
38665 22544 
81888 86621 
72921 69660 
78567 64904 
96924 74690 
91639 35212 
3963 11382 
29052 19933 
31347 85960 
9169 23308 
99292 48760 
88497 4102 
97473 18163 
51166 6263 
3685 79509 
51295 37653 
26977 2281 
8866 31577 
3647 52489 
47304 73587 
38678 64049 
26707 26901 
77424 72856 
70501 43809 
12830 10337 
5287 7539 
81947 99457 
33706 9330 
82213 95464 
38427 28826 
42709 66105 
71656 52419 
18551 11601 
19075 33779 
37591 83382 
39693 73596 
17755 72378 
73837 71401 
90659 2603 
80326 81358 
12520 83865 
10890 86049 
16941 48583 
54935 87519 
65792 22045 
91045 3228 
84204 52859 
62886 46070 
23605 60930 
56728 62230 
82743 43984 
95320 98436 
30828 20459 
78645 70989 
19199 76561 
95880 13030 
38313 28314 
4886 83552 
75427 5638 
25641 31990 
54975 14810 
22251 25552 
98421 38108 
54522 62986 
23321 84972 
64555 18082 
12311 17766 
26418 79000 
21930 36970 
27667 75344 
68465 25649 
70348 13955 
23412 21033 
76071 76485 
74684 2309 
54863 67095 
61357 57985 
50698 36989 
69530 23654 
7994 53995 
84788 61554 
12795 30038 
32787 87000 
49990 67110 
3641 33584 
83609 33210 
48085 88983 
11128 33731 
53778 26290 
64635 921 
58681 1948 
31853 84257 
35052 90710 
48212 87999 
82441 80485 
67511 68660 
944 55476 
53211 74767 
77010 54735 
44943 84049 
3282 5060 
45605 69052 
71205 92104 
43209 1207 
20564 51628 
28661 85479 
3646 34040 
95706 3002 
23386 19643 
12545 27470 
34622 39501 
35937 72561 
55518 87359 
98085 22314 
22236 91763 
34216 94095 
34106 54350 
34467 84722 
78815 50198 
97550 54267 
97557 29208 
35633 9232 
48629 53679 
29984 56997 
54588 56551 
65135 16879 
72910 7231 
75669 89586 
12969 27490 
24228 6508 
33202 8596 
91907 3060 
91489 42689 
2944 86113 
89055 96321 
24456 94620 
43626 22156 
78938 84617 
51071 26038 
82353 5080 
46477 80912 
73854 69455 
55329 6560 
34518 69207 
33431 14673 
1980 20374 
30196 52438 
75402 81821 
74120 64697 
70970 34826 
71540 34617 
31962 67578 
30154 55915 
19372 65349 
67371 35845 
9205 67303 
40163 27511 
762 14331 
37912 42451 
96586 78776 
12652 74 
49218 36542 
82117 29156 
82507 14858 
30198 48473 
85922 24821 
46670 18547 
49208 66848 
93487 74587 
51642 79326 
58450 21852 
45290 85957 
58727 99039 
74866 85714 
86507 92666 
58146 20801 
46933 16071 
10355 52657 
24549 50257 
33573 73789 
28614 80698 
7874 84087 
9950 54107 
14821 64314 
12372 22285 
95870 86545 
20317 36310 
98343 11618 
90924 3688 
89870 37037 
13605 23490 
28521 75235 
23077 70098 
60348 61793 
2822 4855 
78628 15902 
55154 56726 
19846 1296 
81307 28051 
90290 64822 
10397 49479 
14097 62005 
39639 29441 
68715 14175 
99863 17752 
26926 80125 
40148 30453 
55963 66764 
33321 63498 
33699 47855 
40079 56646 
29504 7695 
33678 55690 
63066 77464 
79403 61116 
98347 85965 
83437 44345 
51788 3623 
74305 58909 
94002 18865 
56707 73223 
2397 49353 
82347 4055 
78531 57087 
15285 35365 
78461 5998 
30346 65882 
16965 73408 
72323 40590 
97216 2613 
20955 86243 
86348 62868 
52092 89109 
4335 65143 
58992 24297 
18671 67314 
99360 70387 
40602 90803 
63502 20484 
99970 62202 
16909 31396 
35241 88032 
56593 36344 
72841 68557 
34685 83398 
85690 57429 
45048 51801 
14649 77977 
39128 41399 
8561 14045 
35733 26575 
88693 3566 
16163 15425 
71573 76430 
50815 57343 
90591 94694 
86396 97737 
41204 72833 
33807 87311 
37149 78473 
36017 15152 
5849 39924 
62455 49807 
69984 15838 
71920 40591 
59224 14453 
9482 52575 
71168 85121 
54576 83008 
53810 43219 
17208 34371 
13150 31020 
87155 99830 
59077 61755 
77052 50535 
90230 41836 
64415 1056 
84270 17095 
29950 69151 
3849 42886 
9893 39155 
50520 35050 
28681 84464 
98956 18971 
54882 3896 
22035 57345 
28136 79165 
73723 3790 
37737 66261 
31152 99036 
94538 92215 
9871 99207 
27017 40577 
57007 1585 
49627 73819 
95875 12231 
96965 59006 
42589 81987 
90825 34215 
40306 22631 
8867 77535 
59943 3333 
53410 17904 
97592 19058 
76785 57608 
58292 17214 
5690 59968 
53440 66567 
21185 92539 
54838 53343 
93214 6113 
42210 93439 
38984 72848 
53018 56789 
73033 3081 
93485 10181 
43520 9656 
97960 98219 
4008 91069 
30117 98600 
52965 60290 
3932 7532 
84208 54800 
65009 33849 
30702 25228 
13523 6282 
51394 14876 
68898 27321 
6173 10524 
73342 39269 
87608 66067 
6405 3293 
29717 74870 
35994 30710 
93892 94171 
62620 47207 
39917 5412 
23087 15351 
26141 28083 
7489 88477 
46966 91481 
9055 19942 
8114 8713 
70257 5717 
60573 90364 
10554 95439 
62607 81402 
21253 67274 
15921 4268 
91189 25345 
26826 43468 
83260 44965 
76190 12615 
16350 60559 
42949 3524 
19751 63898 
15172 28792 
17919 56150 
39908 34218 
72259 76280 
8478 75530 
53602 10417 
47409 25016 
44123 72096 
86863 98020 
70680 31653 
8194 66690 
52914 64541 
30188 58920 
8904 82983 
79569 24139 
98766 13117 
5515 84403 
2339 80679 
40212 79189 
20905 72264 
77883 55368 
64900 46338 
43278 50004 
39640 78432 
47245 62966 
69347 38315 
81811 18761 
6057 13470 
90105 72581 
54516 12794 
57482 24225 
6721 7234 
9372 65407 
20538 89907 
68677 858 
95612 67305 
20923 51750 
96824 25267 
58931 71108 
50590 48693 
30419 75222 
92568 12323 
91744 22525 
76639 1437 
78876 51929 
64549 65926 
42783 26335 
3160 58980 
60498 13839 
61989 62481 
25489 79108 
47583 55209 
41312 50428 
33223 37104 
91102 74183 
42552 83060 
32091 67772 
3973 63142 
69127 34464 
48962 32566 
94108 9221 
61965 64476 
39241 63245 
2104 71248 
81218 6783 
7668 35972 
50684 94700 
63191 54739 
46788 57375 
55919 72499 
30115 50674 
73524 80525 
69001 43070 
98199 31867 
43977 35422 
33564 22702 
73029 39486 
60322 82122 
6372 24935 
54184 10632 
53614 81461 
15310 8541 
48466 32495 
52358 39394 
26554 80139 
36213 80759 
90443 57085 
88552 24919 
62623 10632 
98643 5387 
82013 46329 
68094 41699 
82426 14375 
67787 14530 
2498 30555 
53770 5962 
15722 85333 
29662 65594 
36520 9672 
61930 92201 
53717 34185 
51386 52762 
66278 99456 
39362 95950 
47852 49638 
80216 55540 
46466 68922 
43193 80700 
33586 1007 
16134 74764 
52823 25399 
71097 71835 
82719 51199 
17738 31444 
20331 28957 
14061 85495 
12731 74248 
26206 28861 
12096 42830 
28983 5242 
6695 96530 
17096 3281 
84905 51472 
53372 44429 
22241 5817 
14750 13696 
42489 2880 
9400 57156 
93117 97292 
29071 45972 
92500 56842 
69588 85707 
51838 50676 
99431 31799 
48225 45731 
81382 57364 
26967 57606 
55484 7833 
41043 79497 
72889 68472 
93506 43404 
29638 65419 
34650 51500 
87034 18669 
79953 52375 
80966 66288 
57061 26809 
16413 83150 
60511 90781 
15312 24620 
91412 19634 
36090 35868 
85975 46622 
11358 80854 
91562 91498 
56632 61562 
31819 30379 
87424 17652 
13535 26824 
44612 19494 
66982 5844 
68760 93388 
78797 67552 
82877 46799 
71892 5184 
40096 93574 
10385 13436 
67831 14326 
59218 47385 
93222 25595 
7924 19668 
65995 72865 
75887 4212 
4355 7155 
52517 48453 
77127 52662 
89866 82820 
1068 23815 
57553 56199 
76147 4083 
90237 19165 
3534 56031 
6425 22935 
31150 92361 
54072 1355 
49866 1059 
43190 55625 
19757 84268 
58626 67079 
40308 40136 
7175 21996 
91084 89648 
42368 44249 
60041 26323 
27560 96536 
45586 45666 
43355 29009 
65380 93391 
18929 25295 
30045 56686 
68482 20241 
43119 11162 
43835 41130 
69962 27658 
72099 54711 
77793 37665 
33365 86042 
86629 53911 
47540 12001 
86622 43531 
81743 22230 
71138 55231 
60051 83355 
6899 8994 
55977 38523 
12593 67137 
74657 23596 
45598 18893 
86567 83811 
2798 27213 
57462 30242 
25954 6077 
30282 84134 
64679 19423 
53919 18966 
90794 18589 
21043 25050 
76704 64270 
72567 89543 
47368 11028 
49899 5940 
90580 67708 
27759 1420 
63467 85477 
40139 97883 
64475 66682 
19903 3054 
49578 32392 
8533 61740 
59046 34209 
56716 84150 
86839 46834 
28732 8089 
68522 31865 
44021 44960 
85580 20440 
37841 5656 
84129 22588 
99594 1754 
84190 34528 
52170 69876 
12104 81676 
68582 72627 
23092 4716 
83195 88229 
93571 68881 
44004 12778 
53591 52451 
69729 63992 
98546 49474 
20852 93392 
66352 3851 
67330 85040 
91332 77195 
37304 43277 
49282 41219 
60957 49351 
89577 76949 
81577 97387 
9574 57655 
91888 3839 
64253 90170 
67918 21385 
19687 90137 
14915 78170 
52825 70718 
10260 6366 
72024 31458 
26845 20194 
82873 44210 
47059 52906 
52068 46432 
32297 64628 
28443 68683 
95820 88552 
64753 42728 
37838 91653 
46372 59468 
40836 87918 
73824 71753 
90453 57032 
64880 66163 
82647 89502 
38962 59951 
1377 424 
21664 14614 
2748 28393 
60430 95927 
21297 63507 
73791 51777 
22043 28981 
66013 23773 
57946 74570 
26626 56354 
56578 26833 
13 17993 
52102 81199 
54086 3108 
99058 13860 
99070 40417 
53001 37716 
7469 93723 
79669 25922 
64569 4495 
59194 78990 
35126 92125 
84716 17020 
66398 97357 
15852 37280 
60253 27138 
36596 89193 
37829 35040 
84532 83734 
89050 50370 
63625 72284 
46284 51258 
26439 1206 
46534 62222 
13225 72708 
49752 45123 
65174 20004 
62250 43911 
86991 35352 
73615 38189 
20001 73232 
53163 58390 
1163 87763 
67670 16224 
25644 53360 
75986 8066 
1005 60757 
28084 56094 
79628 76653 
46216 62201 
82607 4593 
94069 63154 
83181 87124 
46138 91886 
640 44842 
54041 69530 
66712 56614 
69069 75479 
65567 47110 
21009 68687 
15883 62683 
72101 62404 
58822 84741 
61990 86675 
39285 50912 
34613 8191 
19495 28643 
91188 15442 
43740 13294 
44820 18655 
81002 3386 
61719 58598 
8244 39317 
61611 66104 
61298 78701 
15645 65039 
72558 21417 
23966 65459 
35112 90527 
77074 50795 
81475 21407 
5192 23195 
41742 10749 
98105 34518 
50772 29553 
34256 96966 
6918 9761 
92372 36988 
45860 72915 
31489 28834 
82247 81000 
15962 20022 
89155 54606 
30904 39970 
30759 21587 
80459 65196 
37178 30602 
86417 99730 
12071 88222 
7903 17749 
93408 55754 
84222 6990 
45678 72468 
62401 46070 
47895 55632 
8590 46641 
55890 64564 
18178 92166 
59654 5844 
33359 9114 
26941 99915 
48824 13485 
22851 25476 
36380 85855 
21762 7392 
47502 41495 
82808 16290 
59179 78610 
42956 3582 
12888 7410 
92824 4320 
59116 85433 
39484 2144 
60603 10453 
27848 65502 
26282 51299 
87569 32380 
44907 29037 
96000 41995 
62427 96213 
99345 86202 
413 272 
13974 80814 
44162 58703 
37760 37602 
38604 18174 
37324 51426 
17717 17593 
41257 3779 
58891 25973 
61656 23946 
97509 79945 
86728 42070 
59011 2910 
35743 14584 
65791 48061 
44291 1814 
54496 70912 
52573 29963 
95651 3428 
2366 75293 
42009 71539 
9345 66970 
44615 70511 
66596 16896 
66294 88588 
52443 49764 
91136 48270 
61121 24641 
75507 16754 
48379 10599 
11218 22306 
85707 3196 
74709 1722 
46745 46080 
17454 95510 
7261 52539 
12261 2104 
26174 5514 
7735 122 
89247 51409 
58914 48592 
39331 92986 
95902 79077 
87508 29667 
64337 721 
97949 89801 
21594 49543 
66020 48727 
863 26645 
63926 28936 
61585 86525 
11087 34189 
29212 56303 
37503 78136 
89836 89437 
47496 29812 
45961 83367 
58523 13306 
58565 19535 
85147 66983 
97518 16375 
61810 88830 
97580 21086 
49677 68794 
70379 4421 
52662 36456 
54143 64184 
75582 32902 
92421 87808 
93492 49403 
20634 72085 
65369 62282 
5005 49048 
17612 33308 
22285 20970 
43239 38036 
90648 64602 
11195 30672 
62235 25008 
56830 53387 
66039 82743 
29425 50438 
46190 44620 
5519 53000 
75150 77945 
37841 59343 
33938 80840 
98818 46771 
42227 57181 
94901 16685 
89997 43646 
73365 92232 
69407 18522 
16784 59138 
30647 7171 
22028 64697 
88739 87424 
90428 67276 
89632 89675 
13647 59310 
3373 81103 
25849 70418 
49776 21161 
6915 94109 
77679 76382 
63721 71464 
12795 86548 
86930 8282 
61063 81394 
79266 98336 
4563 57266 
77914 74717 
55247 36550 
48447 13685 
38095 49179 
10637 71015 
59779 95145 
67489 39497 
81520 69728 
48043 78100 
55533 59000 
41744 78228 
3310 42176 
97603 554 
10976 69534 
84911 37138 
92018 19843 
63908 27834 
20954 79646 
94630 87423 
72807 28240 
20019 80502 
12773 56813 
95467 14825 
68022 97974 
1086 10617 
79335 92774 
65300 43339 
74085 76319 
48762 50415 
24099 20218 
86129 38659 
51961 30351 
59907 28432 
27626 61833 
85319 23010 
53474 79530 
18124 97208 
70483 62145 
58292 58003 
30738 20621 
11622 41704 
72262 77497 
88696 77159 
960 32849 
65928 62582 
31485 24596 
7045 74726 
63886 76172 
44968 53488 
76162 12989 
53863 82455 
94162 20566 
99029 16466 
59764 11882 
38343 90955 
55858 69218 
63115 84668 
62374 26672 
8530 97274 
11445 63502 
34216 46470 
81791 85601 
74058 85353 
22463 82653 
81008 90168 
24348 61907 
47439 70979 
64172 75998 
64494 13359 
30200 81876 
94932 67901 
1436 90670 
73103 66183 
92867 94175 
13007 56718 
98103 82664 
767 22538 
57780 860 
71411 63210 
57161 24145 
21487 98426 
9605 75461 
88861 77734 
13924 44894 
38904 61560 
83108 18506 
32375 72333 
29517 70782 
14394 1385 
57330 25913 
56258 97193 
56927 47154 
2198 53638 
17825 70604 
21757 63102 
76883 60035 
45106 98602 
96749 22758 
63403 41528 
25829 93024 
9214 77184 
25545 59082 
93054 38982 
63268 82785 
61254 93966 
59995 36488 
57654 27294 
50722 61014 
17035 1360 
62415 30575 
91726 36434 
39592 95785 
14495 84019 
50745 64306 
30614 41546 
90176 70146 
89886 87637 
49307 77258 
75487 798 
69104 60877 
60599 61279 
993 10851 
26123 25728 
97476 5291 
43161 7383 
25656 9942 
22489 90690 
46941 68964 
59905 58580 
34454 66170 
61131 13076 
6004 52290 
12833 25458 
34936 53443 
77392 60917 
63823 98757 
28188 84428 
86610 30969 
9468 69541 
83750 92821 
256 99823 
91778 14206 
85328 73902 
63899 60283 
87900 99369 
31397 39130 
98500 88228 
6985 9046 
42360 47173 
80726 70209 
63754 89634 
46725 73159 
69814 83373 
64535 27481 
68681 87341 
3049 48017 
57235 24577 
36636 33114 
62198 84124 
63385 29632 
15048 44242 
93498 2847 
45989 61658 
12301 95847 
15105 77138 
56720 32702 
59892 46380 
56751 92388 
27492 17021 
84121 56357 
77260 37513 
19200 11652 
84693 1671 
94217 73564 
51298 3903 
95892 77116 
26612 4433 
13849 75019 
78406 81293 
2525 71253 
4980 76390 
83722 14055 
69525 26689 
54607 69854 
50656 8328 
81633 562 
45527 11453 
54740 70646 
32346 6614 
48141 17522 
97635 59755 
84118 29086 
60243 2145 
24455 85543 
78915 64048 
20497 39238 
13113 36492 
37296 25792 
17839 34176 
29891 22611 
92346 94394 
90505 96715 
69943 61780 
4283 12849 
31470 76737 
48165 4927 
48589 6636 
42597 49178 
14668 33151 
18992 15673 
853 36556 
97204 16476 
82791 98382 
76769 13244 
19552 77504 
33226 94885 
30402 1565 
76594 86747 
7425 55567 
72909 6828 
22346 42545 
51690 41603 
34482 37412 
22324 74346 
83386 54389 
560 62182 
54545 883 
2661 24624 
39398 96220 
99240 75957 
71981 92362 
33388 6617 
13653 45523 
98433 94564 
74660 52558 
39538 6652 
6698 84067 
90263 32169 
74145 17337 
80386 75899 
13357 96565 
54437 26523 
19123 25257 
21786 7607 
55359 26237 
18580 13099 
73110 88435 
99432 26994 
33110 56392 
92484 27703 
72428 8393 
45307 81676 
25135 12197 
61078 37949 
5480 43519 
74590 45536 
88692 1744 
45835 28987 
79339 59787 
55283 73907 
40079 40581 
69434 93877 
64654 21377 
7825 72983 
18159 28831 
83395 3998 
34909 2833 
6954 71327 
59597 75049 
43485 59882 
41032 29400 
83093 6377 
39346 85952 
42650 47863 
87384 77188 
45519 63842 
54889 66167 
36232 52942 
126 89782 
74572 32869 
57749 97132 
19248 3237 
4006 92975 
55194 64888 
60788 89299 
40492 46433 
48551 14224 
49032 49006 
74811 26772 
63217 83601 
49702 38500 
27400 41857 
52982 48520 
7185 10799 
37907 57161 
12347 14790 
46585 35318 
31822 43820 
28662 91485 
98098 6285 
627 96536 
45267 26501 
56559 97508 
50148 92498 
42803 75942 
49068 47969 
38811 83816 
4257 13806 
44357 20629 
53295 19221 
59304 98910 
12618 20269 
56320 82241 
21838 84424 
89172 69811 
9472 23872 
49679 44609 
32644 67334 
84922 98521 
93421 70459 
12960 96952 
62678 78216 
30114 47999 
48717 69238 
85761 96789 
32355 31654 
11627 74286 
52782 42754 
31745 91681 
69217 50658 
46501 86414 
42237 85214 
79607 93971 
75627 57433 
406 40751 
34696 42060 
85525 27645 
10229 76229 
63718 1410 
28588 48681 
95629 91451 
17954 98634 
76246 23377 
28289 91148 
11983 7439 
68335 86728 
16602 39984 
66807 76874 
90605 49035 
86893 14466 
97253 61379 
23310 28073 
25045 67809 
89353 72695 
31251 15625 
57735 35929 
94027 63073 
53482 88188 
61664 89076 
9771 38350 
76676 63442 
88275 32093 
69732 47666 
34467 9198 
63844 14512 
85294 18176 
2744 45755 
71724 71904 
19059 91779 
61896 16262 
87676 54164 
71958 75327 
67592 82960 
31133 31254 
21581 64055 
25176 94782 
17180 8834 
58080 23130 
54766 48283 
65753 46100 
38913 76765 
87367 68295 
7764 86865 
50152 25629 
61789 86034 
51665 87698 
88111 88207 
29874 14054 
59472 29118 
95909 92084 
97958 62735 
66891 6933 
32758 58075 
77010 19787 
48517 30556 
63832 59847 
16257 10156 
23830 67449 
22368 69808 
6188 61032 
62831 11792 
67184 39051 
49642 37324 
38794 69410 
84273 5100 
74623 63656 
89089 18261 
23873 80890 
51764 66043 
49792 57251 
30049 86330 
52879 10844 
84624 8390 
81093 29071 
56352 81267 
9434 5636 
80851 92611 
49448 57808 
38141 35189 
5602 21101 
67992 83852 
29905 88087 
42660 4471 
38778 30870 
77844 28125 
46878 22603 
79996 88793 
41455 52419 
73501 40867 
67757 10313 
24813 43982 
21133 3738 
82269 26987 
44678 56059 
80083 20311 
12633 28525 
12968 76564 
39205 2038 
73824 82876 
90091 52763 
61120 5322 
89697 56480 
4877 95703 
10891 60608 
30558 34026 
6120 69951 
78723 76222 
88794 2451 
24957 25945 
2074 84655 
99360 51751 
18554 73054 
87814 26513 
98795 7130 
8260 74622 
99255 22659 
94384 74339 
60907 79734 
86413 77606 
28659 88944 
24090 77697 
48681 51299 
60487 76260 
65824 62729 
66927 75647 
96567 72364 
79101 49848 
84242 25323 
42366 27916 
52775 65349 
50243 57474 
62795 20388 
34291 2689 
39652 45093 
55843 71064 
86760 48234 
70458 56444 
19642 90121 
84516 31841 
56152 95412 
22 24982 
76578 90039 
48484 61939 
23662 37513 
47620 69773 
47078 19460 
75710 87779 
9455 78055 
47547 48787 
61815 13824 
93241 56870 
65094 11352 
86529 5916 
81416 47534 
42790 54661 
83865 22252 
8611 98164 
36764 39774 
94557 53084 
79748 60635 
60674 4718 
8470 38414 
50326 47446 
82319 53573 
82104 87048 
5270 57386 
51832 63281 
19847 43022 
67119 94191 
26125 67925 
35425 39832 
87832 61956 
53276 32335 
15781 69061 
99051 21787 
25278 86819 
14671 42862 
48559 87761 
72551 15913 
45947 29198 
63348 57988 
140 84098 
7307 94229 
96862 54599 
87432 28130 
92111 61860 
26241 50362 
41331 41216 
79507 40157 
19031 9958 
199 40719 
88759 16595 
33741 70649 
92793 25057 
41707 67123 
18498 35068 
15294 43316 
64047 90794 
32142 82554 
70025 83859 
30506 84718 
5433 13990 
23327 26624 
96685 30748 
51389 97413 
66418 43242 
79549 22441 
5299 51182 
72937 94694 
34470 20278 
51039 91498 
28863 97735 
6774 66038 
62365 39484 
94915 68221 
4639 99785 
39650 67415 
46376 15966 
84607 20828 
54886 6322 
10299 55603 
65104 87571 
73784 10127 
92492 9770 
83184 10639 
13736 1228 
5791 42905 
98789 13699 
22631 15547 
93481 59016 
84617 1543 
45807 32345 
95887 87502 
40952 24347 
48406 56496 
60222 34804 
58595 79542 
7260 13648 
11536 93286 
51291 71806 
1214 96992 
21595 23948 
66265 10637 
50016 47946 
59908 97729 
99040 71736 
59975 71405 
31805 27286 
20396 70432 
77403 43509 
89020 12934 
19911 85185 
68303 9959 
92821 83376 
75204 48486 
91895 44279 
64513 33986 
28908 68128 
15889 16381 
36398 57483 
49042 10055 
99206 45146 
23763 58486 
32469 25914 
1952 87174 
47711 33559 
97277 34701 
48727 64619 
14817 51092 
77241 14021 
87769 5073 
84618 54008 
51257 47413 
40399 57516 
54285 36190 
1036 39871 
52 41681 
52909 68565 
22124 13484 
12567 69879 
49368 10562 
14094 43240 
86109 66088 
38630 79458 
35584 83287 
44245 67372 
24611 35899 
35776 64923 
45256 77486 
73657 5331 
15334 47459 
58404 6760 
73737 98544 
43107 54790 
68880 60333 
20179 30962 
68939 96642 
516 67846 
21113 10587 
53394 21288 
13795 598 
3583 63898 
50326 73039 
88561 20352 
25898 72673 
63146 84668 
10242 894 
1482 82429 
77857 53461 
87034 66756 
94854 24431 
79 65860 
66878 91021 
9186 32129 
76121 15363 
48235 77960 
87083 73381 
13786 21915 
80541 48519 
48923 10307 
83085 8556 
89199 23913 
95609 17487 
33883 27315 
88335 21227 
71455 69197 
22183 85861 
32114 95971 
76763 60216 
62066 98211 
13767 80727 
14443 69631 
81207 35893 
29918 21739 
68734 60034 
36448 63767 
57177 31671 
32030 27151 
66493 10489 
26980 86551 
95443 58711 
12922 5302 
63636 57614 
94577 12178 
11973 47995 
67373 98491 
91050 94612 
49008 9796 
68747 98890 
76331 94849 
18043 61675 
60234 65965 
3936 28359 
50736 19575 
74477 32380 
2037 63503 
74991 89956 
43024 98382 
46929 88809 
52593 4635 
43136 56734 
11083 93560 
89901 92041 
49251 91324 
52796 87224 
44419 38049 
18091 79649 
19776 674 
84464 18615 
87299 17900 
70734 46846 
37337 18300 
84525 56273 
18647 78522 
64043 92920 
71495 17552 
562 53757 
73435 55107 
72755 39602 
32450 97490 
75648 2443 
15368 52626 
6797 53000 
30839 17489 
80143 74931 
95591 25769 
74096 25746 
314 91375 
84513 91344 
57220 34249 
45540 996 
55200 28982 
1694 2688 
70436 73833 
63108 44922 
80472 38016 
52495 10385 
7917 8509 
57194 99336 
76339 24113 
32582 66147 
95377 54164 
64121 71090 
4675 51995 
84541 21314 
96977 89187 
59878 39883 
9593 55603 
3540 19796 
20362 92357 
51093 91135 
9402 10102 
30111 53777 
51106 33432 
89246 5550 
82224 3647 
8553 26301 
51323 66820 
99154 62007 
92536 71802 
14498 89892 
82205 3720 
37730 35448 
30904 82505 
80123 55345 
35265 63127 
24038 96361 
64168 84461 
70550 89835 
82034 27092 
6663 43538 
18349 56866 
89937 48470 
76993 50629 
59401 26724 
41547 23341 
20774 8448 
73501 1649 
21298 40803 
19085 17974 
24915 99940 
37476 31334 
22039 98173 
38174 16357 
59836 52857 
68608 313 
58717 10932 
24359 69514 
88659 3623 
63859 11055 
14989 39530 
97024 3602 
87448 31111 
83023 21856 
38630 89525 
16192 73279 
78283 15877 
1108 42818 
18522 63072 
17926 81637 
41650 41827 
57302 39199 
27063 96810 
60565 4582 
86638 84467 
35301 92542 
19034 42757 
29072 82549 
82479 54865 
34748 94962 
2938 73878 
69760 67456 
79930 93485 
18560 76980 
25813 20962 
52666 37770 
76028 33006 
45909 94300 
37548 72430 
83824 19597 
721 74294 
25615 23926 
25711 93746 
14721 76662 
28899 44651 
49722 44987 
36912 48042 
21187 57092 
46333 32482 
92022 4691 
25700 24617 
48992 9876 
23046 17534 
81293 94773 
97033 6945 
48416 8903 
72628 40832 
84011 88841 
33317 36825 
45050 47465 
1005 83456 
56317 16009 
22038 56326 
19108 91114 
73190 48314 
49980 71203 
25004 34160 
90497 1769 
51518 64026 
82145 87535 
55209 8130 
31927 70953 
83892 55086 
3624 21135 
52336 278 
57319 25066 
45547 47422 
25483 23829 
72913 86398 
57777 90570 
62855 3511 
88714 4060 
36141 26531 
82389 31985 
72680 6170 
86738 1431 
91410 88101 
86124 587 
95801 35193 
75510 25274 
98510 18320 
92096 56690 
27923 5935 
31002 32626 
36564 47506 
40446 53414 
76787 64027 
38811 46007 
82694 29961 
21127 94823 
98889 55326 
25677 36391 
26434 54042 
12836 6323 
14341 15264 
67658 21759 
10902 78067 
75384 80217 
3370 46724 
34742 56618 
16762 73699 
67740 84296 
12982 80592 
56662 12899 
29974 83446 
89044 46374 
27308 38119 
19658 77589 
59353 23924 
64833 52637 
80134 39235 
28987 17529 
94962 91512 
25757 22711 
13151 25964 
96913 86727 
23339 52050 
51042 49343 
8424 95062 
40965 76613 
40588 21218 
73983 15564 
48601 59044 
2216 34605 
29339 67229 
71704 27251 
83382 79715 
18355 1376 
90598 92495 
86479 23964 
5754 43366 
11318 42230 
46505 75882 
50867 55944 
66519 71759 
74238 72959 
55007 82217 
13917 40180 
80625 88057 
67485 5583 
2469 70673 
90733 33420 
3808 81831 
58560 64354 
65236 58676 
82643 85022 
83076 42281 
65607 47429 
56164 22985 
40241 57537 
9542 53824 
89311 34588 
97132 44569 
66585 27914 
27118 73176 
42947 66394 
83551 28928 
82786 7213 
75596 32075 
15344 45188 
31890 58509 
3291 41728 
71620 34795 
26533 33305 
26229 58844 
93086 83395 
56072 44568 
60839 48902 
4857 85049 
4118 42391 
61393 78078 
87189 84796 
52936 60345 
13183 59799 
77335 52157 
1399 687 
92230 23215 
8550 63250 
18682 51825 
50205 64180 
83942 64857 
97590 93408 
23441 13809 
21801 40967 
85642 63564 
32668 14209 
35029 44696 
12655 59589 
28333 47678 
77576 44736 
46958 17848 
5369 1150 
4644 43751 
61755 75623 
13546 18220 
17343 89376 
84186 91561 
94592 57869 
55170 29231 
5007 81418 
97072 32617 
37039 76971 
11562 80820 
33402 84783 
51630 3803 
52835 50252 
21683 2828 
45854 50779 
77308 92787 
86583 10280 
33673 52857 
93527 19878 
8805 36854 
40960 62262 
73411 12725 
9599 19378 
52430 71787 
50312 28324 
25176 72687 
37851 38752 
707 62444 
72921 16532 
2958 47536 
50415 33088 
86251 71677 
49180 77586 
15895 93737 
14458 29990 
90920 49218 
97967 37045 
56390 21738 
92556 40356 
51257 47196 
48478 15988 
64397 22589 
86543 98398 
26251 93896 
29766 78001 
46399 53015 
59577 81316 
18422 82429 
65286 65379 
52602 48087 
96207 84001 
64242 55940 
44675 12435 
40850 55622 
85201 49169 
34925 95984 
70062 48799 
80779 11461 
34894 78308 
13579 45743 
99153 30613 
76732 99762 
55831 73832 
39754 24685 
32371 62499 
12937 67454 
70470 87838 
37392 16333 
16309 98191 
49486 86980 
34698 77845 
67198 35783 
60759 32736 
22602 86484 
80945 94916 
69446 8587 
91594 24134 
27735 91574 
17645 54550 
88235 17683 
86760 7325 
88988 47803 
44824 65731 
93217 99967 
67637 88406 
43394 18015 
70563 18533 
39803 99185 
43055 31963 
93559 73684 
38119 55663 
33867 6767 
28211 79425 
7181 24395 
98459 78335 
91970 47240 
85760 61313 
66977 54616 
87978 61873 
13104 89880 
61351 91283 
99509 61877 
96165 81420 
2990 93222 
10862 54859 
36447 15523 
32975 73158 
16933 14080 
41610 30732 
86776 80168 
30693 81418 
12250 37718 
14794 7526 
23451 72989 
40028 67077 
26300 10811 
81446 83930 
13043 49009 
5227 77631 
21107 83831 
49145 65059 
41864 33505 
27961 4336 
60624 94508 
1766 92966 
17101 45677 
54753 76801 
11618 49000 
19524 74175 
46476 82730 
47711 70440 
84223 82416 
71595 92136 
24933 58500 
23336 27149 
53158 5332 
78549 17481 
81892 15767 
69167 14619 
25629 67938 
66897 53993 
67559 56397 
73031 74672 
46933 98459 
62987 83150 
81827 58455 
24659 36002 
59787 97492 
98531 95162 
74279 74424 
74442 91717 
58376 94898 
25030 19370 
68795 29679 
59081 67077 
3161 886 
59347 91916 
91306 65343 
28911 27810 
87442 7937 
7716 23555 
4181 94689 
36654 4403 
71710 25204 
40427 55523 
75784 67198 
72363 32756 
26785 52029 
14483 16326 
38709 59443 
54339 36590 
51772 22217 
66462 17359 
15203 36917 
10773 2001 
57838 75710 
22874 50247 
13303 55960 
11878 19548 
33832 39300 
272 73778 
22199 99920 
37291 94266 
34768 23023 
92372 3343 
60331 68690 
88486 49001 
59175 63871 
66468 40758 
54750 65753 
80995 71441 
6336 73466 
16384 7366 
55246 51899 
76173 80263 
29438 71341 
44251 68307 
11761 59724 
37293 10746 
25635 10451 
68359 60843 
68613 88075 
19722 45284 
29051 26583 
79354 64638 
54033 20569 
29959 39155 
97731 68277 
92052 76875 
68534 37337 
13289 16958 
10565 88918 
65124 80105 
635 14123 
54817 40095 
15185 7627 
85928 15713 
23452 27878 
3661 70701 
92874 70609 
42747 907 
50659 13011 
55056 82399 
31471 69570 
31702 52093 
55358 37403 
50142 93288 
22325 98879 
70607 2560 
80360 92357 
78196 21531 
22279 58085 
17024 27337 
93382 15602 
91084 88962 
46722 31443 
12794 13131 
65702 91503 
64686 23075 
84718 1099 
2302 36227 
77770 97621 
67064 32807 
52219 75550 
96746 36242 
80282 91746 
18149 58492 
24399 40044 
81670 98632 
64265 58566 
50691 21385 
13099 60547 
90037 83831 
18647 60093 
7263 23139 
80418 97922 
88092 65914 
78865 59006 
33062 70637 
4454 13956 
46300 68689 
95004 9030 
49288 26555 
38221 75890 
92607 12086 
72983 31507 
16857 11056 
27744 91067 
70297 6756 
67322 22303 
25224 5012 
80366 28366 
47716 59751 
28984 58168 
66069 30121 
99258 8046 
52120 79188 
36820 96721 
76621 6338 
25175 66641 
24913 90790 
66129 89179 
62384 11993 
51454 28559 
