45134 83606 
15586 24300 
26040 20255 
79240 96259 
51384 11236 
30010 91674 
29867 6382 
88983 34064 
6892 86616 
18107 24195 
12178 34129 
59334 34373 
71584 7551 
93740 16784 
48985 6456 
57983 46196 
59141 44771 
7160 91644 
45740 91068 
92872 39194 
50111 75177 
33249 68407 
5621 5253 
87692 18835 
80314 87107 
13280 69708 
56127 88558 
72041 95896 
76816 45523 
78728 56289 
18742 63706 
27256 16967 
38728 30009 
10622 10798 
31442 11146 
53921 87582 
85107 83468 
12969 14417 
58801 7617 
52086 44626 
17217 34400 
3764 85458 
49472 4125 
30196 59652 
67410 80678 
52099 74068 
25795 43724 
83756 79761 
31914 47679 
14888 32184 
15315 44482 
9745 37669 
9763 58686 
51718 2877 
58958 98035 
47792 87617 
95167 80438 
21357 98237 
55644 59114 
64132 48753 
95556 31729 
88414 59916 
28098 26428 
19358 62635 
72597 67936 
93684 21491 
19616 40311 
85982 96488 
28411 79370 
66682 16788 
56574 47511 
6824 48863 
84298 66348 
83887 3281 
36415 8505 
10245 39336 
24199 78865 
1219 94746 
25913 47757 
23232 88884 
179 33767 
14239 22276 
79444 72277 
48362 22583 
22202 47308 
24624 67818 
12068 8897 
95650 51265 
79440 45983 
16403 39365 
87151 35641 
85306 13784 
65414 43538 
70481 81947 
3318 7583 
62412 86512 
4199 97023 
70969 43558 
90495 2586 
89528 91734 
99984 79813 
81831 40157 
49802 37312 
8259 61548 
57247 34454 
97365 88902 
97064 28886 
85782 38950 
43794 93248 
95038 3723 
94707 2620 
87360 22705 
93957 79457 
44176 72416 
81814 71173 
40849 87674 
74185 27018 
49048 59363 
37081 35542 
84229 37228 
58323 81664 
29839 3039 
34470 83282 
12149 69382 
84819 71330 
70033 2444 
76298 84333 
62534 63302 
93146 58758 
83736 11591 
13549 9855 
9239 17818 
61686 14157 
81428 86205 
88158 24458 
51791 98587 
94357 70845 
37682 51757 
57040 27214 
18211 75541 
28243 51738 
89359 86993 
82632 41849 
21954 57272 
59483 79585 
17790 42079 
99709 81498 
38970 53982 
9704 8847 
93464 35517 
93240 38422 
95896 25646 
80249 42094 
86741 98967 
47056 74068 
85414 97026 
66465 18826 
73100 64116 
48081 9868 
49771 46181 
29331 89606 
86437 10729 
55910 44173 
98492 98104 
46670 13380 
98940 20043 
72490 45699 
51282 80136 
91237 40906 
31041 2609 
71662 98889 
22164 20798 
7917 72143 
19970 94766 
73349 1572 
85828 98670 
87336 527 
422 42845 
72139 40317 
92246 72971 
58108 82003 
75864 19282 
55030 93866 
20542 52475 
45027 91710 
83974 39747 
68120 40047 
88144 84401 
65435 56206 
84759 75453 
16980 66536 
56230 69923 
61049 74133 
24835 79779 
10497 10893 
97484 37939 
87512 63205 
56415 73343 
82949 80223 
17186 33733 
8926 96405 
14494 56669 
54065 25889 
43629 4183 
69641 15295 
80770 44591 
11857 73638 
28910 86144 
40561 33321 
87792 41528 
27964 34552 
26084 29657 
62227 67001 
41882 1782 
40301 47203 
33710 12613 
31964 57893 
68307 43985 
62755 26408 
23801 28523 
7325 73235 
7263 13846 
6707 18967 
94196 54026 
23126 98135 
14136 14338 
24143 91790 
11364 27788 
44330 57219 
42605 47461 
7115 2781 
34664 97419 
2028 28618 
14063 36723 
3329 29895 
38070 16049 
84816 38178 
1895 24483 
32610 58738 
70375 95225 
82796 46798 
84122 63294 
14019 54111 
19901 45733 
6502 68785 
42920 45386 
38394 65886 
74717 63027 
27990 84096 
14545 39427 
46059 44606 
94386 38867 
16369 32391 
18163 28715 
94495 67197 
34263 5834 
65043 1755 
17110 69925 
25715 98186 
88349 46353 
32914 50005 
91094 16561 
68121 36810 
41721 22864 
46833 21455 
22865 76255 
32602 25416 
48557 10773 
37542 47044 
27844 96048 
87649 19534 
76768 40853 
6395 40700 
80258 94793 
23240 45012 
85250 82692 
45103 29854 
14274 86834 
38263 92619 
24782 25873 
55783 82967 
3650 66079 
11259 25486 
78567 40489 
43569 21988 
48436 44631 
39222 99792 
83458 23665 
79059 32617 
22214 65099 
54246 24075 
97857 63699 
52850 10259 
58421 30742 
52777 7562 
7321 78492 
69438 4583 
79238 22577 
97225 72916 
83888 9874 
52748 50548 
95600 97604 
74725 33780 
40127 80505 
60555 98811 
31804 87277 
22785 62506 
43943 44953 
30060 83387 
53256 40363 
56607 98481 
85148 91623 
1894 89472 
867 79335 
57843 72411 
9803 77154 
94812 9302 
60604 64445 
9540 46978 
63362 99935 
28340 98945 
21724 84591 
87055 99248 
8626 44381 
15642 73924 
2203 19160 
39697 95225 
9519 52607 
73878 6552 
44868 39946 
22859 31936 
96715 5141 
24314 12868 
12760 47314 
65421 47451 
56109 17317 
79439 42076 
37236 59733 
82163 24207 
6177 82985 
39385 6368 
97324 832 
65987 36053 
55211 22194 
44874 14027 
33852 53102 
19676 14382 
54470 14458 
59000 93692 
26868 72407 
11997 33758 
88240 24283 
75078 22689 
89853 82422 
67873 42419 
66843 50565 
72840 97308 
59266 93157 
27422 88051 
13582 56517 
70251 7921 
82909 12697 
33607 14220 
61668 61759 
43195 6829 
35656 46300 
33279 27864 
2118 3211 
10304 81732 
16035 2000 
1360 63209 
48659 96436 
5197 72712 
2199 46845 
22954 92538 
10641 54066 
83396 95615 
70792 82921 
93131 59168 
89984 42954 
36175 59731 
7224 37297 
19162 33045 
43164 86695 
8622 92652 
60879 85031 
34968 14348 
74267 45158 
44165 10211 
23763 49382 
62547 35479 
50114 27659 
2838 94381 
36113 48362 
80143 36842 
53481 21431 
25550 67030 
47482 81779 
81928 16806 
15424 42020 
41621 72429 
86809 77900 
38960 81219 
92731 37253 
41849 6386 
20000 43879 
96178 42892 
81509 1414 
64381 54916 
98533 89098 
65211 46427 
82928 81278 
65641 30327 
27594 15549 
97751 18783 
62136 80632 
73601 17614 
7269 94404 
49272 70969 
66354 94930 
45632 69052 
25304 72919 
67845 1261 
93183 32723 
78230 9881 
4953 80799 
67831 75328 
25117 5506 
40862 42971 
36419 30181 
73203 83659 
71294 92612 
31205 65358 
45416 28359 
40270 1677 
82495 12808 
74051 34541 
77360 47405 
94567 2945 
30411 59226 
11123 47431 
706 19824 
41677 836 
67177 79273 
54093 19851 
57950 54370 
36754 19071 
6216 6150 
98047 79456 
17807 91191 
22502 16510 
90385 73638 
17678 9991 
7081 40410 
70390 16587 
38447 70781 
93457 9754 
25747 73316 
84857 16783 
85893 18104 
40066 52174 
73759 60277 
55276 78522 
61112 72014 
34339 61373 
43094 74535 
65451 22884 
62940 89026 
64996 40629 
53555 6019 
95393 82527 
30595 6436 
51417 16606 
35847 54302 
75168 85209 
22021 21114 
3738 87257 
90436 94875 
75553 69290 
41647 73029 
21522 86286 
75715 37837 
45290 56623 
83584 65154 
53282 2056 
3987 23182 
29687 33210 
81274 76405 
64107 13842 
48784 21793 
30349 13015 
79605 49236 
83674 33308 
92031 36301 
90777 85339 
70510 58542 
31896 64116 
64582 20943 
17635 71124 
58061 93507 
44483 17534 
58633 64559 
72423 38595 
44084 9040 
45678 46957 
15530 5874 
93333 53629 
50292 28435 
40423 89213 
17496 75202 
32057 65229 
17978 3899 
23243 25565 
36779 81705 
15302 51508 
51252 66589 
26096 269 
20749 90369 
65792 76569 
94872 22800 
52455 59617 
16448 57811 
42504 33661 
62651 77937 
69899 99320 
63125 21080 
84920 75024 
57485 94917 
58466 33147 
6246 58575 
71057 53791 
48992 18653 
37047 20696 
11529 67237 
24035 28354 
99800 23229 
15071 17196 
82483 25142 
26948 4567 
56488 63449 
41758 33223 
9997 33644 
30817 16206 
46188 37359 
50207 17228 
7477 58202 
65371 69036 
44885 91416 
18567 98767 
10047 12041 
87440 98917 
8412 24924 
95588 55311 
41348 51777 
26712 19310 
82161 75383 
62780 90551 
76418 79154 
13627 58582 
30532 91401 
30483 37061 
54205 68031 
99175 12516 
52124 24790 
90077 21232 
18200 60761 
1350 62385 
71695 98510 
69633 53356 
88721 3095 
38049 34014 
24898 32079 
65244 30749 
95358 11771 
31159 98197 
76816 31110 
45313 66815 
23099 93902 
91613 37875 
40302 72598 
50060 83930 
50644 62325 
20167 32446 
85152 42613 
33525 33039 
84433 16044 
83682 34631 
54115 8024 
20310 27868 
16898 79904 
51658 40241 
26762 28913 
74346 6620 
62453 22643 
2796 76286 
97234 43298 
1946 59066 
49744 97459 
36353 57770 
56866 80830 
36402 81915 
73665 74235 
48050 88597 
97728 87079 
76394 50344 
35669 57557 
55306 6961 
78081 65072 
75492 18591 
25878 9673 
81558 614 
15770 65710 
4987 87506 
25506 22533 
34439 42409 
565 83707 
37350 1924 
33129 8042 
37567 21495 
41473 40701 
22554 65787 
43292 676 
728 70570 
90035 62157 
54548 87874 
30990 91596 
38205 14575 
5611 79731 
50137 96052 
20527 38409 
70022 91216 
53689 15705 
87536 82923 
42270 19700 
65873 18712 
53224 31162 
76860 70767 
5821 28500 
16499 11160 
14009 44517 
59829 8673 
43108 23801 
42274 66893 
30127 52066 
60930 39736 
99930 84286 
73774 80247 
20460 7178 
37331 1222 
79453 33401 
64088 52103 
32302 39776 
99782 45597 
66185 29906 
17640 99608 
49076 22751 
1797 95290 
83940 43057 
45284 90465 
68175 16944 
19362 69098 
66309 56555 
80447 52179 
39942 51342 
68443 43122 
43152 70391 
16070 31646 
83799 20120 
32559 34119 
71627 94755 
47129 5489 
22560 3186 
97689 18156 
65275 55115 
28491 66520 
911 41845 
16766 22476 
99668 52638 
82870 36714 
79111 26249 
51046 53447 
98145 49072 
18661 82107 
17892 76257 
60589 48487 
26150 70244 
42403 29987 
95606 22344 
41145 64870 
47679 47299 
75641 13775 
23611 18219 
29693 43291 
22366 39841 
10960 95992 
50924 41762 
25905 9079 
46706 10095 
66949 44699 
74159 65956 
1796 98956 
67952 42251 
26859 63802 
93747 6420 
96840 26234 
24180 26112 
70725 2601 
82481 77212 
20792 22329 
89053 49201 
35724 95001 
57380 11524 
11509 17496 
24792 66460 
64518 3741 
70892 28919 
20021 48666 
71873 41682 
26361 70061 
62466 55749 
20109 7284 
28963 79826 
20733 94181 
36484 30387 
64684 65026 
1618 94332 
98260 96987 
57589 49932 
36200 40303 
23239 78611 
58701 38316 
79422 40002 
63390 93425 
76832 75822 
10746 92230 
47768 54283 
1580 63330 
71062 66083 
3406 4667 
44144 35448 
98849 83760 
49123 15273 
63765 83863 
60840 94110 
95298 41773 
33950 54540 
837 98938 
23427 87436 
27702 66496 
38274 84677 
60320 87024 
1741 4062 
36800 60989 
93049 24495 
39993 94344 
75372 86958 
99496 15126 
72752 47338 
535 1622 
44665 50882 
33232 62376 
21089 74876 
31522 9204 
3253 76050 
44800 68382 
5605 22328 
57371 82314 
13127 84686 
20864 64220 
54726 14237 
93001 81792 
48277 32070 
82450 62230 
55747 14960 
83973 30742 
97905 68744 
50671 17318 
17272 42990 
90863 92462 
45226 55497 
95956 21611 
24637 63274 
2666 60041 
62885 37790 
68045 45358 
41819 76648 
88954 83038 
90987 11242 
29025 61968 
38350 50541 
25588 81604 
88780 34836 
36651 20074 
44755 60088 
53737 23464 
75977 73473 
50246 50520 
65030 33782 
56961 64125 
4759 76513 
56423 21154 
99666 22826 
66140 75725 
28459 23962 
36904 77316 
57747 38301 
27005 14894 
57951 96917 
25702 30926 
61632 25311 
90036 5030 
21748 53940 
27933 86043 
72732 68235 
7498 33372 
70846 19976 
97513 13802 
91911 46229 
47372 88266 
94302 19473 
96021 14611 
13009 83121 
58964 87018 
36588 10334 
79982 30494 
33018 60832 
49930 69710 
32715 350 
88841 95492 
47418 90476 
59514 59390 
2158 52748 
30895 36984 
84192 60270 
37738 14010 
67589 12493 
89437 65838 
55029 4395 
65324 20510 
89440 9999 
96399 18276 
27249 61953 
74114 6438 
32303 23869 
45737 37348 
44939 20161 
52746 69494 
4192 9323 
43840 6897 
52836 60915 
47355 50396 
34674 23938 
19219 75917 
1470 54876 
92071 99446 
82895 7357 
38746 36179 
37067 72205 
29066 12199 
91503 96596 
2709 41039 
4753 4102 
2928 34620 
27497 83594 
15945 78292 
18551 14282 
39125 63116 
76012 46647 
57322 34984 
76701 64524 
41318 89847 
78051 12363 
94829 17056 
25814 83441 
67298 68684 
28184 29786 
18546 11731 
2375 72619 
68301 2230 
73237 63320 
88755 5508 
5111 69238 
1485 75277 
77971 36100 
21463 95679 
76742 9353 
50311 85097 
48780 80452 
58591 58242 
98625 60941 
12613 43953 
31416 77078 
95114 60111 
26816 20882 
41117 54229 
23759 89605 
60396 28509 
23057 94995 
46166 81557 
69649 26146 
76003 15432 
59203 5279 
95430 76347 
24798 84514 
37247 20087 
98614 93501 
70358 19095 
10783 62711 
90739 57171 
83021 15265 
64139 89869 
98161 41365 
5203 83915 
78379 43710 
30943 87369 
84694 69722 
57826 23746 
58226 26969 
21198 47930 
59726 11861 
83409 49492 
28073 68537 
62674 39885 
70699 34750 
58583 13996 
19315 24689 
72147 33665 
32856 44806 
18348 41042 
6213 38082 
7391 73019 
48117 4578 
27217 14481 
24429 51685 
94280 97766 
24160 86208 
52218 28446 
94656 72180 
88757 93451 
9725 43309 
10024 86546 
79842 76972 
58443 68298 
87141 7893 
85470 62935 
29533 83950 
93637 82867 
88107 43995 
43741 63145 
89843 28138 
82489 82779 
23738 14639 
83469 47558 
82576 14375 
10106 9925 
44886 43772 
3034 5442 
82007 40175 
66353 92532 
73759 79822 
77306 92403 
42838 7888 
72115 39486 
72853 92515 
67123 69170 
57856 70327 
58790 89299 
42203 59582 
8744 4595 
48794 78977 
60779 89111 
60986 25015 
55558 30755 
18916 28951 
5733 4119 
14472 35498 
69313 63053 
20846 19807 
12322 82824 
72356 86659 
83124 23208 
18154 76395 
30305 28478 
9474 35784 
83537 28015 
44208 98851 
82648 52141 
84927 62634 
83896 31784 
86820 35892 
94468 7715 
20620 85000 
86305 35328 
52187 548 
18567 34363 
45245 60647 
54425 99406 
86663 72471 
92313 56700 
94707 32278 
44385 25504 
59851 55966 
85649 18137 
85022 97159 
66076 91849 
37555 87879 
24984 47782 
98694 8060 
72077 57541 
98092 14485 
2729 86280 
50598 37130 
96499 72698 
70490 81522 
7258 20988 
24367 59361 
91000 57509 
98076 6497 
33043 5870 
95314 37286 
30239 38069 
55984 27423 
55746 66505 
80898 13534 
84034 51907 
76085 47117 
82012 15604 
84753 42901 
78496 61088 
57863 17195 
8751 29415 
25290 20564 
93390 35775 
68750 30918 
51662 60420 
64892 88091 
68013 96151 
62437 19022 
27761 86701 
80717 23871 
12825 25584 
68673 67670 
1691 23382 
43127 49626 
49119 92934 
33073 2671 
30576 46517 
92752 9626 
23997 46880 
10444 9106 
67168 4837 
32206 4259 
72897 70176 
40153 80502 
6087 19726 
73484 84591 
26963 6704 
57042 16693 
82878 98833 
7033 39565 
87505 99233 
16420 14508 
60688 13701 
83532 32465 
14817 769 
36629 20430 
64306 16803 
24384 68303 
3633 47383 
87722 39364 
46333 98389 
1944 98755 
42463 5410 
79742 18654 
95264 8514 
55495 96291 
79099 30911 
29145 51492 
20226 94652 
33986 54152 
39537 4291 
6862 68859 
72155 30286 
81551 93791 
72591 27952 
96528 14139 
86164 34858 
6825 86437 
17465 99888 
16385 19541 
54881 10474 
2065 20418 
16541 1101 
83381 28480 
67509 45751 
3103 70884 
20659 59730 
22978 33049 
74387 62209 
6141 53562 
59147 79791 
53185 20727 
61806 3575 
82399 69198 
71864 47408 
96330 49458 
46852 93418 
56639 70320 
25535 52433 
97088 95254 
27043 11477 
40580 6955 
61630 88347 
50286 41450 
44516 64100 
37216 32954 
48058 18323 
66986 3749 
49547 49162 
57051 79560 
31942 20352 
32380 10221 
73148 40869 
12274 27854 
15738 49318 
33999 80364 
43525 44823 
79885 36729 
3972 78909 
63754 72395 
6156 98762 
49783 8025 
92847 11269 
22336 92896 
32244 19334 
98848 95474 
99992 67257 
79470 87959 
25337 20322 
57006 89084 
56631 95232 
68555 59976 
60849 52704 
56321 31614 
9409 61227 
19207 79207 
18270 41928 
79108 48775 
4174 8432 
56202 84274 
90826 22806 
46099 99797 
48952 98844 
18358 90710 
82344 97410 
10661 80002 
78401 75003 
75855 51722 
26104 66363 
50097 32035 
66997 4692 
49512 40289 
85431 8918 
70035 47371 
63223 96485 
60547 46751 
20797 12207 
62929 64763 
42029 99053 
64321 11017 
33200 75061 
86679 97254 
97822 22095 
46589 33545 
18585 36792 
54393 44404 
25253 41805 
85774 34224 
93068 6309 
51300 71366 
60076 78755 
9776 53308 
73740 91988 
19837 61456 
77332 61084 
841 13528 
24797 57661 
78923 73857 
69129 10893 
26987 87549 
3790 55129 
68423 63094 
49284 16720 
3525 39875 
67726 8584 
34849 41924 
57094 80006 
13176 37383 
23822 51332 
99272 94283 
57499 48428 
38297 47595 
34645 40209 
73500 69928 
59902 73989 
83753 68845 
12429 98078 
15508 17413 
2915 58773 
93919 61479 
62316 59799 
40155 37043 
77293 76229 
92356 74222 
59297 22064 
26191 60445 
84325 80900 
97662 84865 
68622 22482 
85578 88402 
51942 44467 
94013 99400 
44428 98315 
86136 43575 
55821 81020 
59917 78747 
66371 244 
43533 19776 
17728 49423 
83693 87225 
99011 61564 
23629 34412 
78392 45679 
19187 81888 
83729 48195 
21197 15756 
67149 23187 
60251 86882 
97929 39899 
6031 81673 
15649 3772 
37484 21962 
41301 18097 
52456 91456 
87867 67380 
65766 79292 
33905 60672 
93267 77394 
23700 33341 
96098 67703 
35846 69157 
64093 87733 
18405 71072 
50256 68513 
23295 78680 
29219 97653 
85156 3127 
41778 72074 
80642 26088 
4873 69916 
72973 88474 
11804 89174 
93517 76604 
20995 71814 
37291 98893 
33283 56446 
52482 34435 
87508 80062 
85447 26391 
62057 79910 
2119 87715 
56097 30283 
44330 84510 
38342 85800 
95316 63163 
93523 92713 
22479 91442 
67125 72819 
37491 90856 
7480 80780 
63883 47811 
30988 84941 
30532 4514 
91008 24184 
15752 47046 
13870 48936 
51219 27671 
76495 63130 
57523 81206 
39296 45723 
23881 21134 
15257 45351 
63374 30172 
51578 9718 
72075 92119 
23733 32561 
95496 47072 
93504 75301 
59032 90455 
62304 47971 
50412 77857 
59035 14550 
51650 42240 
37747 21530 
5580 77895 
24527 35385 
67786 96351 
45346 14503 
38573 13487 
86981 34258 
91629 84190 
91675 30054 
16081 61191 
62861 22523 
66909 18057 
64060 41454 
75014 42845 
25962 70649 
2704 78546 
37751 94563 
42967 59184 
87880 39388 
51625 66352 
36805 66234 
70304 9929 
49569 92061 
45129 18874 
89703 85263 
71149 13255 
77520 7089 
95736 17015 
45718 47537 
95520 62522 
83069 34923 
915 32559 
43044 82022 
79898 83150 
8354 68492 
8391 91531 
44704 49223 
48483 77547 
47429 21341 
27667 53906 
83256 78765 
62402 70961 
56062 32561 
97490 35083 
80308 77729 
39142 96170 
28724 42693 
44061 19502 
31860 66389 
89467 79868 
46286 9711 
89730 41792 
75488 22987 
44090 18679 
22944 59244 
96959 35850 
80382 44189 
67359 57648 
5880 88179 
57299 77233 
26268 52862 
80227 9129 
6186 65770 
60170 69261 
62203 9806 
39777 74949 
64549 1410 
1194 48213 
61292 11102 
47556 59741 
80236 73202 
14847 8017 
12306 77685 
83986 88332 
56874 36459 
41201 69814 
14259 68811 
91130 65084 
43548 56291 
61525 46797 
64910 76049 
51066 38075 
74739 33407 
62496 79705 
59257 79427 
32133 56008 
37605 17276 
13803 43372 
38994 72395 
326 30744 
20136 25793 
68899 49715 
58981 87224 
18098 43349 
18678 15578 
23664 97557 
61716 77498 
77838 56533 
8369 72065 
92763 44673 
75847 39326 
42279 21400 
4972 13506 
88434 2443 
79719 77932 
89126 91364 
71646 28041 
11507 78519 
95991 51238 
82145 81148 
49160 87976 
89387 17880 
8326 47112 
15990 33753 
13060 10393 
20790 17674 
16166 75891 
7034 83271 
86317 58255 
11985 16235 
68630 84845 
27468 26452 
60963 1136 
14316 81673 
43520 26205 
4932 40908 
7234 79707 
97760 50411 
62474 35402 
34945 12840 
73731 43143 
20295 91078 
58273 1164 
78402 62190 
7127 53565 
77841 94136 
35317 34099 
41397 78093 
44916 76673 
44534 12639 
89283 65413 
59648 2538 
59740 2714 
38115 4510 
76996 32402 
34777 25111 
58793 66909 
70172 51731 
52499 32361 
94724 76726 
66831 63494 
66035 56828 
10376 51541 
75547 35220 
46294 72517 
64054 42057 
2307 810 
46884 80714 
33057 43512 
29060 1661 
17893 14642 
28340 63629 
91336 5220 
39746 82611 
45765 95092 
69064 73238 
16244 95473 
34749 94202 
55980 7377 
87775 19659 
37537 30390 
27196 71909 
69734 58726 
95518 67171 
3048 57031 
22479 45884 
7397 17122 
48400 81738 
45325 58645 
99025 89490 
30894 51587 
2583 80652 
60009 6647 
36819 48260 
21439 643 
68788 97159 
49433 78476 
3468 74674 
58649 596 
88591 97978 
9995 85469 
32536 19145 
92040 30283 
79761 16602 
66791 79882 
53953 52595 
20932 53917 
22919 90257 
84037 35225 
61240 21031 
23771 68678 
86769 13428 
4802 19018 
25318 57491 
2890 88682 
14183 45833 
98549 2135 
89679 1763 
35719 21979 
16395 37734 
20017 73865 
6669 3266 
48465 22216 
47568 60478 
7950 56831 
99664 7480 
53268 21597 
57011 55170 
77192 40911 
60886 51317 
14865 76796 
41299 37342 
82664 80301 
19645 17826 
37761 84454 
43570 20534 
58738 22853 
40757 25620 
89928 47906 
72259 46672 
62521 65844 
37914 53419 
4059 1763 
36540 36118 
74568 57305 
11763 25091 
22371 26023 
20739 95304 
35541 87044 
47465 5595 
75990 6310 
44980 44828 
22325 36533 
31499 83205 
14932 21914 
84337 55906 
92116 81755 
72479 38412 
29682 68261 
43751 8070 
48006 68198 
35738 24888 
30407 45444 
10986 6001 
4571 2102 
26464 12918 
74797 69480 
34875 18396 
56979 27116 
81132 70667 
60571 87905 
1139 26745 
82134 80505 
52022 83692 
23645 6367 
3030 96924 
25382 48038 
94558 38087 
7993 57857 
29078 11479 
51275 61711 
92268 17640 
98201 71205 
15188 25512 
61924 9437 
79100 90404 
30744 20492 
33375 34037 
11452 50842 
43882 85068 
24996 62027 
14388 63713 
70064 58319 
26677 82524 
99987 90502 
26489 26833 
16243 27463 
41807 73011 
67918 71000 
57662 478 
60596 26046 
87308 54231 
20469 28470 
73505 18698 
29863 75661 
25582 70835 
48887 1322 
48086 90641 
64606 85176 
45015 20657 
63897 90779 
90010 82495 
9081 80146 
37320 78098 
6430 62633 
10984 26158 
96836 97315 
50376 10038 
65202 83030 
9119 42496 
60519 38357 
1327 84683 
42143 94947 
64266 92117 
19433 1987 
59707 98722 
31703 66978 
67626 91518 
23348 38595 
35357 73193 
5046 71094 
32910 57515 
56082 96526 
30894 93450 
15150 70988 
61315 67838 
27371 54168 
43512 93612 
63825 27681 
57581 50793 
6540 56969 
25860 10898 
96669 53997 
19394 41860 
76498 3542 
40783 60228 
16971 74568 
47396 70146 
11556 49978 
69675 4487 
34588 73003 
48080 62555 
7611 26527 
59225 20835 
90800 32859 
26823 78593 
18180 85773 
16306 88462 
25162 4062 
93324 13669 
74822 26458 
85784 48180 
75374 51410 
26725 33814 
95463 62078 
71008 9227 
26179 66803 
72668 29686 
9117 28407 
81751 3695 
48305 51848 
69548 2755 
50552 49086 
19356 13955 
93468 2458 
26256 21570 
3392 3404 
33869 23482 
36453 52114 
98638 10990 
95173 65440 
12914 66460 
80287 55406 
36974 62263 
72886 8672 
87074 76570 
65515 18513 
1712 76861 
12500 95225 
61552 60336 
49608 8242 
69740 81950 
40996 93880 
8875 45435 
47501 96288 
78461 80378 
74422 95984 
82397 79356 
49292 20343 
79924 23096 
486 23417 
35383 78787 
56106 68698 
2295 16878 
59197 47738 
55426 55146 
152 19972 
40917 5241 
86 64669 
48971 66619 
39971 94626 
26234 85461 
19497 93034 
35703 72117 
46911 99880 
40841 49563 
6487 92325 
37578 87529 
23828 74692 
82931 62186 
50842 17999 
72249 69668 
22042 66430 
98393 13208 
91716 58687 
85659 78299 
47547 95883 
28842 8029 
10428 24415 
83566 91646 
72511 92241 
47835 83387 
95911 80008 
46767 75748 
93064 4705 
82537 61617 
36346 42807 
39785 33085 
99400 22340 
43121 81232 
15484 88832 
47782 80840 
49206 58842 
7143 66716 
17184 36548 
1470 34198 
60427 83833 
31173 25427 
66669 2360 
74778 95072 
64401 7339 
86942 84492 
62029 46982 
65049 71643 
85352 49094 
44281 5595 
74472 56828 
90528 79113 
37285 49293 
48095 40535 
20857 29553 
64898 97048 
54278 2464 
61664 15460 
37002 57898 
33656 83718 
95195 21064 
73517 56652 
5308 30965 
82057 72809 
88839 60473 
90156 95767 
15193 97074 
49427 2907 
10552 62002 
61887 17416 
59861 57342 
9589 55146 
6282 95570 
14037 36971 
97924 84117 
2173 99402 
5138 8686 
80802 21496 
33389 83414 
24581 74432 
86436 13373 
64011 91691 
92523 45494 
19365 52341 
92265 67683 
64067 67736 
1117 52717 
16786 62779 
1575 33435 
55316 46931 
90664 38830 
17326 77247 
6824 16821 
3134 26014 
86959 18804 
23903 78902 
59169 23523 
44977 6065 
59652 33382 
58580 68270 
73243 84975 
82672 42858 
36251 77473 
23499 80232 
7526 37415 
58204 30587 
9105 6524 
90846 12693 
61315 60371 
10281 31827 
88876 40019 
31571 92313 
54327 6211 
33924 91631 
83019 6251 
17669 27699 
79933 77409 
90354 98665 
2778 97489 
57751 25447 
48051 33160 
39458 81249 
27228 29700 
50698 69411 
58708 31993 
92066 51214 
77863 25958 
67149 88619 
72286 42005 
4340 33460 
82255 67680 
93594 64192 
67475 75385 
61514 44095 
30299 82828 
98837 50681 
2936 28837 
23270 5067 
51552 65226 
7589 12211 
23700 36571 
27996 8155 
67196 44126 
90973 98800 
78317 67476 
78215 66233 
95128 48161 
8681 13279 
37766 23142 
54426 14677 
11689 32835 
62572 44173 
32145 18353 
29646 50826 
98574 65681 
46468 64948 
46158 50693 
81895 24362 
28399 88232 
1906 25014 
39410 90921 
26916 16530 
67477 98949 
14627 82872 
82532 50734 
18368 71065 
99294 26238 
11554 56796 
25145 9575 
87782 64723 
97216 85706 
43031 93441 
36681 7121 
21528 30314 
99933 40792 
60089 79766 
86084 33087 
97066 70116 
68161 10906 
21505 48671 
51389 70998 
25751 22574 
26112 96237 
90409 53723 
75214 77558 
74449 70159 
16257 13350 
5226 13374 
7170 4261 
63233 1294 
20887 60721 
34699 50062 
99208 92889 
61424 64221 
28997 58353 
51763 74575 
44911 1530 
29247 75713 
51997 30611 
86048 91084 
78763 42762 
77365 72519 
16785 26415 
39756 23213 
76392 40642 
41549 18426 
89673 95933 
76697 86570 
21815 38139 
94763 4831 
9699 67914 
19235 58093 
32701 11657 
43920 7725 
34840 96811 
12925 17626 
59653 74279 
83578 88959 
29630 73810 
43584 62113 
546 74383 
3846 54702 
47711 20939 
16588 17784 
95920 21264 
74751 8970 
87824 12367 
33140 752 
96449 94409 
54351 65117 
26766 92056 
23285 1378 
18506 18052 
92844 3191 
57809 81892 
20435 92827 
28833 7667 
29952 86028 
88127 99444 
87172 89180 
24334 20030 
7828 71984 
73712 29487 
27084 3510 
98005 63492 
46771 87198 
95323 18436 
42419 81304 
7027 50100 
56006 45270 
3969 85818 
22302 9619 
84019 96216 
76781 27251 
89442 71944 
71298 27376 
57482 3265 
80083 59831 
50425 65899 
13072 87165 
72443 75261 
66190 54613 
69677 83004 
28922 43968 
27317 54741 
38371 96375 
22825 85891 
15948 71174 
68003 83761 
47968 93198 
74262 68326 
74618 29297 
5222 21581 
33137 26361 
38691 45921 
60503 37765 
46128 75692 
98519 62879 
11798 22877 
59943 25192 
56191 27814 
8093 18598 
98601 28908 
74411 58505 
92381 61517 
88489 84710 
92971 45463 
23340 76328 
73655 23099 
65021 55603 
86845 65415 
178 77017 
79780 72355 
77710 20920 
12656 55335 
41438 36719 
94493 4899 
49548 9728 
47478 14507 
93508 57866 
34016 52653 
4297 99676 
32420 49812 
86985 73483 
26947 94166 
56053 29051 
85769 10633 
53307 57700 
36547 31387 
17874 74602 
13408 52914 
43430 17869 
41415 14545 
1716 83035 
45027 26516 
33338 68663 
15602 21767 
6948 69072 
49623 5014 
26138 13555 
74144 25086 
19716 17950 
8834 2066 
85506 84072 
75061 99465 
70418 55267 
51596 43506 
60255 12202 
93810 56487 
21557 72058 
78655 89300 
84788 36360 
11232 9356 
83231 17992 
30445 24489 
65202 66285 
80988 835 
78542 576 
76845 63288 
85805 57282 
67515 50776 
6170 53269 
32331 35460 
95821 69178 
70512 4875 
72390 60386 
25046 49107 
61033 10393 
76963 91292 
89794 51685 
73293 49034 
90153 92517 
6731 16787 
64986 4529 
47975 14810 
70654 45781 
42723 58994 
22508 16512 
24488 67673 
73861 70816 
61648 36489 
37277 36447 
52601 80419 
14045 27079 
6382 63293 
72779 66591 
97809 9424 
71293 83359 
65956 19438 
47306 74010 
32713 92922 
12920 80730 
54188 94247 
75490 73980 
81900 84692 
73186 83354 
2960 83968 
57393 73291 
48880 17297 
76093 17526 
11175 50394 
12442 86373 
78562 14005 
11007 24346 
15392 72125 
80445 62115 
33802 93542 
95899 76410 
73168 45098 
36983 84276 
89544 36813 
87940 33911 
75116 14030 
95416 33375 
73047 9730 
26247 40543 
26689 41422 
92791 22956 
3736 61293 
16512 84596 
65726 45751 
81905 48110 
11184 41067 
92314 75635 
6744 65507 
76790 9154 
34737 5174 
12853 12145 
28029 30695 
23894 98350 
33304 4981 
81884 40549 
42505 48469 
96209 62560 
58826 77575 
97612 30974 
18425 34510 
32628 79725 
71935 82214 
68322 20160 
40885 46813 
69782 12058 
3322 51857 
53495 96917 
30174 3508 
38633 23844 
89339 53937 
15192 30488 
57997 91362 
23086 76735 
35327 79500 
89458 67247 
27553 96603 
2877 40434 
85212 4875 
12517 46092 
8514 14702 
28024 81655 
867 94982 
61531 7945 
42905 20761 
97072 19250 
79763 42455 
94672 99732 
62904 7140 
36444 58398 
64423 61685 
291 98251 
86580 19968 
3114 41744 
22193 81960 
89932 4298 
82576 51180 
57905 80369 
98850 8808 
94971 82469 
19766 67715 
81664 52507 
74556 47710 
51642 46997 
42894 84519 
31573 82867 
75685 9305 
84207 19045 
40206 12997 
59874 40474 
21018 40247 
21047 5818 
94103 41547 
42269 17920 
5852 48829 
3432 76909 
30815 29825 
88250 79890 
52504 19544 
71743 38250 
10129 23374 
30651 93893 
80754 35696 
38904 29077 
21175 20262 
16652 81048 
76731 54226 
85789 92275 
75281 46368 
47539 49852 
63752 1870 
38382 93527 
11935 20962 
39445 791 
3641 86810 
11441 89621 
58836 19206 
2379 14701 
82040 44950 
28437 71337 
12088 63237 
59777 62775 
56218 64953 
52539 31283 
27518 98448 
55851 1078 
68912 61188 
88403 32085 
39152 36632 
23011 37505 
56695 88725 
39531 75310 
45868 72616 
6610 84023 
6409 19512 
30974 96523 
32227 6019 
69289 32133 
38155 23891 
32133 36858 
14506 24801 
22180 14407 
18374 26569 
39437 66507 
27954 32205 
55239 40018 
31523 31212 
3641 60503 
96275 23775 
63974 17131 
63876 32781 
11547 52200 
49362 46054 
94824 60 
77944 61761 
56869 14830 
80291 93626 
56469 24083 
81048 29422 
60045 46537 
57602 26132 
69328 15790 
16556 68252 
21739 59276 
33868 11903 
50510 91873 
31295 86704 
19810 96958 
16576 29856 
56488 84234 
97655 82391 
84507 33250 
92341 86280 
30760 54318 
93907 82882 
11660 24402 
20452 28170 
28761 84539 
71242 8231 
98631 17508 
36783 59735 
17293 59710 
61052 74376 
12788 39574 
34075 93730 
70738 76361 
970 81559 
27277 17803 
9606 94247 
11321 42831 
83173 56904 
83841 6470 
96266 92606 
65689 58027 
53481 45284 
67470 20792 
18054 82999 
35066 81750 
14757 67636 
2636 3172 
36009 29500 
1260 34457 
13123 90847 
5880 72217 
75591 41113 
15774 89377 
10513 78361 
54524 29910 
51534 96478 
44303 44849 
72074 15648 
56257 27343 
31174 24884 
63865 89783 
21931 29668 
29386 14383 
2285 75223 
34848 137 
45840 46483 
28494 23672 
36420 29540 
95227 29289 
44230 56145 
75279 64354 
63785 42796 
49219 80210 
64159 79005 
79346 25910 
662 15515 
47650 72317 
63704 52593 
58710 17504 
95386 30919 
82285 40898 
87283 83191 
94776 93213 
83900 13235 
41400 32008 
55451 31257 
81565 38555 
70910 88769 
98855 80719 
97658 24833 
53950 18685 
77633 56426 
33934 85610 
81501 20071 
4667 13659 
22185 99291 
4217 17403 
16990 53039 
24867 91157 
23592 93928 
18756 24621 
39323 51916 
27980 92050 
45469 99024 
83809 24168 
98709 3752 
41639 29214 
20359 30033 
18412 89710 
10737 94899 
77456 24962 
20764 51446 
62038 75770 
45815 69285 
13396 37504 
67874 43338 
21628 40395 
61201 73646 
48517 51816 
94018 23830 
30238 54319 
4119 83872 
14850 35305 
99839 34105 
14588 9488 
39504 31606 
56179 83671 
72227 17619 
93765 64854 
80873 75229 
8484 7351 
54008 50150 
56350 92311 
27839 84378 
41819 33935 
81417 2319 
88238 10690 
38795 32140 
48389 26941 
30367 41236 
48407 20671 
92269 14050 
86583 46353 
37522 2899 
14916 78531 
15478 38053 
15745 1296 
87207 91989 
48384 71603 
83586 54551 
81431 70250 
80151 90714 
45221 83341 
18193 20690 
35932 89191 
25091 83322 
77881 60881 
38559 18021 
3823 33045 
19250 27944 
44394 22989 
44086 67677 
27295 40852 
8702 32387 
74450 71289 
31572 12202 
51053 60028 
44645 15543 
64298 92655 
75756 58187 
31535 10115 
76590 61028 
37720 65665 
26656 98833 
80212 91407 
48488 94711 
55359 9005 
2236 60601 
75753 88855 
88807 42762 
19655 34707 
79904 43072 
4800 46617 
10581 51871 
47652 94127 
15355 46178 
16130 13678 
62432 78266 
8959 29539 
42287 3924 
97975 85893 
96601 77176 
51115 69238 
31493 68754 
13245 94878 
44986 49386 
59620 29053 
12852 15696 
52446 19112 
19211 26516 
24921 8149 
88731 60438 
89037 17661 
75742 1662 
13590 92012 
92315 10454 
47003 11900 
12061 37054 
65979 508 
69385 93343 
15408 65636 
84920 5360 
67612 43913 
87046 31508 
69688 39007 
66681 46272 
66577 74793 
97937 57318 
84462 16568 
80773 45033 
34186 48629 
13435 87902 
47609 34937 
82263 64528 
91170 31085 
64351 3701 
10393 60400 
74571 87586 
46671 14800 
52664 99931 
33392 91862 
78339 51137 
22303 33597 
22781 5092 
13003 89539 
93466 78861 
58535 87005 
5856 85663 
98278 54780 
20340 43964 
25680 12973 
15675 81131 
32871 11406 
31253 18739 
86739 71687 
99625 38482 
81852 63960 
8056 92531 
84372 28352 
73263 40305 
28154 33258 
87022 64759 
49266 47856 
92004 45647 
48424 94634 
76979 44640 
52160 39195 
38435 87757 
3036 69265 
41695 14242 
46789 12546 
28779 97864 
41 43968 
62542 36517 
76028 36884 
67019 49122 
17810 19864 
22463 14949 
38479 11042 
202 39876 
96144 15293 
77242 36464 
37791 86078 
53437 60371 
30609 73372 
5105 54236 
61955 1877 
48100 12066 
29866 49598 
50662 92031 
64863 25842 
31764 73674 
20768 79863 
4204 76736 
47373 6591 
73371 33081 
10970 54299 
82377 30701 
60169 80538 
2163 29280 
43840 47318 
1244 80553 
75658 94251 
93876 73463 
5424 79263 
57752 64097 
1195 30482 
32729 43408 
68235 10034 
60615 41973 
30875 50746 
2716 70303 
81624 90105 
76636 45692 
58181 92366 
86707 62156 
43515 19301 
83486 18690 
96739 82839 
76901 32909 
13251 88744 
44936 32052 
81451 59450 
25109 31429 
50325 6343 
49589 81543 
47270 6992 
86417 89485 
88772 31232 
79094 97578 
7887 51512 
34721 32877 
81959 67532 
96884 24781 
81585 72950 
53667 24836 
77580 92844 
73442 52773 
36541 24572 
31497 35854 
7573 21852 
89111 4826 
52830 72094 
13324 59075 
2776 30431 
80461 16023 
23394 90373 
89352 15385 
67038 90649 
21242 57570 
41257 80563 
22555 17355 
70592 92050 
53919 88893 
45241 95635 
44331 86158 
47430 49627 
12819 44172 
21440 87133 
71647 40618 
6453 23844 
4903 84937 
82738 11073 
24187 2525 
91165 3126 
39177 75382 
73624 55868 
45024 87350 
47676 24198 
20751 62027 
72568 80174 
53332 74520 
85770 30652 
50573 64375 
89230 73538 
82645 76362 
42821 95159 
96855 8197 
78764 77752 
83192 49895 
85302 55684 
29187 58099 
20486 31796 
91807 20577 
7672 41123 
31377 30997 
33163 28257 
97946 12170 
13396 86737 
34025 97146 
24205 94126 
59321 1846 
87862 64779 
32838 371 
95004 33853 
45656 44696 
97967 80699 
83715 54129 
49705 97555 
14099 36761 
78137 10329 
90607 95047 
79666 62268 
44789 10740 
87541 78427 
27180 584 
20868 39132 
90111 83504 
48268 3972 
58277 2441 
6551 44400 
16130 99577 
99235 62613 
52219 52380 
62336 97168 
39750 39695 
25590 41645 
99935 22077 
16098 31697 
90084 88609 
48373 87915 
81964 43651 
19856 37248 
47576 81263 
84199 74041 
49316 22524 
5947 63292 
39369 71486 
9743 33347 
9236 79235 
24754 53004 
94456 92336 
90771 38884 
31858 1853 
36239 92920 
87103 2253 
60498 26949 
18791 15641 
52564 91656 
22093 36136 
57036 90476 
99635 1597 
54055 25581 
40274 5511 
54693 92706 
47450 20520 
25782 14317 
47948 16904 
48890 76505 
29193 24241 
87005 13987 
98610 2588 
79466 69745 
32131 60658 
10775 41065 
80549 82824 
2137 12120 
32265 4217 
55941 64760 
88833 3735 
42859 53793 
95758 68481 
58822 30780 
85190 19978 
94887 1272 
29390 82422 
56829 4406 
74303 16325 
43275 10897 
21073 37082 
41293 45744 
50028 87309 
26585 55324 
36408 34245 
61750 55049 
90061 19080 
70585 13418 
62333 93754 
28981 51016 
2562 42597 
53682 58917 
13855 1117 
89042 69931 
53252 52309 
88869 48284 
44895 2048 
65563 98559 
26506 9459 
31949 33113 
29248 75570 
92589 78680 
98946 74156 
50797 47509 
2696 42339 
85206 46142 
29056 35354 
15430 45796 
82258 89813 
20245 92342 
91344 32874 
93652 90983 
3626 20914 
24311 61006 
8542 90617 
62034 19342 
42774 57829 
91402 18179 
60384 5106 
66999 31520 
12780 57572 
77404 58294 
72470 58495 
95774 85552 
51856 20979 
43696 34233 
13723 50187 
41983 92178 
43616 1738 
47161 24249 
55966 66207 
75635 37855 
35588 47130 
98853 73656 
74126 30458 
52281 85843 
46994 27098 
38578 74171 
90593 7017 
21099 30773 
81807 33294 
97682 68800 
92231 47597 
16683 7073 
88104 54745 
47276 95152 
73575 3324 
44292 76651 
29732 61779 
54200 5086 
84716 44968 
93323 46218 
61293 54843 
91955 23564 
87400 60765 
38788 89655 
22484 59867 
78903 34621 
47849 25980 
15542 75797 
92778 76805 
40978 7319 
19822 63337 
75042 27037 
72493 12996 
21178 99597 
96434 38470 
59398 59143 
81244 57988 
83109 2894 
34246 59531 
52473 77661 
89796 81463 
80849 15443 
78141 75092 
92817 31317 
26346 60903 
92380 57122 
40508 89485 
58178 47796 
23229 70642 
38875 63753 
13236 39727 
56376 2283 
95089 88940 
37100 23746 
16050 3151 
82292 94179 
64503 4720 
57178 44969 
9692 29910 
25740 32351 
76103 30612 
83014 64742 
27473 19474 
39994 54338 
65180 53941 
97615 40841 
3698 85270 
5728 29883 
71815 82307 
40592 86406 
2495 76599 
50140 24185 
16530 65377 
10096 36642 
75552 51985 
6023 21271 
78496 99565 
6463 60204 
2287 23076 
20549 32869 
42286 47202 
39832 53156 
90953 13255 
48529 43173 
4219 26866 
48991 78394 
44212 93 
89924 64901 
54285 56494 
3735 38428 
17676 35788 
56358 7020 
74689 55930 
87987 94407 
24943 64724 
76413 79544 
21003 40542 
85951 69283 
67639 82304 
74464 85785 
76975 62542 
18568 98000 
93978 4185 
82817 77459 
98977 81675 
2535 12605 
14365 40056 
71921 73020 
91131 71881 
29151 75166 
27546 91113 
8426 64633 
77120 95607 
85268 96388 
35832 15358 
75831 64158 
59700 2377 
63591 2820 
52901 29860 
17512 63556 
83928 33291 
34617 40546 
32710 44141 
86882 10080 
45123 38070 
77457 28241 
73008 43797 
14448 21676 
7575 36298 
91828 97496 
71995 68518 
26543 92950 
25021 79500 
38453 83289 
41617 53638 
75477 67116 
78896 95702 
80167 52502 
6030 29360 
65900 74309 
75383 23100 
20971 83377 
38735 96783 
87116 61649 
67271 64491 
65302 33784 
16916 24899 
86133 65447 
91638 19108 
44799 61219 
96478 37668 
41206 952 
39385 73482 
84815 82394 
36316 85337 
20634 70024 
97614 57999 
7951 85335 
25322 19135 
36596 12117 
30893 762 
96870 31859 
90649 13475 
28762 48975 
92397 35428 
63658 13331 
90743 4823 
37475 98426 
80964 44638 
98009 47589 
21672 41357 
51245 57663 
85069 45691 
91480 29932 
90243 62565 
38338 81400 
79725 50106 
60097 76048 
32456 52927 
97216 5310 
67349 53699 
12572 19793 
80773 38806 
85597 90106 
78586 38834 
36399 53693 
8753 22708 
12897 86690 
74116 95471 
99088 25070 
6542 74036 
5829 47731 
13465 92663 
86811 25680 
65749 20489 
81914 36085 
81824 57139 
27721 37754 
77219 9239 
90672 5428 
90899 40617 
72214 24332 
70213 32033 
7264 53512 
94809 82474 
27389 76777 
46525 33356 
88349 73417 
87043 99438 
67986 57374 
88032 45798 
24912 53206 
69490 58920 
71057 99879 
41214 21766 
51846 99359 
9567 17633 
46641 55937 
7140 55676 
99035 84383 
26451 32151 
61704 240 
90450 15778 
93721 43995 
72435 73029 
79617 32322 
85839 29742 
48905 74255 
425 99139 
62427 37884 
5567 93147 
97560 4051 
33584 73857 
8201 97533 
76502 95028 
57413 43319 
78159 29740 
20691 55839 
60223 79596 
36069 32400 
45483 13341 
33599 88576 
74679 88303 
11232 42907 
74179 66793 
36709 31071 
20949 51361 
45808 5507 
68591 27809 
76136 55520 
43585 22878 
22624 65005 
94435 54739 
25976 10181 
78082 78745 
8568 88119 
97706 8316 
53610 58330 
63978 21413 
82881 74335 
37846 46749 
25934 79865 
27092 60697 
89387 45238 
51194 15783 
28778 23458 
59435 64758 
97417 12705 
85729 40378 
96780 22141 
50296 395 
81203 51351 
73123 49653 
75985 10208 
47014 6792 
52490 25622 
29124 91720 
66419 4346 
48972 71856 
6155 46924 
98277 20063 
16934 36857 
63304 5291 
63572 61174 
84005 58094 
69550 53891 
75851 27552 
23517 92171 
30065 73530 
75597 16550 
15869 18803 
55354 91174 
44386 19234 
30897 67787 
18008 97048 
94281 68075 
81321 22153 
2264 52957 
10083 19542 
23400 4569 
23311 27001 
42583 6937 
80143 26654 
52371 74689 
27992 26329 
16737 45694 
1358 72297 
27428 23123 
31744 33609 
85641 25189 
18248 10089 
32504 76689 
25719 80991 
20659 55515 
22753 29360 
66248 89355 
45341 48364 
45663 83157 
73671 60169 
4691 46207 
39310 55354 
28991 79262 
37982 91460 
84328 76747 
9118 72924 
72597 96812 
57563 71499 
65379 52914 
35096 36181 
70621 84590 
69816 84728 
60005 72220 
30006 65070 
34680 70832 
35726 24193 
35229 51384 
86189 24561 
8120 54448 
53862 3662 
25339 80871 
7299 80993 
16511 66718 
63838 78599 
13540 15708 
40619 36208 
26639 91331 
67747 70115 
67604 2980 
50994 46103 
11268 55682 
23084 11047 
39311 71391 
2375 55271 
41939 31299 
85682 58302 
62419 33281 
38017 4340 
57061 6297 
6163 40609 
8946 74497 
75320 91664 
77572 17756 
8427 35816 
88525 32495 
56344 96016 
67429 56906 
3697 96875 
596 88075 
20011 91904 
61194 85003 
18633 70661 
74198 21136 
87009 14164 
5980 22809 
41024 78747 
55142 5839 
73406 53472 
90025 1544 
11589 54305 
25302 45575 
74007 89403 
55163 88208 
15385 54243 
63824 73120 
81452 92690 
15444 23173 
51350 90743 
84987 66376 
32082 53321 
29190 32918 
83497 51324 
12505 55081 
94581 16107 
96730 5814 
2259 1581 
75024 18891 
42414 30372 
81096 43843 
49524 89733 
32577 2202 
76080 45403 
73938 28133 
85858 97129 
68780 96130 
86184 8290 
53931 61223 
3434 3846 
8507 63021 
73361 45815 
9922 73915 
13194 63517 
45839 3886 
66044 37017 
26110 9641 
59744 6545 
92027 94154 
2120 8072 
51494 24203 
42510 15820 
78256 38132 
65465 6148 
885 63798 
46662 44104 
72960 17566 
93387 33845 
59722 9208 
12329 67205 
98460 34684 
95987 50891 
89972 99052 
95614 92091 
56692 75123 
53461 74715 
59377 69982 
99930 64086 
98788 41126 
82348 36543 
41310 76726 
81167 42281 
98276 30395 
86746 74661 
57511 79854 
55213 37305 
12668 61002 
35513 71481 
60964 14175 
61337 30595 
43190 67734 
31466 66053 
81182 75637 
59954 19315 
27440 20277 
63591 98667 
79168 89631 
68290 56043 
24720 38617 
58284 69173 
84314 48595 
62454 77393 
78815 6058 
70639 15675 
10508 31796 
99439 40691 
67995 5246 
81795 45238 
73706 45184 
37572 12859 
76978 27584 
93360 73227 
58249 44218 
58917 80640 
50659 31430 
34926 52953 
4174 27545 
22158 76311 
14330 49482 
25692 2243 
12798 14421 
99462 38019 
70185 70715 
56215 58571 
92835 43777 
75867 48882 
4869 47287 
81288 19417 
94309 57805 
14671 24000 
67825 1788 
39987 49466 
2535 57968 
17372 39508 
5219 35227 
43880 61300 
89430 46313 
31658 22821 
59204 61150 
99420 1230 
44416 89991 
85961 48209 
67287 16278 
55545 96896 
32190 71859 
54101 6831 
21559 23050 
92495 48282 
49619 15069 
78527 45393 
72573 4478 
92853 68786 
79026 94526 
5674 92545 
87609 76681 
60847 7989 
60138 73106 
11952 17171 
98115 69512 
80907 12754 
27954 25530 
23877 87717 
96073 50651 
31501 8308 
88804 37779 
60875 26684 
64071 53563 
95275 5936 
31870 94943 
54249 79435 
48826 34711 
31494 68940 
98415 95397 
20856 41456 
12951 10419 
1815 93487 
56010 54189 
94979 13215 
24698 48755 
65400 86005 
50006 83534 
46932 76750 
70481 16861 
84387 43754 
29530 63305 
41903 13134 
99907 9081 
5733 70221 
70259 39413 
17553 4953 
38111 6307 
10451 81973 
41244 12961 
83890 92953 
25142 41919 
46247 88614 
88054 8068 
73923 80964 
67167 74718 
84573 52481 
29491 31253 
98627 8279 
9278 94228 
68127 59731 
90161 60266 
84722 33604 
64635 8780 
39796 59439 
16148 25259 
98785 99727 
59741 91751 
69069 52376 
46071 70193 
86220 73045 
80594 86348 
16929 36075 
34782 7359 
78580 77101 
29500 94345 
5249 37858 
51971 2914 
47785 64247 
27286 99147 
81701 92439 
2946 56323 
10725 94599 
20715 98570 
96187 45757 
43855 61587 
12781 16414 
79827 47752 
29827 91678 
88608 63163 
43773 67021 
95015 37545 
42497 73202 
29778 44451 
64851 38467 
8559 58825 
29951 4822 
20728 11751 
49847 76998 
40421 28070 
6530 97669 
91253 61576 
69599 10532 
93040 74622 
54484 94089 
93974 44206 
72766 23245 
44908 15015 
5909 43292 
3784 61383 
41654 21441 
67681 64759 
48334 74707 
17575 61038 
26556 59812 
26608 62974 
69951 50692 
26543 16923 
87135 22254 
49017 10255 
85525 5242 
58318 6067 
94356 76368 
70654 45181 
8982 317 
11187 21924 
71495 45790 
94619 9827 
63706 56457 
27687 86106 
77715 69489 
22667 79699 
46544 39301 
79814 46609 
62764 42177 
43655 58462 
86552 8671 
63138 75400 
46272 54967 
88877 62866 
64487 61841 
22061 3272 
183 80421 
89079 48248 
84056 27648 
53517 54846 
37839 71134 
92892 50014 
10959 93082 
61343 71623 
38219 65983 
31472 41476 
20710 68989 
58621 35965 
58862 23199 
39101 33450 
21283 26529 
40230 33900 
15981 24380 
64514 65998 
41576 61046 
72894 19647 
35284 18606 
32725 67702 
1722 64961 
74972 69743 
2024 791 
42107 82865 
6252 16355 
83272 39664 
63788 43401 
6503 92032 
26139 14872 
29152 60838 
64540 25694 
77127 76215 
60723 21576 
71158 40936 
13439 29618 
4019 217 
95547 84422 
56492 55323 
16943 96501 
21826 15442 
97107 55954 
8546 42579 
27714 63684 
69671 7589 
10546 34904 
62793 41961 
88846 25225 
79872 39614 
51289 88297 
98282 35707 
76920 85832 
95284 65348 
6656 35731 
37017 84078 
72420 2147 
26 14173 
88447 2463 
8470 66005 
11004 30535 
73356 72135 
2535 72931 
1511 63269 
94158 25512 
1463 9890 
26466 1372 
51008 51064 
62756 57956 
6948 32875 
11093 61162 
31367 82868 
62017 47237 
80736 54089 
47249 39525 
54278 82486 
51403 26411 
26221 14882 
63492 9247 
92931 81180 
37954 84624 
50374 4136 
45912 34044 
79969 62751 
36586 55847 
61604 51233 
96041 89214 
51443 4486 
85858 48107 
59125 93196 
67869 4224 
34039 26849 
72738 32339 
23605 41402 
49977 58863 
97827 89807 
44866 35001 
43843 98249 
83817 89606 
21823 98685 
13846 3602 
39268 99169 
34140 87838 
44610 7440 
78072 39269 
63004 80384 
52600 96557 
97282 32240 
18606 15513 
95267 97785 
538 37225 
40997 13250 
46627 27309 
61877 47341 
21972 23376 
56382 87500 
5965 39658 
37635 62407 
82801 42657 
57071 60739 
59230 29752 
19328 88338 
17245 13906 
24630 91158 
11062 41889 
78146 59799 
47529 50939 
87145 22875 
47009 99281 
26259 31148 
67833 89668 
88736 32072 
91551 41894 
57326 35300 
8524 60190 
22250 73681 
13791 84457 
45703 71449 
21680 10508 
22425 41494 
34317 13789 
14112 47051 
53924 13495 
41761 79604 
11766 69571 
4544 24442 
97588 13763 
56386 8062 
12587 77721 
12148 47498 
36214 96076 
74170 50634 
92539 30500 
66889 48723 
25422 81934 
42360 77561 
43424 32491 
72723 62148 
75138 85984 
76995 1199 
83574 56595 
39072 92439 
24222 88887 
61373 87445 
95619 79186 
64347 15605 
23497 8293 
85831 70822 
40029 88562 
56304 11691 
68193 74556 
26106 86131 
97970 85833 
98974 54856 
45838 42827 
82541 54545 
21976 22384 
964 11214 
90589 98177 
27406 87050 
97951 43065 
84859 19838 
60036 35384 
32590 93114 
47024 29235 
2526 57319 
75490 20022 
74941 7473 
20772 60806 
86056 11259 
91763 62494 
41513 72937 
68318 41430 
69131 13103 
87469 61660 
81989 42093 
78833 55966 
38565 5690 
91850 99678 
80537 85803 
27941 54372 
799 45920 
89148 94728 
44378 21383 
81562 81156 
73107 67922 
66540 43230 
31325 98365 
35695 94532 
34278 57121 
96644 8220 
63553 4712 
95654 44420 
94548 10587 
70628 35513 
99878 81396 
23287 3431 
69538 84061 
22910 4291 
63797 58226 
5685 69977 
67965 51048 
13498 43771 
49568 48801 
23890 87646 
27904 24368 
58958 72575 
53583 67502 
25133 49985 
61344 15551 
28044 42458 
3312 56399 
27106 84827 
91829 32478 
42988 93022 
81072 34962 
7782 37313 
94926 40643 
52487 49075 
64893 10478 
59315 95732 
76308 38440 
67386 17248 
33748 12052 
9512 29339 
47194 21858 
75078 63537 
9410 36099 
39415 32277 
81935 38981 
73635 78399 
32198 16191 
50491 92753 
67494 59669 
91694 61040 
92885 55182 
59955 31601 
79595 10839 
85099 79538 
68029 82478 
27745 79381 
45303 52700 
26327 88453 
30994 24350 
43652 86147 
76802 96366 
27709 10538 
35925 179 
28131 83028 
86136 88211 
64459 14225 
96948 82535 
25308 39762 
15677 11385 
88533 43496 
9849 83960 
91690 87326 
44091 79844 
49328 81804 
88514 58361 
9109 99803 
52561 25326 
62240 56665 
13381 29902 
75397 54612 
61037 2634 
91091 16577 
14175 87278 
51324 15271 
69277 63621 
35453 36895 
34200 6273 
67301 5805 
62445 75290 
38868 36316 
48431 88478 
18381 70953 
66029 82363 
58994 10594 
32704 29073 
1052 41316 
59852 39741 
65684 15152 
6238 51559 
70351 47579 
85936 65232 
58019 53204 
94773 72330 
20820 52959 
9977 87938 
16302 51055 
86592 82971 
19804 98001 
21218 92692 
30043 27193 
78672 63183 
46613 76888 
80463 85938 
67936 86836 
35255 62216 
16073 89380 
51012 33445 
80855 98560 
6090 11709 
89968 37542 
72275 45240 
53872 34658 
76612 57819 
4895 61392 
60836 8157 
48329 81860 
47329 25534 
70050 32611 
48728 91392 
99963 54069 
64680 53064 
13453 50455 
93689 75447 
64114 63740 
50626 59194 
80134 9015 
21159 79865 
24023 33550 
3250 31493 
10798 29958 
82793 90140 
3231 54996 
65617 48273 
54473 79898 
41241 9189 
48114 25570 
85174 72177 
93673 16523 
15977 83790 
71544 21137 
10944 78304 
85570 32642 
49933 81358 
73715 85170 
789 4745 
47719 92268 
81701 17467 
81133 41476 
36001 38430 
41824 77892 
33080 59498 
69791 62054 
65487 74180 
34076 93090 
46719 56806 
63554 46728 
26821 9837 
35581 89595 
33640 72801 
23746 96194 
16417 65388 
51374 12973 
15383 19326 
70987 85124 
6102 38950 
91567 86062 
70565 18728 
5266 66959 
28338 37524 
23111 74293 
20591 44012 
15281 67048 
77378 45396 
65715 2041 
14314 12471 
93062 45753 
98604 18087 
60426 14157 
96372 33168 
94883 38182 
63324 14730 
64383 1803 
69010 33689 
14491 2170 
51292 6780 
50266 36748 
82111 16525 
59659 31167 
88209 25930 
13958 83250 
11237 20502 
48078 13663 
10478 39140 
18929 81684 
8418 87626 
63612 45787 
54482 63655 
30859 23032 
35478 60754 
38921 28735 
92639 59922 
21018 58401 
14638 62468 
55480 7657 
63508 65269 
41921 12686 
56191 30544 
76993 33639 
68211 56264 
3766 96543 
47993 10417 
57236 55439 
30433 52631 
5179 35785 
16533 30017 
88329 72595 
42274 607 
96769 62373 
94378 7382 
80466 6566 
43201 98653 
81034 36107 
53714 66426 
89107 71526 
4391 53383 
77095 91197 
90789 61259 
30651 51479 
15703 78620 
3817 26816 
70998 34454 
52619 15304 
97574 75468 
59792 85807 
69390 59638 
49331 26392 
85073 56277 
3737 90662 
66349 43810 
39133 28516 
56404 407 
63786 30933 
83229 89777 
44157 14558 
3117 54679 
29227 21195 
67704 44082 
38645 9748 
64280 16394 
3167 73719 
63587 80842 
56848 26058 
71895 61817 
19672 54990 
24903 96859 
76521 69374 
79815 8024 
53866 20207 
58968 18414 
19021 6108 
73428 20991 
78535 44902 
8245 45122 
32030 20874 
82373 7815 
45726 97841 
5739 81253 
45921 21877 
43558 55970 
96872 24316 
63698 29892 
19769 75657 
86742 7481 
29958 33990 
80395 50342 
18044 77820 
39945 80901 
77232 12432 
74736 4155 
83978 91407 
76954 78990 
71993 475 
83481 40184 
643 9533 
54198 44990 
7956 10550 
80828 94044 
55741 23941 
9239 55370 
19722 74122 
5140 2372 
51130 6114 
18162 61952 
37861 39384 
2562 57287 
23090 32579 
34124 21292 
97127 63331 
22313 51420 
64367 11048 
54326 74219 
1318 67382 
23409 88928 
63983 89039 
87672 63414 
73301 50653 
77575 62864 
5849 51608 
20388 1921 
43714 80065 
78133 24305 
92186 39843 
1860 30490 
56862 1387 
89608 93624 
82774 46759 
97955 26626 
97318 40384 
97834 89297 
66040 72230 
84100 53250 
65756 88194 
45321 74636 
3007 43597 
75377 59853 
57519 90086 
61640 47839 
10116 33604 
15898 74037 
22448 81725 
23610 25747 
71935 32287 
74733 46341 
9475 42104 
5031 96699 
99771 54475 
20654 36218 
24511 57264 
750 42876 
77208 89524 
72951 52094 
55134 13957 
34808 57522 
58579 24936 
50606 83355 
40594 67387 
87443 7440 
11380 510 
67069 87187 
90658 52166 
709 16141 
18668 74642 
42913 18143 
81795 30637 
47489 68050 
82426 9447 
33637 13332 
84235 97689 
73649 59151 
93937 6310 
94872 71117 
98409 86217 
48113 44465 
62165 48539 
32262 86220 
4277 42366 
80620 57750 
16170 32732 
8287 29119 
52081 64692 
91924 3816 
22564 95519 
3290 82625 
48014 26387 
46215 48845 
84035 67309 
52972 73537 
13341 24713 
80514 59100 
9937 9686 
9631 62264 
20475 26770 
90807 63427 
74980 18096 
99394 78300 
34530 5756 
59704 39929 
7029 96458 
72724 14441 
13863 86853 
35356 52207 
70015 35359 
70458 17651 
48122 46873 
96426 85556 
33000 50442 
52643 39441 
37318 36812 
62863 58517 
41384 62661 
62436 33677 
40430 21458 
37246 10156 
31291 27019 
22341 14694 
47070 55179 
86468 88483 
53133 41446 
85031 13606 
50708 38040 
98527 90382 
95384 92444 
86042 95711 
26987 21392 
74179 28458 
24563 19153 
70585 26872 
45638 57072 
38236 25182 
82454 2466 
91761 1775 
69508 9347 
80253 59724 
6575 10840 
2425 71942 
19218 73755 
59390 17878 
64908 59452 
87978 36405 
6971 71973 
33204 20452 
20910 64320 
12353 82915 
68024 16864 
95138 30522 
69820 98045 
74447 92587 
43329 66825 
30468 64943 
12273 78819 
97279 45877 
91880 13599 
25491 60504 
56249 49319 
97138 92762 
36258 72680 
89694 70117 
63352 27149 
4980 75034 
69908 70444 
75690 89434 
80456 33461 
37338 13587 
79654 47166 
6683 39280 
22724 31391 
39023 98596 
61970 20046 
46212 54289 
99007 30965 
44871 45462 
36523 75394 
69968 53150 
95658 42098 
32805 4439 
85504 84111 
24418 90824 
59763 82343 
65477 36814 
72261 59608 
82030 18155 
47803 71016 
42753 95530 
17751 2307 
27844 99245 
30772 66350 
12318 73161 
38324 99855 
37162 61988 
71764 27312 
10650 5108 
73363 77198 
29130 82158 
17038 6723 
31638 40926 
56285 15665 
5963 26436 
66581 7328 
45111 21648 
7418 85178 
12591 4773 
15190 57444 
12545 26029 
52290 58754 
76484 7469 
80082 87845 
72197 73571 
93811 3428 
12427 27376 
56042 16506 
90956 97236 
91899 66732 
2006 92595 
64142 72860 
5164 23737 
29040 2889 
82575 60074 
85032 18204 
97665 24282 
65315 7837 
5464 45487 
92820 43888 
83366 23693 
11391 57250 
48203 89795 
30568 53941 
559 80749 
73013 66678 
90510 87866 
93398 63766 
30282 77689 
45498 17951 
88839 29561 
10254 71544 
90974 81721 
61748 20996 
9214 28658 
40300 83988 
80697 66464 
22308 5198 
3150 40025 
25007 3099 
64191 6194 
60964 59444 
36409 90411 
61908 5542 
27018 80788 
24427 65003 
5352 73269 
91070 71305 
44074 54261 
69585 90372 
675 82979 
10270 43271 
34727 14782 
6864 42230 
3265 88877 
59912 24339 
1845 89058 
43204 91643 
21967 74475 
43691 43749 
76985 68991 
3160 19662 
8011 92264 
76017 49236 
19004 13473 
31658 51450 
5877 9485 
72223 6666 
38366 13236 
6908 73081 
25348 45274 
22567 13787 
44390 31627 
16995 50157 
44540 24549 
16043 59737 
37738 59217 
78668 92367 
78647 99051 
5017 86955 
95373 45115 
1831 33155 
74187 10912 
26715 37124 
20281 92895 
28268 18608 
13510 99159 
22554 87802 
53202 34015 
98099 24732 
39325 74530 
21356 11368 
68650 16629 
22499 47231 
34027 12989 
77451 12933 
2481 72667 
66187 32955 
13570 43355 
79678 28847 
83273 51089 
68199 47140 
20675 29408 
72314 92456 
64791 30204 
54469 95579 
27114 71877 
53932 98737 
81794 46923 
20725 45883 
79858 80698 
45216 24459 
76454 5868 
89223 16955 
50836 92932 
41738 85503 
67655 56200 
67823 30821 
75086 36738 
92721 38000 
60432 49074 
64942 45970 
87051 66780 
71802 54894 
17819 13610 
38878 16322 
89795 21470 
30802 34615 
42372 14252 
85037 44992 
16899 77441 
52532 23457 
39631 77438 
89567 26964 
71808 1619 
43644 58341 
60790 444 
2928 99835 
54382 26310 
33538 61570 
46828 80300 
11893 46760 
9438 97680 
70348 44251 
21394 25679 
13525 20739 
57028 73020 
30024 99987 
4677 39638 
19611 84394 
89229 67180 
79513 95513 
45552 86102 
45103 84364 
43211 73586 
60073 89897 
94262 77993 
59051 4473 
85341 10193 
81717 38954 
62893 49876 
1567 66800 
66101 65807 
44820 66507 
45915 3033 
95323 74797 
30570 47127 
29887 9149 
98057 35844 
5103 17596 
94256 51933 
21516 66130 
91775 97357 
23919 79644 
19016 18778 
57557 11021 
1580 26965 
89223 24803 
48860 28603 
19486 46795 
87499 68050 
57704 49068 
90383 58646 
5020 10957 
74922 68506 
92207 21027 
47597 14043 
48971 62373 
53111 6019 
39292 54216 
45932 87517 
83370 6437 
39635 1005 
922 80506 
5166 22531 
52866 40211 
82988 5086 
28826 18658 
46058 80314 
26429 24187 
672 78001 
95040 57198 
40437 36132 
71349 12297 
74989 90846 
17133 95736 
39525 55212 
80576 96838 
53835 18524 
41651 13887 
40250 23693 
69394 49921 
28728 9299 
14280 61924 
74326 35014 
82455 68108 
87368 44355 
90254 92301 
29850 57106 
77186 51868 
62978 25234 
63516 76205 
40197 30800 
74583 76494 
27685 52053 
18152 74249 
99969 74834 
93414 36119 
2228 80393 
30610 55471 
92763 97839 
8838 67482 
79240 69741 
76226 83772 
40539 42713 
1462 85066 
82373 61389 
18568 15924 
9326 13762 
87850 84274 
8543 48664 
85110 80310 
31058 62001 
48494 94251 
25544 27398 
57758 30507 
26295 29008 
94274 87029 
22310 39512 
31747 92887 
37587 74713 
37415 74608 
34082 47614 
21408 52342 
8260 39530 
57956 50621 
89754 3503 
16344 45306 
66388 16203 
81745 58235 
53652 98463 
16506 54186 
98700 31770 
10989 90910 
59024 8240 
99712 22365 
24212 65029 
73358 57671 
55497 70596 
89 33904 
2333 49899 
80663 69529 
17774 58326 
999 27087 
35214 40069 
13135 28690 
87831 35634 
70917 35955 
49112 35320 
70301 27191 
47882 10750 
95814 78963 
64522 94913 
54493 86616 
46377 22688 
86543 38898 
89857 88439 
77988 95507 
24303 25034 
64740 3214 
98434 59513 
9808 26149 
14041 54642 
55773 58906 
73528 2705 
3189 37321 
8065 98152 
42237 61071 
31268 79104 
69733 94708 
19727 94198 
56516 19304 
56137 20904 
91263 65560 
83409 34208 
15939 71059 
8841 390 
85398 69289 
66299 49690 
29022 36119 
91308 63736 
65857 90602 
89063 98882 
26340 71314 
78597 54990 
63512 86841 
77674 90668 
94516 69641 
52467 80640 
99205 46157 
93663 8645 
16868 72900 
96375 90158 
24345 78154 
15063 23236 
49216 92012 
36681 72899 
70302 43663 
65308 4732 
84356 54149 
39808 96763 
72607 55262 
12350 75166 
83748 20814 
135 38998 
60983 5202 
85263 61892 
79894 46018 
78380 84537 
31215 2370 
80608 40776 
77951 68689 
75248 92262 
39880 24930 
55798 81888 
10082 58458 
50103 54586 
87951 20287 
31766 35568 
21063 58961 
19431 743 
84282 9015 
52166 21781 
88665 97799 
94856 19171 
5012 74378 
71403 10636 
7313 57286 
45487 99389 
89874 44104 
68729 6963 
88565 25152 
94345 18749 
41449 96032 
10696 76842 
56892 69305 
83648 24464 
18372 44294 
9215 78967 
44303 5827 
68715 86286 
38498 87648 
47495 88750 
12317 54322 
25256 20247 
33055 26627 
71123 28035 
54802 99765 
79806 8830 
17798 81130 
66553 38334 
60191 4995 
98084 67984 
72172 65095 
74267 60458 
36598 42985 
91033 36352 
42507 99907 
8883 8447 
28346 43041 
23297 87118 
10256 73162 
83457 50678 
77423 70052 
33927 87854 
91299 74456 
60268 36055 
8382 80958 
4052 58771 
57317 64803 
75326 28156 
40196 27551 
31302 4742 
95262 61358 
8899 35240 
53596 99764 
95741 21508 
45933 44059 
99293 49004 
67389 28588 
27069 1458 
87677 15849 
22169 29965 
2296 92748 
7876 89349 
56226 73103 
82668 2387 
35795 98296 
72690 63391 
16693 67906 
92589 46608 
76516 25238 
87609 42060 
28734 68830 
29903 1689 
11680 60364 
20268 42043 
70895 51835 
2862 16257 
6110 60389 
34901 37704 
15167 77953 
65971 10440 
56329 14579 
72287 97461 
67752 39379 
60086 36779 
28249 978 
99320 97459 
17063 80623 
73902 53016 
31985 55385 
37985 37942 
54971 26348 
49106 44643 
12294 97225 
8495 12700 
62323 72558 
76445 60100 
58168 81452 
46367 6995 
74728 22751 
54996 46520 
60075 70620 
78192 24347 
69648 75694 
11878 98907 
68398 46270 
65866 67575 
40796 96457 
4695 60639 
31548 3770 
54052 24483 
50859 27344 
53959 38183 
17301 99750 
80636 33581 
78566 20363 
77772 17918 
45850 46265 
34947 30230 
1110 97879 
26015 97957 
88106 70846 
73492 98613 
77949 73083 
36337 72851 
7744 86552 
27997 79898 
26990 86925 
59173 34073 
50535 41191 
65488 12010 
9182 43148 
24094 74169 
9450 39830 
85213 1391 
62523 48067 
44728 7473 
19081 59747 
62134 52135 
51512 86726 
84530 45260 
57871 1960 
71789 2892 
23045 92082 
30661 88256 
61681 48475 
56259 46940 
84780 88853 
48249 24360 
77210 19392 
16031 35797 
46986 18673 
12287 44502 
8773 49014 
37506 91788 
93889 78185 
39444 14506 
36972 25098 
90927 79930 
75533 26732 
67048 65855 
12750 60382 
58480 14550 
36168 45261 
51510 93255 
55366 90538 
77358 1012 
20187 53109 
83449 71876 
7799 17689 
7521 37952 
21622 14283 
41798 32173 
28087 43625 
58950 30402 
68212 89901 
34132 55165 
20137 61867 
38133 89206 
56075 18414 
95512 76081 
32499 2714 
98568 17104 
75971 30259 
43088 9240 
78634 50415 
5042 6893 
97205 28587 
8741 32076 
57197 76607 
46446 2034 
155 92700 
97017 91189 
75823 59160 
56903 95118 
73466 85836 
40636 18311 
6972 80569 
29962 64559 
16904 73951 
50820 69087 
29308 25034 
35639 74929 
15903 87133 
84728 22545 
33159 18365 
75051 91298 
78814 80292 
77240 4172 
93557 79863 
32431 83001 
52860 74755 
9382 20454 
39375 80306 
9264 17189 
59840 87428 
10635 17798 
72089 25181 
50339 67587 
17569 79148 
17400 3712 
12655 7318 
96457 88822 
38087 78868 
34899 93139 
80050 98047 
23571 31734 
18646 65326 
74754 67834 
29966 71025 
53132 41 
66491 12824 
65523 61673 
7181 77887 
43386 73765 
23458 32770 
58466 9790 
90128 19838 
96411 49802 
81389 67621 
75787 24424 
31172 84349 
40642 75024 
4398 18854 
73632 85378 
21110 41077 
73657 72309 
98987 15632 
17107 57969 
31413 16172 
74987 84890 
98042 55777 
89576 76367 
12726 89092 
23725 89407 
49711 75715 
83512 55214 
53134 81073 
80682 53059 
27195 31017 
45157 17404 
24722 29408 
19870 35245 
449 94180 
70268 50933 
71931 66647 
19073 59082 
35832 1301 
73206 32686 
20243 48889 
44276 3198 
14692 4261 
76636 82075 
8688 2285 
87701 89177 
86931 10086 
94109 32400 
74708 81906 
44244 65065 
551 14106 
2777 32836 
44887 62107 
36050 10308 
73190 58559 
28531 18928 
10059 2534 
20009 12527 
96682 73287 
90796 14494 
88312 58910 
37938 91519 
90640 80152 
79281 52815 
4409 32751 
94201 70866 
46087 67822 
59923 30013 
39135 79132 
70551 22548 
25147 68571 
32310 28504 
27082 16668 
12946 34958 
7813 93713 
85837 73411 
6405 8832 
50111 79693 
1805 9344 
26863 9840 
49038 10760 
28610 77528 
56540 58998 
74137 13894 
24917 684 
74192 88954 
47219 64882 
44760 75334 
78693 40123 
14182 79670 
20059 64322 
77940 14755 
22478 31989 
20673 36432 
14678 63056 
68821 23196 
73125 70738 
59296 33631 
4644 12024 
9632 37041 
87559 3702 
53328 76005 
22221 39289 
60437 86134 
74680 47762 
97897 67869 
58308 93733 
96751 77979 
87344 30474 
84066 84256 
53594 82166 
6272 5917 
22955 49821 
17544 44362 
21955 6490 
32019 94180 
86161 71706 
41803 12676 
72090 32558 
84115 17703 
92186 9333 
356 78199 
18424 47374 
67507 59594 
14311 53628 
97976 87131 
97292 86261 
97866 94137 
4013 48830 
45599 29424 
29416 36656 
2946 8241 
37285 32386 
98705 4590 
94694 50153 
31665 99207 
65648 83313 
23912 17152 
10318 19455 
18172 11706 
75372 48144 
53583 77129 
28226 1860 
73163 1874 
83424 38612 
13174 5949 
92919 95924 
99721 41392 
23654 20208 
31121 73184 
25653 2951 
55932 99461 
1739 35759 
66012 14478 
26011 29940 
11557 65551 
22398 33159 
10819 6089 
6884 15634 
71015 815 
17393 91392 
58950 96408 
3880 86314 
59944 31070 
27835 64005 
41890 19864 
25154 72973 
97617 19221 
19308 84152 
73198 43594 
32700 46518 
2457 80028 
33328 352 
58619 22277 
71107 52629 
2940 25102 
3648 37119 
57084 61518 
84798 52930 
51135 51020 
90935 99580 
2360 15170 
89767 4101 
61153 8463 
14322 66245 
20117 66996 
90828 31581 
19774 15239 
83360 39047 
178 72047 
60399 79494 
41507 1117 
58881 44815 
8709 58155 
19824 43440 
65362 97331 
96293 7300 
50134 12933 
89261 17801 
15587 8669 
49808 33914 
13518 6668 
97147 14191 
73649 31016 
41145 86305 
63202 26497 
65249 32696 
33709 2266 
21191 28920 
58443 22264 
10327 92544 
38870 99468 
78168 74694 
11833 89437 
28424 53848 
20455 20116 
70795 72003 
21258 39493 
52787 87054 
87591 10465 
89975 2024 
35162 33136 
1445 71747 
39346 28767 
77521 80644 
35886 76767 
55463 31450 
96712 56308 
55435 84054 
50845 7578 
33874 36048 
76664 94158 
44254 42171 
26309 17661 
56317 28494 
55602 8496 
73978 69036 
23551 92536 
9390 57427 
94403 12431 
16104 24309 
22130 64477 
57736 22342 
22375 97178 
90272 25026 
40080 6023 
65879 62959 
2370 50511 
24039 51743 
5759 14082 
21821 49427 
24312 25359 
69306 18205 
41134 60001 
78422 55005 
99425 46450 
3902 98701 
41260 6003 
53571 17858 
52413 67885 
71852 32217 
59722 13373 
55173 23617 
33857 19539 
40830 47553 
34816 92795 
21955 65330 
103 5180 
80328 78526 
16206 72221 
96125 62461 
32903 40183 
89049 63417 
76857 82666 
68875 45558 
96069 41757 
25040 47784 
19988 87323 
64770 38253 
51414 9541 
17075 34795 
15812 4378 
56018 93215 
81241 59494 
60823 52220 
27841 98932 
22648 63711 
89649 98938 
28291 30211 
13507 44404 
99605 17399 
79913 55673 
44074 9036 
8876 78819 
76785 24022 
30219 99032 
6928 20872 
32208 6358 
43019 73604 
15003 15785 
60168 14832 
66150 19581 
90023 6828 
44172 28759 
39426 19343 
3298 42685 
17336 64210 
17461 71101 
51268 61031 
64921 21220 
4245 85722 
16211 54032 
61193 84238 
27598 8622 
39739 17497 
79807 91014 
94531 40332 
17533 24981 
26481 7266 
39063 66213 
78750 40926 
57328 88417 
99826 95159 
3814 60134 
80695 94173 
74952 44460 
27911 31518 
26975 70348 
17267 68252 
9709 43824 
83805 78350 
92338 90163 
43064 51209 
74934 43974 
5763 76080 
98369 33169 
43494 1275 
62207 34856 
86583 82230 
35278 16522 
86882 6810 
96842 14204 
58089 13662 
77618 40861 
14077 20 
79413 62802 
61747 49043 
39683 29760 
69093 93570 
73094 95092 
21444 73154 
65976 16593 
99268 34251 
21565 85520 
59430 69694 
53999 91710 
78499 92834 
7262 96014 
21450 94221 
31645 47814 
32025 34249 
84721 54981 
2073 83856 
36454 86424 
66307 37238 
48803 63213 
86247 85415 
68983 73322 
32501 57615 
22551 27095 
48074 8583 
17588 55870 
77056 54272 
74438 44502 
72844 35794 
76847 80089 
57928 22086 
99794 93786 
93330 45441 
6919 70392 
29954 848 
26161 1226 
56355 30065 
6086 59858 
27883 54368 
27338 87348 
60668 16160 
93753 83940 
586 38893 
55902 17496 
32121 17238 
26169 75501 
74958 4977 
28947 7053 
27171 76792 
92132 24060 
53029 1948 
26821 56687 
80734 82797 
60953 87148 
70806 79106 
89629 18036 
39384 60394 
79926 66657 
72344 2796 
21247 15199 
45940 74389 
43596 88078 
77588 33503 
35646 72438 
66425 98221 
82061 45516 
47469 32093 
5254 23484 
75444 31023 
40605 374 
74805 89362 
96159 2818 
40974 69434 
47893 46593 
54494 98017 
99882 44344 
74593 65787 
95030 80348 
11527 11236 
96520 37828 
38160 29328 
72717 37073 
90338 56944 
8995 18490 
22960 52089 
38794 83730 
34003 1957 
33200 90160 
42336 66076 
13421 79189 
6802 85119 
53783 7364 
3815 63396 
24168 40623 
38669 63582 
80360 66750 
51748 35978 
48281 78809 
95026 41367 
63900 83232 
96485 16507 
24383 90218 
546 74346 
78063 51252 
71087 27242 
30890 18790 
70327 70794 
75249 16542 
81606 68328 
53384 25285 
27025 31633 
52125 8781 
41938 2267 
88236 27097 
7435 99528 
84400 10543 
9267 16171 
54724 96422 
87049 10966 
15606 62914 
61120 68449 
12918 29683 
76112 70458 
9657 33177 
80043 51564 
9602 26072 
65675 91009 
1946 94961 
36914 27500 
99496 38143 
27172 69995 
8755 96228 
88917 17581 
14036 82304 
94038 94585 
79733 15506 
33180 53283 
74993 22127 
78878 95851 
3212 31745 
82098 19680 
75181 62361 
4700 95710 
99126 58200 
51368 48162 
73530 16522 
53742 15830 
59306 15721 
76724 40067 
76786 35978 
62388 42647 
19902 45840 
421 27871 
5102 13396 
15709 67634 
75706 89053 
93457 5567 
63791 98455 
20129 46963 
71152 78690 
4563 84891 
68497 88711 
57736 49690 
27733 25747 
51971 59013 
96066 83505 
50767 88621 
92623 95089 
98981 80354 
58357 13804 
89754 52986 
18268 98407 
79330 84154 
21291 85866 
3878 87068 
7690 54312 
63400 14449 
16373 1625 
77027 83926 
85302 90979 
81254 34075 
16974 43673 
38075 88352 
77972 91699 
43543 25359 
76628 37749 
78906 28202 
16118 8765 
26276 13132 
51612 30604 
78695 18247 
89594 96052 
10486 66697 
55077 46151 
37957 5677 
18126 35702 
92794 62407 
14991 7783 
50889 51401 
21083 59295 
7902 13474 
33167 39745 
69503 66289 
96325 88903 
29010 98674 
67630 85458 
38094 46491 
42910 48405 
37197 46567 
85602 5687 
1531 76969 
87417 20471 
75759 56883 
59361 44435 
15900 97400 
98663 49597 
30534 65716 
2242 75454 
15015 49569 
556 16572 
2229 86160 
67051 67284 
11305 50408 
17876 34789 
61750 81031 
54147 29673 
34607 59815 
14737 43773 
4574 49321 
1468 29310 
37361 37396 
10486 323 
45160 33011 
53761 87728 
19737 7269 
82831 92657 
17419 75901 
33284 99287 
53210 75071 
92933 27955 
72261 91082 
59239 32126 
6089 66310 
92253 68685 
88244 18702 
88218 99961 
99518 80200 
95905 18107 
36314 80657 
72906 17636 
47479 78126 
32280 80341 
64679 63855 
61324 78312 
59286 50866 
3720 45394 
94822 88697 
83869 15180 
8116 33728 
17995 74533 
44666 44397 
416 35593 
94064 63733 
75350 86403 
19906 97805 
4758 40507 
55258 97978 
20893 69263 
39533 7360 
8632 67122 
5546 37336 
97085 69751 
86557 98817 
52616 17616 
2257 24625 
56104 33558 
99945 84386 
16145 61850 
72568 11376 
16837 98398 
48793 31928 
23926 26959 
51991 12367 
76277 64676 
54750 15846 
71008 11688 
13481 92036 
10086 94233 
53696 6316 
13778 88398 
90697 51927 
22089 12568 
12715 78484 
99145 80602 
23927 13315 
27467 14922 
43345 48294 
29179 28938 
82183 14135 
79408 1612 
77155 66566 
83476 83473 
40001 64372 
73995 93020 
94637 27973 
46502 85213 
12436 29039 
93082 99607 
23449 76560 
12192 24725 
76801 32891 
69933 47356 
47005 14440 
63073 90751 
34622 6020 
87384 84038 
89450 45314 
46160 46715 
92375 14456 
43301 16675 
68016 9449 
92908 97998 
64474 44933 
43088 55606 
28783 91763 
55478 37892 
27055 37947 
4023 65548 
6866 9640 
56579 85104 
76068 88254 
81183 49019 
77031 12147 
75163 50716 
68178 56948 
49717 12552 
85768 47256 
15226 97482 
48002 64252 
3242 91052 
80824 78742 
29987 79354 
90204 57174 
53125 30714 
79226 59386 
98712 74132 
9946 71165 
38413 55875 
39800 92113 
78446 47126 
20223 29909 
81182 70212 
31200 35727 
77916 8720 
39600 52404 
47065 67642 
11473 36872 
25877 53729 
78851 61462 
95729 53356 
60164 94852 
31163 95439 
60035 12767 
31066 345 
28983 90968 
56708 32224 
46513 88643 
85863 91825 
2053 38998 
54803 9623 
87422 25663 
710 24943 
81739 38473 
35857 65783 
5128 70245 
81931 76170 
41101 37372 
67924 73132 
79162 81365 
48275 53744 
8951 35901 
29264 14209 
5172 24549 
1161 87587 
78569 87970 
61205 54501 
32391 26263 
78226 32059 
56056 82033 
93568 217 
8141 82847 
74939 81953 
89367 7912 
39918 53855 
82892 43148 
44064 27123 
44029 41258 
84923 5482 
54395 8969 
7718 96127 
16559 2290 
11060 22591 
54387 22497 
41804 64281 
1596 70435 
36958 26453 
6407 34836 
17576 26518 
53769 61539 
64631 67825 
8222 74788 
10105 60434 
10319 99262 
57869 39932 
17386 62029 
8412 29918 
65468 37316 
99055 91599 
43444 33816 
87034 4758 
12591 14173 
96665 28419 
75301 79365 
23782 96602 
95158 46899 
40736 14865 
97267 1039 
73471 36684 
32510 95737 
28540 15221 
72296 46496 
32372 45688 
11443 56098 
7757 36227 
95934 80926 
53160 71147 
59646 59582 
9395 59332 
49491 93523 
95121 92773 
41992 90686 
67724 75445 
5957 57333 
19390 21098 
45701 50830 
49501 60069 
67172 86620 
63973 39825 
45395 26343 
39741 51715 
35764 60884 
58331 67281 
64056 42053 
56298 21485 
50382 9682 
62282 37346 
70904 7116 
90535 46709 
37724 77378 
38997 25279 
82212 84735 
96334 26539 
59891 11981 
96845 68797 
56071 42394 
74718 2376 
60568 47199 
59858 59824 
97122 64262 
26351 71034 
38561 71844 
51586 7290 
12271 32400 
69185 3518 
2198 5755 
2091 96370 
83406 8415 
43506 7322 
83106 26341 
12874 94551 
48119 72198 
51664 95125 
12892 14924 
39467 79935 
4469 99390 
4734 47777 
91233 16991 
76485 92138 
80777 84215 
73393 84479 
98893 35518 
54886 31209 
36498 39323 
65254 78025 
34185 1487 
86207 54933 
85152 29280 
75950 78020 
76393 90761 
13549 49924 
55360 19344 
86211 29948 
4665 81430 
54074 76897 
30981 46178 
2213 2984 
25904 70788 
42768 15495 
36378 42128 
61462 64450 
90156 96082 
12257 59090 
57815 69717 
51471 63796 
97025 28154 
68421 34918 
17014 47983 
13505 13993 
21628 32140 
46585 49959 
37883 77318 
28663 83243 
13594 14356 
58046 87945 
72425 94435 
8541 34887 
47641 99512 
61707 7887 
76854 14110 
37772 78398 
29233 7385 
20574 19514 
53924 39340 
40684 19361 
83835 23123 
27899 36012 
2489 46550 
69350 21321 
83287 80275 
12707 29453 
40322 77507 
35306 17391 
87807 730 
59509 39311 
91180 94555 
32183 34518 
7144 60679 
1930 9445 
52168 80841 
21531 18290 
9388 76751 
75045 53948 
82382 92147 
79104 71171 
30960 31460 
36171 77256 
78874 91992 
23858 42074 
66300 82111 
88897 98888 
30936 26619 
76940 30131 
40758 22293 
70095 58237 
68732 21532 
22932 90586 
95214 90109 
84707 99775 
47282 6211 
70604 55673 
35934 42286 
98044 64084 
31825 98640 
35458 8386 
28189 38292 
20380 35084 
75563 6308 
91321 72026 
37139 3618 
43612 18870 
5822 25302 
63247 3413 
44510 66351 
14727 54526 
59619 44147 
59006 2662 
94565 86187 
55869 82332 
34673 84030 
61412 77403 
47908 20026 
65757 19727 
46869 32045 
28769 24348 
46609 93278 
62216 20439 
10182 49099 
75694 16080 
19182 71038 
50607 17170 
80092 59137 
31575 5972 
78936 48250 
27887 73211 
26486 51291 
98944 89110 
94198 3023 
57111 93404 
27089 51637 
59027 82126 
33934 82225 
72090 69814 
97410 46163 
96726 9820 
17289 13494 
97014 62520 
98243 61610 
42311 11464 
20548 62815 
90785 40913 
86722 35824 
52080 4685 
20044 81805 
50820 35883 
1961 34255 
75261 69813 
74522 13838 
36112 78297 
1275 94238 
79410 42579 
75482 53148 
94287 24147 
88018 3716 
31580 28065 
19012 76073 
2449 91768 
97040 46026 
57523 73789 
77623 88548 
56558 61516 
28783 67398 
26192 64819 
75609 59018 
69117 13289 
48032 48803 
31805 28801 
96446 30886 
59936 2287 
88337 88800 
70742 63802 
75738 33664 
49724 98407 
28121 29012 
35535 26846 
58239 36932 
91298 39650 
29485 78871 
73227 46047 
22455 16290 
98148 74940 
55740 21289 
80345 44214 
1342 25395 
55149 96753 
8657 5872 
31779 86838 
52631 93271 
21163 88922 
51480 61336 
65814 92332 
57271 90989 
58318 40039 
8695 83759 
72582 67426 
49530 36898 
47706 97822 
58577 82308 
58211 55611 
7248 34513 
76294 64843 
59540 89082 
81927 11505 
55777 62222 
4782 61023 
76288 64719 
88371 39056 
64108 58949 
51204 3256 
96802 56395 
82416 56452 
36712 74904 
50011 77576 
56160 89866 
18717 75641 
29602 81574 
71426 4253 
8222 2189 
3299 9342 
44140 60087 
10815 21202 
11185 46764 
29415 43450 
77093 12089 
82853 36095 
18027 27335 
94957 37716 
30471 62283 
80249 22581 
87854 42596 
73683 42589 
9639 46760 
81787 60985 
59174 48040 
37522 45127 
63248 6272 
19466 48890 
51094 66685 
52226 81851 
43467 28580 
39480 31993 
83485 5331 
93636 81442 
90067 9023 
16830 30613 
32097 57975 
56820 25164 
66839 23444 
8312 62256 
59672 3037 
55358 37915 
3888 32622 
53664 85620 
89043 26028 
33035 47787 
24306 62337 
59617 16430 
9255 24303 
35206 77025 
58738 28223 
26641 90502 
30711 75545 
12101 52285 
76361 99542 
3134 74414 
30365 76610 
51339 47073 
85798 21014 
76818 49184 
52978 84390 
61907 94261 
84466 36862 
38121 17343 
59445 15313 
56882 31561 
59891 86190 
75302 8793 
38218 85141 
7149 67862 
71490 63856 
86085 85841 
20836 95694 
63391 83313 
66353 65957 
15569 72797 
67579 147 
68614 1039 
7522 64094 
55176 60539 
14258 3534 
8461 93386 
18296 77535 
62414 61409 
96161 80110 
71607 10586 
71078 37426 
86203 14866 
90174 14197 
17468 44728 
74264 62190 
7545 69254 
41079 96174 
73518 66933 
35709 88261 
30300 90098 
63058 30229 
9459 612 
6276 25273 
81819 70307 
32417 35536 
60526 18712 
31982 29874 
8232 42678 
12537 47476 
97177 77829 
68263 17279 
74115 20091 
77077 50567 
63449 27085 
34867 54718 
1341 13793 
22438 99717 
31231 54655 
14896 5919 
6852 5143 
85512 11458 
42734 59841 
26507 20756 
24131 71231 
7718 31807 
38406 63576 
20798 89213 
18142 89746 
11357 12368 
92583 95255 
84379 3805 
28492 73490 
79286 51348 
4109 18781 
50158 99588 
592 9926 
53942 81100 
14224 85713 
44850 65904 
89574 6159 
96716 8859 
48959 28420 
26724 49004 
46737 64717 
73704 42285 
8321 31106 
92114 89687 
23286 40564 
58850 56478 
49522 41631 
54193 65089 
51121 54686 
70485 84087 
36526 11985 
22536 28779 
85454 64681 
82295 35167 
53178 80329 
36992 68286 
19014 17727 
74721 78417 
2170 32485 
34367 24205 
2603 36310 
17806 40440 
37133 5762 
51447 40026 
31773 12125 
1521 4670 
92 23017 
92866 36816 
84390 8518 
54559 16603 
61575 69833 
17344 31907 
18843 96877 
17641 26973 
85619 52715 
20802 45725 
67675 77349 
62323 29514 
66962 1183 
19879 65895 
86393 59286 
71344 74950 
12670 1661 
64353 62771 
42229 1796 
21511 67852 
65462 76050 
32002 75533 
52604 39813 
35151 78002 
91019 42872 
84393 12982 
8088 46042 
91131 22906 
76519 23884 
87147 38179 
39586 4206 
11484 3100 
12683 84044 
23166 31070 
14547 93961 
64623 96880 
56578 17729 
52359 48241 
71942 12881 
51201 46105 
97462 19078 
96363 23930 
30788 85895 
63587 89713 
72930 99377 
51803 81449 
31973 37581 
35018 26586 
7613 39353 
60571 49158 
98158 27686 
19403 14411 
71718 89279 
90672 120 
21519 75290 
67825 36169 
81663 54781 
6130 59588 
14082 21978 
92740 90902 
90067 31230 
29482 49460 
80445 9424 
35891 90392 
37373 74618 
25371 63842 
97617 71784 
80958 68397 
62363 21809 
58755 94866 
11768 68273 
76957 34080 
93831 98043 
6246 52892 
86646 6324 
63398 26278 
70676 74599 
24097 50250 
63419 30726 
13228 50239 
62692 64502 
1351 42645 
16719 79117 
34565 3491 
89310 69159 
51665 47381 
16650 29244 
97245 22453 
58557 13822 
22336 82537 
31524 88350 
75197 6460 
73509 34769 
24025 96236 
31086 114 
20655 813 
78491 6083 
9714 80148 
75009 69506 
11233 45520 
42295 18938 
56399 86371 
96405 30959 
35870 21350 
686 51262 
28044 91827 
15136 10259 
10663 49854 
5449 90682 
23303 79311 
40672 55516 
40612 28985 
52260 98639 
36527 29340 
49282 37639 
68273 10959 
84630 28558 
85580 41944 
45305 45680 
75359 54003 
96200 35972 
84971 32525 
41279 27454 
28282 4621 
78641 43477 
67817 70944 
16686 50815 
83670 92031 
87442 48433 
85162 57967 
40090 85985 
94862 41402 
22827 86270 
36156 58204 
64411 34328 
85407 37540 
48095 87316 
7618 33695 
30133 53947 
80563 95654 
92621 90026 
26495 47278 
36179 57513 
12847 20858 
11806 98502 
53735 29878 
63242 82705 
42611 63034 
1227 97198 
73083 30854 
59325 60651 
59687 98704 
87262 60698 
53326 95556 
22265 32770 
57110 96550 
41444 21465 
87497 39225 
38993 91391 
92929 48228 
90832 83437 
37548 11372 
66311 44554 
81129 71106 
21632 94374 
38021 69790 
62945 30379 
77672 14578 
98361 14844 
37220 8326 
7630 31386 
52682 26581 
45814 46731 
79407 7563 
63018 64168 
64780 61975 
66085 9169 
56533 2546 
70138 44801 
78593 39406 
87928 74775 
83027 86700 
83216 55384 
91448 78306 
70707 4088 
72148 96070 
79580 62095 
60262 72669 
10211 41099 
17424 43039 
4445 60162 
44659 83234 
18596 57759 
7689 93646 
35334 46135 
7311 54731 
75723 60356 
29241 7662 
75889 42845 
37530 89818 
74143 95660 
33622 85549 
13860 27449 
89127 36356 
5021 19715 
74554 91462 
3022 37950 
48544 69659 
57241 17177 
42528 46410 
53784 58572 
74291 76362 
26965 84089 
50582 10740 
42270 9401 
73682 71549 
59921 11969 
49763 66 
72622 90660 
7906 5779 
73667 36130 
77802 3801 
52303 57027 
41438 43648 
32118 36091 
69513 418 
65153 22371 
76806 20535 
69581 990 
82438 88583 
51977 20319 
40730 9165 
86582 97888 
16238 78313 
33421 71011 
12657 52642 
64734 5841 
29361 11285 
34907 29467 
11693 45566 
72929 3650 
81502 4438 
98388 15941 
82959 69913 
62099 24166 
55358 36023 
90692 53647 
49378 17285 
70833 13039 
36204 18223 
43221 64262 
19924 54185 
89102 54817 
52807 25497 
82769 96585 
70323 11964 
52357 54271 
8187 72776 
38223 88750 
37254 8061 
63280 85837 
53740 62672 
32916 89380 
92029 30200 
63428 49078 
85249 45814 
97401 88068 
84808 40166 
2070 93044 
64287 63476 
62394 30594 
75321 78808 
74446 97423 
93536 66624 
16681 19239 
91157 78918 
26745 23384 
99527 30519 
39724 23614 
79597 17603 
50044 71984 
1333 9035 
43756 52383 
44033 64821 
10489 13051 
68712 97813 
85113 61267 
80975 9696 
87978 72412 
98236 403 
29581 97728 
58666 71266 
20609 90373 
60897 16528 
81515 7714 
3324 25304 
77163 89338 
99729 96618 
11504 54872 
84014 3849 
4891 13454 
80949 31746 
42335 27597 
12186 49082 
24853 28166 
27134 73117 
78040 34328 
96878 28208 
72100 92597 
85954 238 
85771 12466 
21597 40959 
2950 42613 
12967 81923 
65286 1320 
33918 76375 
16614 47482 
72010 99261 
65801 54456 
63784 501 
63468 28024 
81676 24695 
34976 91853 
11549 81638 
37200 49111 
61417 76357 
9807 17244 
71766 84786 
73128 24454 
55772 91788 
84175 51045 
83736 91928 
99935 96521 
40247 90188 
12839 54257 
24841 29790 
17097 79513 
37351 17342 
36615 43727 
87670 11713 
95264 78263 
96316 92362 
38525 24164 
6958 25294 
21865 20971 
15006 373 
65673 87306 
27347 22413 
39197 68643 
7539 300 
76616 53613 
27992 93308 
47268 89142 
46131 41887 
98990 56895 
45026 31328 
68653 8733 
30680 11095 
7172 97251 
57896 20003 
97645 79017 
64612 48010 
54724 12712 
30586 99082 
80938 22143 
40489 6409 
21394 44997 
23751 91166 
2142 42181 
63913 49128 
59451 99736 
18766 95586 
67365 15565 
69231 98363 
49090 26592 
19710 81166 
14151 98477 
5552 85051 
97707 69637 
24306 34508 
91020 14075 
96609 66465 
42784 63402 
79824 45441 
79893 7450 
2962 6182 
43164 74968 
64967 36272 
58659 81206 
40072 35534 
68470 17501 
63762 66492 
26143 49549 
30752 40713 
21450 85623 
22451 69557 
36758 73785 
95517 44653 
52997 88004 
5426 3403 
17089 67100 
9349 77830 
54616 77562 
91203 21326 
61688 81537 
78382 57133 
38107 4679 
74453 94869 
30338 15037 
15039 16932 
37229 43798 
65116 45360 
94049 1450 
15126 61491 
91102 68817 
603 65740 
2063 71404 
65394 32870 
94122 77652 
12110 39315 
67126 96913 
35104 13445 
22156 91371 
11048 87087 
91286 57627 
30088 7201 
69772 78278 
86618 289 
79501 91610 
12833 68927 
58275 78358 
30541 39776 
13303 18537 
17109 75457 
99325 28444 
29952 8907 
81797 48192 
10641 58107 
23882 13529 
94485 31561 
92253 12177 
84357 40427 
11261 94585 
8561 91924 
7563 81703 
71716 50437 
78058 88304 
24886 17695 
82822 59362 
26636 1458 
11700 99125 
40188 13340 
98304 57777 
13541 60707 
58414 28971 
19198 75051 
11095 3005 
88034 49772 
343 15052 
57902 44032 
72650 25601 
71720 46122 
81609 71153 
2061 79765 
84541 27217 
49693 79795 
68063 32775 
62038 59900 
89659 35644 
44195 44386 
50504 31541 
89928 38389 
21142 86166 
42974 66504 
26126 49234 
10016 18533 
56276 92147 
85852 2810 
17959 26887 
18581 22561 
47665 92701 
38010 58793 
17067 29280 
94052 64388 
28911 90383 
3523 48430 
57275 90270 
83542 57197 
17072 16746 
57646 38845 
57188 89320 
56766 12480 
59181 88686 
1371 49145 
89264 34626 
43369 12186 
95068 43455 
66775 97531 
60713 53233 
94672 60598 
33773 65232 
26670 15868 
15977 13537 
35849 47613 
65796 41140 
87066 75816 
95576 30542 
99566 80026 
58461 9605 
65978 95693 
11058 29294 
57075 62492 
6665 88951 
87074 22186 
20850 66856 
87800 34787 
36256 99109 
41694 6076 
16745 38224 
53418 97013 
82329 14341 
97748 16088 
55817 16583 
67449 79398 
89697 9864 
59011 60036 
97510 3278 
76388 38308 
7794 90275 
3329 7383 
30680 87900 
93368 85145 
77291 12650 
53258 32367 
344 43885 
50390 79733 
30677 42225 
57637 21825 
68915 9993 
60135 44870 
54081 3534 
87633 16868 
71674 33083 
3359 83659 
82595 14913 
75747 82540 
51262 72562 
82898 6273 
26364 19244 
51324 24592 
80931 91898 
10300 97790 
49709 48835 
51057 97536 
11359 87592 
16093 83736 
50548 87329 
8025 73099 
748 31001 
99709 74987 
12389 16537 
47752 63219 
13015 23390 
60073 98654 
26144 61067 
44840 16739 
93806 89628 
72889 46610 
4041 68667 
18648 33924 
59125 60886 
5612 98285 
32905 89147 
71577 67943 
56321 21763 
86153 99378 
39056 39788 
98436 7470 
82224 22199 
66305 3121 
62106 70118 
20435 59528 
68165 79589 
45922 5744 
59913 63955 
22309 76726 
66682 21473 
48863 32767 
91958 41598 
96080 98025 
99635 44204 
66712 57782 
53414 50063 
19991 97184 
52541 87975 
11294 60338 
57168 54253 
26111 58011 
24856 53602 
42006 54596 
86066 66955 
35140 20568 
70992 11456 
58971 45373 
62641 80543 
61917 67472 
91831 77922 
78030 93236 
8599 88299 
20158 44435 
61492 59788 
28601 95265 
91316 8224 
79929 34167 
99129 91957 
40404 13141 
79625 47231 
56381 27810 
20519 18853 
10076 5202 
56148 68629 
33254 63016 
29209 94937 
63694 44087 
58442 50760 
49665 22829 
31978 4705 
56215 26633 
46230 49707 
3707 14502 
88395 27569 
73851 7654 
16974 3943 
51358 72395 
29230 98003 
30402 14238 
17057 43825 
4231 54087 
3479 36352 
73544 22214 
20851 93820 
54668 23855 
38781 50695 
42112 1421 
74921 80345 
81707 42646 
24977 35144 
40374 61426 
29637 83125 
16419 8692 
55597 14982 
20323 54320 
5463 92955 
70155 17913 
87015 14013 
87994 16252 
66187 63749 
54195 38229 
67 44541 
74829 54323 
96350 71778 
44328 16949 
73864 45336 
40105 10489 
5156 19979 
68879 65351 
6604 18011 
95431 59114 
4105 50234 
23691 89617 
43110 37172 
67349 19813 
30643 51498 
42583 62243 
93890 34752 
39029 92221 
15066 76679 
76798 53082 
55467 83905 
37097 44341 
12972 6152 
61961 64144 
66753 32863 
54599 11090 
50497 20802 
76052 37316 
61229 64141 
26118 84709 
54625 72484 
16923 29114 
99696 79471 
96063 3663 
65828 64792 
52864 71632 
93367 35881 
46145 71666 
55301 82028 
24735 63818 
52060 83279 
73049 63488 
94051 29264 
3192 62217 
17262 78956 
32331 99178 
46129 71377 
29503 65327 
64827 79387 
89541 93329 
83238 83963 
93484 10699 
87078 34725 
44596 11057 
43013 54008 
27063 28936 
89068 36373 
20421 87299 
78215 93218 
16997 23715 
58781 93040 
31860 91100 
69122 51882 
65244 71990 
96026 35644 
75897 41509 
96369 46178 
50519 63499 
9793 76483 
9173 6740 
96515 36799 
69537 23733 
18845 73045 
3834 43229 
47595 21796 
61474 89491 
15291 71856 
97729 56225 
56918 31527 
44144 31173 
75936 32748 
79956 88570 
48391 38597 
15423 40953 
31142 58952 
77781 69295 
71625 20694 
98424 30958 
25988 83390 
35958 78677 
80085 39195 
33948 10609 
33485 86574 
4434 11394 
50558 21445 
48723 37266 
4612 46486 
75497 44436 
41205 59590 
52937 59293 
64945 45838 
36336 41381 
10453 63865 
45603 95721 
92633 87108 
28076 49706 
43997 33217 
31248 21616 
37498 90727 
27260 72764 
62192 31164 
76457 53315 
66018 76826 
90824 23055 
5070 79772 
59777 52653 
41965 55918 
30571 88453 
17279 9640 
93511 94346 
77450 78916 
8155 68017 
80192 28797 
20901 65637 
14159 21872 
66594 59024 
63452 98388 
17226 92379 
19534 5833 
39331 1871 
93227 28036 
48327 10673 
7663 77195 
2857 14494 
59435 28794 
65081 28213 
19654 98955 
63906 72921 
9205 86547 
37322 44472 
23250 28252 
97244 19625 
98836 43782 
55752 23873 
16459 80580 
75067 6303 
1537 2592 
55333 41091 
44951 6064 
54020 2729 
93181 86831 
38684 42610 
68004 28203 
10858 28308 
63374 26283 
3006 93697 
32754 20454 
42758 87999 
24086 50760 
99043 4919 
41516 21052 
73303 19212 
13102 6999 
75589 57343 
21949 11469 
30154 81351 
14582 36271 
88073 70576 
34813 8885 
85417 44627 
43975 75566 
74722 82760 
79112 48068 
74733 59782 
69563 70268 
28830 36687 
79355 53063 
36100 15373 
67898 11202 
20632 91162 
64732 24066 
34442 14246 
35392 33933 
47320 1753 
74944 89881 
62937 25852 
3341 43232 
14700 40076 
52475 1353 
37138 96039 
28632 50572 
79013 45752 
6056 66164 
22873 20953 
57402 37565 
2434 30174 
55092 50377 
63967 16711 
83930 83223 
762 76233 
89820 97137 
788 41459 
52001 17934 
86824 3131 
6962 37890 
95629 51481 
71035 92038 
38101 90433 
5635 96550 
5959 97980 
44224 71909 
42091 80495 
53286 11959 
71535 96180 
30958 1417 
97940 3403 
56426 29076 
6415 23395 
90801 91670 
77826 93573 
95910 34247 
11862 27695 
81275 26922 
76650 92148 
11546 34974 
51182 53815 
6730 99546 
3517 54331 
45794 9556 
52486 17946 
40563 11946 
93538 5794 
81312 77010 
30413 88054 
68037 8322 
43472 17313 
32127 62637 
42815 51361 
21991 24153 
99711 91755 
73187 59656 
23421 75627 
8679 66311 
52131 82572 
18070 12264 
56510 95882 
46033 61683 
12331 87930 
79599 70544 
84588 83248 
61585 37191 
79761 89622 
73151 92578 
65098 77477 
22339 19119 
24265 30905 
47402 94192 
17177 89863 
93843 64605 
38554 52396 
52295 71690 
24470 8167 
50735 63226 
39119 30175 
78980 47992 
85026 60180 
86024 71532 
19108 85230 
31499 17555 
24277 17580 
91371 68450 
81669 58385 
14986 90467 
12136 46725 
5644 44421 
7297 69858 
50137 61111 
50211 38005 
54001 62185 
33675 7579 
48726 51787 
20155 70415 
24772 52088 
51541 13421 
9923 6679 
9182 92974 
56413 29806 
45094 61471 
22186 36561 
53740 29638 
31777 49384 
30453 47495 
80497 39635 
67380 39350 
1995 29467 
70680 33728 
53691 48886 
43820 87857 
87211 15626 
70892 18133 
61664 81345 
51230 12943 
26443 66662 
81970 22271 
47212 89663 
58747 89724 
73842 77788 
66389 16921 
52268 41363 
61241 27628 
63605 78559 
4670 29590 
33312 76185 
93339 55716 
90816 68471 
45985 3054 
75707 16898 
48739 77984 
80473 78091 
31424 99075 
91732 33979 
45807 5277 
41972 68626 
43437 66424 
12088 89546 
5494 95458 
31312 7817 
59975 17363 
5617 10928 
32579 58485 
68286 85046 
16832 81722 
87029 69286 
16243 8023 
80926 53550 
6721 32701 
97383 63644 
91017 66231 
74463 12629 
68584 3563 
67092 35745 
24090 53378 
47072 67746 
45659 39324 
96226 66117 
20014 18912 
99668 31399 
15821 52618 
11863 26725 
58811 95639 
12012 52665 
22712 77846 
87270 90627 
8496 83640 
82399 88300 
61166 42768 
32670 23997 
78044 95566 
53199 53290 
95463 1674 
92357 10921 
1799 19970 
69494 13746 
13908 99270 
7943 86359 
71363 84289 
43113 10019 
48266 59429 
32474 77651 
55950 24141 
19288 22948 
11559 17938 
5214 79966 
77256 90562 
68236 21115 
32749 43388 
21828 16087 
29831 51832 
48903 51999 
91810 15345 
59760 55916 
62984 71526 
17158 64931 
83718 53942 
43553 96091 
65235 69435 
75683 78726 
64868 20035 
59881 25111 
17328 96991 
87840 31893 
60436 30063 
57063 24353 
4816 83844 
2771 78309 
36194 54751 
88822 80375 
6242 37228 
64002 16250 
63308 95796 
87046 8896 
97925 756 
98818 63665 
29621 59684 
73338 15843 
41375 4286 
10661 17591 
75945 72762 
44094 45851 
44339 61496 
21843 60595 
60871 6731 
88897 93618 
11505 96815 
38806 2130 
82624 8672 
26979 78490 
25880 8344 
37229 67705 
11459 54772 
71522 7684 
26847 98411 
89216 73751 
11138 71867 
56565 78526 
75926 28395 
79859 51080 
52986 95963 
86277 95097 
26258 79474 
85416 4823 
51040 61863 
91367 99686 
36811 25918 
10392 23737 
71827 43043 
2392 44430 
97340 52583 
5773 76779 
97265 85921 
74739 53539 
55115 73240 
15684 59830 
44208 7657 
25028 51492 
59418 31383 
24739 80461 
69161 51625 
63719 57597 
64846 90147 
3345 93634 
11668 19697 
33682 72308 
59420 42994 
73226 26229 
54896 25481 
89497 5680 
8516 1791 
40437 53284 
6924 37653 
77240 23368 
30648 43930 
68127 13841 
31263 7526 
99540 10545 
46098 25125 
86319 79287 
80113 99988 
75657 79139 
64431 89535 
60977 12089 
8873 71961 
31346 68780 
1885 33843 
69621 77794 
75431 67518 
78289 16841 
44678 6939 
55753 98211 
52735 23791 
67840 97970 
99230 51844 
59369 58641 
8168 6820 
28862 58496 
95317 21520 
45814 7063 
28241 21484 
24419 96117 
33184 25202 
80248 8156 
92123 64644 
87083 60234 
90621 86892 
19988 40056 
22519 15650 
17629 73341 
31021 22663 
22000 46728 
67415 83348 
56885 98867 
78436 68403 
87789 83860 
91199 53726 
65485 5831 
50652 14650 
92971 21148 
78686 7345 
71322 5736 
66286 30150 
73784 88879 
80552 687 
69431 62070 
66934 80785 
67795 81705 
53693 30570 
84100 97811 
20378 75509 
31096 57478 
75034 25765 
27946 51328 
95868 95928 
79215 94062 
32289 34957 
17748 56067 
27496 91178 
24049 91992 
20208 5188 
31781 44414 
6683 44728 
4050 35886 
95798 69932 
18430 1121 
69780 44747 
29954 52488 
71066 90930 
90845 16696 
71819 14698 
93301 28246 
46776 22931 
67400 16135 
62406 85766 
10031 74298 
15739 95485 
42729 63392 
4795 17795 
96396 51780 
89168 30919 
99096 66984 
4143 343 
99481 95320 
24591 42646 
92869 37114 
35967 90523 
29578 97629 
58853 82937 
75870 69695 
90816 69251 
66690 43076 
74717 34308 
36350 57693 
76182 22551 
38431 3126 
54579 63656 
69371 55142 
41648 79554 
91577 31547 
99818 83283 
11353 44258 
18314 63839 
4550 22265 
19287 87955 
98553 81014 
88493 39743 
13083 17765 
15475 62131 
34241 19586 
26703 60292 
46349 80925 
21833 76506 
74337 41048 
77972 48395 
95800 68173 
69811 18006 
66284 36716 
64470 67922 
64008 66864 
89090 22379 
905 21525 
36482 66342 
65740 84753 
69546 3520 
62028 77830 
8735 95523 
78567 4478 
38452 98666 
83637 55031 
48107 42360 
65246 40916 
31436 73618 
49303 75397 
3718 25868 
15155 64327 
60716 57110 
93692 21491 
95422 42368 
77043 77160 
9110 98477 
90871 5585 
1734 65422 
80359 57422 
3367 67765 
39225 46455 
13174 32148 
67428 6493 
45296 42411 
77713 3939 
42079 72562 
83739 64283 
4246 49655 
93249 46664 
4869 63578 
98605 79621 
99431 58796 
3964 53320 
17805 14321 
53478 48761 
25612 42463 
28129 72875 
72239 14380 
60155 59905 
674 51013 
73479 94120 
80384 1648 
96177 6624 
38589 69225 
6731 99947 
7605 31389 
69651 58076 
76298 49402 
88045 6727 
32267 53175 
50789 98907 
8014 40046 
80197 14203 
99130 27327 
92411 76725 
5478 54234 
67233 16271 
57333 37509 
86690 20037 
27664 46832 
42369 48050 
98960 81104 
30394 14550 
48469 94702 
49893 69627 
39222 44033 
95898 50710 
55883 99029 
90853 11867 
4256 91629 
30233 80378 
1176 53917 
27280 34684 
17568 32231 
29426 45544 
1596 50389 
44720 73156 
1123 35133 
60414 66943 
25112 9934 
57836 71883 
32116 9516 
27779 5494 
10708 66746 
68852 32966 
21419 76019 
7590 34433 
2745 42783 
13598 28019 
4735 87584 
95592 85033 
2906 84805 
54925 49575 
62464 81213 
42039 53809 
68244 57515 
8255 2308 
9312 67282 
70405 84096 
8841 11953 
9034 59438 
19634 88046 
2263 59881 
63605 73277 
56845 34720 
79552 1987 
35583 74795 
57705 17082 
95961 45407 
81847 75636 
48724 64150 
70176 28384 
17088 66578 
4651 89507 
27375 12896 
65197 62425 
90078 2212 
39942 89798 
36724 77424 
65566 51422 
62364 23422 
62875 42488 
86111 84061 
71882 26416 
82896 49206 
57946 71465 
58427 92191 
55951 48356 
36330 70139 
43020 87350 
1544 34857 
81938 67554 
97252 40377 
57231 38624 
4014 74761 
33766 55660 
39181 88361 
3767 41728 
2330 38532 
52297 79292 
58140 21631 
63564 71765 
91990 17173 
10789 9463 
95543 26121 
20922 20433 
39651 45555 
82170 85942 
70174 85333 
67048 52855 
18621 98870 
76615 80703 
54016 69785 
72558 19924 
14972 68920 
52971 29583 
51703 72116 
44948 7816 
76519 8136 
32524 26307 
68354 88243 
12036 31306 
1950 54219 
68629 98005 
75559 69958 
97417 2530 
92362 73298 
50733 6379 
10283 99364 
78920 31832 
12471 84479 
46283 43647 
66447 60523 
46104 42345 
33760 53700 
9048 17407 
63963 8727 
97789 4927 
56837 69763 
7378 43568 
4977 62766 
45657 25116 
35257 40439 
50896 91483 
52093 70601 
14927 38727 
48090 71542 
19151 50424 
88338 23807 
58116 97742 
93479 16859 
20754 11544 
43647 21207 
22918 53129 
478 11823 
36496 84463 
97607 7066 
40196 66232 
81414 28826 
24972 92621 
93261 34238 
23121 5369 
72057 17056 
94234 16535 
21704 27671 
93461 9284 
31843 14756 
67975 79110 
62259 48641 
76040 24096 
1441 46791 
99766 92123 
87988 85123 
27389 45373 
39903 45413 
13867 8057 
71310 18673 
89585 21982 
88687 57116 
76117 46380 
49486 43232 
85325 3362 
34796 23475 
23424 88455 
34738 36217 
95219 36834 
70323 48850 
5373 60188 
78774 7318 
83332 46627 
70637 92860 
16466 46565 
26469 75365 
62002 51225 
38515 50503 
22505 7232 
18490 48676 
11922 696 
86440 7824 
9639 87239 
27611 9266 
98525 40644 
54377 86009 
9590 42092 
38491 26309 
50684 34405 
85251 11818 
79570 21274 
5685 49245 
92727 159 
5422 77216 
40413 79341 
49648 55923 
45805 44566 
82412 76120 
1423 8771 
75493 56174 
39611 99594 
57147 31142 
25471 13671 
24287 76192 
475 94159 
72979 48218 
12843 68515 
91623 74128 
6848 17228 
48768 62008 
7359 31026 
73264 62283 
28189 54028 
68265 59975 
53286 3366 
22598 36287 
88271 1996 
83089 98017 
56546 60754 
29686 36656 
18931 98106 
51537 45549 
28749 91670 
56667 93121 
95259 14226 
60515 22922 
17553 18774 
89272 27118 
68262 2140 
2845 19080 
51882 94685 
89235 12826 
36012 94871 
7205 2335 
55505 91761 
57347 22150 
19285 95950 
42996 62149 
7496 30019 
41930 4035 
32720 13273 
47363 44826 
53091 12340 
52490 73501 
67506 19184 
46670 70992 
93458 61089 
63319 10794 
26615 43428 
69673 47765 
7897 75305 
16811 96040 
78593 30606 
74668 13489 
86979 52589 
61254 29795 
20926 18784 
37873 77947 
80146 44843 
82873 14879 
69009 20888 
75312 45916 
86290 41982 
16871 99888 
11708 15535 
95470 36976 
40816 2785 
47258 9766 
99554 78923 
4978 39458 
77714 76999 
30215 13847 
56576 14446 
14597 61410 
70157 87862 
766 6730 
31784 61651 
17771 66493 
78124 69161 
47521 2408 
31325 91188 
39007 7678 
56594 75986 
65262 67009 
97326 17403 
74346 96644 
2790 13310 
20125 40572 
24436 85187 
71210 71765 
46023 51537 
87159 23225 
30085 12760 
19860 52585 
8623 23162 
45017 26169 
19479 96991 
53754 93653 
91495 19677 
37545 12845 
11338 12927 
81070 75627 
62802 32871 
37040 80695 
15405 64151 
94637 96533 
53294 9665 
68943 58887 
77723 65621 
32575 51058 
86801 14610 
82723 22409 
34725 65621 
86872 10788 
99403 19206 
78727 47910 
42113 38478 
82195 43258 
25795 62169 
25760 61695 
69584 4669 
72181 32730 
56361 49796 
29159 55252 
77384 59974 
25485 90570 
93469 90565 
34126 68699 
15726 20306 
98839 68116 
60514 83101 
74085 67554 
13077 13861 
19401 9946 
42207 1673 
98835 63215 
44342 77232 
23652 10413 
59649 48335 
42256 52529 
94942 37121 
25100 61353 
8678 65868 
14339 76856 
61821 84295 
8080 3848 
15029 30666 
27303 26010 
57382 71429 
69880 21944 
84809 69686 
90568 37472 
7380 91466 
58497 41206 
53808 70633 
34343 66260 
58779 18145 
78260 20001 
64154 79495 
46607 25850 
38592 15332 
60596 46407 
21844 4578 
33230 25545 
29719 46803 
22210 78633 
13646 71189 
36019 54667 
54800 43101 
57930 91840 
86902 96093 
68444 88978 
84099 7134 
40506 19253 
20746 75895 
53807 19716 
8428 65127 
24596 466 
42243 8486 
75627 30625 
43135 94593 
77239 74808 
65979 91691 
75010 73395 
54171 85946 
82058 82687 
60606 68260 
54751 16874 
22246 19405 
89461 62782 
70863 11347 
74955 70464 
86092 63831 
10117 57981 
48586 69608 
49930 7077 
30849 29127 
73964 67962 
71227 16075 
81128 36059 
12593 28861 
2012 11297 
51392 69924 
85878 1449 
35020 34725 
63213 84973 
65919 85302 
6709 5987 
19290 29506 
13665 34227 
58005 26330 
10997 86243 
33069 90168 
40406 70573 
90907 72447 
15727 89272 
69768 57729 
57073 930 
56722 23215 
97116 26178 
93991 75535 
23688 55717 
68770 96731 
69873 2976 
94234 2600 
87833 28832 
91091 40799 
45863 54146 
8811 33638 
69492 67387 
83577 984 
6937 29277 
16060 82430 
36808 74091 
66240 14701 
51685 8171 
4820 10168 
45033 10187 
31159 25478 
901 44824 
66210 5419 
35938 11816 
55590 36528 
71498 65647 
72708 47342 
19933 57704 
94775 47777 
53661 72347 
35568 8814 
88189 51070 
57965 45485 
50990 24831 
56572 81081 
26994 3632 
96158 38598 
68399 4541 
15145 26597 
31643 34620 
55089 60987 
57555 83607 
56834 91690 
42103 22665 
71964 83688 
54587 50205 
74189 35672 
47729 73471 
19477 6305 
69873 65515 
96034 58067 
33292 91155 
25605 21716 
14634 52662 
26172 30575 
63593 66147 
22712 73206 
74128 43044 
97519 65417 
28918 17534 
4471 48186 
62183 30427 
32683 76707 
98610 52753 
94116 77630 
16868 8195 
27028 16487 
55007 32503 
52549 35363 
22032 90157 
95198 92067 
5038 53793 
79810 56366 
64505 40299 
47159 96312 
91715 88986 
88427 18207 
61709 61855 
84745 7512 
52809 43759 
52167 54757 
19455 21116 
34733 40484 
98953 21849 
58692 96335 
4684 6344 
59467 55534 
8464 9484 
19651 55406 
42921 47189 
11043 56933 
61130 17389 
16713 1990 
75216 45007 
20064 37540 
58229 43257 
87054 97911 
34314 89461 
34998 51215 
1058 42579 
76826 84031 
24851 61793 
53133 19661 
25225 20712 
16113 39610 
17315 50171 
9160 5335 
12978 84092 
93895 57933 
90551 27487 
12395 7073 
30829 13472 
36531 7340 
82578 67004 
48659 60065 
64744 47077 
18279 71807 
34469 96244 
87818 46825 
50166 86568 
57375 90213 
37077 14505 
63020 50792 
19132 63710 
76174 38436 
15362 24395 
12623 9200 
11749 30620 
28875 23413 
10087 52775 
855 46874 
24303 61508 
25356 83322 
41648 61510 
58187 97570 
91256 78780 
4609 12997 
65810 73408 
7470 44517 
23400 41407 
36317 58752 
56100 63737 
66830 36788 
49444 58447 
54076 51722 
72642 92719 
45344 63160 
33281 15607 
48777 73883 
2182 79393 
72505 90078 
64215 27744 
75668 75884 
79079 42218 
27510 95387 
42407 55183 
53607 90832 
22026 56835 
59362 54454 
6809 46760 
60026 13172 
46262 6358 
13821 60340 
77852 97461 
50122 36796 
36048 24589 
8214 84644 
12146 33562 
53785 71538 
87166 57552 
20109 10665 
91471 63159 
28781 82174 
54210 93740 
80892 95537 
93308 54967 
73715 19085 
62431 38448 
90234 42954 
15197 33295 
29269 34714 
68912 32602 
92489 93144 
50160 2080 
21254 4964 
82825 41471 
81023 61723 
35484 35861 
23972 99670 
79539 63637 
21493 84072 
22107 605 
47421 71295 
68359 35639 
10100 46886 
36887 92258 
76840 55980 
98634 32653 
7814 13516 
35006 5915 
18131 6100 
14033 90632 
16608 74764 
64789 73506 
27648 98454 
89722 259 
88698 81764 
92198 32885 
29897 87247 
12232 48138 
84820 42589 
57260 16207 
51638 95981 
86770 5590 
22539 89223 
59702 70498 
25920 67419 
81749 90457 
80640 46544 
96062 48288 
44558 15750 
45289 52296 
50571 59955 
95530 31216 
62570 50092 
53466 56370 
50997 63304 
26796 74494 
83090 63489 
75076 66798 
46456 93732 
73161 85107 
76265 6527 
62662 54285 
36129 85098 
98186 71661 
10668 89718 
4597 78805 
3767 96605 
49139 28750 
727 83788 
97965 22633 
44755 58287 
70503 43747 
98689 12015 
27013 74108 
11356 39986 
24822 38899 
84643 53759 
56949 87539 
42139 75458 
43135 86627 
33109 3305 
77838 69621 
66609 98256 
52273 60911 
59707 53195 
58367 67761 
1049 71030 
51290 12660 
76436 96154 
94250 60710 
76603 14874 
34280 81948 
9055 64774 
61027 76883 
65599 70379 
81850 85017 
55111 53089 
6034 90766 
97143 47013 
68528 38932 
86095 89174 
39306 72787 
77987 42481 
58350 11776 
22278 52929 
8169 93060 
59696 38705 
85908 11281 
33717 58160 
65308 4380 
18123 6061 
45117 49782 
45950 43129 
65052 54858 
36212 72509 
32968 48392 
53909 38686 
47661 5597 
6144 39270 
20534 68273 
72555 8145 
96368 53795 
91837 49682 
48497 81910 
77750 78023 
76953 86658 
17826 42870 
69451 22272 
15887 3811 
94598 16527 
75519 48882 
84262 72747 
85798 39886 
27811 72598 
62878 6932 
44736 85746 
21436 7733 
24165 49637 
98499 13373 
19875 42872 
28873 81592 
67623 39063 
76139 31062 
47968 94526 
56112 35697 
52226 92816 
50696 16749 
21807 41869 
99226 22224 
21892 95370 
71650 48127 
79268 48998 
73362 74098 
61102 44305 
4987 57183 
96541 98257 
2097 51813 
46239 64827 
9629 1507 
6270 26554 
3678 78374 
92343 8601 
59367 30175 
87861 5579 
77668 31539 
55045 12330 
26333 25862 
2238 53818 
20490 87468 
72448 16431 
67011 29830 
68292 93251 
23409 34945 
56729 69219 
76810 81409 
3318 88624 
31454 4297 
70209 66993 
4217 28645 
74669 32184 
66802 80163 
45674 5396 
40538 91720 
34932 61773 
45131 92240 
35706 42460 
26248 85813 
37855 25166 
38472 3162 
786 98715 
39963 35031 
57317 28546 
63056 37641 
70942 44752 
61057 34042 
56594 32010 
95696 22011 
40700 51638 
21922 39074 
80193 79988 
47194 28328 
82113 4569 
90910 94890 
65510 79475 
46310 42149 
85621 5150 
51954 29415 
96590 63958 
12793 98147 
63524 12697 
71892 72616 
47244 5939 
23003 52684 
75813 99947 
71509 81316 
85796 65936 
96624 87511 
63145 23572 
41310 76546 
38726 90851 
58003 63698 
96718 34883 
68044 25107 
35461 99610 
50610 69969 
79804 81116 
62985 21955 
81601 18942 
8153 34566 
60727 72690 
8006 55076 
32831 57216 
10849 94782 
42025 16833 
60431 59467 
66783 29200 
80378 43305 
95584 42956 
82712 91878 
75130 69651 
92026 95524 
18501 70176 
87927 82962 
23155 98617 
7541 46919 
89434 92373 
17117 48450 
49079 26347 
57215 14693 
10218 81174 
89485 66013 
407 10695 
24697 82774 
42509 32252 
91469 49450 
29555 4914 
13075 94338 
74208 5332 
95699 76824 
96023 58722 
95722 60983 
75457 33299 
25863 54213 
47393 60546 
80431 82704 
28946 788 
8490 21693 
76395 33812 
40353 97806 
44313 17659 
77674 33213 
76328 25197 
90252 6892 
91396 37740 
23742 66987 
42089 47711 
11600 40072 
12106 98228 
1894 48052 
89076 66516 
55012 61532 
95683 80144 
41827 89633 
87245 40367 
73560 30603 
27108 15227 
24350 84954 
32558 56555 
65451 63473 
43420 89664 
16021 6127 
3123 22268 
29619 64673 
57728 20041 
77812 91783 
72260 233 
62716 22495 
35663 1903 
88811 30053 
75784 1547 
51042 87463 
34042 56328 
51001 68573 
55744 73579 
35905 78021 
36518 24888 
66094 8124 
27917 45845 
55957 82546 
45966 88393 
478 61573 
45286 21727 
94988 51863 
18382 9825 
79259 84735 
54800 28950 
88727 1378 
48064 26821 
75429 10811 
69662 66686 
69132 66973 
38822 44125 
85175 45033 
4411 12194 
49715 83814 
21008 1383 
5338 1167 
45078 74870 
80402 82207 
99105 16681 
54051 86501 
51668 10617 
25439 19631 
39667 31205 
551 66971 
15234 34400 
42871 93115 
34355 5429 
95203 69060 
16821 93903 
69112 1071 
97844 42204 
15733 108 
60530 92162 
37101 48740 
85366 37159 
70700 93682 
77978 72069 
81586 16396 
39651 81785 
26213 11641 
26416 640 
10029 34430 
2039 69603 
46909 59529 
27772 15933 
42670 34468 
47521 80810 
67218 96956 
20879 24511 
50238 70672 
28475 45780 
33920 49592 
24169 62338 
42854 30333 
36870 12828 
86007 54414 
31073 57003 
88618 77939 
19697 70612 
62878 94861 
85421 54150 
65411 1824 
7392 573 
56879 7520 
9086 96025 
74420 57553 
40021 59803 
51188 66999 
79151 65010 
68899 27186 
992 19726 
9089 80614 
76855 30053 
76698 38558 
93059 10988 
5623 49542 
55589 58865 
20048 13710 
16373 49945 
17646 78071 
213 83793 
61146 40622 
33373 47140 
13314 37601 
74940 34252 
27037 87384 
30248 23157 
6996 17018 
82081 73601 
92319 2939 
9763 82248 
70642 16097 
78893 3362 
23172 73558 
75200 19118 
17613 63570 
24804 22672 
11251 29158 
90191 59261 
5 66496 
56282 55852 
50935 18633 
24187 58239 
85459 22577 
11617 85993 
38460 98320 
18361 10295 
4492 52066 
52869 57440 
96448 2752 
31677 41680 
84354 30890 
57264 35068 
52346 91820 
51921 89107 
10434 31654 
75286 33252 
24303 93518 
81433 88700 
81222 4140 
77750 52397 
92976 86373 
32322 25836 
47853 51969 
39104 85945 
62805 90726 
90933 21283 
54237 87037 
29237 85730 
41262 63003 
36306 54003 
18802 68392 
11051 98585 
89587 12101 
22434 46027 
23857 57177 
66075 12083 
23531 82048 
59039 59787 
3593 44288 
95366 72304 
67627 70066 
50675 83295 
46743 32374 
67984 61523 
91486 74179 
78886 3560 
54912 78846 
14295 48708 
81656 89514 
37220 93636 
22582 31500 
86366 50713 
27548 97429 
53826 63687 
29835 13430 
32729 67064 
24945 16603 
61443 51467 
63782 38845 
59765 76226 
25607 10249 
99504 52595 
9726 66443 
76982 6240 
86499 68562 
58155 16026 
78076 21988 
48461 17624 
97144 10571 
98929 55105 
58026 46710 
97707 61423 
88627 74514 
11865 49588 
14006 53192 
38213 306 
52758 90889 
93809 39033 
65938 95374 
26956 5593 
24913 57316 
57691 32942 
19298 84306 
63135 68113 
9074 59356 
7526 88051 
35999 6313 
79379 85768 
48571 6416 
38906 28147 
62131 25186 
97718 15710 
71052 76898 
49758 6821 
53540 75066 
47564 4012 
61195 91717 
71124 38535 
65297 75633 
67986 30724 
39674 60338 
52732 48388 
96044 26276 
41519 33209 
51897 68468 
63128 15995 
3249 60844 
31803 95650 
95031 1545 
89125 13841 
30385 69655 
22290 17606 
36834 23165 
44343 65518 
12038 20380 
78308 99529 
4798 52588 
21603 74240 
47970 34455 
79726 8114 
49134 10465 
48940 97003 
62147 651 
96503 9383 
8100 26917 
34000 64811 
87756 32460 
4380 82385 
29201 31123 
6589 74334 
44210 914 
62973 51419 
24765 66546 
94139 1402 
97175 99498 
3551 99645 
65419 938 
89851 11722 
17622 22788 
98747 52001 
39974 25267 
98293 69207 
80932 65455 
11472 40297 
35242 60715 
68206 67310 
72046 73282 
45307 88384 
14295 17866 
47289 33753 
87709 2821 
43628 80291 
96680 77250 
18729 84044 
51798 71347 
9730 99215 
69115 85363 
4244 24162 
84752 3740 
45227 50258 
80168 85319 
43397 27817 
93139 7932 
28974 4801 
97453 26264 
83955 38663 
70346 35578 
83801 29407 
30834 20695 
43050 72863 
24441 9563 
3301 87140 
50177 43831 
23919 22385 
74188 25014 
35955 24194 
51149 94169 
97976 84434 
79258 55437 
48848 79719 
47593 59366 
86996 67404 
95644 20633 
18253 81747 
93976 56595 
5154 48732 
72278 98028 
19333 17079 
66446 41508 
45717 85065 
29902 84050 
12246 88069 
56002 4948 
22122 108 
88168 37215 
46900 94143 
52294 1555 
98229 561 
32013 59536 
33639 996 
21568 79398 
67499 95528 
33312 97918 
52110 85311 
7281 4787 
65877 19785 
68821 72167 
95598 67926 
6884 1393 
28135 86308 
438 61256 
73069 73319 
3304 47820 
22437 18442 
8786 4490 
16207 78311 
54635 2774 
22913 37107 
96137 99215 
63699 37871 
70557 51965 
4978 3431 
99698 1700 
20046 919 
28984 95885 
73186 42193 
81267 62840 
11147 54021 
11482 22604 
56372 96487 
84279 55331 
83934 55854 
60953 34717 
29852 88969 
74257 73931 
22334 50341 
90102 24590 
49443 90100 
3681 15474 
76791 71349 
94213 17051 
7076 18768 
67294 70265 
29652 76834 
46741 23649 
42756 25681 
38863 81495 
43653 75324 
81242 77636 
72649 34913 
5402 54328 
65791 32632 
88145 43810 
18046 44013 
39877 21281 
83827 71700 
79897 22360 
44986 8044 
78416 95564 
57714 3442 
2985 90845 
49288 57958 
93026 68993 
73180 51496 
357 53459 
46770 28703 
75842 36140 
89770 58771 
52753 91721 
53412 97427 
75923 51344 
80575 88673 
52468 35722 
65232 57199 
54607 50230 
85948 58909 
88052 78 
72647 76620 
50441 92382 
28444 70756 
43477 53727 
69071 20722 
69706 6802 
61272 21682 
40272 17712 
38523 33537 
43547 46797 
47506 14219 
76153 10084 
32019 7739 
17730 85940 
92336 98967 
38659 82079 
67496 91740 
66033 11740 
75617 14633 
97303 14694 
13045 9638 
43296 98664 
56980 12977 
2772 69815 
38224 94396 
19137 67156 
50773 81580 
46671 15029 
43196 59657 
58357 60277 
93105 2303 
60337 66269 
484 60575 
39047 94637 
48241 8337 
56241 17421 
69084 19060 
24408 67221 
26634 27736 
40484 51052 
65722 13819 
29307 24788 
11841 26320 
49916 49373 
3008 60593 
47583 27452 
18606 87839 
92379 49607 
29253 32975 
31108 63108 
29359 94295 
93600 12878 
29725 99199 
36642 94330 
81415 94296 
79246 783 
74094 75294 
81466 44388 
2112 72359 
45658 78763 
19850 19996 
73845 54025 
14191 57021 
97777 90440 
6441 21795 
9297 65626 
58642 30681 
57780 72039 
99910 53529 
48723 16436 
7319 29034 
72940 1053 
72789 94895 
19379 47451 
62559 43012 
76226 98275 
29024 48281 
4735 59631 
66096 61103 
78165 27349 
8685 98305 
14208 74074 
64519 14958 
93465 60980 
32238 90449 
48816 77795 
3539 16152 
30936 7941 
69132 29189 
3739 61743 
48349 97022 
205 20009 
40488 20992 
73820 82702 
52318 93433 
13760 22995 
90625 12596 
53021 5719 
21305 32408 
87813 40977 
87216 99939 
43844 8694 
45844 12465 
70534 7903 
34830 8147 
17728 55772 
98477 89594 
51126 85692 
11614 67961 
92455 71187 
18491 6737 
28302 32972 
63907 38996 
17566 70183 
31332 29669 
41649 93604 
18519 55221 
83799 28676 
74957 77180 
94402 99129 
97471 93055 
97588 98268 
30394 58434 
21154 4270 
44941 87469 
86603 98277 
78769 55403 
79001 99647 
1190 46478 
27387 41417 
32074 13272 
65654 70831 
83237 39423 
11067 74762 
9931 26690 
93023 97880 
57034 59423 
88186 42646 
59632 34780 
69785 14509 
10925 85403 
58649 3128 
41704 62771 
71470 71015 
65149 94068 
97814 54671 
28281 73171 
1560 70119 
77135 97235 
34736 54672 
86535 14351 
72129 69843 
27388 4897 
23579 36486 
44438 79438 
57533 72591 
95701 39420 
74215 56583 
61123 13412 
99673 44542 
62474 51257 
33025 28471 
49104 31285 
68338 34520 
94901 11571 
29919 25050 
20626 35271 
5150 86476 
2800 82167 
32583 56003 
55400 43821 
4626 64715 
73829 88108 
73980 51892 
12008 70417 
10865 36014 
22881 43411 
44113 11590 
30226 15026 
33391 77777 
15407 5229 
62064 94687 
96531 56096 
10650 6356 
49435 56879 
69336 65518 
70076 55978 
74690 44688 
6051 45140 
10496 20439 
91377 17681 
95530 73384 
3112 22184 
92154 55016 
20987 55842 
8745 34415 
11956 67550 
36278 52741 
80426 69793 
54771 81525 
21862 90542 
68866 1933 
92625 31634 
83448 96529 
62046 38440 
9999 72464 
44159 27191 
2327 15623 
15941 60920 
56272 8933 
16520 12744 
72242 34845 
87540 6081 
71635 21960 
58714 75434 
78672 88841 
4559 48444 
27661 84205 
98433 10224 
32407 22066 
68182 74341 
59235 62781 
14075 51304 
78028 96563 
84173 75074 
26706 44688 
14873 20847 
13727 5458 
35093 23232 
502 36909 
1405 82987 
50975 86323 
78413 32554 
9229 47814 
3744 15926 
67552 53529 
80272 26745 
17266 81507 
19518 40039 
32463 93746 
19654 67613 
22876 1763 
99142 64902 
6247 93726 
22743 17936 
92845 47186 
50494 43095 
45202 94501 
12228 39442 
74668 4239 
60288 43698 
63035 91152 
81326 51285 
52294 69781 
54430 83361 
28456 22275 
27273 99431 
36450 59752 
44600 77835 
2233 18295 
4069 12314 
5553 45650 
33339 1863 
42217 2760 
79228 43179 
38232 25430 
74910 70315 
29868 65770 
4305 24481 
3475 60486 
14182 78463 
96773 53657 
33964 84758 
99411 35331 
50821 64276 
54698 44086 
53355 3329 
56752 21642 
1044 80644 
57670 692 
98559 3255 
47898 53283 
54200 90401 
49613 26415 
79875 7906 
67733 43975 
46451 22054 
76058 59653 
42711 11569 
77121 4230 
98816 49101 
63429 82392 
25840 39450 
25122 39205 
91831 80824 
94436 34439 
1794 97485 
90931 34105 
74119 77463 
33076 52915 
9164 37340 
11580 58790 
27103 27643 
77777 81126 
11553 86998 
86390 48207 
33156 50961 
46173 15975 
42974 22311 
74210 40312 
19426 13607 
20056 88046 
24439 79921 
24452 78098 
74631 69932 
3995 93491 
61510 36935 
7932 7387 
61068 67826 
76158 21887 
57586 7743 
38540 27020 
69104 80822 
34832 49166 
2675 33370 
1752 73084 
86433 54800 
69182 89803 
22432 63761 
31003 43821 
79332 82192 
7735 27357 
97221 58372 
97922 96859 
8218 41566 
23134 67544 
85970 55478 
7474 75401 
24745 65497 
96655 82959 
14578 85573 
13986 45014 
22716 24599 
71013 43597 
13652 29261 
99112 47669 
40075 40620 
44975 52312 
15323 45025 
77721 4657 
34253 66486 
88284 29350 
43927 17267 
22740 25026 
78111 96183 
80427 15111 
60291 9 
24968 1191 
48775 92370 
1743 85260 
44420 56641 
28866 98345 
6604 44616 
30404 97344 
26321 21114 
10351 69312 
86570 96148 
23774 13049 
99752 30967 
87601 51490 
49312 1996 
87662 65238 
78650 7574 
80890 27522 
64129 6442 
61995 63910 
81004 84000 
62467 56329 
21180 52644 
76410 60224 
49945 5874 
62502 6160 
95151 62338 
54297 12726 
46813 55646 
22095 46279 
7666 48503 
68795 24916 
75971 75628 
9395 78952 
60690 48885 
79268 48308 
26122 90224 
39810 18356 
38208 93263 
1771 70106 
37909 52710 
66350 48065 
98436 42358 
92017 29651 
32555 66985 
31110 13744 
3826 61264 
44370 32775 
61305 59661 
93896 32692 
61144 15298 
35377 58199 
60447 2896 
79038 26883 
68871 1162 
65349 75121 
21666 13357 
6373 11138 
94202 51303 
76510 16131 
12505 77696 
97441 93068 
26910 74359 
51238 74598 
6693 79945 
72890 66436 
82333 19595 
18894 20662 
9111 31207 
82118 4567 
50756 78199 
24777 54978 
85157 27041 
31166 85463 
15448 59349 
39704 44355 
29273 82926 
99865 5248 
86631 3929 
13740 8420 
32415 23199 
64273 61588 
23629 23788 
2587 51457 
33207 23864 
65402 13733 
42481 79431 
20154 58561 
62567 34641 
90257 50819 
31265 34041 
95820 242 
16562 30671 
56201 25058 
20421 46710 
39905 14622 
17252 69252 
14661 31482 
80316 92774 
45867 61374 
46294 52004 
15194 40852 
43328 24154 
82737 66526 
61083 17846 
95927 17401 
72723 7575 
56317 2288 
28167 17184 
91381 78030 
25568 3564 
42639 71034 
33731 42695 
73702 74606 
81966 74119 
22224 87580 
55903 17100 
68319 6006 
37870 31936 
68629 78899 
8640 63318 
10023 91545 
83745 69084 
69827 45417 
91977 7388 
30512 62419 
16337 28022 
85916 53028 
8388 89548 
93396 52824 
55822 2845 
71671 49965 
30038 83874 
17685 97370 
65598 83651 
17471 27672 
26683 51850 
55774 66449 
96987 81923 
87105 69824 
88986 80281 
16948 96183 
6103 99813 
55970 58617 
7012 78918 
52409 94599 
15174 31211 
78186 32491 
88680 38205 
42854 30676 
15554 7515 
36139 14404 
27915 72527 
54611 37898 
34717 25955 
50962 54825 
57290 99352 
55350 88950 
14481 23399 
57486 58555 
44909 29659 
5389 23216 
72739 83504 
72152 89541 
20293 70043 
65607 33692 
45956 90123 
7426 72817 
39053 61886 
87981 44981 
34694 64833 
11212 37707 
21097 7986 
79757 38994 
99450 51513 
34792 71430 
22147 62031 
57284 10003 
79039 35819 
57798 77265 
23326 81314 
30508 55690 
28828 12481 
23741 56393 
48582 68078 
84162 35821 
1050 38292 
64611 57569 
44724 49880 
46652 55204 
14487 33696 
18050 63766 
83817 74363 
62658 52556 
85781 20847 
65641 9928 
72718 18833 
10472 1922 
19632 11043 
45799 50971 
79510 40024 
30083 58293 
80161 79426 
19798 24177 
11607 14446 
53026 4064 
90694 89826 
94449 75119 
5282 44712 
50008 77961 
34234 57659 
29930 41256 
11402 32216 
37334 93091 
51892 63749 
86308 12347 
87121 41578 
8138 75747 
61535 56979 
87240 11808 
28302 7228 
79446 81615 
43926 8658 
4392 68174 
2433 57520 
71079 71014 
68611 6492 
91083 70789 
66808 56785 
57410 49825 
56826 1052 
18667 28871 
81727 90690 
58001 7735 
3684 42626 
94167 78098 
53488 45306 
58121 10437 
6922 71356 
62692 3845 
66943 55279 
75180 27448 
74446 48533 
23131 75220 
92367 21484 
12069 2149 
7974 41962 
10650 9042 
76423 23559 
63446 95724 
85007 3264 
24521 7888 
51974 77713 
65970 61618 
86430 33 
4763 41368 
26520 15189 
8504 32152 
41973 90707 
86157 64753 
34016 81783 
43296 23954 
90828 55076 
83107 94112 
59845 83798 
64163 93831 
79668 18290 
83890 82077 
73702 30838 
42686 1725 
45341 31279 
57809 63403 
30163 50818 
38440 62396 
54502 95456 
3744 64441 
21701 77595 
24258 92478 
97458 44614 
93644 95674 
93918 36595 
92570 84536 
58472 21891 
89456 71463 
57747 78841 
33803 64779 
9814 14703 
37014 26133 
58411 38761 
2891 16052 
1806 35532 
65406 20540 
85880 16180 
14874 72769 
46146 61456 
45324 58268 
36611 7870 
35634 19409 
14750 70328 
84931 55595 
61328 39062 
58764 49229 
1407 36466 
66741 34354 
58605 70303 
84592 64819 
18492 73776 
54039 31853 
99030 80060 
42377 27166 
26009 39176 
20354 46978 
89695 48437 
21688 84832 
15231 34219 
80503 66620 
13803 92430 
3986 39919 
94206 67812 
26715 41582 
5133 28078 
10425 32443 
47382 67907 
98357 6083 
42146 59924 
6883 49767 
66630 55075 
38776 60022 
71493 23164 
32241 92721 
75926 15829 
17773 58128 
95683 28875 
40925 55067 
96952 38609 
23218 75142 
84690 87727 
75735 97941 
27895 305 
50335 41172 
96251 12544 
11958 25901 
32692 16221 
42161 66360 
14634 25131 
38801 96248 
63004 91350 
59699 99005 
42628 17737 
69146 18236 
60171 35881 
85280 86275 
6530 44562 
93646 23823 
9421 32797 
87650 31657 
58895 43681 
20181 16605 
43598 70478 
2298 68285 
88810 14795 
64691 30568 
18673 78189 
5539 92274 
74453 3175 
84388 55302 
8303 27345 
85873 25225 
37718 65222 
69380 9315 
89703 86441 
41124 13 
85661 15996 
33716 68092 
18106 42548 
54885 89020 
48526 84145 
71861 78536 
12057 27254 
30788 18949 
49134 24580 
71627 16434 
96831 9943 
88098 41348 
63390 64336 
99571 68582 
78218 46312 
47162 53002 
56668 81962 
99871 46226 
43957 95000 
58225 85323 
5856 45865 
72706 61432 
15077 40234 
52123 6877 
41811 61984 
23148 23060 
94411 83382 
16378 8198 
71997 6185 
96582 33952 
84550 91290 
25198 63020 
68075 41770 
41672 95994 
72503 14308 
76911 85075 
28197 47494 
66887 54684 
3327 11892 
17343 24590 
48789 6467 
81609 39844 
89998 48664 
52651 73635 
65570 31355 
37823 84134 
31773 48840 
80131 74447 
48588 26245 
13423 25982 
38334 21889 
90522 49885 
61024 10584 
3140 28591 
81956 97343 
20311 151 
16547 55573 
8103 71659 
24977 31625 
57559 34916 
94965 8405 
40063 97447 
94830 74799 
29772 34990 
957 4751 
81279 17840 
3913 10131 
27313 62684 
75640 94865 
66099 14044 
36545 4344 
40893 65002 
95738 33716 
75234 85554 
50291 31466 
16643 38796 
20122 10524 
58752 30035 
63910 58164 
57281 52036 
68489 18104 
28805 60762 
29197 3435 
22905 40324 
41934 87399 
88108 93252 
8986 10576 
9904 22810 
20192 37591 
85174 57735 
8573 94296 
11528 6624 
95316 17188 
12333 19099 
32829 50872 
88612 73996 
26543 36482 
87548 10956 
66273 44245 
3980 71176 
26132 16745 
86040 15459 
98363 5931 
99047 43316 
10927 6584 
12735 45530 
41268 11656 
16123 84440 
79414 40828 
31562 11112 
12406 22592 
94949 96654 
99039 42332 
92602 76115 
78982 4089 
96967 77725 
13553 92115 
23111 37673 
86826 59798 
35851 81184 
5143 18185 
73433 84366 
20771 44065 
17805 18076 
71126 78480 
33822 15044 
68844 40502 
20155 94515 
99963 38286 
63172 24893 
87549 19608 
61740 4173 
56362 67538 
95698 90383 
90476 13344 
43618 19847 
10232 8392 
16556 9740 
7546 69548 
63613 53250 
69259 88454 
22438 80586 
87112 74082 
33208 77151 
99866 80065 
8144 21375 
38214 53595 
50304 29029 
46325 31020 
45157 68286 
35241 96804 
6363 40355 
82784 17128 
43229 4195 
32265 57173 
31441 60665 
57975 91991 
10998 1371 
59315 24892 
5641 70551 
17372 34393 
56648 84550 
97859 81028 
90488 2714 
12560 18700 
94635 46009 
57753 71763 
58752 15221 
32583 58647 
49480 69285 
2928 65589 
26228 86108 
17039 99921 
72665 43198 
98083 81364 
13990 23467 
35680 61908 
13630 72786 
73638 108 
94638 10155 
44293 54014 
10892 18827 
31230 98443 
1049 27272 
51618 16945 
94310 22557 
36998 66556 
1150 25546 
57077 64325 
14497 97253 
74942 98581 
67231 38762 
44069 25066 
40409 93300 
57604 68291 
93306 58383 
38613 11855 
91111 68393 
16354 27988 
39050 13495 
68085 66169 
92753 19517 
18528 93485 
3808 25222 
79828 55197 
76760 58334 
83699 3067 
59219 29757 
4402 21060 
60253 36629 
96341 63324 
93944 89131 
73225 7732 
74720 53455 
37150 19746 
49032 33883 
25388 16032 
33950 605 
80287 14969 
47425 6759 
63400 62100 
57247 28070 
28816 22569 
46135 1581 
42628 39722 
88941 36110 
85589 69283 
64593 16431 
4201 11928 
80207 25581 
81863 83559 
67690 65285 
86148 82217 
24209 63168 
10895 33323 
7034 17249 
72521 20830 
60592 43149 
38791 40844 
48925 57516 
65287 46440 
90328 52344 
89876 87603 
42575 89213 
88739 88666 
66933 69882 
28840 47047 
7080 20255 
61202 81790 
55075 58432 
86947 8115 
40670 4357 
93795 65074 
72590 28535 
4540 77443 
80740 30345 
1016 90061 
56915 82674 
87145 73119 
68185 78902 
32912 60263 
21952 70732 
97407 47888 
94560 90894 
63609 53611 
96394 13475 
30141 4702 
35562 16419 
95954 3072 
59510 75695 
42769 92497 
99379 38703 
67048 35810 
15412 95656 
38387 95095 
43384 92015 
64427 96295 
71829 2495 
23747 51110 
37729 17704 
87656 3743 
14384 78200 
89414 67765 
79323 27532 
15116 19274 
92411 45818 
84359 16502 
84729 68420 
60723 23190 
57307 90532 
82263 23265 
15486 7759 
30373 27753 
19449 45243 
61782 91373 
14374 83431 
12859 75861 
14696 97304 
48062 19849 
56142 87662 
65034 1003 
96464 98041 
87742 5102 
41210 78870 
75985 48901 
94431 81702 
54738 38863 
85853 40630 
19982 86207 
5843 25482 
9050 40255 
87406 31916 
32967 46664 
10481 7259 
55875 84889 
67978 97735 
72352 90115 
25261 42669 
77280 18878 
25211 34321 
44888 74745 
39525 8197 
33708 70663 
43586 28009 
12375 67962 
96997 81875 
57582 98535 
44804 11940 
9966 46286 
15460 58274 
86264 36753 
80746 9735 
36859 59656 
60137 19402 
6645 28131 
97536 60281 
4104 60539 
11806 68153 
8632 56009 
24215 42758 
49321 23224 
95671 55959 
69786 13482 
64557 46073 
53087 3703 
61990 61278 
18389 72774 
95514 51805 
16745 15528 
34482 550 
47198 42667 
842 24844 
86420 22022 
67535 78280 
75155 26857 
93393 30824 
32992 70252 
78218 7877 
79321 21135 
4602 24522 
22802 17147 
44126 59884 
44291 12284 
44691 78341 
38849 23143 
83062 19263 
1366 66583 
62085 45041 
37247 13768 
55579 58341 
54741 20802 
55582 73829 
48712 34527 
56393 57091 
16976 13594 
17770 23978 
59836 49511 
85691 27368 
1015 20154 
13218 45093 
33919 59087 
16332 22751 
41023 78050 
19955 18186 
56123 37095 
97983 40616 
39303 17119 
87753 76673 
12715 12907 
64180 48112 
61554 31301 
91725 51464 
39166 48765 
33341 88638 
27746 55322 
84764 9260 
96864 87779 
19753 50504 
70869 34104 
77323 78222 
63215 72976 
95534 4383 
60829 97797 
98067 80129 
44897 62785 
69599 41218 
15746 80327 
13904 13181 
49025 93361 
74635 67207 
47933 44334 
12911 54588 
72005 63131 
78110 37520 
16806 421 
78680 77072 
90825 39948 
58325 35386 
86011 33573 
9576 98441 
66570 16256 
11527 28181 
7012 74655 
61460 8361 
94910 62649 
81095 57167 
76419 79877 
17351 41470 
63334 55207 
24827 42524 
39319 6113 
12577 90984 
99893 77021 
61326 10309 
35876 94966 
68909 81924 
23217 19273 
61513 72984 
13458 3468 
16205 48105 
28580 32280 
76277 20161 
51572 44314 
5073 82039 
69764 1888 
16283 1190 
71857 23507 
39071 51880 
21500 51593 
24946 6246 
30413 88317 
79965 4558 
32245 95804 
10596 77550 
14717 23434 
4549 99242 
2065 94623 
28837 7357 
92410 58220 
16556 40273 
45385 85525 
31129 4366 
84208 72931 
42160 3702 
23375 92354 
20604 35179 
58204 16818 
62602 76587 
55739 37001 
81121 72458 
67827 75988 
62443 53167 
46666 4169 
70596 6418 
80735 53916 
96964 57084 
84714 34604 
94607 1298 
70880 52499 
7231 83764 
1395 47200 
1289 3447 
71050 66553 
36333 82118 
98217 15351 
63551 32671 
8112 29621 
25317 19694 
76963 47945 
39607 13475 
68255 74004 
92331 422 
32957 50406 
27860 27846 
64479 92899 
23497 29093 
96090 66144 
57135 96219 
3603 17529 
29014 41720 
29381 23841 
78292 18258 
75056 47161 
43026 45905 
19816 40926 
48223 30103 
8722 94904 
70757 40370 
21254 58665 
22256 59715 
74090 37173 
11440 7782 
34151 9222 
95979 86966 
17992 79711 
10537 14 
31874 40118 
62501 40113 
