34840 85642 
9701 510 
8464 10533 
88646 4422 
48353 24959 
10214 5704 
36218 85531 
54921 36375 
11277 15464 
73410 93080 
46825 42575 
78546 32205 
56429 63605 
74157 33661 
93430 93599 
71279 68688 
63810 25590 
75678 12595 
6942 95476 
91449 2061 
11339 19705 
74654 48412 
23237 49285 
88245 83256 
74716 62628 
54939 30900 
4995 1876 
78228 73192 
73681 42598 
3384 96719 
67942 75131 
20096 89756 
86927 67358 
66292 86912 
46254 73305 
78717 43125 
82937 49746 
50028 55451 
56898 43837 
94428 41068 
39016 18827 
94276 22947 
47666 92030 
98648 70857 
45775 69464 
71491 94677 
38672 74985 
41782 89439 
19330 88208 
91029 87068 
92083 25171 
24470 78515 
68503 18409 
11503 31765 
69837 79043 
48162 46145 
89256 52427 
89844 51446 
64129 11078 
26062 81541 
83659 63842 
20622 26504 
10413 98627 
20442 94682 
25633 17553 
44110 96743 
17706 67981 
97340 97383 
20741 20650 
26623 67241 
75941 97026 
14669 7471 
32303 1959 
41647 12499 
25146 74897 
84746 82704 
71078 33140 
5271 98034 
96209 44000 
77249 16069 
70803 29242 
44432 63547 
57997 74811 
53637 49109 
96839 91590 
1501 36814 
30601 48835 
49027 84909 
60195 80912 
3713 72433 
49455 50114 
42560 7389 
34192 33575 
50969 34572 
90110 90675 
82260 38545 
96041 58846 
513 67860 
88431 20315 
55415 90273 
40591 80049 
52010 25556 
15966 96105 
20477 92420 
38516 7512 
61531 49144 
95268 12012 
41517 3704 
36213 56204 
37976 18487 
64928 14017 
91232 37143 
19661 45947 
428 16685 
29087 51135 
13537 56627 
89530 47083 
99973 78782 
51197 37721 
61744 26287 
19779 59513 
34500 18452 
76783 27445 
53347 19289 
97028 37965 
9978 51810 
94987 24342 
7436 17701 
62968 1414 
26753 62492 
73654 81312 
55743 60066 
7058 89517 
94358 77142 
27721 61471 
43352 18336 
81800 53976 
3361 45442 
5680 62744 
60067 10790 
37834 97705 
7771 43834 
3880 31080 
68478 82589 
1136 99697 
96510 47068 
43433 12695 
19717 10605 
39571 88481 
57465 36719 
69485 20714 
72941 14161 
91081 52060 
62646 40814 
57632 16628 
59544 78331 
50760 97221 
27959 23710 
37223 31933 
58112 21431 
39087 96109 
26102 70365 
66341 80352 
71150 63348 
98590 82946 
56121 34130 
18211 36034 
19585 76346 
91187 88802 
98117 42231 
63803 78116 
96062 24990 
93501 27293 
6638 78045 
60405 27033 
43058 26826 
12375 69110 
21256 84343 
80917 22980 
46812 90461 
67890 68260 
97868 56621 
43646 21906 
63103 12685 
16126 27906 
89206 20665 
27356 9437 
15891 41265 
8945 18716 
28095 13496 
81347 58109 
34818 35070 
13056 87594 
91970 11824 
65324 78315 
22612 78147 
35629 19678 
52160 77165 
78822 38350 
68383 29409 
28725 41526 
36456 11750 
64955 53936 
47849 14555 
69802 78343 
58495 44377 
98253 72639 
76492 91883 
40574 3170 
92447 90337 
91352 3543 
6671 48616 
51478 40904 
96546 54560 
80303 67594 
84692 9406 
84013 15052 
13967 72121 
73268 68991 
8872 63626 
48233 50112 
4575 5247 
72363 13017 
54595 43127 
77638 67456 
86040 40964 
3424 20707 
57382 7059 
8745 37621 
87869 58527 
13445 15736 
69995 15443 
17598 76896 
46833 60768 
20473 83916 
34579 98087 
10479 1086 
97330 88511 
25711 30709 
35871 50530 
91098 74353 
35194 62190 
22600 87123 
26482 13620 
51511 16030 
58455 19807 
62647 39400 
40273 18391 
59045 53275 
13582 45383 
62763 82877 
34840 2861 
36491 32485 
712 7020 
63875 25415 
29114 32412 
57830 27341 
16385 48748 
75579 90785 
27113 80370 
6753 6382 
37303 5260 
66605 97402 
43837 50445 
70256 47997 
73625 33705 
85845 12800 
74339 47658 
64556 15725 
45316 81667 
23731 9227 
71982 29401 
15607 31754 
60064 35472 
48704 70775 
26894 93278 
41476 11515 
96276 17959 
78565 27403 
60643 83352 
8850 47248 
19688 29870 
71449 16278 
78144 21449 
60929 53450 
87074 53983 
46210 95793 
42812 95162 
38986 12073 
15596 66138 
66967 62677 
65984 59184 
44842 80387 
21297 22293 
51580 47575 
26614 31624 
16539 49374 
55261 15759 
88828 89488 
62271 91938 
14460 65568 
90944 23737 
74050 14473 
97438 12116 
40181 54208 
41203 87315 
98010 68987 
147 77772 
35297 6615 
8535 94060 
48760 83258 
82950 80771 
32508 19669 
97035 57342 
11265 65094 
89251 90033 
56223 287 
39604 11531 
74549 49503 
31007 32164 
94945 72783 
18907 67214 
81131 54517 
68823 38544 
92700 52007 
85597 95569 
78531 18621 
50450 40516 
31797 70159 
2343 36031 
57576 20163 
48698 19321 
4147 70149 
67143 46402 
87319 4151 
64796 42410 
93446 3420 
94466 39533 
81289 66813 
88191 42791 
15456 95098 
57726 75731 
54881 73323 
28822 23024 
88675 64385 
21607 5022 
58612 9070 
62873 90539 
32642 13066 
17749 78415 
97042 89880 
58028 55883 
16150 20028 
42320 72306 
68106 81560 
69236 50564 
2638 4685 
78983 95166 
82623 4172 
21007 46119 
65023 47194 
75772 70649 
48765 21413 
17252 81048 
67229 78355 
29406 16264 
31224 40509 
44689 27258 
34696 77086 
55533 61750 
19869 72995 
60817 52651 
61123 38363 
48443 76291 
67644 31786 
82489 61509 
23709 99516 
58753 98725 
82472 64919 
16091 19305 
4170 37771 
42581 89868 
82945 51370 
95341 93582 
37779 76925 
60731 51113 
52540 9314 
17729 67545 
37715 66059 
31389 78425 
52156 92252 
95616 8010 
66972 18158 
64873 45894 
75718 73358 
62995 94335 
55096 21546 
33918 37969 
58616 43470 
3943 39995 
82024 62019 
58044 74522 
73753 73086 
93776 63422 
76278 18568 
5499 97882 
74958 13788 
68912 89766 
99795 20581 
41306 15978 
72539 39450 
66481 90204 
16635 79423 
74927 20728 
50734 52651 
99668 90452 
67868 32267 
86051 25831 
61823 6660 
59832 5109 
99863 61087 
32038 93074 
56682 18400 
61398 79474 
18288 74692 
65520 41324 
36529 72776 
70547 45493 
65043 66688 
15677 57328 
35632 43752 
83712 23448 
40439 87277 
11717 52466 
69747 82577 
46910 26056 
17838 91753 
52053 34600 
10052 48547 
31905 46606 
23066 53623 
47713 89151 
67341 82689 
10237 37769 
75832 55210 
93488 88564 
96237 49764 
91119 12736 
15434 93653 
45336 74278 
54210 98980 
14227 25316 
58014 65173 
7558 80352 
75136 18797 
13391 10630 
57628 15521 
58260 92900 
42190 86224 
92209 93058 
68396 69472 
66621 64448 
69822 35997 
77593 93055 
29998 77281 
80475 27383 
29587 23 
42273 89507 
23778 40966 
87734 75610 
79600 92487 
12260 19235 
71736 8331 
80154 8578 
82362 41007 
299 20318 
75646 47609 
72970 56801 
20758 89233 
31314 50850 
18603 40613 
58910 33016 
46948 21283 
50872 39794 
76220 57292 
112 78137 
23960 83387 
32674 51552 
9791 99583 
86443 96110 
44713 3166 
26090 70912 
38634 27441 
13753 96853 
38272 31893 
9757 39994 
13927 4950 
60573 91379 
98062 60166 
42256 3857 
41262 29390 
66770 8280 
91840 82358 
25873 46378 
24217 31173 
42674 25684 
38175 10243 
24475 23080 
26183 57510 
62204 37842 
59198 61192 
1507 22514 
72733 77730 
18489 483 
44398 71325 
69125 12864 
41785 73114 
45521 24067 
85224 9009 
64491 55398 
13836 99152 
34338 9097 
65259 89099 
94229 91411 
79516 33115 
97265 42610 
15732 13301 
13074 34307 
26747 44815 
58720 99999 
71135 87061 
27716 23444 
54763 53464 
76107 21302 
84708 88364 
41871 21406 
87249 58510 
19304 56107 
88559 88831 
83570 61319 
81886 57344 
62275 96200 
8185 52508 
80712 75871 
58539 87770 
65306 40107 
66161 62739 
75870 64661 
93384 58129 
51388 58667 
34758 52515 
96380 81531 
51214 52962 
5266 55778 
22258 38675 
20726 48511 
53204 27114 
48665 43456 
2739 85377 
7234 28022 
2400 26153 
70206 75343 
24078 47199 
76096 9985 
14189 96012 
13537 7817 
53957 67288 
60730 95458 
24024 69731 
52184 82828 
48628 30924 
69504 83461 
69669 44204 
4645 51617 
54196 99909 
23828 92618 
70221 84800 
68239 83443 
75205 78160 
63640 74265 
49191 20773 
75227 28476 
70269 83898 
36292 98650 
73888 19335 
99722 28975 
59538 28829 
9857 20886 
8393 51289 
68899 97918 
53740 29702 
76876 58283 
2373 86108 
57026 9197 
39585 2637 
39552 35701 
63011 79363 
65825 68539 
81284 15615 
92410 80570 
82309 40372 
19694 59290 
22956 99518 
43446 74215 
17036 92975 
29277 82188 
1684 43109 
39766 91127 
43585 67320 
1931 33290 
5987 22345 
88747 82819 
35003 85555 
2584 89167 
39475 39418 
90721 87907 
32462 29303 
93500 93537 
74451 71901 
24209 75063 
8430 1837 
6480 64445 
5224 57402 
49712 50472 
43823 22814 
26005 66154 
35908 64116 
23079 86442 
66385 18482 
86831 14885 
62453 22660 
34471 52796 
22573 95242 
14573 12528 
33700 19580 
13930 57702 
80209 9454 
62761 27493 
1199 77929 
69568 29571 
84169 71384 
24921 66817 
92580 75303 
49400 96661 
12366 46174 
25163 8678 
68220 74726 
42829 46040 
4301 39734 
15816 89466 
45991 68762 
62801 68538 
59441 82438 
35608 64526 
3838 62276 
74649 21334 
27701 48526 
6923 86744 
94973 44194 
62634 64811 
39277 74091 
75635 72093 
35424 23691 
50204 55335 
46111 61549 
22047 46292 
48726 31168 
14989 578 
72252 83478 
96441 91716 
77519 9426 
64541 9048 
95371 23725 
57763 38691 
96799 45419 
63836 90442 
6698 18656 
18953 70332 
88608 17987 
30565 88491 
21660 86458 
27438 35039 
62927 61942 
39206 52907 
38459 57369 
34300 85819 
34519 73919 
99920 82102 
66881 42739 
30643 90552 
90513 10363 
3264 93292 
74589 5795 
54665 82352 
8473 53054 
46753 1656 
23171 22025 
97956 44172 
9737 42562 
84272 15159 
91196 42050 
64537 46770 
57771 5016 
64372 76708 
6568 94882 
61156 84201 
36321 22575 
48442 10259 
35417 94468 
22351 75964 
67123 23008 
24798 52537 
99811 37390 
98806 29940 
51925 88751 
59682 76989 
21544 4637 
62511 85278 
48615 10851 
51203 41623 
14278 5315 
7230 79349 
16184 38179 
77228 17373 
71285 25207 
47817 7926 
88322 97297 
53239 78624 
21074 68052 
46873 72722 
60392 83385 
41173 62547 
48163 2460 
22272 35426 
99555 47601 
75261 28876 
1248 52324 
14065 22381 
12818 31283 
95880 76772 
36062 93649 
14285 49047 
32753 22363 
7436 412 
65160 45657 
88161 58377 
5671 34405 
1291 89950 
11913 69098 
40261 92271 
92012 33637 
9749 9485 
90982 9611 
4080 40214 
13700 64387 
82123 8670 
62513 49072 
58585 34277 
8261 48300 
98890 49622 
32347 52783 
235 84588 
74436 57727 
64956 55755 
95493 25413 
23995 74435 
19074 88691 
48043 14181 
45131 13575 
91849 59137 
40074 83800 
53214 88334 
94423 17933 
92345 37814 
5119 80515 
49556 22429 
83379 2723 
19666 92212 
10999 85151 
90030 44429 
68061 15586 
25761 11711 
33257 98013 
90507 99135 
14374 55599 
24047 48662 
950 40043 
59009 68054 
43733 52397 
48184 73193 
56273 56392 
91161 57679 
2840 44272 
94465 21629 
83822 97274 
72880 62828 
54868 68154 
1308 57654 
19253 1531 
56312 36675 
14294 99337 
44385 90370 
72114 33263 
32 24115 
72661 3876 
50903 18388 
22599 46944 
89522 40113 
87531 91512 
61534 94085 
77014 81396 
78950 99663 
31886 82039 
93536 27181 
91687 8013 
20249 31012 
26258 22995 
83561 71763 
126 83642 
70535 28774 
840 21566 
13675 65910 
3159 83483 
93860 28592 
59855 78595 
49097 18046 
6838 14432 
98321 9977 
45437 37591 
41189 59169 
17869 34226 
74547 58961 
23296 86620 
74192 5105 
31329 26806 
26573 47226 
37437 75979 
59238 97902 
70451 9271 
11118 9318 
6190 39534 
4152 20538 
63217 70824 
26285 24613 
56819 32618 
12549 4054 
65549 69096 
15692 35667 
20981 24382 
90761 71274 
65849 34240 
79063 59585 
38291 7477 
66088 86240 
30666 56187 
5276 74055 
40272 12979 
44902 3503 
76233 55449 
68903 84693 
11941 43423 
64121 36425 
75671 62867 
56239 5321 
53305 61861 
14557 88610 
36602 58691 
11854 7846 
88034 99812 
39666 17626 
8939 46382 
21669 23356 
91571 72010 
38206 25140 
7633 61528 
73577 1085 
35944 10839 
24331 92624 
60128 41263 
61629 56889 
73562 58334 
23615 6761 
13294 4583 
24792 67869 
7227 78657 
8552 43692 
59606 18944 
36300 94781 
18670 78921 
2013 6256 
67336 53542 
84615 38880 
52838 51262 
2212 33344 
24512 44651 
12010 64834 
80222 74055 
7660 25528 
31429 23427 
1789 46344 
84484 35143 
45657 56092 
1457 81554 
30163 16122 
47650 64999 
32808 61613 
54932 75133 
23798 26862 
30124 92692 
21100 31226 
15872 92192 
89048 54834 
67814 62544 
8046 38720 
46310 34228 
3885 2765 
33602 74393 
14414 86603 
77989 87149 
88552 83627 
35457 35319 
58049 56276 
26189 82023 
95945 91979 
48428 35760 
77322 83456 
95466 71012 
87747 94508 
2803 87873 
82699 2995 
12047 68900 
87320 96405 
75692 89058 
39968 32220 
42658 35581 
25382 65218 
58294 98520 
13615 86958 
84556 99918 
19479 18821 
96127 39771 
23889 49365 
36516 50355 
53261 9141 
24471 66948 
96058 31710 
85554 42671 
46593 58288 
46305 57853 
5369 5256 
69139 276 
32505 28720 
24991 21596 
46240 88372 
97666 7422 
81996 34088 
88978 33734 
79188 13022 
46960 20744 
42717 22401 
70791 36796 
34015 13770 
55560 49497 
82538 88159 
27562 69091 
72763 8440 
86573 79896 
54025 95078 
15386 9678 
40961 64576 
38843 43946 
20831 16064 
14750 52397 
60672 70838 
17207 58146 
12026 22067 
29311 46848 
43859 57472 
96607 82470 
95381 76460 
5283 69217 
29582 35011 
39827 74999 
85614 16583 
43705 10822 
73554 45321 
53602 42615 
28619 29092 
2848 97287 
43552 44157 
92892 13126 
27701 50747 
13032 76230 
99215 59358 
48060 79229 
2812 51300 
51119 36345 
59739 93821 
74742 89699 
98830 80094 
46943 45789 
87979 67398 
51156 88185 
83872 83041 
18946 22740 
44488 16860 
72629 25009 
3674 21605 
61284 76039 
89988 98057 
18106 92370 
83051 50429 
29674 78794 
39815 59426 
48392 58325 
90433 35258 
98237 62839 
98820 80988 
20916 99945 
6533 17786 
84613 46940 
30280 97958 
30764 61043 
63113 59081 
65608 36638 
37302 53136 
12758 84858 
42910 18213 
30640 58620 
60252 47192 
64334 97082 
56702 47738 
45250 17506 
18725 81006 
74000 39635 
38552 12674 
21945 87950 
51562 9191 
65130 80557 
25236 64614 
20633 79933 
33441 48948 
89863 50431 
10867 27601 
25922 40153 
71548 13385 
32865 80711 
92749 77430 
73548 77391 
10852 63453 
9733 44349 
49450 21002 
23192 24752 
1492 97627 
69801 24119 
17128 7365 
99957 76664 
6794 23476 
38102 59020 
55126 27102 
51771 63534 
55443 80272 
56274 44151 
16839 81692 
94979 51943 
66305 6761 
7154 84452 
66881 29484 
45385 83277 
99439 73258 
32844 27702 
10560 39939 
57023 88685 
11792 22187 
80995 27149 
26684 12757 
15910 43246 
21112 86219 
39097 9194 
19701 43558 
61052 47244 
6579 78138 
41517 46485 
32203 42730 
29969 47446 
99683 71598 
59077 61836 
83804 39109 
51000 36255 
43853 16873 
5907 13353 
27403 25111 
29661 91653 
26358 60788 
23369 36152 
38851 24969 
1317 45798 
10999 64924 
25796 41076 
81045 92714 
47430 95199 
25100 41281 
17818 95777 
8448 71539 
97663 90318 
79321 49503 
18048 38583 
3069 71186 
65080 67532 
23804 24835 
48882 513 
57906 44991 
86740 11313 
69163 30929 
77189 35852 
48870 73247 
66923 59535 
25854 56658 
15642 86660 
61213 84504 
45267 89790 
40409 1068 
19479 31619 
61463 71452 
37079 49612 
32080 15607 
38433 94601 
30895 83039 
18088 18485 
58384 97787 
8621 13349 
1542 99454 
50902 14544 
63092 55398 
94134 93663 
60770 21614 
75432 83846 
85140 85430 
13117 99479 
15426 31803 
10560 35105 
32019 36840 
8084 54237 
31585 7100 
39303 7786 
46130 51301 
45252 53920 
90896 92241 
74748 86445 
17630 1078 
52645 17166 
29557 63537 
29018 99201 
22285 68171 
31737 22830 
50926 40526 
32542 63243 
87847 33857 
2410 10400 
27790 26956 
75883 65249 
17465 72792 
65975 43648 
35300 87769 
71399 89619 
23651 70791 
96041 62913 
80594 93724 
57006 32400 
51312 10437 
91979 76398 
20123 90279 
89290 63815 
93374 93664 
54758 65887 
80690 72403 
98259 27251 
27492 95445 
69923 7254 
25223 71932 
979 87643 
27389 67733 
7462 31166 
29301 89125 
96373 67101 
27321 37790 
73345 74375 
59438 25055 
88443 30698 
43184 70052 
72499 96971 
69147 96479 
10178 10300 
78792 85660 
67974 66006 
53803 39821 
45426 79330 
70828 58810 
46072 30876 
30313 35919 
70979 16357 
50986 34053 
22211 40836 
32617 12164 
66144 20396 
28830 33688 
47281 80063 
39023 3683 
62078 65818 
23871 49394 
99250 20634 
72410 80204 
28121 9759 
387 37229 
69815 18831 
39296 70233 
17435 89907 
83499 60157 
80828 5142 
98797 39198 
19170 75573 
60022 47220 
90282 43373 
77495 3201 
89467 59931 
92592 63514 
72629 59236 
71218 84995 
58517 6313 
614 10098 
83172 63824 
99765 43863 
35991 86457 
86512 97990 
41322 22354 
5576 36011 
62059 73590 
10820 65367 
92469 43568 
12369 87122 
76305 78248 
44627 32142 
33240 90189 
84763 83726 
1769 39714 
52880 11027 
9906 35814 
54900 15003 
66411 10967 
87072 19245 
24703 18644 
7075 21684 
9238 37 
90826 60024 
9846 67434 
36401 33671 
43379 55649 
46890 68004 
53975 59 
22519 3023 
73360 10055 
19066 37717 
90825 20078 
84362 63959 
88852 16935 
67572 79268 
84869 61700 
7008 76504 
82156 47272 
41373 70354 
73712 58535 
56613 35420 
61687 31073 
75983 98776 
51987 36513 
24455 51075 
58735 57840 
50255 14569 
6531 56380 
66109 33879 
49745 73684 
80683 35903 
37604 56144 
26746 38932 
41407 37953 
56720 77890 
25910 68872 
68603 52520 
90811 27296 
45635 98434 
30194 16227 
41611 27110 
57924 17 
20427 80271 
25177 3127 
63212 96472 
12669 58643 
89303 93343 
14590 63935 
98384 27580 
43866 73576 
30239 6629 
79089 35548 
55870 90921 
42300 55725 
59145 43598 
43790 57796 
41655 55866 
55174 91012 
85148 404 
75216 26529 
35676 42731 
34236 74639 
31494 70974 
42404 49782 
82808 88178 
24812 8006 
25610 48131 
1949 82421 
14126 5590 
68046 46175 
86824 94884 
91739 39648 
39456 47061 
13580 8766 
65259 5033 
43160 14760 
77248 98657 
64966 92175 
10423 97227 
46526 51555 
12762 65554 
5059 46017 
73012 11619 
29500 46770 
611 28740 
73666 1660 
68434 3249 
33286 82947 
52650 79872 
94708 65767 
55573 51310 
96333 17119 
77241 65979 
75167 16721 
9308 28423 
80341 75696 
60911 600 
23086 66825 
90313 99072 
98317 30954 
8413 23049 
56881 78175 
40631 41339 
29459 59512 
82200 12402 
3230 45092 
58560 11068 
30622 8188 
7347 87880 
5814 80993 
31354 92619 
79144 17624 
32914 52248 
92163 72620 
29261 5327 
6789 79069 
65782 59886 
70889 89483 
89406 59836 
9570 24719 
17972 16155 
56550 61433 
43046 83422 
43232 76994 
33454 39718 
44427 62246 
64699 58460 
39144 7151 
85481 44442 
82485 62109 
46677 43174 
377 78612 
60448 22528 
12753 36898 
27527 68809 
62725 75416 
69293 35507 
79431 47139 
27896 32362 
30443 41169 
52461 44749 
25954 24551 
72351 29024 
21467 78889 
69449 38111 
28293 29042 
647 93455 
81867 87139 
88936 34389 
36772 64071 
96978 44056 
54321 32832 
20523 72183 
23630 63250 
90711 49355 
10361 86107 
54099 14847 
58641 86087 
7132 60669 
81159 67661 
97843 28141 
60013 85755 
71711 80161 
46622 83926 
30882 12237 
92863 36778 
96406 58457 
67555 50487 
11618 94724 
12520 35529 
1519 40941 
70671 29131 
7740 16233 
74922 11421 
51620 6882 
21193 28912 
38942 65347 
61375 11699 
9054 70529 
42839 46628 
48352 44423 
89942 47701 
33555 38319 
69926 47102 
43699 72963 
10722 15499 
81464 41330 
41393 8645 
74221 60189 
7288 28796 
83089 87127 
71470 84117 
34349 3448 
51548 26979 
1703 143 
56800 52943 
10156 94095 
84300 46215 
2713 44725 
4740 64510 
9615 37497 
18736 66482 
86499 50001 
92636 98302 
42655 18790 
89174 72416 
63450 80692 
92825 91192 
42053 71038 
92269 90888 
74711 23026 
23129 7265 
41166 27431 
92982 93174 
87152 79879 
7610 50564 
49514 64160 
92566 74626 
16078 94299 
57350 46156 
92250 65619 
80832 49730 
54196 45536 
6028 39907 
4500 68558 
19967 25443 
10355 86743 
60042 92352 
96629 66852 
32167 40693 
86568 18457 
47965 67050 
31406 83495 
88350 84948 
46845 17031 
79084 38830 
79124 41493 
20212 33718 
56337 62138 
45792 72292 
41656 90272 
2897 63917 
94320 32496 
29605 45979 
61488 69251 
80548 36938 
69522 63952 
95552 22596 
56730 15226 
31992 62364 
91328 89068 
84732 90671 
48124 45186 
98842 80176 
75347 2342 
39774 28049 
69075 71233 
23268 24378 
86898 20221 
22984 62605 
74698 29215 
67707 55907 
50887 30024 
11939 30581 
90920 27732 
13787 77727 
81629 46938 
82297 57912 
69640 49151 
62707 70001 
11104 23210 
12579 14961 
40965 59264 
84368 8224 
19175 78688 
70702 20029 
78538 7243 
87499 52217 
94280 46845 
67020 92046 
18974 22522 
8051 18862 
78116 55426 
83636 77832 
1420 40242 
38124 76476 
72829 85863 
14765 4306 
18253 11924 
42699 23714 
14223 80598 
77893 31049 
92930 82975 
36427 40888 
39511 92450 
80517 3606 
26017 43700 
17750 26598 
3114 95172 
52220 32917 
75391 85439 
82626 57556 
19031 99334 
76846 51262 
61654 18485 
65101 34507 
33294 42678 
84552 20126 
14759 33410 
77021 2131 
55024 49081 
88488 90356 
2870 12445 
44132 55808 
99597 75267 
75884 40016 
9471 22566 
60838 73151 
22445 89413 
88297 40320 
49736 46902 
10882 33198 
47007 50782 
50793 25042 
42182 36130 
26220 11129 
15333 84537 
34826 63785 
76615 86483 
81349 61439 
14878 70852 
64585 64508 
44388 76019 
45356 27416 
59977 92494 
1557 55695 
21987 15785 
38949 39848 
31541 9989 
67101 23561 
23950 97523 
68749 92826 
3468 58521 
87767 4685 
66161 44554 
36094 9553 
9302 85715 
73150 59457 
5497 97485 
42627 36030 
27643 74426 
61034 76732 
46880 91376 
39934 25524 
89830 19695 
89587 85087 
33725 6008 
95496 1709 
38416 53988 
81389 71061 
62813 95892 
72222 13357 
89938 39889 
49036 29774 
89592 31667 
43828 18484 
80509 74358 
57105 98323 
14941 9517 
93327 60834 
97750 73718 
242 47328 
69391 10251 
66896 26596 
27561 33492 
82123 31039 
35834 14691 
80387 94241 
69266 82250 
5080 21376 
76727 7005 
744 15368 
97637 73587 
5127 76309 
56815 22625 
49600 89458 
75311 85392 
92188 17952 
77375 22396 
1304 20418 
44125 20535 
80251 20781 
63017 99584 
72662 67810 
48876 28113 
17254 35349 
67033 51398 
26646 30652 
72022 89404 
49435 97896 
86331 71665 
37338 26687 
82851 37665 
79935 1249 
1962 46281 
88377 55008 
29612 5913 
6412 27391 
86246 58109 
2177 54925 
28150 21833 
47421 67104 
42527 32930 
22173 98976 
25536 93946 
92347 77066 
68572 83118 
95369 82958 
42224 58195 
34636 49793 
59612 30665 
27454 882 
21247 79064 
73105 96826 
92066 16189 
7741 17733 
37963 24398 
91084 70540 
53940 25589 
26206 77932 
48867 58041 
48169 74980 
12936 90963 
29892 12388 
82995 19450 
44335 41099 
38275 47446 
90933 32028 
4419 84416 
41194 66808 
17247 52598 
83474 20702 
99367 26030 
50146 47204 
32521 99992 
91754 65348 
66464 20055 
22201 45395 
91208 83641 
96606 86307 
13627 63808 
99229 79285 
21708 94889 
12648 55688 
90120 2735 
11413 24731 
79354 58436 
73436 16661 
7286 83784 
30658 60451 
26864 39107 
86826 41577 
26475 79740 
14734 5073 
80621 76030 
7838 91798 
17678 53647 
1914 21733 
38792 25847 
1255 67146 
17390 57472 
40866 90576 
32308 21605 
91254 57831 
39208 84140 
65577 74601 
64719 78975 
20314 36778 
15691 17083 
50064 29189 
31929 6421 
64673 55230 
74988 46450 
2646 30744 
37849 979 
78601 29510 
80754 46113 
84536 24816 
46959 36277 
64753 31860 
88871 30607 
62518 19107 
39806 74433 
92869 23207 
99483 36153 
30485 71742 
62467 58485 
14083 90790 
7870 94900 
59589 50206 
85958 66980 
43112 78501 
82669 96521 
61784 61328 
16644 37367 
5585 22860 
24964 56315 
76510 77704 
23639 89836 
72784 32495 
86751 33948 
15301 10965 
74219 8252 
31056 74023 
52306 71977 
24073 7249 
93267 59800 
58166 52233 
10960 48290 
47856 65303 
87763 60009 
3854 97443 
74809 61618 
7746 2581 
2337 14784 
96868 97937 
19858 94244 
24827 19737 
96889 96078 
25722 40366 
54134 21056 
50844 38906 
62318 32864 
65474 46004 
41265 59089 
90387 16160 
15339 24027 
47752 15753 
33057 76688 
24342 53532 
38438 4836 
96328 21778 
89575 6439 
69392 60990 
55962 23621 
75488 8680 
90241 31005 
33324 43773 
62356 10299 
23460 92078 
64472 36011 
50902 15450 
43584 43406 
68179 67503 
95380 49115 
10085 62119 
57724 47243 
47649 67497 
75023 9408 
3346 8123 
65770 75812 
82160 29789 
14754 36284 
63859 58670 
28649 65158 
70637 64468 
39168 91920 
71324 19768 
11471 60766 
8382 33011 
17159 56500 
37194 20836 
61030 51661 
48470 77090 
8610 60341 
4059 90407 
47565 67829 
54077 60013 
30234 42039 
18973 60302 
86803 22634 
13990 8726 
69074 26798 
65475 98667 
83293 6837 
18574 69234 
97179 44060 
64067 97263 
61061 65880 
18463 13360 
65979 28599 
75930 63401 
72578 17069 
13238 59704 
83862 74204 
69629 91917 
2079 88293 
42350 96725 
5486 34096 
35580 17564 
4238 84926 
75569 20802 
86318 87220 
58038 73230 
44214 16546 
25215 27196 
80944 14559 
79387 4359 
30090 40121 
27429 16781 
88636 54596 
16474 14966 
53710 1291 
64777 6446 
74722 32076 
13771 45650 
80945 80395 
27412 56057 
21241 79212 
43134 8977 
57387 74880 
35102 49866 
85434 93458 
84895 32638 
20495 74737 
67357 95265 
69560 1011 
50097 85767 
34217 12597 
73936 26760 
30558 20165 
28595 88804 
87082 95131 
63001 28082 
83087 43674 
72821 32312 
19800 47405 
89174 10294 
74435 84247 
51954 55114 
73371 26808 
88772 8813 
34832 52327 
36284 57159 
73723 88216 
34479 87217 
31673 60298 
96511 47498 
93902 7020 
6723 60743 
81165 72246 
27766 52773 
59812 91665 
4030 77349 
95928 43432 
33110 36586 
90541 42332 
39604 19256 
72044 18596 
26271 5168 
89274 37413 
96421 12829 
44087 83266 
38397 99713 
25815 54419 
38080 59720 
61643 87169 
38587 788 
76733 56952 
97695 27133 
65834 83927 
2952 95191 
14144 4391 
92084 60133 
69364 56148 
91995 80665 
59152 65935 
33520 3856 
68607 20068 
21058 8844 
40956 45627 
36316 48542 
41241 28882 
33607 91834 
27646 50022 
40505 35260 
7953 18901 
12122 22811 
19699 55123 
99878 85223 
61734 67680 
86354 86024 
22191 54233 
6657 40589 
93264 58252 
23723 56612 
36744 93361 
50051 29626 
65919 68617 
11609 15600 
39218 25826 
30980 94145 
18908 30621 
66313 30483 
34171 42691 
80214 42086 
2058 27361 
28454 76785 
2098 60685 
52212 13138 
70755 23268 
29552 975 
80457 74227 
91904 70306 
94572 46005 
39587 50142 
44520 3225 
96706 55290 
58084 64306 
30280 18814 
79041 93260 
21013 70593 
57395 30927 
13868 88315 
56762 49817 
95447 76217 
20888 84815 
42141 59038 
64793 13191 
58127 13873 
7721 31662 
75506 1048 
44844 5719 
20214 96567 
62569 46970 
56836 73385 
38365 7968 
13012 26464 
30148 70780 
49888 87462 
52579 45530 
88881 28927 
58020 88185 
27025 14961 
88438 93054 
73230 15611 
41203 14796 
16048 65598 
96515 27163 
89858 14501 
87099 31272 
40863 85163 
51850 84897 
6903 29801 
4261 36082 
15778 49225 
63761 9319 
75672 19543 
43498 10615 
78182 52873 
61632 88925 
59613 3827 
44861 15801 
69374 21919 
22711 22496 
75692 41563 
68996 64362 
98310 95915 
32913 66049 
95450 38627 
16403 37856 
48031 58404 
96655 43497 
77992 75298 
63104 42631 
9535 14779 
36737 27691 
32191 65889 
66240 23854 
52871 43153 
50280 23462 
30354 88446 
18109 81731 
70202 68612 
11751 9316 
20628 47416 
52165 59084 
50618 36267 
39063 19415 
10412 57168 
29493 94400 
71459 83470 
63800 72491 
18029 59262 
59276 59514 
15909 36608 
71554 79328 
14940 11355 
31759 26056 
51639 82843 
3404 85453 
5747 10632 
67248 29802 
30248 92208 
34552 30691 
18274 39659 
9635 27072 
92283 90436 
71125 32192 
965 47544 
17984 62320 
87597 7928 
31167 22612 
49884 4293 
34678 91050 
45805 55226 
828 53 
12581 91263 
33658 27199 
56615 406 
81775 71424 
41075 15592 
77258 9132 
44795 48774 
70832 95855 
91240 61497 
35155 3387 
49532 50246 
37868 59806 
90840 16344 
43949 90308 
42967 84814 
92953 40517 
23498 34357 
10894 717 
47660 1489 
58786 39425 
845 25884 
90289 97749 
37744 11098 
89430 92211 
20131 85086 
86045 23004 
33556 58344 
1345 87093 
29558 93957 
58951 51155 
24484 23510 
7755 48025 
48588 65554 
42140 22144 
79816 29188 
72356 64435 
15521 14339 
93292 45117 
32347 52449 
23380 74138 
59576 66513 
37066 93235 
44511 67821 
94033 31076 
19761 48235 
76297 33495 
91805 71473 
80322 14516 
57794 14625 
75458 60714 
23269 62002 
32290 61347 
37335 7430 
44914 29809 
83789 78208 
19661 28125 
66803 54250 
79477 5510 
7990 19242 
37935 14497 
28029 47216 
29778 73655 
20479 97530 
45920 4652 
38037 64004 
9979 83207 
2209 99859 
50744 8432 
16185 19082 
70326 13123 
7731 57003 
81341 8751 
53959 58079 
88077 83230 
43093 47308 
16437 46960 
9675 33164 
55304 53239 
39153 84589 
58055 2796 
75350 22328 
67093 79042 
80084 65770 
66539 50559 
88017 80465 
38661 20426 
71811 78621 
98135 98156 
82744 35123 
4896 19358 
60179 95009 
11127 40655 
9624 64845 
80842 92969 
33582 43 
31547 84983 
62002 22966 
86641 10377 
69853 32495 
94480 27419 
88204 94768 
65458 47507 
12149 36915 
1982 90513 
84030 881 
47886 39024 
83622 52790 
63607 51079 
88291 84821 
41362 71536 
75628 91184 
10591 15892 
28630 47557 
48108 87210 
69243 74203 
99673 26746 
89924 16994 
40103 91924 
74850 37719 
47600 1502 
2500 65267 
44610 87114 
99563 22707 
62312 42760 
72462 11731 
18777 69448 
77266 5614 
61825 70820 
1367 74547 
16812 67469 
21000 43127 
96836 62544 
67540 58741 
78269 9345 
82509 31754 
18064 2780 
66270 93642 
90939 40875 
28668 7588 
54327 79981 
31171 57577 
6882 37876 
69586 36652 
92397 82656 
83971 52721 
15097 82117 
98143 71230 
74624 78303 
84980 17985 
99361 94907 
25716 72543 
55362 81457 
81521 92850 
34740 47509 
23873 25193 
82201 42497 
76583 70009 
1300 92504 
6802 93749 
93030 13848 
64953 99739 
18525 85245 
14220 96861 
44936 75226 
9110 33870 
28953 89551 
79556 99313 
15968 24567 
52127 22251 
84564 86772 
93150 47377 
45766 66265 
89865 99608 
14418 32373 
95250 97891 
6090 53382 
49708 25674 
77063 29172 
58560 16419 
17240 65453 
48122 66489 
26232 11380 
45117 44914 
51406 28540 
24286 29762 
43346 58570 
47250 64247 
88953 9161 
72072 92177 
15334 83731 
47393 2016 
18652 38751 
17641 81543 
61281 64543 
56527 61009 
97883 50279 
14904 1673 
36439 12003 
15993 68724 
13818 33675 
56143 12886 
67088 95559 
72463 73322 
11606 41707 
20025 6019 
94792 68883 
60831 36420 
80564 2930 
4298 32843 
33540 65423 
54776 98106 
14410 23379 
15426 80771 
68311 57878 
69784 14561 
86528 83615 
12428 4749 
48555 741 
28371 93695 
6300 62788 
27186 54228 
55129 34 
22294 79170 
47518 46347 
8496 58090 
44181 79399 
31505 58211 
64883 99034 
62115 55440 
96520 36670 
84607 93592 
39609 9816 
84075 85138 
25966 10062 
70601 5194 
20159 40382 
9540 71970 
25216 98138 
36658 51512 
49113 33854 
24449 72349 
52723 2677 
31706 86515 
92191 65346 
12233 67429 
89118 88587 
80593 92244 
10452 41021 
32860 16531 
16683 80009 
98579 12538 
41671 77276 
56475 8771 
394 36749 
80938 38281 
81920 16704 
98898 75772 
74045 80176 
27428 19558 
83373 62469 
31261 53362 
59974 62737 
86396 5114 
9330 37735 
61024 5138 
75906 210 
28284 34501 
12502 1793 
6655 45801 
7423 10863 
83299 33313 
27555 79522 
13241 27134 
49588 30630 
3019 86888 
93929 85826 
81272 74525 
46220 98470 
30692 92879 
49963 51695 
5902 86931 
80360 31030 
90002 18071 
64317 83512 
48909 38159 
94417 30773 
27059 9854 
95736 12273 
90659 42364 
43538 96684 
65391 37723 
97141 14333 
34314 71651 
10691 31728 
58689 65206 
5088 10341 
59555 38683 
36991 66167 
51080 77609 
80594 73993 
48098 82158 
45789 40907 
79689 15970 
92360 7244 
28251 18084 
64022 19990 
79267 92608 
58387 63623 
10786 44706 
69362 26393 
73626 88663 
87023 26295 
13399 13999 
16655 20253 
63680 59011 
83439 72497 
96005 7611 
22190 63686 
46822 94958 
12559 81006 
54154 80146 
9298 41309 
27434 20080 
34457 64267 
42820 57671 
43797 30632 
3278 19628 
53235 31826 
27829 4356 
12809 41449 
37533 28869 
45405 16711 
87204 95116 
25455 68363 
51252 30755 
58774 21397 
9681 57159 
38945 25602 
96005 38322 
97870 64998 
62656 68331 
38584 58250 
91462 62201 
36906 38329 
26853 25135 
25203 49044 
37692 88626 
26308 98470 
19949 18339 
88537 64877 
36943 18349 
83818 59486 
56443 79034 
70056 12134 
84664 41831 
86191 60933 
16027 83057 
43780 95030 
14537 51111 
2495 20793 
17720 26658 
68573 96054 
7287 13742 
35040 4477 
22042 11304 
90456 22696 
98028 59190 
58943 66551 
8481 512 
98432 89571 
41923 53070 
76348 46796 
529 36593 
62351 30087 
22912 59628 
26313 27276 
35546 30219 
6329 56815 
15278 17852 
16392 82032 
1722 60673 
96237 14669 
32816 81598 
66907 76049 
89396 49701 
44768 96071 
25380 99134 
83945 95139 
29010 96843 
62615 12215 
7549 32476 
2083 13379 
12947 89126 
9250 39586 
29210 41924 
62864 29748 
23537 23033 
21848 85869 
22797 86174 
20040 30591 
14474 1616 
25847 44391 
86965 13407 
87583 59567 
17940 94650 
55679 31230 
91463 43738 
71506 1716 
74665 74730 
39172 24143 
12966 68423 
51485 13277 
9226 67183 
24148 47444 
36640 16211 
3308 53911 
97820 76704 
50733 71977 
83202 62223 
78173 2960 
795 78587 
97888 24322 
46232 79767 
79833 66385 
57196 87463 
57683 24379 
49521 60470 
5627 6031 
63597 41418 
15824 95464 
59205 53104 
42385 47843 
84482 64391 
41958 16067 
10456 96527 
33253 50694 
66436 94742 
18257 7403 
33495 47102 
56427 42448 
53423 92874 
59810 75900 
88696 25998 
81824 54907 
25407 65810 
5335 54767 
45540 36758 
96715 14292 
7583 71607 
81721 13786 
65193 28535 
16308 68868 
22485 91497 
70921 31451 
71463 5370 
20328 60394 
82243 82662 
32716 48623 
19913 6918 
81588 71009 
43240 49502 
61850 47810 
99889 11002 
77578 2203 
70448 96327 
83069 27242 
29228 33393 
1079 67519 
83706 49322 
12572 63862 
26413 25203 
10824 5621 
83192 60711 
39387 84375 
69946 93278 
88223 45368 
76383 32985 
5193 88513 
79695 93997 
91161 79540 
53737 26106 
86099 93630 
79984 75838 
20887 28853 
85383 35553 
4900 94793 
29203 71141 
43015 2900 
36082 54128 
27324 59489 
25679 62420 
28643 89666 
20713 55387 
20782 1108 
24601 73643 
6618 30255 
47567 61611 
79141 321 
25743 61858 
42945 60464 
21701 84181 
42037 68513 
16767 9550 
88379 25857 
5621 49275 
62236 72403 
81856 43141 
60190 1964 
59566 46758 
99572 63989 
10460 27997 
49142 76260 
8647 65158 
44955 84967 
65901 15351 
67676 73553 
9121 635 
2995 39751 
98624 41528 
80338 31434 
11049 52808 
86731 56255 
13838 4858 
82447 57414 
39623 45352 
2995 78556 
28333 70676 
18028 24401 
42404 34248 
31919 60594 
76221 79789 
53029 86159 
74761 91568 
29112 55040 
48379 60813 
44828 19375 
20764 77705 
4006 16484 
75353 71760 
74057 23991 
71786 39919 
52902 63063 
88495 21268 
29741 38432 
10112 101 
50222 65702 
19087 44873 
63794 51373 
69779 19644 
26488 59070 
20229 36700 
55861 16687 
71949 54311 
86539 93426 
21256 61976 
54539 3212 
57059 36981 
46505 71471 
49442 748 
85983 35985 
61023 51190 
93056 39364 
78760 98196 
45923 10567 
7742 83320 
93432 26031 
90466 21942 
16093 87118 
15204 66364 
9782 49912 
55277 51730 
71103 95859 
37423 53127 
96318 37286 
71889 51880 
66757 10544 
89493 81780 
82805 21318 
21629 1904 
25840 71612 
28015 21633 
72899 15962 
23983 85669 
62392 65632 
84175 12036 
10852 83866 
2777 64502 
10469 92700 
71719 32290 
95099 42418 
97778 84634 
48435 78418 
17113 65460 
42239 77072 
81467 94354 
34763 12107 
84136 43985 
29932 56100 
65771 71292 
96400 17877 
90180 89967 
72218 65901 
8504 85192 
35681 90214 
36524 88035 
5788 11018 
54281 46591 
46824 50712 
99836 53677 
90704 47995 
69683 16775 
58016 7592 
57191 84928 
54107 47226 
57433 79416 
40106 24658 
41841 10298 
30401 1919 
59344 99275 
47923 31314 
52031 70846 
76453 28333 
82803 18358 
85234 30301 
60109 99276 
65314 26420 
10578 64929 
9348 84781 
94200 83947 
86970 95014 
78681 75751 
16406 91413 
89710 30708 
9656 20706 
32074 56962 
73339 71067 
32930 60411 
80231 84551 
92989 33973 
87541 33804 
43999 5028 
67141 55738 
1599 65769 
30251 99777 
71491 90251 
74481 66378 
13839 24018 
54675 82685 
95900 17449 
80671 86534 
66122 62365 
74846 67420 
64283 82901 
80265 43648 
41723 26320 
96257 38553 
3322 97175 
32409 55497 
98588 79103 
14272 41299 
83080 92552 
44454 70818 
43353 43863 
21328 81590 
28715 31381 
44252 36752 
61314 87652 
88950 96918 
2405 53265 
19650 37238 
37135 97536 
15594 54570 
2774 23955 
28683 71501 
26044 24248 
56332 58902 
54052 73851 
8999 66772 
60290 93767 
75390 74295 
82275 39007 
40021 44391 
631 12207 
87566 95433 
745 42508 
36373 83418 
67606 14420 
79532 21535 
52058 79143 
76062 50904 
12370 31698 
27042 16202 
78937 91229 
91964 92959 
11844 78954 
49062 59490 
21148 48507 
80103 5756 
97963 86794 
64832 23880 
60758 69978 
3252 30616 
55769 28850 
44884 30763 
63014 50585 
93368 42313 
50130 19777 
72021 69097 
85090 80624 
81375 24729 
65838 84303 
53286 82857 
49978 70777 
7816 53026 
70861 22715 
48925 58944 
7793 20651 
92883 26442 
37514 23183 
9362 72174 
31749 93733 
69342 20879 
81304 96303 
36208 68989 
21069 86623 
6881 55412 
2231 32256 
8313 96545 
8114 5459 
81369 91853 
38296 5970 
38879 8803 
91966 87419 
67574 11530 
65993 80675 
54647 6265 
45761 30181 
58831 38402 
7538 85249 
13185 91010 
70018 17241 
42189 2661 
29618 65732 
99268 43646 
89240 51981 
82546 63956 
43406 36417 
66398 53847 
14039 38371 
94294 38392 
40622 80884 
14451 61087 
16073 71197 
3980 98423 
25402 78398 
19486 87241 
88040 23711 
32510 39804 
26738 56033 
56717 67661 
86000 45587 
50402 34722 
1253 91932 
82678 12403 
76302 9078 
84608 15259 
61086 20084 
67586 54213 
34363 66262 
80426 56323 
86642 12010 
93920 64936 
67579 5268 
47001 52192 
8975 35757 
62233 46978 
59633 18379 
39952 5803 
71581 17572 
70219 31459 
58450 19885 
59624 74934 
6345 56673 
56028 39712 
55085 76604 
68487 44422 
83432 68478 
21882 89746 
25801 38934 
56204 18541 
19862 56705 
78966 54340 
34597 85343 
5866 52711 
56561 39732 
79642 2383 
18460 18186 
39928 68639 
38634 81586 
27988 80121 
2606 73732 
49355 22076 
58633 2987 
84675 13939 
17966 34300 
34489 17288 
47586 72796 
7201 41324 
18198 55395 
11155 87419 
23553 5303 
91508 1650 
18476 45718 
60532 84859 
32467 13702 
5974 43423 
3333 62971 
26286 50774 
41042 95178 
33820 29625 
75817 13318 
87492 57930 
66494 47973 
64935 47808 
45223 67405 
60867 45958 
52856 45840 
3131 56561 
75680 30840 
10812 93194 
28645 20256 
79857 25011 
42839 32001 
70790 94238 
5648 25807 
90379 46978 
70949 15077 
4562 37380 
3591 89115 
93434 36445 
47565 51243 
60776 1014 
10464 66714 
40396 35967 
38176 5824 
99447 13202 
13258 62247 
24943 94665 
47993 24385 
93829 43517 
58886 78402 
69265 97456 
3193 25599 
36199 21307 
30049 3946 
87806 52138 
48854 13804 
1075 99524 
45816 61276 
94576 65991 
85868 49133 
44367 8252 
21686 64852 
45033 68529 
94093 38113 
41999 67087 
48892 65927 
28564 62030 
13997 32614 
96495 50489 
77710 83947 
52564 6509 
84084 50051 
65065 25277 
14555 50019 
84147 70755 
56340 52712 
87689 4369 
67607 12833 
40493 6074 
36987 49128 
18730 85947 
752 82441 
43847 24399 
24799 5352 
90577 72159 
80588 12264 
82193 87377 
44244 79046 
62849 86509 
26278 44732 
41606 38094 
95731 14271 
35659 34080 
96998 70948 
1319 32080 
70211 59870 
30471 73721 
76762 79758 
7491 49219 
409 99325 
67047 96351 
41375 96619 
66717 93222 
45945 4986 
90022 28503 
17292 37667 
25287 10286 
34617 54570 
23596 5263 
67142 29363 
25205 83601 
7111 72804 
57885 81750 
61680 69106 
52989 85322 
37390 86111 
95426 77252 
22944 27222 
22265 92668 
26050 3240 
11363 71183 
48368 15696 
56175 99775 
88891 59706 
5832 94998 
50627 74056 
60607 81945 
87974 88958 
52040 89193 
72976 47788 
4274 93939 
77433 8145 
68590 19543 
64852 59677 
46638 8948 
61305 31381 
69527 71717 
27492 99469 
79725 29886 
85639 48394 
70650 68410 
64355 82237 
74812 29639 
12158 31460 
55599 78123 
96093 50844 
50029 1924 
45739 58497 
30219 9753 
24846 22897 
99876 29380 
12962 65222 
18732 12110 
57623 7579 
52680 557 
14019 64256 
80234 22516 
23545 42750 
47002 32410 
95221 94070 
49013 33626 
44695 27709 
43006 79976 
14395 85662 
27231 72604 
45365 52011 
9819 39839 
96415 59855 
83459 11802 
9445 45718 
54883 79054 
1143 93105 
35600 55078 
20732 1484 
86322 46150 
51047 14716 
21711 68899 
45922 43873 
24346 45862 
90756 23342 
87229 52359 
45045 46275 
2683 84228 
75822 35680 
42134 65270 
19120 20838 
26095 15698 
12953 5231 
66546 58448 
29779 31789 
74947 48892 
98978 74031 
68292 75344 
50647 7542 
72886 92638 
30821 45234 
20940 19167 
35223 51982 
58619 48954 
83741 89445 
35826 4620 
11042 80316 
27814 84589 
80101 22684 
46587 38412 
34872 29880 
36145 37784 
95942 18887 
9717 97673 
68726 21298 
79486 41875 
77615 44814 
49655 417 
61440 70371 
92279 72398 
65753 30278 
1937 87188 
45595 76104 
30088 49323 
48829 11560 
32903 58043 
84532 35250 
27347 51059 
93581 10927 
39499 33997 
29255 58760 
46338 21878 
24564 40121 
57673 37078 
69945 90541 
58390 79390 
50093 40725 
32889 8138 
91899 53901 
23334 53720 
56843 99288 
31272 6548 
70615 76078 
58213 15010 
20382 107 
94896 60929 
65821 66242 
11286 70910 
3878 3543 
69741 65053 
99200 47356 
82312 40679 
42280 62782 
59824 38057 
25573 67304 
55151 37543 
34200 16913 
86020 93111 
32313 39643 
33697 15961 
88803 23224 
53102 83681 
26760 89415 
97142 65417 
99928 16603 
53497 21523 
96383 4361 
15608 57405 
44745 8933 
61285 85555 
51481 16971 
92142 77224 
29181 66381 
94957 65747 
85166 67731 
22114 97239 
27405 27457 
52438 11161 
10406 24967 
86001 73247 
87624 49743 
46909 76296 
58892 61685 
16611 70577 
1460 98184 
96918 84863 
51492 14786 
6725 51583 
59169 12827 
49319 55144 
75056 77045 
48205 81149 
37977 18898 
38543 56070 
25347 97263 
18558 31873 
95795 67111 
10717 88154 
848 88959 
55989 95540 
67566 17098 
66153 8426 
57229 73009 
88950 32554 
86533 1857 
98711 43515 
57221 4616 
11206 15947 
77671 36089 
35565 60001 
75682 60003 
18424 51620 
95568 56342 
5877 86201 
44603 83218 
47312 81451 
4004 5831 
91906 4509 
47826 18446 
83320 906 
19503 1834 
41050 58443 
250 78216 
27915 47807 
66123 48557 
42355 43536 
71270 22887 
41445 43882 
13747 83349 
95999 76212 
37237 51819 
2620 95748 
97142 69163 
29260 59786 
72682 31605 
50603 86966 
38051 71164 
37499 91729 
15092 11762 
753 17802 
17589 80350 
53656 81342 
62987 3270 
50016 74348 
71190 72103 
74789 71978 
92068 20346 
12985 33629 
3403 12542 
99166 86943 
99213 10855 
54647 36340 
44769 50581 
52419 43242 
9060 25733 
10837 83870 
98069 58569 
6296 2274 
2976 2825 
12397 41225 
46191 9420 
18494 51654 
55154 65521 
54083 52517 
18898 3110 
47125 37275 
85606 61586 
74204 640 
40747 80430 
18302 89763 
64831 92573 
36041 67790 
7440 86906 
50377 14466 
29909 9203 
27030 78458 
62858 74749 
63338 39111 
96795 73116 
16755 31539 
74051 55742 
26889 38282 
78576 10375 
39738 53201 
26453 42957 
25715 78836 
44455 7108 
94066 27153 
86582 44181 
45468 55431 
79231 22692 
71857 83954 
4489 94951 
7967 10278 
28039 20863 
62578 55995 
53229 44083 
9143 56266 
36116 44139 
95245 29808 
27612 29589 
38243 47612 
18355 81952 
10507 52337 
49506 7872 
81799 67163 
18421 7879 
78634 72807 
51955 24091 
40890 24491 
42186 86360 
4429 26832 
39372 36580 
15206 83932 
75252 74297 
85071 94417 
46085 33221 
32428 66702 
19332 67917 
11914 88477 
40488 2653 
26445 96228 
7243 70307 
32249 55515 
47077 48218 
92918 80844 
81290 79987 
12051 95116 
83621 57519 
75713 52984 
44801 25932 
65726 29879 
35746 65503 
62714 9018 
21572 99427 
43865 82438 
16190 73930 
94527 18864 
83001 58140 
95038 41209 
81004 15151 
14610 99533 
27666 2813 
42622 21505 
99947 73059 
14314 71722 
23116 51953 
42700 53658 
3365 99123 
51382 43626 
44642 64924 
14028 54789 
52798 86375 
45396 91083 
70791 88818 
56100 65873 
7593 89268 
78710 28205 
20391 29505 
96317 60724 
84778 2268 
56361 87639 
40851 72248 
32282 58560 
34482 35091 
3499 54593 
82505 2279 
60229 96776 
78144 47460 
3827 23761 
18758 720 
5617 45563 
81788 31286 
7589 73305 
96808 16241 
96880 71031 
61632 53158 
62600 75021 
28704 37851 
48373 78453 
44290 95029 
46853 84830 
57513 19205 
43519 92292 
28837 55994 
6212 82741 
58346 29825 
34166 54638 
23000 3049 
25690 56427 
59032 33621 
97184 48698 
50744 83719 
87863 47544 
90180 20100 
14307 78988 
53511 38451 
96901 4946 
99418 38662 
66239 64854 
32393 75660 
71746 13931 
89557 11369 
57039 28974 
3483 97314 
36965 95656 
65454 24571 
9805 87478 
63692 87956 
64762 95869 
99339 24795 
99663 73324 
89276 5051 
46701 7092 
49375 69273 
15086 49569 
14362 33545 
98628 93397 
91199 6507 
63557 94192 
61716 92533 
27319 11919 
47241 87260 
62581 63080 
23031 6924 
12375 50243 
23553 31362 
82083 62848 
11005 81986 
81864 23808 
88941 730 
29184 90114 
30460 43677 
85240 2465 
56145 53975 
91387 18878 
40778 32642 
92051 60333 
49845 83006 
79183 42639 
6919 64762 
69942 68096 
71258 57011 
34089 2902 
61285 96165 
20488 71874 
94087 24206 
93143 60705 
23694 55565 
76351 27817 
51583 46747 
25861 92808 
51731 31840 
88294 86551 
99502 69189 
84680 19193 
18744 29727 
55554 46636 
64709 45895 
34899 93502 
41746 31529 
78102 21156 
14194 77764 
55131 13068 
6493 27727 
34299 86590 
4273 33695 
24286 30170 
61998 4384 
12459 8113 
94742 57159 
36105 71153 
81760 234 
49845 60452 
37734 83272 
7243 95061 
13947 71341 
57608 88450 
76061 16768 
69938 48415 
67837 26228 
35186 76470 
10800 46254 
65270 97783 
8740 19364 
2673 20787 
22887 95147 
78024 46774 
58705 15885 
4683 24105 
58487 34666 
79181 69113 
25247 65467 
64221 56337 
12911 9293 
67045 14416 
5386 48219 
90071 50795 
72826 50077 
23028 68326 
37237 80494 
66224 29925 
1556 76174 
23096 73633 
96441 93508 
76864 79731 
77203 10024 
70915 44035 
59690 22666 
45411 17024 
18388 56535 
43687 27170 
82608 70466 
91156 18648 
57347 21695 
66705 98555 
64263 30896 
32001 6804 
45172 70964 
57648 93094 
95576 88193 
86800 9636 
98951 52878 
6613 5771 
13880 27869 
55844 41197 
25568 38223 
82920 18177 
10908 22887 
82986 69957 
81943 50181 
84693 32530 
66472 82885 
27933 69977 
56465 85851 
72235 19790 
5095 79323 
2211 73893 
81388 54508 
51217 13549 
97860 84470 
47325 71862 
10960 83024 
96691 6316 
56758 87091 
58632 25593 
25037 63810 
33942 29834 
93771 72753 
83435 91620 
42973 45690 
17210 26085 
41988 81613 
46818 72945 
57514 93096 
72267 40614 
60997 81607 
83737 43200 
23507 63960 
93898 94811 
73825 19908 
80886 12464 
61145 81713 
14281 18798 
7699 40556 
56844 28878 
58547 1770 
83286 51557 
35881 81142 
34033 35194 
83425 97890 
26709 39941 
42850 86449 
80985 24411 
38597 18812 
73464 93208 
60100 1927 
28453 63620 
21130 90546 
67734 74724 
44811 34899 
87867 80216 
69860 64720 
7108 37463 
98663 96393 
25652 29606 
11066 38365 
72721 34960 
49060 61483 
71935 88560 
37060 95534 
42397 64345 
40028 11030 
67143 43342 
77458 46142 
2832 23104 
5051 42719 
75016 66764 
47902 62421 
1817 86217 
19115 64283 
15544 3305 
85986 38382 
6522 35285 
52221 6795 
96356 6428 
9174 22663 
58860 96326 
71633 20928 
46058 97245 
54451 177 
43937 67849 
65134 44073 
78052 38666 
84491 22917 
12614 45856 
82541 51200 
38346 44173 
70093 15344 
24192 77426 
17764 27356 
15864 65359 
83673 4728 
237 99496 
78654 24695 
18789 27376 
63541 51827 
5551 44504 
16924 91920 
45429 6426 
33774 82322 
97330 19523 
15393 89038 
3149 68443 
89407 44366 
8487 90521 
54831 25312 
53860 13105 
81743 42657 
56196 28407 
7667 83307 
89604 92308 
63522 24431 
91638 98477 
30814 16911 
66732 97257 
78731 17737 
31990 99927 
54903 36235 
52194 33304 
6811 47424 
40655 87055 
92160 17263 
60471 26677 
96034 79196 
46761 28799 
10216 99170 
84640 32241 
45807 67146 
19936 88260 
44104 57169 
50117 36430 
22680 5151 
41382 28827 
43713 63803 
44564 74492 
19810 7524 
37255 78579 
78958 76551 
2495 6192 
94658 69310 
65375 9566 
49945 14661 
48095 19098 
44681 81613 
71277 13648 
74379 13076 
24759 53617 
5781 2357 
54621 81499 
49498 66366 
64870 68891 
83281 7856 
11970 16440 
10783 546 
78341 93716 
50196 75597 
46966 39732 
34723 35662 
63419 31624 
72552 73614 
63901 68967 
57891 27059 
68285 14246 
46536 56863 
85715 76206 
9604 98198 
56948 22129 
57230 95959 
62426 57499 
80423 2928 
57969 17121 
93702 88699 
61015 70422 
73774 80094 
99506 55480 
80210 29733 
52773 21294 
12933 88375 
59222 75840 
8299 38797 
39134 8680 
667 34252 
82548 81178 
79543 72877 
82007 54853 
53775 30977 
47831 58923 
93704 72711 
29622 81837 
59808 51452 
81884 8347 
42077 19016 
53900 13679 
28223 62896 
54436 69372 
90776 98823 
40374 11583 
33249 56199 
5024 71949 
63740 7321 
96673 73561 
70721 7854 
80817 50137 
60211 35591 
70572 55224 
76146 37343 
88907 90017 
66461 19629 
93647 93368 
76279 47892 
91573 5608 
46530 51047 
91526 38989 
71466 63463 
98029 61893 
21733 74831 
26772 31364 
71010 99885 
31190 89117 
73716 24571 
65401 69849 
28852 33016 
72949 57495 
30814 70524 
83053 65029 
51802 51821 
16500 6457 
22484 80927 
51839 75852 
77613 9255 
79203 47592 
11574 21933 
73864 64409 
45138 8853 
54531 85414 
39198 46566 
52464 24973 
3862 89904 
6591 25096 
41979 48092 
17150 68969 
35051 99109 
35748 61319 
26426 78188 
43289 72481 
81796 61610 
68867 67367 
10214 55300 
32530 17970 
10222 89276 
52682 28613 
65131 13584 
45000 86820 
49111 89151 
53815 89540 
21451 67829 
99275 84360 
80221 59938 
93954 8429 
18513 94727 
81144 4009 
76562 89419 
73713 38865 
11254 55913 
27192 62175 
10883 90695 
63684 82188 
67481 13140 
74199 60552 
81662 40155 
66195 80055 
15627 10991 
90388 57463 
28829 5032 
76298 41211 
27774 27524 
29533 54870 
36524 73467 
95495 21663 
47700 18222 
73930 32721 
45125 24962 
76718 2347 
98715 3659 
57267 87243 
19837 4098 
4088 33467 
31059 76261 
83392 54847 
48085 85437 
35950 39619 
93614 26556 
82009 28270 
62993 42469 
64720 4866 
39715 14304 
67297 96605 
15210 58518 
72052 81879 
1804 34893 
90495 65847 
40344 42483 
82827 94305 
94712 56400 
2444 41613 
94274 37313 
46507 26488 
32320 27701 
67115 80658 
53607 34100 
99344 19701 
67377 83023 
92134 42840 
3542 29685 
85974 19003 
89224 93327 
67325 177 
60407 90670 
43910 39895 
39213 39916 
27276 84620 
1137 11716 
79438 48883 
28561 10654 
78956 81200 
96958 81036 
88456 77116 
68428 44193 
60391 98183 
73542 90949 
743 11214 
46964 72592 
21413 70873 
44893 56408 
51192 30458 
13109 37718 
42506 80702 
93246 29382 
6523 84444 
51895 81833 
32759 96253 
92223 21987 
976 30379 
61032 37736 
72937 67853 
95529 76243 
59520 74134 
63528 68872 
94698 32375 
38445 43374 
12079 84208 
16119 34781 
11961 9894 
24386 60514 
27294 72733 
98272 82292 
45443 98836 
93789 37729 
19342 62675 
91527 87843 
6383 1257 
97597 93235 
6319 85355 
83938 1317 
30472 34898 
22605 99706 
23716 77449 
59388 66802 
77989 13655 
40932 29565 
21479 71586 
56538 20630 
41184 3103 
80888 12145 
98203 99702 
7178 92131 
24894 82711 
41498 40612 
50943 53291 
88739 57453 
91437 71403 
97949 91539 
44179 69675 
50740 21860 
85776 98090 
70229 45027 
26441 38455 
99939 30899 
81982 23814 
52221 18257 
48112 47273 
53934 35809 
17006 47163 
23515 50365 
58925 11023 
98003 63587 
2782 49571 
91211 1539 
88670 53664 
4936 67083 
32664 62171 
33970 54212 
39621 36763 
2624 55519 
23228 60813 
45588 29258 
44216 53907 
99177 30835 
57445 20916 
345 55075 
66473 35146 
333 80227 
20242 88773 
87415 52440 
50702 30579 
78921 297 
42464 50961 
86577 23040 
45978 67241 
81150 53184 
94269 8493 
82519 54555 
59944 98433 
79482 80074 
93940 87350 
39979 80195 
20409 89621 
6867 22482 
23166 42045 
87003 55576 
48296 10063 
32085 26698 
64778 33839 
78576 40821 
70431 24288 
60985 31774 
3975 90275 
37899 796 
25706 2584 
73366 66461 
59041 77647 
97575 61342 
43109 94617 
30279 5479 
32588 43060 
87963 84420 
95170 35338 
11512 60502 
99310 7719 
44980 50047 
55302 77309 
68013 6263 
71305 18079 
34603 57912 
12577 68597 
99043 67163 
6937 86508 
16343 86574 
22449 20363 
88789 14770 
54285 78101 
92959 73118 
96933 33303 
62235 51612 
45185 25273 
18665 1166 
62753 77066 
45038 81634 
80876 76792 
63116 10146 
40993 41807 
37180 92733 
75268 12883 
53422 63682 
26742 5994 
35159 1743 
46852 83033 
41460 40021 
72269 89632 
62492 37275 
75266 48155 
68751 32380 
2233 87029 
93286 60783 
63525 33750 
26172 72093 
14440 98249 
78650 51276 
71946 25688 
30758 12468 
44680 3397 
10706 4033 
14762 65275 
66868 36225 
99140 48869 
83979 18743 
35466 25226 
63980 74418 
82916 39716 
38911 77435 
1879 73202 
8375 49733 
78148 57252 
97283 37606 
86969 54530 
10982 82039 
50279 46062 
24297 90929 
26436 50775 
78648 19102 
85965 39529 
77101 62933 
69072 95771 
61094 80331 
91142 18049 
24497 54049 
60919 55785 
70831 26465 
2779 19041 
47623 47409 
29240 5431 
98292 93086 
92816 42927 
56360 33788 
57309 55981 
69455 50840 
67822 24194 
81230 29087 
66055 17726 
18215 80271 
92861 61695 
25564 84731 
43549 3001 
70778 74145 
93120 27329 
87684 16398 
88377 1545 
64329 5168 
11773 97228 
87882 1445 
57895 84814 
47265 21971 
27632 74609 
59956 20433 
37389 20899 
33225 61279 
61073 98420 
92071 43145 
71160 6683 
6212 89120 
21777 56920 
26697 84481 
21538 48889 
99060 9002 
76778 50344 
54418 80619 
46852 50640 
92504 99914 
42355 71785 
61344 60844 
14366 85192 
7141 72069 
28268 429 
14918 15420 
89197 63474 
85520 53263 
87860 26302 
97871 84911 
65231 27059 
86649 43747 
52544 50647 
25092 21327 
29055 23243 
40175 2504 
54179 31089 
3182 96499 
72916 43828 
32499 52814 
63870 65721 
17453 58064 
97727 34293 
22104 20006 
683 35249 
56141 58457 
72133 4956 
6346 39287 
88814 47347 
6602 7293 
38654 798 
86988 96531 
66712 52349 
83244 22542 
82917 11566 
6730 89929 
76676 24431 
71975 80870 
7003 28814 
54014 25378 
88447 27416 
929 92555 
72907 81507 
58359 83515 
35303 9343 
72223 51359 
7146 6845 
23488 21274 
66174 94947 
14534 34744 
82519 37931 
70537 95861 
42300 70182 
41237 54829 
18031 14934 
88575 24042 
31937 77936 
23889 85475 
63015 51388 
14732 14625 
81632 69067 
15812 15894 
56440 12259 
91187 37034 
67586 77918 
85549 6163 
77454 85432 
71279 13868 
55611 16430 
44951 45040 
28140 53250 
72014 50324 
23210 6021 
81669 35476 
14539 95748 
95231 38388 
22280 91337 
30811 58203 
16923 82223 
64689 98673 
85966 5048 
45524 88800 
65356 32787 
51346 47808 
8179 77813 
51289 68620 
61542 56527 
84095 4254 
49291 12557 
93660 54970 
12995 97929 
68217 70444 
46516 67197 
14250 941 
70527 48204 
58820 54147 
32515 14971 
14695 40266 
85076 3145 
61539 16925 
90712 76496 
93392 77612 
24903 74172 
57742 62597 
857 42700 
64753 9679 
19149 84192 
76525 3586 
53348 32771 
95755 27518 
18792 4920 
60760 68040 
35814 56269 
19545 75437 
91000 17308 
99449 35629 
20499 73524 
10869 66898 
87908 1711 
23668 14892 
5938 73479 
33088 82798 
55834 89437 
88346 42 
91458 13110 
91546 2516 
75940 32318 
87166 70103 
88010 87566 
53063 43115 
52363 71955 
72836 18288 
93852 25163 
16306 7108 
88829 15256 
80009 24483 
88598 26389 
42815 64154 
19767 47926 
73104 8762 
24148 91036 
83447 17091 
86934 42544 
66306 28785 
16011 2626 
59995 27691 
77566 42863 
88007 9007 
63548 64254 
86762 2531 
65088 30978 
86949 14559 
52636 4990 
41842 64365 
18364 9008 
2335 7705 
19279 992 
22885 59390 
70546 51917 
45187 49770 
77676 80456 
47101 75802 
63496 13131 
63197 36419 
41268 6556 
80283 74023 
8826 89585 
86347 79183 
90270 57506 
4592 54001 
31559 77838 
75566 71121 
64213 47890 
59895 9957 
87429 77898 
21682 99512 
83008 60395 
18406 47991 
69836 26402 
66946 93464 
25041 82095 
77398 66920 
47469 65790 
46373 19334 
15833 64421 
79754 27746 
98615 81103 
71194 61839 
5756 50959 
97126 62146 
33175 61069 
1661 53770 
40341 42220 
35453 95371 
18388 65087 
81477 42179 
51683 91513 
47625 83944 
49295 2782 
31128 3936 
24462 51076 
63043 93554 
29949 57742 
22366 48549 
15095 12591 
68844 67528 
56386 12099 
81116 71146 
27538 11239 
2561 61280 
17383 53585 
91078 43482 
74240 87415 
40977 43119 
53998 71706 
95281 55897 
75790 25269 
94945 86814 
43939 74670 
17855 48092 
77746 12189 
44935 6305 
1742 83722 
53296 91612 
88177 88388 
77078 7946 
10802 86508 
95480 11953 
64430 80715 
4465 60675 
28258 56127 
3692 63145 
2640 39851 
83479 9506 
28748 67502 
27942 92738 
8488 25016 
59909 82715 
78063 67707 
40832 60057 
52744 5333 
4630 68142 
52693 81902 
48233 95627 
40082 71986 
23600 58965 
46303 61510 
76043 14658 
44710 80326 
51946 94364 
29136 6272 
55293 22479 
91312 66042 
66904 45450 
51379 16829 
52866 74812 
84827 4562 
79382 21853 
6484 59472 
20089 80773 
17581 7806 
88898 99368 
95479 49687 
56469 61505 
7272 77443 
11685 94036 
58277 86159 
10839 2309 
44354 58790 
16692 33056 
62993 91847 
67181 61188 
52304 64489 
29285 97928 
69299 43801 
87377 21681 
89304 62107 
87386 40204 
6817 98334 
8183 2876 
44858 44801 
59826 95240 
34578 43208 
14655 64510 
9846 29187 
61678 44352 
72553 33472 
37328 70016 
23533 49545 
26337 748 
21280 92577 
45386 95446 
26067 42521 
19102 19641 
10595 85439 
33108 97122 
69955 41442 
2045 57931 
43492 95055 
21836 75937 
69047 24408 
84911 33836 
26111 59339 
24758 1176 
88550 85282 
21831 61879 
99896 49813 
46741 81757 
4564 21729 
38603 63610 
16908 98781 
16504 97788 
86692 59449 
318 79456 
24335 6644 
73381 30307 
82196 56727 
54081 32096 
49196 85985 
55949 52133 
5253 58465 
6611 16739 
99266 24068 
64782 67678 
59809 93810 
21464 18708 
21234 70395 
96599 14645 
49536 36545 
45671 83715 
82107 80957 
72068 65479 
53441 72363 
527 91219 
64876 75816 
4535 91476 
70601 42173 
96327 6252 
94471 91674 
81945 77434 
62573 55583 
55789 10115 
34999 36053 
59216 99731 
46982 93690 
55939 35324 
24300 74731 
83334 5740 
20791 45325 
23239 55203 
36828 9083 
98434 57451 
16796 45897 
41689 3513 
90873 24956 
3138 27197 
21835 12962 
58706 24499 
41145 19728 
57401 58382 
10241 97678 
98520 78770 
22723 39184 
61154 29095 
71050 96266 
17863 55367 
37399 80854 
51980 81494 
32483 90635 
63717 65445 
98429 45455 
94122 4873 
12214 12299 
17879 17932 
74695 43075 
56056 85271 
46938 48738 
38123 2577 
312 85736 
98919 59544 
79764 36326 
30706 30759 
40680 22985 
23048 36769 
8938 8993 
14000 9460 
31010 2151 
44890 74882 
26414 96734 
58008 48792 
28321 59897 
1563 25436 
99796 93125 
9528 28462 
42950 76732 
5319 84375 
76158 35979 
37735 73568 
40566 51096 
95186 11702 
11257 70278 
59947 15121 
30714 74683 
58045 7948 
52668 87538 
32332 35682 
82908 15620 
16416 60325 
30335 60726 
15337 25497 
36284 41164 
5215 96445 
33080 18884 
48589 99534 
93825 36540 
84742 8516 
74552 30602 
95042 50799 
17188 1579 
62178 35883 
77174 90469 
39136 40331 
63124 31769 
18851 18822 
27557 27649 
48729 49268 
27535 15395 
65523 61466 
81941 80731 
35574 43359 
88165 3378 
72993 66769 
25141 7975 
74096 25335 
61938 33468 
50250 31371 
11541 27111 
63251 75515 
17982 15434 
67470 13287 
41640 3830 
41213 6037 
12325 8882 
46092 10290 
52657 33089 
87673 79114 
35297 50350 
63276 11883 
26735 82401 
73505 64701 
87650 11312 
42968 12752 
45230 91229 
42563 37956 
26411 93749 
30874 592 
42630 45620 
35382 41899 
46483 94896 
75582 56194 
38592 72251 
89550 65654 
89006 97849 
63114 28685 
51636 20983 
76500 13658 
92503 69625 
77163 73811 
22991 30109 
59512 66240 
27819 73360 
82292 68152 
4131 93394 
82669 56946 
82869 26248 
52343 37165 
86496 73087 
25548 17023 
88216 59894 
91348 59940 
76924 28014 
83401 62418 
99489 64694 
19175 38561 
47309 50913 
57598 23723 
77659 24901 
19207 44965 
11999 34138 
66096 44426 
33184 76009 
70295 83188 
11449 7886 
8700 97867 
25054 41103 
10262 29886 
5652 20076 
46873 98301 
30728 27805 
3224 41027 
5845 52022 
82886 6445 
28000 92464 
7989 37643 
98028 89055 
48035 54899 
54794 3232 
69806 8526 
36802 90209 
34728 43844 
37919 58661 
82716 92768 
13033 26139 
32181 82402 
6782 43461 
94793 30034 
23874 79386 
50509 76036 
33087 28074 
53519 91450 
98649 26158 
42956 85403 
62539 43680 
13569 29009 
59117 43732 
61050 7035 
29547 89299 
54272 6376 
17634 12659 
2440 51242 
70973 52612 
79009 98988 
41732 7871 
36170 17627 
79915 51161 
93822 76334 
38615 97869 
15181 93613 
65554 25543 
87487 4319 
38109 96097 
10783 26352 
10079 41263 
60324 30579 
77568 33674 
28869 43436 
38703 80870 
74017 40666 
17251 47606 
92648 22764 
43787 33030 
19694 97967 
39695 3617 
1644 36996 
29083 10162 
26543 5273 
11591 97755 
1745 22949 
65125 51288 
58227 50858 
11684 5903 
26051 51348 
71765 91736 
69362 26997 
53205 75329 
91302 97313 
68886 6338 
19332 33776 
54366 77434 
59637 36980 
61298 57753 
65689 6109 
35409 65822 
461 20633 
48832 6569 
84426 26845 
45758 8843 
12180 97755 
77661 64822 
89367 13852 
49751 90741 
88576 94374 
73842 99564 
47960 93980 
24502 556 
39570 68105 
25112 18129 
15715 1774 
48389 52918 
1166 91273 
1952 91737 
36584 65854 
83687 9866 
94318 37503 
33921 99073 
81513 70823 
81866 97846 
17497 72187 
82292 96481 
22462 7622 
65068 39018 
82720 72190 
74999 46423 
64136 50204 
62273 41019 
29810 25210 
94904 60828 
80713 21419 
3676 14318 
78648 84173 
37415 40989 
29817 36011 
1796 11303 
4188 77048 
78455 20631 
41009 33612 
72812 6250 
43991 97489 
18806 43809 
1064 39614 
76666 60305 
73062 26670 
95844 34257 
83299 16830 
79436 40615 
5730 61733 
78674 37850 
93208 95815 
66490 87773 
9363 51214 
87693 44797 
27687 96752 
59951 50680 
39661 62853 
4576 23227 
70094 80778 
18976 33004 
32310 34170 
63731 20792 
68436 93664 
26369 20345 
10752 81207 
41204 15936 
68914 89711 
90047 82267 
94838 65816 
82076 25474 
2127 48779 
12870 68326 
20141 46891 
32357 104 
44178 24321 
9351 42245 
2671 65931 
66393 64523 
99950 85325 
72761 23358 
8784 42328 
25801 83753 
80831 40039 
21153 29491 
15032 78766 
10955 62342 
74135 54396 
75808 40399 
67728 2127 
91023 8079 
26503 2998 
50625 25901 
76991 90287 
23591 16841 
88532 15575 
55976 7870 
5036 60203 
99871 60250 
92909 6791 
45525 50199 
33467 17673 
56521 82743 
63319 2310 
59549 95895 
19354 94164 
20089 39720 
76376 98983 
43260 95440 
74850 21095 
75090 33403 
23863 22072 
43645 95560 
30108 16969 
71742 28049 
47528 67394 
13352 82534 
64280 87746 
14378 51146 
43716 41264 
75120 99196 
14349 65842 
96529 12254 
60096 36149 
25283 79771 
96563 38147 
73721 96112 
31748 4905 
79860 71665 
243 38459 
89986 11661 
28878 21492 
91737 38380 
38721 4711 
99103 3626 
13428 41074 
92473 62670 
67187 26398 
46589 58285 
26837 97362 
37231 94090 
2191 32578 
3452 60082 
56239 126 
56360 10078 
2585 95855 
67731 80714 
51337 20739 
42136 84710 
96659 52715 
74818 7334 
89242 78665 
24185 84262 
65244 65626 
82606 41518 
9526 66757 
12091 33731 
15537 77277 
22450 25618 
66769 78290 
8729 23449 
5429 32353 
31976 78170 
72851 23577 
22803 49931 
3084 67240 
10753 44971 
26266 49103 
34143 10097 
91549 93039 
64826 97481 
50721 97030 
90243 93012 
53156 22295 
31148 35184 
90276 67986 
37582 38278 
93480 14823 
97915 73553 
33309 75024 
16228 55234 
89614 43012 
61813 24257 
62555 1636 
71239 22078 
72541 2027 
88215 99249 
53492 1717 
59398 9082 
78354 15262 
65317 95378 
68338 4375 
54762 95017 
28099 10465 
68244 41171 
17930 11458 
81579 70939 
20996 66913 
74146 12410 
88739 720 
28062 50479 
50821 59019 
94282 48165 
57296 72486 
19543 30772 
80196 46787 
14123 23903 
39296 2723 
54524 73164 
32564 88477 
57485 63333 
45633 90405 
32147 97845 
86612 75887 
15708 95613 
42653 12065 
24586 11547 
82907 17642 
7889 89564 
38862 21416 
72880 12437 
77506 20878 
63201 21541 
45386 56937 
9733 41363 
2321 46706 
41298 58580 
82422 45320 
37783 73579 
16983 39853 
31828 63488 
28966 13662 
16863 70097 
61986 57881 
99072 53495 
38063 48285 
38770 32808 
47876 50345 
62719 69123 
64867 63101 
93053 32501 
40239 63313 
30798 34899 
79763 65377 
52340 3937 
25270 69618 
25778 18571 
63811 31819 
30715 27112 
65672 50240 
69856 20444 
8800 32857 
93672 38839 
81665 77214 
20444 49507 
69153 68011 
23139 43805 
16862 73435 
71873 67956 
37960 248 
66118 19242 
73781 49778 
64337 10782 
44411 2203 
20427 32339 
28753 44902 
66071 12056 
94880 52163 
36084 14553 
61004 18135 
19807 94545 
4935 42709 
35825 61941 
55664 70842 
69501 4306 
94540 89895 
83300 55681 
65473 96641 
8358 96899 
43711 55865 
52434 21887 
40952 85887 
14170 6858 
30892 22788 
76486 74891 
63804 34795 
62975 57059 
1317 81017 
80321 13111 
43304 34596 
37062 89628 
37627 19350 
24400 61660 
60458 41124 
68334 25032 
30005 30284 
14016 80824 
69677 50216 
83042 80983 
68089 68157 
52283 84561 
92752 29324 
38909 7812 
1940 23077 
40400 38150 
64878 80715 
70658 21940 
44322 98502 
53696 29149 
17505 36673 
84963 44090 
11564 5396 
46987 30777 
7777 12070 
70831 73889 
25265 10821 
67742 1881 
29325 64709 
16437 57481 
22114 3881 
80592 92624 
64174 38831 
48431 29822 
44083 66883 
31681 50030 
60543 92169 
34720 38262 
6269 64634 
6391 42526 
46292 31946 
16753 79086 
64637 89739 
58937 47633 
12783 10202 
62319 3632 
30946 26808 
17373 71929 
28925 53850 
54875 75644 
7103 23450 
92496 97443 
70170 29839 
60415 86483 
36234 80959 
44186 73606 
72213 70824 
37911 59857 
92720 2565 
83689 98905 
44183 11732 
84312 2689 
58468 62161 
15360 61386 
1066 12613 
30154 83781 
57690 81376 
46376 32138 
149 68164 
26768 46909 
47442 27897 
17942 30900 
91229 29321 
91111 89979 
86208 72933 
36507 7942 
15375 87313 
99236 66907 
27767 70700 
8499 11342 
11983 95556 
44422 93844 
12643 47828 
7090 33817 
18920 29793 
969 66389 
54367 15575 
24529 58242 
75488 11856 
59680 19447 
42851 42742 
88532 45993 
63011 47454 
26043 86349 
12114 52177 
46256 37263 
42771 53369 
97133 38894 
44635 28759 
44384 57485 
76097 74450 
58247 14941 
9607 51756 
58811 49007 
36346 15806 
65281 65198 
57339 89443 
52473 72157 
47546 40572 
3881 75854 
17090 18872 
64813 44838 
9484 8657 
41363 48673 
70589 58687 
61419 14800 
93978 56847 
12435 45218 
98511 27871 
97333 83719 
22120 45670 
4731 26833 
22173 68320 
72554 27233 
57245 23401 
35162 47011 
87720 94128 
83254 80070 
73395 82601 
33122 77819 
65058 55485 
97217 80414 
84044 9590 
71541 76989 
58810 30058 
7017 92638 
40847 52226 
11815 27335 
53552 79779 
39454 52567 
37181 56398 
53628 5132 
40598 35888 
24761 4380 
76242 46618 
5676 59096 
98604 162 
54099 23327 
88465 51094 
18307 6604 
25245 75197 
78852 43367 
8036 96693 
44104 78800 
42246 61631 
30247 33898 
43248 24162 
17416 71226 
21018 85224 
62802 94699 
489 99019 
68856 81611 
1175 41654 
50125 63231 
46605 18490 
15781 41471 
99194 71940 
86582 53441 
19417 39890 
94772 73154 
29477 6379 
73343 70209 
21155 80834 
27126 28968 
85101 39882 
92323 68568 
54576 66671 
33382 94037 
50488 26602 
96541 51859 
86523 25535 
37883 59527 
43303 6755 
70404 27932 
48702 56398 
29411 97875 
7800 3502 
38431 67570 
10438 20515 
68888 96675 
6924 52807 
25941 34238 
83174 31657 
60173 32841 
85404 54143 
217 79332 
41479 45525 
24968 93712 
1114 54953 
45654 22043 
70335 73717 
47849 76721 
46977 6740 
51420 57990 
73458 72671 
82425 24278 
10653 55685 
15135 65763 
2438 82937 
34667 75500 
44307 55691 
91086 5509 
91439 19200 
64396 41440 
41697 16727 
36500 28705 
7246 36431 
70963 35447 
44860 26377 
34381 43263 
49409 22549 
54124 15293 
27666 7475 
96435 3102 
60263 93006 
66138 18728 
28487 99725 
74589 16331 
29576 87662 
96097 99074 
29272 78187 
34633 91177 
3608 95361 
52501 92529 
3270 46533 
70487 63815 
33320 56579 
35099 73796 
78685 67947 
62618 77214 
21534 19555 
12009 81697 
90514 21573 
9118 5170 
53775 50278 
43135 21396 
17844 97394 
82962 40644 
22585 21733 
15892 74891 
28872 67442 
93954 92552 
80059 32792 
84259 76395 
80906 96213 
58894 60155 
78387 32132 
27172 34259 
47620 78197 
8451 79178 
83139 47591 
67280 6081 
70832 15396 
84298 58809 
69092 46334 
16069 58622 
59059 72740 
4986 53708 
33338 76225 
36374 69200 
80124 74266 
4101 40179 
85453 63802 
38302 50172 
20076 27979 
69199 90635 
99488 69236 
49570 3168 
5693 92264 
35053 65500 
37545 23671 
26279 34700 
12827 21750 
9712 66694 
79714 99335 
95141 89799 
7868 55511 
36897 21834 
20122 87807 
43174 85318 
94574 35505 
23246 93292 
13868 86843 
95877 49538 
63554 68125 
83928 31258 
84618 21134 
49904 99718 
66655 66768 
85129 14943 
27597 47404 
51252 14230 
63522 38307 
86947 51058 
67788 19225 
34981 80928 
12601 1352 
15189 23725 
58055 11952 
67478 28380 
3843 49198 
15603 14943 
26992 33156 
57275 71602 
55385 95347 
69045 39757 
11252 68955 
25457 28952 
21461 64494 
71121 65278 
32112 41631 
51648 91806 
83822 16870 
4782 7679 
1052 78919 
36615 53666 
23913 18830 
59430 26325 
64116 20369 
47491 30338 
98100 97582 
75019 59160 
19801 11158 
36634 27821 
63178 42933 
14677 68508 
70266 58758 
50148 39549 
24458 43970 
94373 91416 
90603 52832 
67068 79626 
3676 73532 
23127 13686 
25954 73771 
35231 83691 
49002 58396 
32302 11741 
51231 40244 
94855 34057 
34408 98043 
97462 31448 
53195 71155 
5824 90771 
20663 19909 
81350 98062 
19686 62414 
19716 35217 
75227 84011 
51465 76416 
45744 3880 
62576 57929 
73294 74826 
50778 25501 
91392 86908 
19449 47223 
27264 43328 
25096 16577 
50867 77852 
36696 60325 
16907 87074 
35582 8958 
18028 57939 
83107 83600 
17478 81207 
9960 2611 
57746 54898 
35820 13547 
48054 98304 
10909 11705 
18009 16729 
82073 15194 
87362 79923 
25165 28255 
42527 3013 
52787 39528 
29349 47766 
1857 70003 
68600 94141 
29022 6606 
75781 67328 
93568 31669 
20005 43869 
87291 85988 
88120 1948 
78671 83726 
29678 25573 
74774 31130 
45951 20120 
68416 87821 
51954 47600 
30433 49380 
84221 43988 
27325 23006 
49126 38120 
93042 14217 
6563 51887 
60373 41891 
62095 24841 
62162 51366 
96964 72843 
45499 893 
99875 60003 
3061 55449 
77042 35909 
14944 33687 
7709 66037 
11602 18790 
81206 62230 
13942 62030 
98583 2258 
80117 79031 
46951 12733 
90279 63076 
57881 78022 
30275 17188 
42571 29328 
93229 37341 
55957 62696 
3965 62800 
79535 32509 
85384 46437 
28395 67861 
28210 87796 
81813 63251 
95907 14742 
8710 2126 
95129 95741 
9402 82090 
68703 14120 
23266 23948 
22950 38081 
58321 63279 
84036 75856 
83168 42845 
89108 14035 
84350 46906 
57107 98928 
32908 44390 
51437 35789 
22762 36866 
42109 48759 
40508 39393 
98459 65603 
1331 57591 
95264 65611 
38951 62636 
94805 56506 
68867 7399 
75378 26725 
53643 71574 
12774 53183 
86556 71388 
85405 31381 
75691 20382 
66044 34735 
54358 81734 
83560 3000 
65745 9740 
86554 5911 
69743 38311 
17476 27432 
98185 37744 
10573 68489 
41013 27496 
59937 71582 
80409 2346 
64967 29421 
2500 2078 
49686 51487 
6987 30690 
69688 27399 
3873 10138 
65846 44025 
33458 35766 
97495 84467 
70857 85806 
89440 61354 
79521 25739 
56916 14339 
59592 39775 
30560 32254 
96391 16375 
89483 44048 
51932 12473 
24667 59498 
58096 21929 
97242 30567 
63923 77774 
26562 47392 
61463 24901 
41561 79059 
64740 10145 
55534 18633 
44567 50048 
79244 94375 
28347 53118 
70201 64613 
58417 93036 
26975 22455 
65141 51974 
76559 98326 
51627 79131 
70106 63267 
5846 38533 
97755 3999 
52851 52316 
56796 61928 
34931 80948 
59104 2613 
60745 20223 
43529 9642 
95808 36374 
66862 77422 
76221 5271 
83022 11102 
15076 69425 
84266 28642 
36749 77408 
70528 99995 
18084 24290 
33366 51434 
37496 68831 
89575 9244 
33076 63417 
76157 56319 
49039 96101 
23124 27639 
6174 10640 
53533 76180 
66444 40007 
21188 99488 
74483 61648 
85572 28976 
49451 58610 
40919 48934 
69562 49686 
61672 30320 
38561 33828 
174 35577 
48550 79375 
74052 75056 
56754 76962 
10575 73040 
75188 66546 
73137 31973 
31643 43557 
81097 67123 
98026 46975 
48334 20808 
97792 32989 
8169 55180 
98062 41914 
62726 65667 
63996 73158 
93329 53372 
3090 93300 
95191 44006 
55266 15692 
54445 43418 
91017 6545 
68467 75319 
64291 92039 
21495 55501 
29422 63789 
66671 18672 
72154 5855 
32961 28961 
23606 95506 
70798 73216 
23049 62055 
73812 57417 
70423 23359 
65711 827 
62777 57940 
21120 49964 
40134 12193 
97131 15019 
75783 86779 
88317 65076 
33567 94051 
82158 5250 
80499 29236 
84094 98863 
86836 52114 
1818 90786 
67763 33041 
26988 34320 
20897 77445 
29172 23252 
92072 6281 
81637 83213 
58193 36437 
71492 82002 
50438 74725 
7752 77229 
53665 11843 
30018 31471 
8621 78544 
37793 90051 
12389 5301 
5817 34628 
59485 8842 
24387 96982 
91106 14212 
5255 41681 
23268 9376 
23490 3767 
5910 20899 
23609 98172 
24507 93858 
4313 1246 
93359 56899 
10311 41610 
5400 54228 
2028 27493 
97279 30320 
44367 80765 
60368 60295 
54271 44066 
78521 29108 
73449 76784 
1573 76129 
87454 58014 
69940 38161 
95179 70259 
90171 43597 
43900 46286 
23855 33141 
84126 23381 
93058 8437 
65830 64181 
24273 38903 
93026 71342 
49873 89257 
77196 44472 
61120 65411 
81741 2098 
60033 14849 
29395 18855 
88758 59052 
52478 8663 
24548 80214 
1869 18358 
16058 32214 
94774 83041 
2408 96682 
73609 34354 
274 59046 
68774 45976 
66278 36517 
6583 46809 
42013 50267 
80312 31623 
67293 97413 
7094 51423 
3539 44930 
26302 71303 
43699 37246 
56096 42291 
97695 82020 
13976 45483 
33113 54494 
24467 31720 
19696 39792 
82460 98104 
73176 14708 
14280 13868 
19077 55721 
80224 32419 
349 48422 
92057 3810 
34033 64970 
76912 32468 
81627 70896 
5044 8705 
35445 20257 
13059 79335 
38938 99084 
96518 12683 
52845 81019 
16238 56325 
50983 66212 
61133 82095 
79579 84755 
37115 62206 
42298 59362 
6332 22783 
79445 38449 
83968 76659 
94287 30454 
10832 45990 
42073 92951 
59145 47058 
38004 56005 
96202 24558 
59298 88223 
26013 90753 
13441 46074 
52549 46063 
19808 82322 
59888 31962 
5097 27767 
84331 94515 
44317 2027 
61479 17439 
88584 53699 
67298 17271 
8550 77990 
36341 80044 
48040 10810 
32601 58801 
26280 52303 
68880 44364 
49119 29913 
19064 67945 
89703 71381 
44403 93516 
77312 21375 
59638 10299 
89404 2040 
97737 41281 
76378 87315 
93066 42386 
61190 33662 
91932 78712 
46641 85714 
16760 29229 
32046 54347 
55567 89343 
87923 46829 
21908 11986 
62484 13933 
32169 52152 
96879 67292 
76832 57278 
7554 11776 
20264 76419 
53494 32296 
49616 44856 
43774 72190 
7574 37608 
56519 41252 
85997 75239 
34255 95420 
27874 8429 
92595 37314 
83573 3976 
29277 97055 
94035 4201 
48850 66149 
28303 34164 
24585 73769 
85751 86687 
3718 14360 
84343 23859 
24682 58266 
95481 95501 
55755 2942 
53223 90037 
83356 51342 
61116 1266 
75215 36164 
43380 15725 
18745 43937 
38880 99645 
88150 31264 
16063 91960 
25168 67075 
94997 90375 
27804 79358 
98633 51202 
29018 32584 
19622 10479 
13059 12943 
81259 73856 
60961 52481 
91564 15752 
38714 80387 
38042 74531 
41719 49915 
47308 29706 
87335 52802 
38569 99685 
3702 99567 
32856 4074 
97479 13684 
40921 93294 
95744 60382 
41908 60052 
48019 6715 
82150 12181 
43224 88532 
68889 4382 
43366 42115 
7234 97655 
60822 43507 
30335 39452 
9339 86934 
2534 35096 
40193 25212 
33173 11522 
34446 89684 
24762 58118 
59806 4968 
93385 66245 
16354 14681 
41483 78970 
89225 38307 
33598 5599 
98303 86511 
24158 51796 
85104 72450 
13085 65390 
5232 70000 
59748 408 
1137 86360 
68729 57452 
14388 36069 
71896 67205 
59260 26263 
70425 45696 
20173 88885 
67704 64879 
54344 24516 
19479 50140 
78010 54686 
51109 37561 
89664 14730 
43478 98066 
36974 57664 
68890 63023 
65394 81030 
66180 66443 
95971 33321 
80315 52604 
67409 4332 
55918 84756 
43226 54655 
66431 30482 
28642 93555 
81042 92384 
63835 71599 
20041 98935 
60285 14625 
25921 69659 
25166 89081 
82350 21243 
75070 55191 
46002 86762 
74849 34109 
17328 78860 
49922 87921 
65463 39586 
11155 87259 
39776 84496 
240 20291 
45963 66702 
10491 78976 
38135 57761 
63060 43733 
80003 66583 
21807 76050 
58039 95004 
11394 20051 
87427 59218 
62668 8692 
37629 89979 
46973 67990 
18560 61252 
76753 13571 
10656 87000 
43694 37845 
92517 68800 
37556 93216 
18366 73206 
39021 87010 
24182 67084 
8048 17180 
96209 41588 
95599 94342 
18388 11005 
91070 15337 
26363 81407 
80359 76249 
34801 45825 
30217 38723 
72112 77663 
33383 92379 
52030 62073 
45985 88303 
35065 26238 
23769 53806 
84481 3834 
16943 37047 
1269 96353 
14798 71604 
30462 74551 
40695 95721 
67193 96999 
85641 8697 
55060 9479 
34397 97774 
61626 28963 
81877 22881 
36314 8944 
59607 3713 
4492 29093 
92100 13898 
28176 51533 
81205 50354 
68604 38452 
72868 12468 
18805 31366 
95186 95348 
35364 50996 
69262 74150 
87688 88590 
85057 32365 
60435 24410 
3324 65949 
90108 27221 
91631 77329 
90395 59755 
27638 58529 
22488 39502 
5960 51094 
96384 81559 
66321 61945 
47102 80890 
20195 8955 
15771 74992 
90681 67783 
79700 64827 
96124 92378 
17852 61769 
1825 85579 
68524 71438 
36150 3345 
34584 21425 
17463 86437 
18274 89288 
66499 26707 
22388 89588 
85191 91711 
37502 34338 
67385 50925 
46028 89910 
69504 69659 
12969 15257 
9942 62601 
575 81284 
84814 27945 
39484 39206 
84648 15184 
12490 26991 
71736 14896 
58723 77252 
31034 97243 
85817 17415 
38908 67389 
85559 33553 
3432 50695 
84528 2974 
17608 68270 
25419 87442 
32530 14384 
67011 18898 
1437 1191 
11164 2559 
67497 93400 
13738 8506 
68332 15749 
13039 22176 
8453 79517 
14112 76606 
7178 40835 
181 94849 
64034 73165 
3517 29681 
96272 9069 
57211 99530 
93831 82302 
66588 84478 
5930 80209 
84432 64302 
20468 98593 
47710 51656 
22469 76441 
35140 97855 
21070 76276 
34767 26136 
15862 67427 
68560 77859 
32908 64112 
7154 40778 
98309 68004 
21940 65360 
32969 65812 
64071 65036 
46000 36430 
30297 39359 
76229 29320 
74110 55236 
81334 86059 
47346 70695 
2381 90355 
12148 88111 
37857 48344 
46126 79384 
45801 20599 
74582 34226 
55190 50057 
2825 44557 
8503 55917 
88884 52953 
76202 92606 
92339 61122 
80854 5000 
58533 15622 
43715 46362 
49071 62312 
19819 63838 
9312 88492 
18971 97857 
71477 52243 
19489 86383 
27990 32180 
69173 12774 
73897 17629 
33677 86821 
9417 99201 
96318 2596 
14162 12796 
35324 73831 
53033 36241 
4625 7819 
50512 37131 
22506 42219 
74818 22817 
28805 35609 
6327 49115 
5784 72326 
25685 2960 
70438 14806 
46194 86065 
36679 12596 
32352 91567 
14736 56152 
91827 83747 
62031 45693 
1684 62047 
24939 30645 
31347 14980 
14009 63558 
54545 46925 
36629 3906 
447 91390 
70535 1806 
80153 8022 
99209 89440 
38953 97433 
45893 8837 
26973 57872 
36829 8701 
51297 50852 
96283 50064 
71152 38992 
26015 70834 
24418 8692 
50091 72650 
28513 92677 
12264 9995 
81603 63018 
97634 81128 
1129 73933 
12886 43135 
75798 95477 
151 99322 
74486 94197 
78337 36134 
50880 84845 
2807 18928 
6256 98498 
9327 91194 
24428 86698 
61468 60174 
72692 8681 
51961 93357 
70502 29355 
18018 94931 
63660 89339 
18175 79057 
5933 95217 
83989 7675 
42332 18105 
3739 14589 
8664 81664 
17253 94683 
10540 66933 
1094 97383 
21633 60628 
1559 26863 
45824 26010 
29277 17984 
20729 81009 
63678 26603 
1176 26944 
28214 45618 
50336 83044 
87902 34026 
83507 46864 
89640 25239 
54968 18800 
12698 63055 
51835 79 
21906 98947 
60528 97908 
19247 72658 
1237 48931 
70954 89672 
83692 2689 
46654 3684 
23554 90479 
44703 10004 
72945 41817 
93594 56669 
60876 667 
13141 84071 
9774 36646 
91152 11007 
92828 42608 
81357 95349 
23543 59357 
56623 10871 
23664 70622 
57801 98299 
98560 67057 
63047 68284 
60182 86675 
65036 56715 
76854 963 
84236 58722 
96491 30860 
65228 96677 
85174 44839 
57 9646 
46628 12554 
97669 87010 
39734 61785 
71748 7343 
91053 13898 
50573 85118 
7209 53566 
22020 72488 
28028 22235 
14424 11100 
25503 11576 
79716 79791 
45905 73157 
89142 38039 
12811 53614 
73795 22137 
57331 10783 
42327 11341 
18473 65591 
86405 44607 
61393 96931 
40844 35033 
94157 92318 
99801 98769 
24709 25810 
3028 87891 
88869 46509 
96898 92625 
97492 25870 
43764 57309 
96318 30149 
193 36612 
5587 55470 
9702 3779 
8140 87360 
58849 11046 
84521 23978 
26893 93892 
51513 32904 
18688 5396 
46552 94966 
8089 64739 
14658 25477 
34870 4780 
96759 53129 
91989 7599 
88760 79912 
12021 24080 
39168 41570 
11683 83820 
79813 37459 
81566 15053 
38944 1097 
14579 10769 
68910 38257 
51052 96844 
31664 68163 
81053 80748 
24494 65152 
85204 85278 
95668 13102 
14109 766 
95078 53011 
3502 21337 
28531 25289 
97307 66060 
35963 82641 
4025 24194 
93656 76873 
43222 5248 
48456 3494 
48342 19207 
27996 21722 
79701 60010 
35116 54264 
67203 16267 
26946 11222 
46190 87194 
99528 75538 
71813 38877 
47390 33557 
97384 96224 
44141 33635 
80431 29363 
94948 8140 
36479 59709 
44666 99771 
95089 80605 
86412 91802 
25282 60141 
4562 53691 
88162 69679 
3406 78405 
43452 60581 
18123 5919 
83588 93798 
78276 98503 
94130 12204 
95674 57747 
42480 33947 
78234 50706 
78225 36615 
29410 43123 
87909 96597 
78755 21370 
84635 45819 
3368 21568 
28617 8896 
42262 74279 
68646 87725 
76073 16264 
66425 67721 
43108 16927 
15792 30092 
89352 16459 
97111 67985 
4858 75071 
13433 20796 
81851 88317 
39507 60588 
40909 32175 
77324 87313 
10754 63372 
52600 15403 
14446 15401 
5435 63309 
10230 98709 
25389 89691 
58756 34770 
56281 55220 
40122 28024 
49263 27327 
23917 7154 
74050 86732 
3388 47698 
7680 39243 
40874 21719 
7764 84023 
35815 7032 
42895 40454 
18923 28480 
96770 89682 
96526 96768 
84512 44091 
17611 56589 
19799 18191 
12779 55066 
49628 37794 
59074 94013 
29877 90842 
57596 35037 
49325 92892 
71824 85232 
22349 13012 
63718 3016 
61289 81729 
82009 28603 
8273 81653 
2415 61680 
53303 3554 
93149 80029 
90466 35913 
80657 17175 
67402 44340 
20375 94569 
64451 88766 
35171 34376 
99438 20945 
70176 62643 
91584 2545 
26889 49436 
33827 84995 
81685 22457 
16613 96265 
64317 33755 
18246 86869 
70498 55296 
26952 97638 
9321 28508 
88042 25209 
41068 95328 
75919 77651 
43864 93879 
75119 32302 
58661 10554 
17211 30620 
1204 42143 
61067 70764 
96916 36549 
22885 87591 
90055 48723 
59311 41896 
2004 69631 
82105 75996 
65257 60383 
36022 31099 
39415 51105 
2918 63438 
23433 44680 
4578 40757 
14384 99210 
64339 48505 
27181 49823 
53333 85960 
81968 70429 
90991 86511 
86301 69081 
91449 53472 
87798 56778 
47578 63029 
49565 28881 
22578 49321 
5512 50743 
75458 53144 
85573 44727 
81139 85416 
61892 34475 
18575 29276 
56176 14097 
90968 80570 
65720 74916 
11016 5500 
11013 40442 
31105 76321 
81362 31463 
23460 31227 
56651 7438 
18474 92956 
13102 7840 
90796 72150 
78866 47634 
42240 76104 
91244 4803 
68149 41346 
21567 74620 
9590 9310 
75986 55318 
87608 68416 
50880 72881 
87713 92969 
20097 48860 
12906 19561 
57915 64449 
51745 15020 
56397 76470 
14317 6484 
78719 96524 
73442 63773 
1074 53210 
11044 47004 
34950 19174 
10344 58284 
88827 99655 
53361 65280 
23763 47283 
80209 96650 
80886 89071 
41763 44523 
10446 25860 
30459 47620 
11889 91906 
5413 70108 
2305 42881 
37427 35914 
66656 74248 
87129 25952 
7329 58770 
95157 96644 
2869 31882 
7184 32064 
6133 46691 
78528 99215 
60664 66591 
3198 36157 
90712 62770 
90466 66116 
25166 36339 
68362 97203 
48506 90395 
28009 36969 
32977 35976 
35280 23835 
95309 27743 
26990 53249 
38620 90111 
77692 55478 
85518 12655 
70110 64048 
81981 64788 
27334 99094 
53251 4024 
68154 78283 
22735 29608 
28205 59450 
62853 63811 
49132 13739 
32794 26935 
75518 25782 
72285 8850 
15096 18328 
62787 29834 
11576 2751 
37937 26578 
51404 63969 
23573 95369 
75869 98592 
14364 73818 
98201 38468 
48830 44915 
31630 8323 
27468 2775 
18877 85793 
29710 28120 
16130 54934 
24634 83370 
25270 70137 
37589 52147 
86985 76419 
30349 16061 
44374 64150 
75923 82856 
61713 71564 
60804 54287 
36332 86751 
27237 49554 
72842 42367 
76005 80685 
98465 40882 
86233 9950 
85805 95986 
72909 6199 
15103 26619 
95077 56970 
51905 94107 
48091 86257 
37999 30022 
21833 74061 
93613 62619 
83468 73112 
7072 13106 
48101 70628 
44452 99486 
33592 48533 
46260 55345 
56846 54243 
90754 43721 
18026 5950 
94240 22070 
36449 21272 
87539 93321 
47317 76214 
54780 60185 
41983 72554 
45782 85094 
36091 16111 
76496 46561 
79751 85777 
13349 74230 
81774 3760 
96776 39521 
6074 1191 
96850 76540 
12460 10046 
9629 8790 
56366 2293 
96682 61225 
32445 40224 
42242 44321 
45506 98137 
52528 7091 
18935 64840 
49989 69358 
5511 38897 
21581 60076 
48449 84097 
64675 8160 
51545 21326 
36747 55003 
56432 94823 
55778 83752 
92271 65765 
17105 89432 
58593 54171 
89440 46100 
25549 71319 
27887 62511 
87480 59189 
94995 56112 
85518 80862 
12236 16716 
22816 86416 
73779 75833 
32066 12500 
42014 45361 
19105 60627 
10007 40255 
98701 39138 
59931 53784 
59024 46877 
68460 11095 
39839 22787 
10245 87090 
86116 84981 
88773 37972 
43540 35252 
80315 62342 
95312 10578 
11067 77341 
681 21853 
263 68092 
84771 31908 
92703 44588 
46606 89800 
73012 19143 
97584 56452 
926 99687 
16254 27876 
31970 79432 
6837 86568 
91153 91784 
78789 89069 
48618 90931 
22555 28278 
5681 13123 
42739 92787 
37278 71438 
24045 82320 
52574 37692 
47665 28299 
29314 69172 
46149 11640 
49501 44980 
83385 66048 
14044 87048 
72928 4433 
42285 54246 
2742 8465 
68620 14529 
17286 76896 
32933 19673 
18963 36938 
24144 29936 
90056 84819 
76903 61813 
3605 36570 
40290 61121 
87060 38167 
34393 35707 
26103 5359 
85688 17387 
47659 37780 
85397 61072 
951 79460 
46347 30537 
63309 78342 
43303 64944 
33517 31151 
9375 67956 
39639 86762 
26800 12171 
80512 21151 
94260 5615 
40569 90091 
74859 24143 
66127 11933 
28990 73875 
67976 32138 
14546 11149 
19867 73669 
93259 13996 
55431 82905 
16449 68759 
27068 39449 
76042 8237 
79523 9998 
97460 13614 
8151 91412 
19794 71434 
17277 6144 
55706 59014 
67592 84437 
48539 16946 
3192 91957 
47376 55701 
78650 39022 
2128 34874 
64410 38101 
40206 48225 
94856 60009 
23907 45421 
37528 75977 
3411 22280 
4284 62775 
74084 15301 
95579 91086 
18800 43407 
67609 13550 
66050 50081 
38680 18206 
22866 12446 
5988 15487 
47916 347 
26888 82519 
14594 88137 
29759 97132 
76546 44585 
58753 55835 
88774 52257 
23980 84935 
56331 36669 
24102 22047 
79565 17681 
31838 66440 
39991 30842 
84561 70967 
24089 4757 
1916 75793 
13652 22089 
60337 64670 
80818 36394 
90358 58219 
13479 64783 
26765 45502 
62513 27245 
33940 95086 
46117 57503 
49148 79882 
68488 67377 
35052 96232 
10219 6905 
9400 57039 
25965 25824 
24626 91155 
41317 8552 
3001 86834 
75275 24407 
94010 75739 
27302 7575 
9797 65793 
58690 57212 
11806 96141 
66786 27065 
67138 5508 
97626 56127 
66703 76484 
67602 77099 
98893 42530 
68011 27812 
2291 21989 
7716 82258 
78835 73908 
8556 12507 
34903 54206 
5815 90564 
31933 87511 
21719 40059 
70482 59957 
73826 51704 
2047 81264 
52107 83565 
61488 60658 
48650 77437 
39561 90459 
52102 36021 
69874 33646 
25362 22075 
87448 67255 
69452 60358 
27135 42149 
39147 45934 
69303 81538 
16620 88276 
7448 55553 
68243 49635 
7852 37248 
6634 68238 
54917 66594 
55146 92154 
27441 23349 
65217 88046 
30951 37125 
68350 30511 
19042 43549 
53954 22368 
72771 29087 
51890 43981 
71275 93939 
64273 80605 
79076 2340 
34945 30726 
95969 82672 
66990 55513 
63878 85982 
98773 89743 
1777 10829 
27199 97942 
44522 54800 
23242 25995 
94358 58623 
19262 68093 
54913 67498 
60225 41650 
6641 46057 
1671 38699 
99951 48338 
6115 1288 
87696 62203 
36540 50494 
92205 18833 
70742 83985 
3712 82231 
63505 45375 
36832 11142 
64942 60161 
29613 16320 
62785 27656 
55768 19795 
54051 56071 
34817 59609 
67175 28783 
67181 73398 
49595 93851 
91655 37319 
7738 75922 
61241 32954 
36423 19991 
59978 64184 
2964 89791 
38184 48442 
57573 60135 
26444 62335 
26147 62150 
99709 30299 
4117 63092 
2025 6788 
10767 88313 
9718 17432 
82264 21958 
6233 92649 
78630 55095 
65411 48420 
54974 85233 
91589 43215 
525 9573 
44756 67533 
80361 95822 
86848 3070 
24188 59052 
21349 22206 
94145 20817 
62493 85355 
29306 77635 
62671 33625 
8413 59945 
47023 67325 
94353 19771 
52779 47048 
23966 45578 
47532 53347 
85018 66197 
5420 93513 
78512 72186 
53123 49474 
98974 52632 
58600 19569 
77965 18138 
24641 18743 
26777 56648 
66627 66667 
83129 47729 
99264 11328 
13648 43084 
30624 6864 
49018 6328 
63458 88695 
31901 93399 
33554 66467 
39087 46540 
72812 85896 
98793 69362 
70746 94261 
61640 48273 
22273 81149 
99552 86465 
91962 55971 
672 20589 
95287 66836 
356 97449 
95999 61585 
38421 98250 
45373 41063 
61019 11331 
43863 57191 
91888 70830 
88642 63930 
82166 98328 
81504 37955 
10597 7299 
10771 47635 
46638 56068 
88162 63895 
7852 63957 
16950 74571 
39925 37475 
91303 85082 
22768 88615 
78331 62546 
59356 65722 
14191 7913 
35330 58917 
53466 21265 
46845 86640 
47093 59093 
81754 17689 
88282 69224 
4934 33972 
58135 28969 
42411 93197 
23087 5149 
80915 7875 
84842 860 
99586 17230 
60124 53120 
28788 92040 
72343 98018 
87325 78867 
70204 25529 
83821 59841 
49300 4859 
80650 76844 
41916 72999 
9481 44885 
57534 44112 
96400 58397 
1941 15425 
1499 76374 
76399 16527 
2960 57478 
59973 73249 
58839 4647 
7895 34768 
61158 70233 
56785 43140 
56329 67317 
13546 8152 
43576 30633 
18931 87201 
78723 71368 
19065 59860 
4557 74146 
48611 29841 
971 91622 
27802 83266 
98166 2345 
2222 81473 
24433 10967 
9014 69025 
66367 86340 
36090 33153 
3844 52711 
51955 59560 
44700 71925 
22927 91322 
24755 80493 
1810 12584 
57691 74328 
67495 46776 
16244 66105 
18485 80311 
1296 75465 
75026 97014 
8649 50637 
24276 35977 
34623 61573 
50891 66107 
71096 49326 
31416 4330 
28197 64122 
35038 91211 
88578 75507 
65540 77717 
41052 91899 
99723 69890 
63360 84050 
26060 24417 
23892 67148 
64046 87370 
50474 59676 
49477 20856 
70604 3659 
3791 67871 
62065 541 
66652 64343 
65381 89701 
60122 19164 
353 72488 
70034 47972 
97720 63678 
75609 64476 
3990 34340 
31877 4334 
42571 95416 
11135 80910 
17559 59639 
39455 49664 
27882 10953 
22170 88497 
18988 5221 
38286 85085 
36828 23741 
97954 59024 
64657 2009 
99392 36569 
16976 60129 
92085 38803 
36941 68421 
51599 40277 
93654 92041 
98037 4478 
3969 71779 
44904 4894 
9795 14726 
48123 96059 
26366 88123 
35908 7621 
39513 32465 
39416 96283 
70736 35796 
11354 5456 
47685 40148 
15143 50466 
14656 83215 
90761 68404 
92797 13580 
55071 45984 
52941 56210 
74190 66252 
95328 46444 
53403 95511 
39962 95310 
26142 65566 
18931 96772 
87690 93172 
27756 38386 
11617 18530 
36673 30846 
7280 37737 
84720 29030 
25339 50282 
79618 77407 
94828 42007 
4637 76062 
80167 76384 
89994 30060 
79362 72527 
40810 14559 
45707 7061 
26229 60770 
4447 88765 
25060 43792 
53148 19862 
92107 32337 
79939 75905 
56365 42465 
7317 7366 
87327 22751 
70858 90390 
68895 86644 
71995 31592 
1710 99296 
1890 62350 
14215 20774 
19493 41741 
337 5316 
81040 24072 
17422 57162 
60504 36918 
71875 47521 
70946 58630 
91973 4328 
95252 80466 
37355 96729 
61365 87836 
22986 49605 
51957 97561 
41677 39925 
21360 43644 
53761 46392 
3619 12712 
75095 46548 
34697 92142 
35298 81436 
79146 8785 
96962 36870 
46956 4288 
23578 22540 
9843 14224 
58983 65383 
77896 92511 
34368 72091 
77273 50083 
50259 57064 
77570 57334 
90310 76796 
53502 93518 
11381 59421 
29707 13155 
20084 69007 
49757 39386 
89830 98213 
30890 87320 
94375 40048 
14495 66585 
33967 49715 
99035 11636 
8436 70911 
46917 40775 
47863 67450 
89679 50462 
46012 70724 
16926 10122 
54241 26242 
23618 34524 
84368 98385 
7557 75714 
37800 71519 
54384 94578 
25215 67735 
20885 43270 
66176 86722 
29089 14087 
61282 61689 
13435 87804 
10815 16733 
21153 45029 
13301 5682 
52106 87871 
15017 10206 
38425 55988 
97180 75852 
6622 11043 
81424 68688 
35221 6674 
6120 42330 
19530 57246 
76210 15429 
81788 67996 
17444 73031 
19759 91611 
72242 21756 
69706 31844 
58908 48349 
70752 23473 
78479 53928 
56761 79716 
94255 62128 
69196 13160 
27873 28330 
79780 4327 
12778 9316 
35354 13203 
21038 87926 
88968 3340 
32661 85682 
61026 75631 
47949 37844 
82241 89373 
52856 49990 
6141 81968 
34949 2983 
43089 85400 
13277 24023 
60011 77580 
89307 95553 
10471 99711 
48052 30845 
8253 17024 
38619 5407 
34266 99549 
41629 96688 
71393 52019 
87300 51084 
94788 27585 
22473 66869 
6180 18699 
37434 54438 
89895 30353 
54139 11107 
85603 5776 
46260 26747 
18183 92802 
8480 18641 
98660 10259 
17539 79196 
11813 98096 
30752 8553 
35854 12369 
49092 95616 
97453 56800 
31385 5654 
51471 26290 
83754 30388 
88876 74607 
64196 57360 
18628 8396 
36016 19372 
39721 52727 
75784 91919 
18114 29596 
91633 16790 
9924 40097 
35897 43402 
27054 43439 
2442 95915 
24351 81539 
83533 93829 
98383 6613 
23668 76489 
27136 31013 
48518 7841 
47176 33487 
65990 66739 
60247 24111 
33368 60287 
84828 91335 
59619 32892 
19786 28911 
65151 82140 
67109 67873 
52656 34076 
68552 19366 
52163 75105 
47111 67763 
91006 85499 
8373 40337 
5144 70342 
49092 19721 
52105 37799 
40726 58422 
7827 31662 
4249 861 
29723 85445 
69157 17734 
46569 28614 
14421 9923 
92118 42099 
22024 44744 
33842 29832 
34748 46032 
60800 45806 
99073 71355 
85335 92053 
91288 74613 
82171 81923 
70361 70325 
35447 45176 
74630 87113 
89310 36668 
81048 22198 
932 98769 
75494 86173 
76161 19177 
40569 57874 
27455 20403 
53349 52879 
31406 14967 
99699 45955 
78830 61218 
54064 77745 
4265 58695 
44040 19023 
53713 29090 
17596 62064 
99511 39091 
57424 57972 
39501 34813 
41749 21261 
23950 73977 
33769 78548 
38209 61671 
92998 46903 
31639 18245 
40887 89232 
24098 33796 
80418 8991 
40110 92690 
64775 14608 
17808 83699 
33707 5185 
14858 46590 
87889 3352 
86767 44374 
51343 88602 
44359 91930 
79926 64996 
6641 16356 
9876 30820 
52899 72139 
4632 4588 
43595 85124 
50371 1737 
23452 53261 
71143 49409 
42122 89248 
83028 72925 
27902 50423 
83377 86867 
28210 64661 
75986 76109 
86853 27510 
66002 57731 
62618 15453 
19322 73427 
6302 32923 
70483 73826 
4013 86574 
80273 21105 
63442 59328 
89727 54337 
66751 38839 
90694 33178 
38854 40264 
34848 99871 
83051 51624 
32755 76917 
17362 21524 
52564 48402 
4343 3647 
13907 56586 
4806 70180 
86733 82250 
1538 7214 
47131 67176 
33010 9157 
12560 80236 
49004 96341 
77475 24761 
50204 90239 
96978 34143 
2005 94116 
20908 5108 
19164 43397 
63721 73634 
2358 9720 
6494 47185 
70343 65338 
66611 68764 
72102 40470 
37915 3209 
82251 35151 
99565 4230 
79908 79300 
15346 41881 
86355 69961 
96846 44485 
90033 53049 
83709 36429 
18761 58455 
2068 33882 
28548 41961 
98309 94118 
65945 35203 
9472 967 
26637 55783 
23879 8871 
76797 83631 
5994 61066 
25708 66853 
8048 43613 
38253 80563 
67631 36317 
54102 25558 
95234 74016 
36763 20210 
88626 37278 
10145 8578 
72003 50259 
52875 80496 
46991 75252 
11330 75272 
59881 58451 
61200 19622 
34875 99469 
94374 32631 
96661 88367 
33011 15738 
7302 78279 
75933 34161 
72197 39120 
63759 87647 
27788 68476 
8733 63106 
9723 19426 
72757 59390 
14352 41902 
92876 75391 
8692 24090 
47310 56639 
14446 63484 
27102 2675 
90164 93368 
28543 47771 
62306 39825 
9758 40915 
10759 86827 
61202 67509 
97252 82498 
24249 74821 
36176 28363 
54701 86038 
46441 55191 
68733 13594 
90317 3998 
27653 11474 
604 98827 
14824 38346 
21007 19120 
33188 38571 
36265 53821 
5073 86583 
48346 46779 
87288 81579 
62969 23590 
23991 24143 
86694 23707 
47434 54119 
99035 48479 
2373 79989 
56311 75682 
13811 83977 
4340 84231 
39703 44231 
25674 78887 
50344 75715 
23661 4145 
54392 54787 
50471 88900 
47828 58972 
19084 69059 
96617 23055 
302 93965 
76430 85361 
94998 34310 
83539 74004 
89094 74164 
99800 61843 
44185 87793 
41645 1057 
50248 73159 
48093 33473 
68534 38282 
65999 61173 
22543 14117 
72138 53412 
52874 98130 
31154 60506 
37788 16480 
26038 3088 
95467 29510 
13498 6044 
26269 95205 
50449 50399 
23650 48324 
9798 23599 
80984 49129 
53832 58850 
48168 4924 
61708 67569 
46686 70082 
13908 85523 
34692 85786 
20999 72825 
24760 29411 
46609 30746 
96046 5286 
15295 24150 
9938 23530 
14781 27386 
33665 81694 
99059 43593 
99866 85163 
73902 82620 
81787 16565 
99608 21147 
43558 91897 
77085 10110 
32908 21622 
92922 39130 
19724 28701 
86630 15443 
47999 62320 
69005 65663 
61016 86047 
64389 22746 
80023 12183 
71573 17641 
65182 275 
38215 55358 
64241 37101 
21825 18582 
59163 67833 
66753 8448 
53849 53688 
61073 1738 
7141 90051 
49846 76482 
4440 30870 
71991 33881 
78553 30074 
56815 23409 
35823 28824 
63244 60128 
17086 88598 
69883 8479 
24703 94428 
27270 95209 
76672 30058 
65010 5567 
6743 57340 
5984 11575 
15498 15895 
77396 78898 
91521 95868 
24154 99721 
64044 26556 
23933 3073 
18907 66756 
75233 1124 
8165 78856 
79851 40272 
10357 18036 
69397 39190 
53236 70353 
31846 12531 
93658 29083 
78571 98588 
60374 7367 
54935 31991 
4630 47014 
38187 28377 
70749 98293 
85321 76994 
94304 13566 
90464 69303 
59005 18839 
86520 26932 
95089 1611 
78956 30669 
81803 80840 
31025 93732 
24445 5426 
29144 67152 
12505 61279 
44769 12863 
29577 53877 
74834 30982 
78009 73159 
86647 81767 
1673 40642 
15131 99847 
38759 84873 
60380 58601 
13183 90629 
11744 5932 
77936 19703 
80963 59169 
56678 6723 
61402 16483 
90851 92091 
42979 14952 
88788 65992 
3136 41269 
90562 62328 
63044 80118 
7738 59517 
45194 67356 
70713 16297 
93639 399 
18004 94958 
21362 46573 
91627 1910 
30604 81735 
60598 6022 
11447 86046 
80665 78885 
61555 21568 
12496 37957 
85692 17227 
62860 63493 
27488 90679 
83739 3219 
57892 43764 
62850 74928 
94848 78458 
65700 26451 
56969 93644 
44115 14936 
60303 39503 
9049 22917 
51778 25968 
76554 37337 
35519 4429 
34932 79531 
88908 67767 
48384 89091 
84181 42784 
7866 32617 
28240 81242 
63419 29543 
8534 90963 
23884 61545 
86034 86827 
89704 59485 
7700 83010 
92427 42389 
20304 92444 
50549 16689 
55059 47192 
15516 30730 
18256 4377 
73962 19526 
66926 56245 
92702 67768 
70538 20113 
41502 65343 
59827 44182 
5331 28863 
42090 28583 
2576 15215 
18607 27543 
58616 58660 
74340 68151 
45174 21722 
22655 93993 
85049 61929 
78520 17785 
39084 81389 
2507 46143 
37666 44268 
4870 21761 
92578 18433 
24090 13500 
26667 21804 
97491 73321 
88608 31459 
22876 70422 
77928 44035 
69616 7656 
91506 59731 
35209 22980 
16907 98954 
59058 79618 
40220 50683 
99068 52612 
6453 94597 
48611 26538 
69090 35290 
21546 29462 
92061 36148 
61162 41552 
22191 42945 
35289 33289 
33052 42755 
64280 7828 
52245 12493 
91173 44848 
23225 73186 
44053 69065 
20135 81047 
59494 95621 
29477 54465 
32933 36679 
36012 57235 
36910 88797 
1918 32647 
1355 59055 
8043 10524 
81427 29389 
33988 89840 
47900 3245 
89782 33244 
22681 26375 
76098 96650 
47765 24530 
42206 56973 
19787 54764 
31311 94166 
44303 24212 
51418 29912 
64014 90465 
86567 24629 
93402 21029 
68030 86890 
48556 55859 
57990 54939 
95470 86607 
59262 68650 
52673 38956 
53765 62124 
74786 20302 
89740 72036 
12446 74041 
83127 74917 
90991 63861 
72041 37752 
75438 96683 
64956 90591 
92470 81263 
52977 7303 
61504 11010 
14510 11179 
46412 54146 
26652 5778 
77026 32140 
11803 68225 
5297 68207 
90286 32110 
54845 91646 
80140 30212 
94573 90967 
83847 63452 
17142 18962 
28339 11799 
31314 66288 
79488 5308 
83537 36615 
35139 29008 
8583 76034 
11807 44072 
71685 32163 
79320 69516 
5315 44271 
64955 83597 
62614 94750 
44051 72171 
6437 84388 
57599 72445 
28087 29147 
48974 34884 
43031 14540 
91761 53465 
42242 85190 
88543 95049 
87276 91796 
56538 92324 
24790 65484 
80143 51598 
61955 40382 
2737 66643 
88017 99288 
50483 22878 
49282 74416 
29422 22374 
84872 95447 
13808 59443 
8814 40523 
48405 29066 
80405 12284 
20414 55941 
39223 30718 
17676 90645 
93805 7322 
79012 31211 
43678 40947 
59814 93365 
83328 54744 
81426 70741 
83626 75684 
6371 97564 
71359 43473 
83170 50632 
30708 23965 
34256 4859 
31885 93762 
18403 87193 
51603 57259 
85141 57440 
87646 55186 
52771 81327 
85548 24556 
83881 51074 
89216 73933 
2678 51831 
99308 45078 
96994 68492 
73301 42269 
74467 76766 
29358 23979 
97195 64772 
22502 68088 
2064 87027 
46043 41457 
25005 61381 
73812 27418 
86560 81254 
99484 90638 
63457 30496 
48118 87792 
66286 56232 
31995 64645 
66905 76266 
97975 15355 
70869 71918 
66771 18225 
9960 44633 
95908 3615 
37797 95227 
7623 54345 
47561 18376 
10512 86721 
95002 91728 
9515 11123 
2205 78993 
42621 25160 
37988 59391 
4680 49504 
19344 42091 
18806 76752 
55003 23515 
94062 67070 
56968 97896 
64469 90864 
78788 36988 
38878 88359 
390 13546 
3796 88698 
68402 55016 
12035 7101 
18249 78789 
58841 17564 
49654 78463 
94191 80758 
747 1746 
44999 92027 
67647 84934 
24214 2745 
46127 86362 
85144 59817 
29951 91761 
38804 2744 
86424 48197 
89682 55385 
43932 20009 
61052 50487 
68488 50192 
74799 29007 
76727 53658 
22694 63401 
31312 65054 
16167 64322 
91415 13105 
29829 43508 
45657 95899 
60363 22194 
37869 87105 
6862 93971 
7016 11788 
41284 73788 
1824 92320 
78449 90674 
97914 79814 
73805 10750 
40664 54592 
74196 9231 
60563 358 
21960 45390 
59456 31101 
65882 32805 
45901 77170 
63908 38743 
5736 17529 
71981 91142 
30006 78911 
946 19417 
86565 9385 
89234 6199 
13925 73798 
82831 81100 
36381 11632 
36047 44758 
47920 43989 
46694 71632 
89141 15744 
17475 3428 
46145 11352 
91789 11525 
33295 88343 
46561 76404 
82784 31257 
37364 4823 
53082 40559 
81793 81398 
85649 36036 
35895 30192 
84687 72245 
65450 44116 
68261 34742 
38979 25131 
40754 10196 
72593 66674 
66432 859 
38125 1197 
81786 84507 
5478 30354 
70360 4593 
27719 53131 
37940 12211 
93145 8071 
68252 71395 
62436 49777 
9735 82342 
80956 86971 
42494 73349 
6351 19687 
1186 61560 
19855 26510 
84383 85067 
96021 69298 
63882 64476 
90090 2454 
18429 60733 
64807 96573 
55528 57828 
19197 12141 
52259 13939 
697 88004 
41455 92634 
78977 41432 
93120 6949 
34896 11853 
92623 83476 
71268 18729 
97007 81032 
83449 45536 
58632 79047 
37237 6441 
41438 84509 
89164 31 
19255 93104 
49997 5310 
37871 80149 
36099 29210 
43000 89970 
75284 71965 
24797 38562 
33884 36969 
6242 43722 
9984 75110 
7523 49219 
94127 20070 
51404 15211 
33246 40734 
35652 5748 
46198 9564 
87735 16046 
29987 61726 
34277 47152 
64624 98699 
63187 53690 
71513 72295 
29912 61564 
5392 70198 
60899 76806 
63049 12580 
37173 84218 
73395 60799 
98822 64996 
92937 33844 
97220 46242 
68316 25947 
35988 32066 
43260 19636 
83975 55934 
81192 92534 
13935 36973 
46668 23324 
19143 19153 
38940 12561 
86819 21568 
99164 47376 
62039 30471 
19097 55642 
18714 19315 
63626 14789 
65241 91718 
82055 3206 
51622 4082 
23809 8053 
12087 39573 
93040 32314 
72712 73181 
73625 76037 
77029 88832 
31114 1972 
34293 83778 
51432 34200 
74861 22995 
7459 79829 
5046 86819 
54126 8501 
89833 88816 
40210 72152 
56030 27613 
90786 98411 
674 76454 
58102 44968 
9972 7213 
60638 59413 
42533 91871 
30199 49274 
7364 23731 
65113 30383 
71851 53101 
43967 88182 
67869 37739 
88756 56233 
25197 67057 
78961 88916 
50578 30879 
8751 81227 
88055 68497 
48386 67534 
41598 51844 
17840 13336 
14609 27786 
5803 99272 
22520 68844 
70383 85043 
64512 59119 
39246 32401 
98261 72733 
86340 60975 
47683 85821 
3 8488 
87801 99897 
72931 67762 
93121 44373 
38354 76945 
6344 69079 
48749 46503 
82771 33810 
43492 16769 
92389 51259 
80083 53249 
16453 42123 
9940 3350 
58261 16740 
64214 57862 
98859 6314 
77679 83246 
67590 28580 
19469 16679 
64650 87736 
18302 44818 
68274 76501 
66771 19338 
82657 69366 
64416 97605 
34423 70434 
12473 35175 
5204 6648 
4591 98342 
95818 37822 
67231 9582 
53575 88542 
91102 86495 
58384 93832 
60683 85708 
55631 90436 
32737 17233 
44206 78613 
36703 51897 
76596 25540 
69934 4686 
4597 80745 
38989 40267 
9035 26417 
54516 13423 
84731 91013 
21759 26789 
13031 13287 
81288 61004 
43364 55650 
45314 8297 
22569 30749 
43757 19524 
56154 23193 
41238 56784 
59174 59552 
11251 29023 
56095 4084 
56994 76396 
18773 35063 
49689 60660 
89587 87168 
14692 13511 
22840 29077 
33285 92534 
91641 82219 
43786 95283 
49813 76596 
19430 86060 
8764 82634 
72470 97054 
87801 54228 
84040 75766 
23005 67451 
87533 64026 
74612 41850 
39616 10422 
55705 86809 
97449 37563 
16102 24157 
83300 8382 
54452 7 
58455 61544 
98863 13764 
47172 15033 
91764 60299 
48396 69132 
38278 2479 
48074 75238 
29008 65561 
98089 75366 
27939 72398 
59218 58668 
24078 18974 
14981 25952 
81460 23467 
50829 909 
86346 68870 
58866 77663 
82693 99136 
72125 48242 
7398 21864 
54421 10715 
85363 16764 
71857 18975 
21070 48431 
50332 98537 
28144 34404 
79705 19233 
71313 25064 
59772 85295 
56176 10608 
95788 76080 
91379 82142 
42004 46587 
65062 38904 
60541 75876 
22869 51665 
9860 33687 
8336 63571 
2245 20754 
28134 33987 
72876 26728 
34436 8364 
84461 41110 
74572 27690 
50847 47220 
44192 74820 
636 26996 
94305 91737 
17553 5288 
84836 91799 
88154 66304 
47784 34051 
59446 82027 
21566 22885 
59086 2633 
44813 45657 
59036 72359 
52664 63297 
69918 50738 
1514 24522 
37770 38785 
59197 82952 
77511 32432 
36765 58244 
18144 51422 
5300 97311 
53563 20856 
36592 59726 
89828 14720 
30079 72662 
54838 5987 
40075 74968 
89575 6237 
97130 97470 
71437 19284 
25239 7136 
29654 77880 
92694 76435 
355 80368 
98481 26030 
34611 94991 
88475 28909 
16610 53610 
16027 57098 
71082 13668 
10124 98301 
39207 27537 
90944 69145 
80461 21721 
77404 4114 
14186 54932 
64225 4862 
49161 93645 
7067 93256 
62040 16528 
43448 23329 
76247 35000 
94438 72271 
61761 96176 
37546 48630 
23209 16598 
14736 27120 
68771 80393 
41183 43710 
55626 23881 
10146 62153 
89020 20167 
47271 53629 
11507 71873 
53649 14928 
56506 17915 
91123 87349 
56057 61119 
5634 28499 
86479 27483 
54776 32185 
7640 74974 
4309 87822 
1607 80084 
84991 20079 
44710 43653 
55917 51924 
53360 74057 
3441 89820 
28467 25426 
15782 38466 
85881 91343 
12617 14361 
1009 80346 
76194 42343 
14611 28561 
25952 87370 
43743 36906 
2155 94974 
16927 55594 
75689 88155 
5823 77007 
80998 95901 
57069 39543 
77000 69109 
37376 89640 
76891 73357 
92613 96975 
51887 34804 
87292 68662 
6252 55430 
34759 62332 
41359 6892 
50325 55062 
75075 58478 
59699 85399 
59417 93935 
73296 49103 
44205 24415 
93335 95719 
67363 10318 
55137 42740 
13547 63533 
16599 96858 
71928 13378 
566 47694 
41261 84478 
63664 78388 
75771 52899 
12133 19574 
38926 18040 
10283 58499 
33824 52098 
30433 3449 
8706 66379 
74548 95123 
94027 64259 
57222 51247 
13531 34345 
77317 28457 
25963 74144 
21220 86374 
96311 24525 
34585 42780 
65899 38331 
71364 15954 
89184 2648 
79053 60458 
31755 83610 
7271 16068 
78839 65009 
33177 6018 
86522 7585 
81675 40388 
18906 64536 
80948 3190 
53635 50619 
34623 27601 
5440 77148 
10674 92804 
12824 33264 
44164 7999 
56512 15042 
26032 84433 
29947 78316 
3324 34649 
61927 18550 
47655 79677 
99345 61636 
58120 89510 
94079 83210 
52512 29964 
2199 60878 
66380 39900 
95957 3687 
23359 16783 
9445 96263 
62134 45705 
87327 41185 
5517 67215 
82722 82541 
35349 42717 
55093 45993 
93249 42671 
51905 36285 
61761 52484 
18868 91809 
92991 63711 
72713 7646 
42581 94081 
87756 3469 
35720 58856 
92917 30724 
38831 98174 
49366 84740 
35710 50260 
80672 11689 
10088 48784 
57078 77805 
17946 14151 
93465 98792 
92388 3120 
6571 11083 
61462 78921 
91227 3402 
75063 64901 
17631 17027 
30870 48760 
22095 66227 
61278 11527 
62254 26538 
93346 65726 
34354 87837 
22032 516 
5058 71644 
43331 48137 
93080 67642 
78379 5577 
47028 53064 
82225 68178 
4980 20471 
71656 57724 
88592 54326 
25333 56616 
79971 64880 
6463 91811 
53065 9056 
33320 47507 
82985 2332 
76167 23890 
36460 53087 
90460 798 
54542 31401 
5707 9770 
74693 18039 
76932 65697 
3587 66126 
71444 60180 
44186 47986 
7423 72715 
1121 52668 
82842 12912 
36896 45881 
33321 67271 
28126 3395 
35734 87354 
75777 81350 
30749 22743 
56318 92560 
71940 71783 
61695 16519 
21713 95855 
65230 82682 
5011 18826 
67807 31502 
621 12302 
24141 75798 
96847 49464 
22427 56195 
63455 95492 
92378 8712 
94977 90988 
46386 40013 
61843 76301 
16497 36383 
65250 99277 
35908 16218 
29308 46732 
27852 72595 
79703 40805 
7019 42467 
51958 45364 
69093 82053 
44388 34759 
42492 24235 
80879 87486 
3075 43036 
76905 80666 
7363 52740 
8501 77809 
82723 24755 
68410 21903 
24016 14019 
56198 68640 
85348 48563 
89875 20509 
22866 50796 
45392 51409 
39944 27133 
27357 43658 
9641 83774 
49427 94446 
970 779 
56036 87210 
15301 24002 
48473 64897 
47145 15030 
87804 86708 
19579 32953 
34726 97663 
8755 8617 
52151 91235 
64192 11950 
40184 99259 
52007 6007 
95130 500 
96712 27592 
84239 99480 
73931 33619 
6160 90558 
11126 4804 
63379 88772 
86352 3877 
7430 78550 
76101 44165 
30237 4189 
92443 36226 
65672 1849 
66959 45155 
34281 51828 
84384 9257 
11074 12011 
42391 41946 
21391 78640 
15631 63088 
73086 8920 
31913 83400 
14587 31504 
26319 96130 
67899 65505 
25095 13893 
23195 66447 
25310 25387 
97355 18444 
78560 36627 
52695 95913 
57407 4429 
44049 25220 
81783 66045 
12522 86965 
9238 18175 
72399 12937 
47701 1022 
44094 48311 
32344 98633 
70446 69278 
19149 75436 
16322 69040 
86969 30730 
92144 51001 
7135 67793 
60876 96975 
35077 42379 
84913 10361 
1977 76523 
44465 69510 
36108 97923 
12216 64843 
23313 92601 
403 34843 
23994 39091 
5929 60611 
99994 26129 
66721 26484 
68942 42610 
8265 5049 
95891 68517 
3100 78925 
52510 88622 
88026 68789 
22614 96909 
83877 97382 
9477 59027 
40936 82627 
5169 52488 
89403 19471 
15042 9914 
8833 79700 
91570 49316 
43007 31739 
20851 87209 
77478 58323 
22417 95320 
65839 28913 
68375 79676 
37751 65888 
1448 32102 
46864 28779 
33151 28427 
19995 29190 
33103 25179 
50249 80568 
78413 37069 
36277 81595 
18092 61319 
7434 29748 
21609 51631 
90334 62430 
22998 34602 
66148 27107 
42334 4416 
39962 88982 
64920 27844 
93612 95021 
85197 40915 
21621 26504 
77182 21034 
56235 88794 
36121 73922 
72016 6619 
47116 83417 
23029 15967 
75610 33999 
6427 69502 
41935 30867 
65035 1482 
37490 10415 
38546 30243 
63719 55192 
48017 11587 
26637 1722 
51587 94779 
99520 57005 
40683 74384 
74213 20091 
55444 75774 
57604 38811 
85714 59907 
33925 18555 
89649 83861 
5858 39943 
5850 7604 
47821 35294 
56906 94605 
53350 19988 
42311 14149 
35136 74124 
96967 16614 
41093 22355 
47812 19434 
82710 65291 
35600 11152 
32997 74605 
81439 53662 
40488 75756 
68440 38677 
23045 7207 
77655 33417 
50625 63075 
64467 32671 
99701 97336 
86695 19611 
63695 92035 
98885 26164 
33560 69380 
8623 75181 
20547 58181 
50170 81343 
79272 8772 
68311 85449 
3291 87374 
21050 97629 
7739 70807 
3608 29025 
83960 5518 
68178 98622 
9608 91072 
63964 12138 
24345 97606 
50274 23298 
36074 29134 
41776 4291 
5517 214 
29493 71849 
68015 2128 
83722 38143 
90573 96589 
85784 81565 
29460 89885 
54340 61480 
49089 8478 
29017 33133 
86423 18239 
49137 54195 
96832 3824 
18628 12758 
97105 52152 
79469 48148 
29212 64482 
25561 80494 
4486 55308 
76476 12809 
52013 83092 
96261 20164 
87327 97797 
86336 94564 
37917 83249 
3494 71277 
10580 18554 
54089 22582 
62316 82107 
93756 68322 
41248 74170 
18316 19132 
96960 39567 
66029 37829 
20685 30735 
63923 77241 
64923 63180 
41668 28590 
9370 80340 
5311 93578 
85433 62911 
10157 75438 
45160 88889 
97175 69469 
62056 74904 
60533 21961 
81047 6849 
95227 17909 
92772 98386 
33214 52547 
93415 99594 
14083 39492 
5434 14852 
52011 9160 
76848 78971 
54589 55126 
47154 83679 
21093 93221 
66460 42737 
97861 8430 
81106 33291 
96661 77999 
53807 53498 
88289 75715 
69281 92037 
68099 81893 
87357 13805 
52776 46416 
44693 27911 
8372 78000 
73567 19032 
28486 61896 
1564 91250 
78435 40362 
19557 94687 
96356 25480 
57004 79570 
95416 52279 
83412 49797 
42639 21640 
62685 68654 
99340 27071 
23127 2995 
95752 7198 
70052 79056 
78160 16704 
60194 62970 
10684 62451 
77559 72151 
35861 8638 
98874 69898 
98233 15108 
13462 94865 
13404 36313 
67143 29518 
21349 74916 
32684 17244 
97267 53658 
70348 96472 
5821 41890 
31259 31987 
75367 48998 
73575 88563 
37612 76013 
6881 10086 
25105 98775 
53749 38568 
44069 41313 
19061 31722 
43316 86454 
87489 15250 
81301 62198 
27426 36545 
52891 37011 
65715 70195 
74979 54948 
11651 62495 
45823 42397 
51050 92140 
86827 22244 
1568 67286 
47454 78365 
19002 75412 
4063 23641 
70943 51704 
11682 38046 
48969 34118 
74069 59854 
73447 28866 
81904 32679 
56061 18748 
31539 33765 
24343 8565 
77446 34867 
79770 16807 
90388 76036 
56391 90852 
90257 64767 
70496 44128 
97672 48218 
3495 87991 
1624 44589 
39947 58511 
71794 61245 
90612 18940 
53686 71811 
66423 52316 
72258 72208 
33422 45471 
35499 86483 
71014 5664 
73240 47293 
76293 44107 
68426 33024 
5710 6876 
38238 3785 
22051 32977 
609 41900 
19447 71799 
18067 69015 
32058 97766 
45307 81571 
93112 18651 
19467 19152 
137 85875 
22843 56091 
59507 80032 
16588 85718 
28838 62942 
90940 48770 
49299 58747 
2614 42734 
61573 50865 
73205 37271 
28969 59061 
3806 12373 
49130 91463 
20532 30542 
21772 50049 
3203 52015 
54090 4924 
65191 2968 
27730 42677 
46281 10597 
21643 37165 
52352 26141 
83667 87237 
25799 67143 
70350 15270 
58833 23628 
29310 22802 
68133 89379 
81332 55114 
33826 99140 
70456 35325 
68332 75295 
89429 90346 
21362 13483 
55245 6027 
46187 65586 
4829 16845 
49288 10686 
4529 56718 
