93760 29449 
9229 1208 
74037 54455 
30197 8594 
20540 15141 
51882 40085 
72147 46151 
41154 33878 
99711 96343 
87635 9103 
37724 59138 
15674 48020 
72940 32821 
94898 80403 
25937 57412 
28706 99576 
30435 53759 
45503 57698 
62142 72605 
90978 59014 
94018 46664 
21411 94175 
58068 27094 
27773 36110 
75105 77276 
78295 48543 
73416 91435 
53206 41927 
54860 3379 
59524 48360 
82633 51529 
56038 77030 
58795 70412 
89059 54779 
31642 85897 
38032 52552 
23063 1758 
96773 47863 
94285 78456 
70871 75785 
74736 21610 
54719 76602 
63235 17196 
62653 56908 
73309 73301 
27857 42769 
35166 54137 
49974 18511 
85709 20990 
67752 12763 
74921 26967 
56627 14546 
92079 47595 
2767 76582 
68464 67746 
84914 90348 
44581 86862 
3257 98057 
99370 49058 
30604 40369 
26512 52463 
25292 25493 
8619 43026 
37545 45264 
83978 52012 
61411 56855 
22470 93555 
32942 94965 
27398 98885 
51931 78650 
58166 27206 
9326 29398 
25107 59748 
35325 22627 
42243 53092 
44219 53460 
36318 670 
41183 9455 
1218 27184 
73522 7922 
55710 19715 
54277 73501 
9397 81414 
59632 2881 
66917 78911 
3234 87868 
3597 42979 
20305 45411 
27161 73474 
52348 33820 
99523 94213 
9289 18044 
30325 1191 
34 83734 
69590 48447 
64734 89736 
20704 19844 
12444 91732 
66929 42222 
66393 65944 
54717 5565 
45764 11119 
5365 69262 
67640 9466 
32837 50018 
35704 82780 
30120 6587 
93310 88674 
49010 59298 
57692 63665 
39012 8165 
19384 34792 
29825 42433 
86305 89517 
38913 66490 
75533 14851 
60703 2380 
7424 90963 
47233 67474 
36526 51964 
21365 67416 
61658 7135 
73195 89048 
93540 49562 
77858 25797 
22537 65935 
38669 18863 
21364 1238 
3384 51591 
37988 25107 
23324 91474 
82532 92823 
25222 34570 
88618 93238 
43871 70409 
34382 28352 
19983 52048 
41312 74846 
2163 25502 
30074 36554 
4489 45564 
1674 8680 
61908 80896 
29574 39502 
94518 90288 
93802 93382 
38767 34084 
61615 90073 
28701 70059 
20948 19653 
13614 71399 
2667 9847 
79821 95922 
85542 53052 
3697 30340 
63908 84100 
791 31084 
72122 36583 
51487 84115 
2234 95519 
77567 10143 
21675 7204 
15982 48793 
96314 3283 
86269 65522 
50903 45392 
76212 38476 
53695 99157 
76774 98960 
94939 1921 
81727 18848 
40001 97232 
30044 60980 
77011 70976 
9836 34520 
46208 38951 
61454 26202 
33596 3757 
14347 10551 
35034 20074 
67391 77418 
48549 81705 
75584 53529 
32453 71204 
37388 36282 
74750 93493 
86453 2614 
55348 48528 
79054 3553 
46768 84929 
34306 5930 
91310 16410 
28064 96731 
13058 75901 
63379 22693 
71623 28480 
40494 98022 
41221 63510 
27575 76467 
3418 38847 
89734 50493 
74825 55533 
68341 9945 
52041 93 
15276 65315 
45310 3357 
77422 16634 
89632 29683 
95624 27994 
67499 28517 
29245 49845 
50937 51419 
42596 16467 
72217 61990 
92708 34376 
62370 43603 
39286 68965 
54549 40375 
57131 31270 
35339 50529 
68949 64525 
41237 28110 
32142 31055 
39849 38950 
7079 4043 
5741 59854 
6260 75843 
99403 6167 
73937 4772 
84487 22189 
73937 35682 
73212 71374 
69804 46127 
72794 18771 
65839 89554 
16733 6905 
40220 29722 
4021 88075 
42107 86412 
36546 91011 
43472 41504 
40436 67878 
33391 86635 
80592 88830 
17605 28881 
29323 25612 
39403 9309 
29787 93164 
69213 30745 
2849 98738 
19762 35708 
82012 81732 
31277 23266 
25200 14274 
36895 44376 
44524 72508 
62326 69357 
15502 81620 
35767 78196 
75779 83818 
84169 84699 
55 77820 
70187 68843 
42688 30806 
80475 58210 
72374 69406 
10481 68998 
84329 14936 
3474 89863 
64566 39958 
92277 67733 
98127 88145 
61018 33725 
58569 17521 
91173 89436 
89513 98316 
81301 59124 
90739 21029 
33061 1685 
51083 47683 
77478 67825 
28328 69867 
74868 82456 
62271 20829 
59463 30112 
21361 25707 
15469 22044 
25550 63914 
65161 27659 
58418 60783 
21564 60110 
80183 21758 
8413 16084 
79847 71710 
78249 83219 
59527 64449 
65906 45085 
26923 83019 
99083 33288 
82920 60085 
50320 99032 
30464 9530 
55388 2304 
98159 75313 
41982 45921 
67422 71716 
9562 13730 
15582 10297 
76281 7573 
38963 83181 
62173 15968 
99776 99755 
9122 88965 
48556 54418 
47586 38289 
9924 36707 
7678 29598 
83585 81958 
37901 84603 
4808 576 
38701 64773 
28989 17083 
39963 65473 
53477 96283 
51674 9684 
66471 33211 
95213 93753 
17608 35971 
79049 4208 
37756 36123 
17136 94247 
96560 20005 
852 81279 
75454 86144 
26086 2786 
51152 98888 
45911 46756 
30004 26450 
66240 55095 
47174 22728 
26986 83646 
46247 36613 
14456 90856 
84638 9904 
32044 18604 
68122 55544 
15796 23358 
3802 91566 
18969 13574 
75016 42960 
5481 50112 
83969 13613 
85955 70483 
78266 73534 
2047 4834 
76083 2787 
14861 61858 
31351 82844 
81453 76181 
35133 28529 
9780 25280 
32267 9291 
66936 43635 
43389 17228 
78098 84542 
21620 1098 
94340 5917 
40471 513 
26305 85417 
4936 82548 
37722 2327 
1286 4224 
67825 58925 
52719 98601 
4974 52410 
27831 9704 
65125 49985 
56757 82021 
38239 64317 
45888 44051 
53379 74340 
46210 12162 
78884 87270 
22622 80974 
17943 91660 
91972 59554 
81794 8518 
46102 58888 
22912 7692 
52852 35421 
88758 20166 
32753 47896 
13018 43371 
42055 90282 
95705 6277 
53763 22291 
36149 33762 
17518 30769 
73559 25638 
96458 20226 
58739 44739 
24576 48803 
27483 90567 
1657 97185 
71296 20281 
44509 82276 
4270 67172 
43024 4903 
6352 98282 
27460 51368 
82652 47440 
39440 52371 
16076 57766 
13255 39646 
6288 68542 
16397 30566 
81827 85387 
68631 14089 
44207 79760 
57444 7550 
52918 74123 
94401 3173 
88453 82414 
11688 25580 
36852 92039 
81050 77160 
23721 93185 
48374 56858 
88281 84016 
16300 99729 
28723 6220 
74561 99583 
68988 94332 
73145 45094 
94082 54423 
56897 20922 
76117 22998 
31877 99751 
66484 95297 
13523 78554 
60949 53724 
14623 92978 
53882 71757 
67117 77429 
85475 16414 
35897 25258 
51504 23286 
75090 43379 
89029 72081 
97690 88737 
73433 47826 
77950 20212 
62254 33065 
82618 98876 
99526 39806 
31858 21954 
50667 56465 
23638 81425 
72436 54681 
16380 96850 
35081 73638 
53839 83877 
4505 75388 
33457 84789 
61157 43704 
64846 5519 
79288 81099 
38610 74782 
15346 43902 
27331 65243 
57482 43671 
70392 94132 
69494 34720 
52156 51239 
22020 2169 
69104 85943 
41366 62672 
95667 21731 
22097 90872 
787 56609 
43363 88621 
37644 50874 
891 21138 
27518 99910 
16694 54535 
85436 38971 
16750 42519 
90006 29381 
73267 26566 
82783 31136 
92609 33529 
93523 75564 
92570 77346 
26854 13562 
53395 97442 
13173 29814 
45799 95387 
22000 81514 
36201 63517 
59519 41271 
44510 34481 
23759 98201 
82978 19042 
70582 98665 
36049 40982 
51611 88661 
50522 22579 
21235 53573 
93035 21869 
74003 37810 
97516 73815 
65992 66784 
69156 41474 
94164 86779 
33399 40399 
56227 84403 
18546 59776 
90226 46694 
38815 67151 
97820 75335 
1004 50133 
88157 74034 
92424 18053 
40262 86805 
20332 59365 
71033 76706 
63829 26389 
13220 99526 
68046 98061 
53159 44981 
57385 53444 
51592 89182 
69725 74014 
72551 26429 
16664 81142 
75053 25857 
56282 6655 
80309 89000 
24333 89015 
13122 68046 
7393 85406 
30377 41375 
57214 90894 
91750 32892 
39375 59816 
98220 4756 
81293 31720 
22465 49296 
34770 74381 
81927 55200 
96443 69850 
60064 25531 
35896 85944 
64261 80672 
65620 95266 
19891 88004 
49636 26553 
39164 21931 
88310 59062 
70709 72810 
35729 99682 
31239 91410 
2985 14614 
44166 76717 
75829 22693 
61722 89213 
28330 95813 
26900 99214 
45598 53437 
39462 60383 
78015 82755 
26275 32280 
37098 63882 
80420 62572 
8776 30278 
25772 79500 
3748 48660 
84204 38265 
86560 59742 
71050 11171 
25107 81424 
21165 10686 
80523 39433 
52695 87045 
13760 56898 
8551 47533 
19612 3992 
76670 3346 
11562 81527 
79252 61683 
71536 88248 
38481 45699 
47507 600 
71642 43009 
28857 75857 
42072 54614 
54496 74749 
94042 40444 
11990 88132 
29478 35165 
67254 43705 
42302 38434 
23870 63453 
12233 67511 
48684 40212 
74045 96930 
16042 2653 
20559 99884 
16895 41980 
68060 49042 
50956 80763 
11357 30703 
70201 74576 
22383 75518 
70228 50516 
996 11443 
32331 3135 
69564 162 
3620 87995 
13945 26898 
65125 75787 
12649 75358 
78521 55813 
63230 34494 
20991 6694 
10384 51825 
14688 84221 
3761 69271 
32371 11580 
65157 51743 
14010 95534 
24527 46193 
60495 33644 
92203 89399 
80066 22263 
70682 16415 
50679 22760 
73575 8491 
27234 94346 
11531 59152 
66448 55837 
25404 30226 
64134 95862 
95444 15795 
99728 11239 
31961 31354 
61146 16637 
57698 97904 
79389 35162 
25042 96286 
36790 49101 
72276 25728 
25401 62839 
12180 12427 
22726 5826 
63631 78890 
20867 82488 
82213 2869 
92129 58098 
19429 65873 
99191 54870 
41715 15586 
61230 20939 
70298 43956 
68669 26367 
60806 13268 
98759 34963 
27586 46236 
21738 98460 
31866 32936 
3081 20448 
95146 97369 
1179 41501 
69651 9482 
31769 4027 
96175 24694 
20515 65664 
6347 82271 
93400 43379 
81101 96347 
60885 86979 
60058 28942 
36323 323 
7561 43036 
91654 51326 
80264 95559 
94177 37684 
8459 45104 
87023 4281 
98743 17244 
72911 40349 
89139 91513 
35909 19719 
39491 48433 
89088 85879 
19675 42413 
67360 25041 
66146 46905 
94224 15083 
13309 51908 
38763 85941 
70431 80705 
44941 77945 
7032 32683 
59123 38580 
30142 52131 
3682 55274 
85346 69122 
44672 82079 
90175 57890 
79776 81501 
13205 10552 
29066 69205 
45139 29600 
45597 18987 
69161 1274 
75455 58145 
27040 23749 
87598 59238 
94722 28995 
62672 13272 
26571 55266 
76977 51430 
951 98321 
42819 67766 
1513 93847 
69749 83617 
98304 60948 
92508 86015 
50774 67168 
70975 67028 
40740 59183 
5028 88651 
57570 40127 
22930 98834 
104 64448 
95706 28144 
30264 64267 
1968 3777 
11810 17396 
17712 27817 
94396 16498 
33849 80056 
57833 1290 
10597 22198 
14394 71290 
62292 99858 
78026 5275 
28814 61579 
48496 75440 
30527 39917 
25779 59195 
22482 68680 
65408 19592 
60604 42514 
9044 46587 
67684 60315 
76186 25622 
40228 32278 
82715 27498 
68536 71942 
59887 94038 
51890 39201 
83420 27755 
78308 47988 
86486 80543 
4043 3255 
22697 76352 
11864 85846 
65582 95890 
49117 60992 
79603 97561 
46676 46433 
74402 48178 
98105 39521 
58754 89443 
34691 69186 
43635 71723 
66518 8261 
4817 45373 
72299 54416 
4588 11650 
11449 63853 
89469 227 
694 876 
26200 58346 
44525 48621 
11839 7887 
33859 11458 
95417 50908 
30514 27971 
78448 81674 
36475 4904 
19447 93742 
6340 77133 
53665 54384 
98999 96415 
53422 55429 
80284 52616 
96685 39538 
82175 35054 
81956 44028 
96140 48781 
26066 505 
28263 10837 
8146 77930 
72066 64917 
77810 59135 
61227 69389 
28507 96423 
48936 33212 
48035 534 
23167 97081 
97370 79098 
7915 83008 
36233 55637 
19251 64504 
9257 68238 
42062 41736 
30129 68205 
68413 41202 
52739 13337 
91696 97914 
98179 77890 
82089 19540 
14310 81877 
78309 76604 
80690 76022 
18246 10595 
35773 5525 
96786 2712 
95610 15734 
82982 99970 
53673 55858 
50696 52538 
99972 83092 
76950 76415 
74273 68795 
40420 18941 
73040 60849 
8884 71145 
62608 61844 
38886 40537 
12145 41478 
23484 70754 
49116 13325 
14673 70294 
57242 71115 
15924 91606 
82373 97697 
87243 83941 
85201 31064 
30262 28594 
81440 96143 
24088 53562 
39841 88485 
63998 16167 
66349 26539 
14524 36769 
88739 72936 
26068 64509 
70222 61957 
79938 56857 
22802 60373 
20512 58757 
61568 31839 
5216 74312 
39652 71282 
53116 34154 
30243 24986 
1138 75086 
76807 14561 
83258 65032 
15618 38502 
32512 26001 
85698 33803 
68251 30499 
80446 41823 
71786 72705 
62522 37620 
72434 44748 
58953 49990 
62932 80537 
76960 20644 
38285 64843 
32683 25296 
5352 43727 
64757 6849 
41807 13908 
12581 51444 
92576 13285 
75204 71836 
79481 82586 
30859 49363 
65512 19003 
89512 25721 
59012 96665 
71150 28828 
65026 85936 
51119 63258 
91174 63771 
90455 95008 
93607 70765 
73921 12857 
4990 36997 
11422 54094 
20884 68433 
19458 41112 
33530 58389 
88450 87157 
92762 64436 
59076 94506 
42579 70145 
76143 86350 
28950 33168 
62057 84913 
99454 6450 
53634 72618 
18629 7706 
75756 50547 
4227 3816 
83290 39052 
49047 71432 
88752 49000 
30625 92822 
7307 89019 
26783 46870 
93029 64001 
48863 59155 
10727 63215 
76476 82146 
86193 32553 
27688 86830 
4372 74781 
26750 60440 
79762 24063 
37894 21481 
6235 96628 
18125 82848 
4530 28136 
4572 16627 
24816 70094 
92679 12 
29011 32647 
80358 50784 
72945 29098 
50204 92945 
32011 98748 
36959 28329 
65586 58911 
80657 28406 
95302 64448 
97202 1997 
80153 33698 
7633 39241 
7455 33395 
54889 79911 
82848 1961 
2661 5070 
94808 30521 
54712 5024 
49531 14037 
55062 33713 
20623 31171 
29503 19875 
34649 10774 
7151 68746 
18412 95370 
17076 54540 
66727 17545 
89538 73573 
50478 63862 
3934 678 
73952 12724 
16306 67411 
7664 97561 
68097 59554 
68352 64774 
24811 13578 
91336 67063 
18332 76934 
42083 57087 
69898 85470 
43623 23844 
52034 2741 
54365 44712 
7272 60618 
16905 9806 
79034 38368 
12547 12114 
25808 18226 
98598 86791 
83595 59530 
75845 26112 
13550 40563 
32219 92713 
21869 27551 
35252 3119 
67183 43613 
772 55955 
77064 26973 
48148 34844 
79728 87375 
63458 24654 
19612 92388 
31112 41585 
66232 41188 
61723 92538 
44573 12365 
39465 47255 
12219 4492 
35666 27929 
83571 23382 
87049 95285 
54665 8398 
16826 37580 
13507 31638 
84764 49544 
30268 48471 
88348 21961 
9319 25652 
1378 49413 
50770 24108 
28561 3658 
13062 67518 
75123 13160 
90104 84903 
78970 35507 
16564 75730 
29590 8744 
93131 9394 
2692 20110 
79931 37448 
72455 36210 
40727 66582 
24337 97383 
33161 13111 
80520 90792 
30991 35602 
67358 81760 
33139 21276 
99625 883 
61339 83956 
29879 55706 
73267 16580 
12907 60000 
21248 29677 
65034 51175 
68014 98712 
55955 96892 
30415 37832 
56806 75651 
59629 15293 
82348 52933 
82099 26747 
7402 64424 
19301 46543 
8119 60928 
76411 84346 
77173 65723 
40023 84635 
88636 44495 
53318 19989 
43094 90364 
43419 45623 
6434 82135 
60121 2211 
66821 82545 
47824 76835 
73498 5158 
13183 57742 
88340 93430 
69850 47621 
76532 23593 
38664 32211 
86222 64163 
56727 36350 
18711 99209 
2033 37901 
70502 49951 
71678 51540 
36436 9825 
61120 38981 
99200 41863 
79594 50017 
94623 74006 
2476 49568 
34493 67974 
5266 39997 
89013 30317 
45803 45040 
79557 80510 
61457 81967 
9052 90260 
26228 11971 
62097 60612 
69067 25275 
39826 9044 
89174 87090 
55578 97395 
16653 43304 
6586 43321 
57603 60649 
54172 22897 
31588 55130 
90374 90031 
56397 44589 
42436 9603 
60101 46552 
68263 25495 
3634 30903 
25743 62155 
78484 28378 
56724 88909 
3535 90578 
12477 59897 
82719 94871 
61651 79357 
840 88510 
63996 31901 
28796 70234 
63532 60503 
81384 14785 
53408 71109 
20985 56029 
91315 92096 
28633 57709 
99144 19236 
70332 17423 
63454 32424 
70952 68988 
64366 79063 
70636 71147 
99673 80869 
79365 96441 
38207 35777 
64185 63061 
31950 54686 
575 84642 
39882 93993 
94506 48212 
68244 19170 
35013 68870 
11660 62086 
68395 11290 
87478 15329 
94673 12779 
91734 40496 
74507 90346 
69290 54217 
511 65154 
82989 95627 
30748 91691 
87078 72067 
4155 36165 
58692 25990 
57754 8848 
17841 65353 
43718 18494 
71125 52231 
718 83454 
47344 49944 
68450 3733 
54153 87685 
46822 71002 
74116 13462 
92024 69443 
35779 71083 
10551 99316 
40795 55012 
59193 37266 
1666 68081 
84150 32644 
46339 31403 
35606 27478 
75662 73218 
75485 79267 
17624 54018 
55541 60367 
8346 68971 
80585 5505 
43931 5459 
87314 79846 
89592 23535 
63116 44020 
2851 70116 
1139 99671 
26186 33965 
38066 9307 
31111 97800 
49203 97666 
50501 46332 
81899 58246 
18855 44580 
92716 8342 
51250 9526 
16445 58637 
30872 59962 
35708 89304 
42327 44348 
38796 53573 
83307 14551 
50333 61828 
10762 34529 
94459 34576 
29357 87343 
3453 51011 
9794 71326 
16059 61356 
32482 56782 
19260 75875 
88086 8323 
74826 91105 
30624 64715 
37706 64823 
71091 8089 
17157 5208 
19976 47411 
53505 96822 
35594 87323 
83500 46262 
11798 52749 
45474 93734 
43433 92136 
31842 3297 
40799 87746 
30976 14147 
25426 60107 
13053 8080 
28615 65555 
5235 24130 
31515 50748 
70357 30410 
30869 46062 
50284 45284 
88140 51032 
60201 85277 
21362 89246 
23314 5486 
28862 87611 
16780 89785 
91890 65419 
59191 42713 
89255 2370 
7480 32726 
71202 91505 
46900 37338 
82065 72960 
51520 44701 
91628 87490 
64695 73299 
93680 84949 
99045 81674 
56885 72178 
83701 53507 
67902 87230 
92938 59844 
89570 42412 
74757 19914 
68041 87323 
60625 4741 
61866 4876 
78242 53603 
33363 68229 
8122 2426 
37977 54645 
21669 55315 
70887 33447 
13612 65679 
81794 19597 
94802 31784 
48557 11826 
42794 53084 
8328 14852 
17060 38287 
80802 78871 
33291 3891 
82404 76361 
56990 52786 
22505 76151 
20365 76534 
93154 67793 
88546 82059 
12390 35452 
1213 3728 
57800 79862 
93969 25215 
31838 39313 
60120 1994 
33266 66231 
48018 44975 
70168 74580 
1704 98541 
39119 85135 
43312 22110 
12371 60634 
64556 63370 
20362 40861 
41573 93441 
90338 58916 
12517 59502 
3594 44238 
60503 98766 
63578 95400 
25855 49217 
25043 36250 
31086 87133 
20453 52654 
39630 19195 
34008 43951 
85075 57826 
15948 13123 
1491 12453 
202 62788 
57417 36469 
86974 60288 
46176 79962 
78532 84491 
13398 11635 
11244 69323 
8991 89845 
9815 14668 
35266 82347 
718 43907 
25517 57029 
60960 49240 
28094 91866 
45641 80823 
89827 81265 
33119 3866 
29662 48154 
50194 68991 
68461 6384 
91332 15490 
34104 56406 
25760 54562 
92448 38699 
94177 60151 
64102 14035 
32836 28736 
74615 87428 
26945 56206 
51388 43509 
87594 19920 
24463 15037 
66842 47096 
10316 63426 
74117 96887 
57883 10392 
33761 82800 
14273 23216 
28319 14563 
23952 22615 
5103 44118 
9690 51862 
84563 59091 
96105 18517 
98201 78925 
27432 96038 
1003 73803 
99925 51531 
48827 44528 
76314 48039 
4652 72759 
74830 54999 
39329 75282 
28517 88910 
22200 73467 
91918 97728 
54889 19591 
31680 97151 
87602 5451 
75235 64701 
71431 15443 
7415 98402 
42436 76290 
98734 50830 
3695 98615 
21021 56485 
70060 1775 
56188 80635 
66981 62691 
32163 31204 
29586 31823 
26323 91760 
31094 15040 
61280 53289 
80668 28796 
80441 45197 
69995 97873 
31488 91873 
15143 79849 
4795 50115 
35678 68556 
70738 14900 
36527 49968 
34976 16186 
9785 58273 
84003 67844 
53378 7321 
24590 71304 
11480 53229 
30260 21141 
77555 77577 
95481 7571 
65094 67493 
64025 61711 
43382 8818 
41770 43460 
56055 1646 
26205 28980 
88725 53703 
84973 15032 
28626 6361 
94051 20768 
64014 507 
2466 34108 
3956 95070 
24956 19459 
60205 9692 
76561 76271 
21969 74842 
53868 13821 
71725 37632 
36459 86609 
35600 89623 
29104 16885 
35381 54152 
90346 16076 
10899 94976 
96298 5262 
11283 85509 
69899 26360 
11519 8467 
65272 30290 
96773 39456 
34465 26164 
71090 4822 
19591 76411 
89382 94042 
7177 26767 
82016 50017 
53566 67154 
39842 56768 
40278 29781 
54197 93423 
46460 44124 
61145 25757 
31918 84976 
22192 62160 
8687 69391 
84690 9577 
41685 81071 
4345 26789 
59746 26659 
79515 87342 
77136 57381 
42382 32494 
22668 21611 
75643 15755 
48600 49209 
75002 14887 
44738 6823 
57542 14712 
14512 4882 
23969 44580 
79259 81634 
18735 88123 
64549 37302 
96236 69658 
88121 42366 
93553 61585 
12823 97927 
30594 50209 
49947 83280 
7072 43541 
98419 86053 
42380 4035 
83571 73659 
9220 41579 
15509 31301 
44756 7690 
21624 61418 
84097 90503 
20347 12191 
50067 21994 
93991 78620 
50511 73814 
87377 98696 
79802 36148 
5893 49289 
94737 45255 
11744 31670 
36671 49607 
20385 24923 
1540 82040 
80454 77037 
17310 35839 
80007 98082 
74445 26430 
59465 17630 
69134 57116 
27375 69456 
61302 97277 
68969 70577 
19857 24481 
9462 68787 
26133 78192 
44118 43122 
33180 22022 
75354 55058 
33300 13968 
3488 64760 
69184 39603 
2220 46310 
34992 71901 
72512 58605 
52923 83189 
9288 54513 
78061 49653 
34181 39845 
79747 56905 
44576 25849 
71207 36292 
4248 54204 
10866 35967 
54149 11817 
78547 58155 
53230 94295 
37664 74637 
68668 21545 
30561 66168 
22448 56734 
18292 18325 
66996 30701 
68453 46278 
6385 27941 
15044 13994 
1624 47388 
62926 59611 
98628 11488 
86039 38003 
95693 60427 
73395 44031 
23651 34900 
9716 85523 
46354 20399 
38652 33708 
1711 98797 
45672 90679 
94268 28852 
14995 78359 
19123 56265 
60342 71548 
43974 36066 
2841 68792 
1175 35349 
71046 19155 
44915 72746 
27844 392 
9957 42558 
86923 74613 
67882 66059 
67512 31198 
14352 10275 
50252 63549 
36633 15388 
39370 16207 
4483 75953 
6697 81937 
99467 28201 
91657 24539 
47854 6005 
57965 52515 
50506 41422 
62589 71116 
9464 2258 
75426 95884 
35460 78705 
99194 19488 
83157 53883 
78173 85469 
1630 18978 
51745 37452 
6482 22669 
4072 80452 
76928 76681 
84796 12089 
56307 74553 
27298 55837 
87670 19059 
70845 55889 
47481 95282 
869 73778 
49906 70910 
57630 60572 
81781 53107 
27716 65313 
94066 82196 
25085 80267 
19439 96384 
88778 16651 
7669 58874 
72966 50687 
70482 99001 
81657 79137 
5877 82369 
5160 75931 
28186 91490 
48339 47054 
64650 68061 
1695 39560 
91875 40737 
95500 72388 
76266 38186 
94472 21594 
51361 66167 
35911 10707 
11990 9533 
87724 28055 
30265 5306 
4460 17288 
1623 21339 
89227 64711 
10507 66604 
27304 37636 
64738 53760 
43273 11656 
85214 32405 
47666 61532 
53331 12318 
81420 80365 
12316 99965 
36800 34755 
90684 78713 
32048 59867 
66103 73408 
43624 47619 
16176 53389 
54710 83676 
8999 44494 
61562 44460 
70837 40238 
90323 74123 
30827 25117 
16076 23214 
83388 48849 
43192 45721 
27815 19394 
1442 19242 
41542 14677 
35896 74220 
18638 48264 
20250 92513 
58335 62531 
3051 62971 
19724 64464 
4173 62318 
68239 63769 
14948 63261 
27125 20790 
19497 58631 
12846 62587 
47114 30242 
77192 79516 
85950 84271 
859 71807 
36781 21111 
83335 75884 
62320 7002 
52183 63530 
92290 67163 
71130 73536 
77408 25711 
60864 5071 
46458 76378 
59033 74787 
9797 79802 
36650 15545 
69897 48162 
56978 73632 
44987 95952 
9931 43514 
85328 6902 
80108 64368 
63386 91371 
9840 91064 
48885 85961 
99927 43734 
37686 77696 
50264 34724 
89440 18762 
80114 69453 
43134 34671 
83533 18605 
21948 18596 
69284 63064 
9214 47747 
6565 20148 
75849 53800 
47954 69938 
66262 28746 
29219 13883 
4523 49942 
51973 14373 
65519 63728 
39627 83579 
66819 75656 
19702 12648 
76150 57202 
26274 58178 
96687 93764 
35181 31939 
87727 66821 
41582 71911 
1904 84326 
64574 7976 
71713 47702 
16775 73974 
57937 71272 
8144 59339 
80450 50516 
62781 38163 
87932 9228 
15028 61282 
87161 42477 
16948 47863 
44866 12208 
33074 66976 
95502 45386 
20319 56763 
36870 30789 
91012 89057 
72154 9854 
35265 50714 
61727 9428 
35221 79380 
80995 69864 
38199 61097 
41587 80545 
68352 69854 
22348 46794 
47179 5107 
73886 77020 
62085 62270 
5832 97050 
69135 53333 
39504 69757 
41276 79986 
10330 22454 
76498 50035 
34171 61922 
61761 19385 
9586 87521 
48000 36498 
14134 96544 
29087 63984 
66947 12761 
33400 52867 
72108 59064 
30430 49078 
27773 38166 
26911 18832 
84515 81530 
76969 89830 
63018 75996 
59090 18583 
96045 80023 
78984 10675 
42512 97030 
41955 40397 
32531 82007 
936 38947 
41445 19402 
27099 46268 
58175 25195 
68800 50604 
8582 94178 
61559 71961 
18126 34615 
26921 80958 
49712 6804 
51219 82878 
32438 9480 
66646 38283 
4860 38573 
66494 36142 
32408 76534 
74011 83211 
22768 57246 
50081 24266 
55326 91486 
68737 61783 
61160 30970 
11525 820 
38641 95197 
31813 5071 
66315 84638 
18376 13475 
79568 56244 
43920 33244 
10455 42822 
18701 94813 
51135 56512 
81969 26972 
90471 28428 
54714 86303 
90712 1446 
46014 54068 
16494 11211 
52287 95821 
2014 61610 
13809 64242 
43835 25285 
96122 14122 
36598 77191 
45276 89874 
26805 99783 
25329 40631 
45888 82092 
84140 15688 
97934 71790 
9189 93973 
19715 29249 
29016 5215 
1096 75706 
87868 7596 
52410 23813 
71185 96948 
32070 28161 
87841 35921 
2456 95845 
21356 8063 
65039 52645 
46794 21368 
36718 69159 
72653 8612 
68549 12973 
7770 97678 
75261 7951 
72116 54065 
39447 49743 
67333 29908 
77779 47860 
97957 89104 
8304 38909 
87493 16491 
37647 43100 
64858 60554 
94848 16630 
6185 3755 
74613 86303 
4567 2333 
16913 39518 
6052 88292 
42138 82714 
94055 80334 
81437 74438 
26295 7562 
90416 85373 
28509 10104 
10998 36993 
27367 44124 
51072 22944 
61412 85229 
84431 22837 
43268 93896 
34566 76798 
58999 79305 
95022 962 
81211 73817 
56312 89031 
41321 9394 
54806 63085 
53421 69312 
32529 8018 
7223 73848 
98477 48297 
50839 46947 
11841 3179 
65460 2397 
65431 87093 
93485 82676 
33644 5568 
19254 81386 
63458 33937 
17257 81046 
29246 55946 
76529 42061 
42588 82504 
81932 85775 
6808 66973 
83109 24785 
32628 82726 
10122 7084 
86096 31148 
1133 57077 
22882 3796 
91962 16171 
74050 31162 
79953 8372 
87582 12268 
15294 82220 
97211 34279 
91797 9379 
85548 59388 
6110 52339 
31990 77401 
29433 48942 
87587 96799 
89021 99812 
98820 74452 
88131 86285 
10143 64769 
2513 91058 
11194 2729 
79163 41532 
58727 22069 
28768 46694 
95608 49846 
47127 52405 
9628 11648 
22801 97075 
23422 27927 
88344 9963 
83431 81248 
50687 57724 
20659 86678 
92603 11314 
88847 3103 
71642 75028 
46756 81986 
55524 92144 
40389 61841 
23724 17590 
58281 81683 
33785 26993 
78386 4765 
97918 13643 
98632 15106 
40505 10144 
44870 73620 
10371 59889 
79734 98117 
3027 55027 
93837 62005 
7547 52190 
46753 90196 
30380 75028 
39416 67572 
64058 13464 
41835 65269 
62677 33583 
70437 33137 
57946 19207 
7895 2900 
99722 76464 
84939 95866 
33180 46013 
98462 31492 
31083 84137 
23111 88647 
84127 93489 
84606 80135 
14906 7084 
2201 62829 
21773 54960 
74950 20748 
77731 71981 
81896 26424 
6446 37343 
89796 7145 
32573 71625 
13689 16946 
56825 55595 
55369 42674 
37538 76490 
52761 53015 
69981 52110 
9209 33070 
42238 30824 
35876 33865 
12230 16474 
32702 6153 
94272 21150 
53817 80896 
65558 5950 
51799 5029 
3035 30086 
71877 40426 
39381 92092 
71907 86412 
83123 13359 
76915 91754 
82415 83892 
37988 80727 
24603 62912 
54497 29705 
54406 2815 
35875 95627 
62405 43990 
24638 15784 
42505 10156 
75815 69563 
42114 19097 
89660 17071 
32039 12078 
24271 7049 
4411 96719 
72680 77014 
66446 92733 
74977 52268 
35444 67693 
50242 87255 
56143 50859 
75278 82645 
55392 17124 
7619 54624 
21099 40236 
48764 29051 
42476 24734 
70284 82447 
76859 39402 
80216 54250 
14697 91539 
90080 10304 
98805 1009 
53877 46260 
16555 55733 
89599 81391 
24407 56218 
61065 8240 
83031 85686 
93285 31607 
78242 74514 
18144 51566 
78073 62936 
98776 19516 
29524 4348 
60871 23720 
29875 93064 
67001 41334 
16941 44974 
6124 27650 
10204 7351 
34559 62 
538 24892 
97046 14223 
30033 43105 
76869 22924 
25430 87281 
72598 54421 
48771 15538 
75636 46238 
7094 7801 
27558 22930 
19322 19101 
69132 11865 
73025 95177 
53959 49737 
16264 21158 
88805 44384 
20505 49937 
80009 21404 
19406 35888 
10749 3118 
75260 81697 
47480 38645 
49985 91306 
75531 28161 
60761 10399 
93607 61839 
81769 27305 
54902 24556 
12955 1871 
28490 1142 
74345 87588 
68904 53741 
162 13116 
24031 32821 
829 93408 
81892 26426 
32930 47707 
55420 48448 
67299 11977 
30979 16027 
73603 46699 
61175 68615 
46188 57462 
65427 36812 
80357 65421 
12761 77788 
70917 87434 
503 55880 
45497 11567 
9799 61955 
64031 82686 
14298 33132 
12748 44950 
41892 55702 
96102 23287 
41047 8365 
83335 64334 
83058 30360 
97663 98776 
39450 79632 
45593 31716 
9817 79862 
71444 15386 
39514 42010 
87891 9460 
58925 85958 
77176 88182 
96437 80912 
79629 10667 
65779 69409 
86216 31012 
5043 39087 
30066 88175 
49509 58831 
28276 82156 
53279 1455 
59760 12578 
35772 33799 
77511 28563 
18307 66899 
44371 14658 
33259 23872 
50233 16571 
33693 1181 
15605 92615 
4941 70174 
11521 61998 
81200 90092 
29053 9490 
57 81163 
12983 97495 
85732 37009 
33699 31173 
37873 39244 
8952 20049 
16907 73974 
2860 80374 
59210 39857 
23363 26537 
25802 80443 
11325 6971 
86780 69681 
64587 50201 
70376 28857 
68451 107 
60321 55593 
10491 35960 
8078 1161 
41995 92421 
37569 41034 
10980 17431 
59175 45413 
32437 31836 
77061 71408 
80290 83554 
69301 66635 
82562 21251 
43807 95160 
76302 47720 
24740 71039 
32073 51567 
3826 12180 
89141 57279 
98977 7758 
51984 78407 
98576 26164 
86317 6328 
34011 77249 
18584 17944 
15285 82578 
86689 39671 
84959 481 
11715 62211 
94211 98864 
60503 60832 
81465 68070 
47137 39293 
38821 18530 
77782 82019 
84422 13482 
77753 68789 
19942 45762 
52319 78933 
41535 79464 
23447 87932 
89861 42205 
53556 38299 
70228 71832 
14312 48763 
47418 92541 
83601 11027 
21421 19757 
57027 11745 
20095 70517 
41654 8879 
2682 86693 
59148 86210 
54119 62064 
23110 7543 
64287 1089 
71084 93026 
28591 27133 
25594 43993 
76679 1018 
30517 49883 
34667 6905 
59212 21043 
52862 11877 
19042 4581 
85793 8008 
83267 56970 
94240 1279 
65776 66707 
50021 20382 
16707 43096 
63413 80298 
57722 13105 
20416 50431 
94587 97240 
12443 45197 
41630 67523 
64568 76111 
67788 25904 
20123 78778 
27150 79817 
19230 55583 
68274 33101 
16738 55501 
26009 55122 
21097 46079 
87151 38708 
99856 19509 
87011 8364 
89733 14620 
37782 94245 
69657 29697 
11595 44518 
3674 47225 
1241 8951 
37308 90973 
59744 89989 
35715 88259 
76359 24066 
84915 15846 
80987 25512 
38396 66544 
81635 98206 
80553 85482 
30276 95968 
95712 89894 
81265 91713 
76900 4370 
53501 97499 
82046 14700 
32576 62878 
46981 67740 
52397 67310 
94357 22212 
77109 13928 
35552 85867 
63622 26559 
48631 58160 
22634 49662 
29621 34413 
11774 51719 
56610 17342 
88344 36635 
76637 24937 
21086 74801 
23817 79843 
10519 75771 
3859 14720 
95611 37832 
34890 30502 
30895 26304 
17410 37 
2607 51980 
17248 18280 
15031 43931 
84548 62035 
18943 36711 
99090 37173 
72924 21075 
27663 59335 
25244 39376 
2761 35295 
79145 42138 
83504 86512 
57576 60609 
39486 83790 
14750 91650 
6174 42594 
51411 35938 
96491 62199 
78249 78185 
17392 78715 
37661 48994 
32535 41936 
37888 61953 
32538 19063 
75524 76700 
22860 74499 
22508 98948 
16011 74273 
31921 91849 
19569 16068 
73251 39548 
44394 91389 
42290 73451 
18469 45126 
3380 44448 
80961 9549 
12499 229 
48368 54744 
38475 5832 
90035 15536 
46638 27684 
23867 26173 
34268 86664 
44704 18317 
10469 74085 
27637 15376 
94395 15988 
6423 86733 
65288 65801 
13222 9156 
35312 3130 
80015 19465 
31970 17355 
44364 32496 
70659 58702 
72578 41425 
69963 46587 
11876 13783 
12323 35279 
9824 45708 
80990 50325 
94074 39529 
10479 25655 
88366 25248 
72240 90949 
51790 55245 
79858 81566 
67450 63316 
38789 69244 
73970 94100 
84528 40766 
28681 77011 
50045 83922 
14886 40017 
78435 75350 
57222 32862 
49958 3218 
88967 56835 
23977 99215 
23011 78708 
5780 98939 
14273 40180 
35886 97546 
65494 60979 
65125 18362 
20618 73696 
22665 66222 
10396 21527 
6104 94369 
63369 96256 
22859 74035 
72049 93141 
90299 19215 
8925 11820 
58422 85598 
19780 37893 
53341 32314 
82905 98556 
52448 7853 
11895 97453 
92853 97431 
97046 98879 
83522 48055 
25750 49511 
38537 69683 
95834 97048 
73975 96128 
37449 89456 
14150 77724 
88891 15953 
34284 69286 
29666 81436 
26158 71520 
60116 89741 
10907 81800 
31115 47956 
38810 11088 
69610 93921 
9805 27813 
16185 92150 
20421 96607 
89399 39579 
92914 90092 
18250 71858 
70612 65275 
38964 63364 
69846 12595 
35173 69665 
63277 5322 
11597 69857 
32069 99760 
30521 28025 
65048 62545 
7602 7991 
1847 30402 
59004 43629 
14020 39778 
15349 88148 
93188 99096 
69655 40142 
68502 14678 
6210 71571 
7087 22961 
65260 63457 
60554 26211 
34373 88747 
8310 76707 
21574 68609 
14088 5250 
57568 68385 
55990 43861 
94809 92477 
12285 49644 
19711 83635 
85318 97050 
70932 31438 
24109 69181 
61482 47198 
62560 45228 
35283 68084 
24663 50814 
49862 11950 
60703 10746 
66025 16172 
69174 19544 
42622 58739 
27967 24158 
79943 77919 
5361 95365 
28812 77981 
46464 49641 
84109 32815 
33946 71637 
11235 76703 
3268 78928 
11933 2059 
52095 65305 
21945 67674 
21152 56651 
47100 57786 
39529 14327 
86763 22261 
21272 24964 
63931 71220 
72087 22730 
79853 93654 
15054 363 
37664 18877 
72505 78657 
34342 42096 
47545 20573 
3181 90983 
33166 95815 
32 18766 
39516 24402 
65699 71234 
70603 53714 
64193 89946 
550 52448 
91925 82031 
96507 37066 
76471 8125 
10410 81562 
35212 14355 
15012 99772 
43911 61666 
90937 30933 
73218 86398 
81019 3844 
87129 59689 
15740 2714 
61580 100 
79333 8693 
73632 33805 
29966 45056 
32139 89742 
9366 11147 
69307 63340 
77384 50461 
89204 81715 
85178 61596 
74102 55699 
57076 27326 
82394 9627 
85630 6666 
32904 38490 
56985 7578 
59557 53875 
14396 33793 
37633 45080 
36590 78297 
28298 99825 
54618 18102 
61572 192 
55977 50201 
79614 33745 
27956 96985 
91944 37203 
73564 899 
52164 20629 
92808 22747 
51752 3776 
59753 55795 
40685 33049 
41459 68735 
26902 37477 
98774 94531 
77071 25185 
80931 89332 
39612 17995 
75976 95875 
37628 71161 
7294 59194 
34147 27631 
72848 58921 
55026 11840 
8203 42145 
65864 76686 
17023 63508 
38457 79210 
53437 65100 
9611 75379 
59532 57752 
30519 92504 
58188 97411 
28478 58954 
76580 85563 
54342 45199 
28886 61040 
68924 97606 
18102 92056 
29465 27026 
26308 21931 
73290 47862 
50370 69741 
59993 50142 
5744 37982 
25717 27073 
64915 33371 
23536 73592 
18991 64004 
72489 17642 
51027 36364 
14447 45216 
87931 39063 
82805 32636 
54102 66661 
19890 5129 
84461 6592 
41008 99423 
67104 84932 
32231 19925 
76549 42655 
86276 42975 
27397 93008 
26285 41734 
25168 92773 
40799 75469 
16227 45440 
54926 11287 
41882 42685 
92453 23845 
83110 42063 
41581 49113 
41855 73442 
22993 51939 
42391 64469 
73118 4028 
52031 76228 
97762 58845 
14246 44269 
21645 53036 
59273 27289 
57964 60155 
7388 76039 
48740 71800 
8204 48367 
81481 83692 
65749 12844 
70627 19812 
83533 3035 
3274 36399 
26387 7224 
87804 9409 
36629 4308 
11382 24020 
60908 85536 
7650 52774 
41094 33940 
59510 30205 
97646 68540 
13524 6059 
87124 98776 
62266 86692 
46883 76133 
58868 54781 
49401 74572 
64013 91190 
76366 79091 
89831 9615 
88298 12659 
97390 54626 
9386 85752 
24932 6741 
69154 9844 
72497 84379 
42691 76486 
45275 31877 
9390 66938 
62773 35141 
6495 23882 
73835 12139 
88225 86314 
78561 84064 
13844 61517 
47324 44874 
78763 83863 
44409 11811 
71615 89204 
9158 57595 
87214 15757 
21086 96166 
50402 27613 
77046 18173 
9019 45405 
38360 49841 
35569 60160 
63696 39421 
36639 991 
29529 59116 
6716 25041 
54185 47199 
78774 98977 
83742 4958 
17845 45310 
68479 6207 
75780 33983 
57105 73257 
75471 9894 
62634 22576 
21055 60409 
8604 85816 
36966 43432 
47191 67420 
23147 16209 
51855 8751 
76380 27826 
26284 90481 
68357 64199 
38693 19915 
90017 63404 
85964 18009 
68605 51287 
15616 42015 
39031 82568 
85277 54015 
4322 11025 
19114 73041 
51303 53845 
28579 29042 
97128 59868 
869 70661 
29865 39197 
22645 65589 
72072 62523 
98878 72214 
40146 92520 
47046 54341 
94195 66801 
95484 56954 
73292 12179 
91339 60323 
89176 33332 
28345 82161 
7833 85515 
37577 3147 
82837 10561 
45358 49794 
16962 88174 
91647 80466 
19262 30402 
19548 85295 
93693 26177 
91959 28795 
42309 24938 
64938 35203 
91160 33608 
49007 40829 
50263 89571 
19419 15215 
324 63814 
94301 83402 
58414 42997 
85636 65332 
12354 37009 
42206 85230 
29311 59406 
45899 93726 
37952 32168 
93186 88572 
55466 73300 
92140 15985 
80875 36109 
31977 83960 
4268 82308 
36938 21360 
87938 87649 
99207 72123 
59885 98399 
96608 22657 
22743 79718 
39974 22265 
21896 22885 
62392 71430 
35421 7338 
57895 20820 
45447 45588 
755 45088 
25633 74347 
28151 29837 
32673 93590 
48802 37589 
21107 96752 
48036 99129 
10164 79924 
95835 10331 
18978 65620 
28524 1328 
52241 27625 
67070 84905 
62188 57377 
55382 83987 
34803 69513 
50510 84337 
48219 4429 
73325 57873 
29507 49109 
33024 54459 
92417 63966 
71749 65584 
73060 73065 
36606 22059 
93187 47870 
75546 99638 
71372 90513 
70871 71447 
71306 1600 
69511 64167 
23354 99707 
42768 46066 
80634 44941 
9879 99370 
74106 7361 
89547 6811 
12482 12524 
1477 12849 
32280 91068 
25997 3674 
40902 56996 
44036 86978 
11368 40194 
21949 42373 
81171 2733 
76161 56447 
79693 75630 
51087 52594 
58727 62983 
70473 75116 
28859 73805 
77064 89494 
10827 58341 
58452 16325 
95433 45338 
67943 25098 
68192 99430 
88490 75793 
95619 43732 
54986 11243 
88904 21700 
45659 71257 
57694 4484 
76795 20693 
41818 85207 
86735 57986 
61968 40024 
74827 98085 
61763 77296 
68959 4306 
23033 40850 
31302 77321 
23790 81049 
76090 96285 
74078 58269 
65512 47082 
8728 97406 
70228 65716 
38015 69121 
29548 71065 
57332 33846 
22952 60536 
95199 47887 
69470 94614 
35270 97518 
4270 1824 
82504 96561 
42922 94374 
56220 55703 
32903 96514 
83513 7689 
9217 52607 
35347 51523 
16426 99980 
94596 60954 
32900 62810 
70428 87755 
34766 47603 
76638 78705 
66822 98287 
72872 16668 
45587 99494 
27184 90816 
5707 298 
95929 98759 
15065 67493 
32764 84272 
26272 67443 
32327 18277 
2586 18588 
86171 37865 
54873 52904 
78623 68442 
52859 73899 
78442 67394 
28724 1207 
88519 44231 
73986 47368 
326 31763 
41684 81120 
62415 5627 
4979 93286 
12996 75361 
90644 96350 
45471 99229 
1260 56813 
72768 7119 
63516 80668 
31427 51107 
91649 46615 
19596 41637 
34846 9096 
94463 68794 
85357 73776 
64107 52761 
60069 81822 
96355 15303 
32501 26107 
32952 15016 
84412 62446 
41201 43064 
66660 72007 
57212 33271 
7478 77240 
74967 673 
82979 13014 
13664 86038 
69506 7023 
52140 50335 
30342 29179 
53629 32788 
50333 28318 
16735 58898 
21134 86416 
79205 60678 
97081 85428 
69936 50375 
87098 99949 
51631 71077 
21570 53 
21619 32825 
34810 73027 
41546 31289 
33478 50118 
48047 37506 
79282 55013 
55921 41856 
270 74426 
2978 33179 
59219 88018 
1420 94828 
49904 84793 
54470 3447 
62427 36195 
68959 23404 
57334 92300 
44635 42 
14911 16856 
49229 68326 
80818 79302 
94621 9923 
12156 77538 
13946 11416 
39061 73835 
2073 99097 
96127 88160 
22596 51647 
45193 8065 
3353 21044 
6486 42421 
39439 24142 
38608 67414 
97774 2635 
59552 87569 
70543 87491 
80676 62007 
56119 45444 
33521 26685 
55606 29773 
5344 77086 
60704 5330 
63450 62629 
74330 68677 
40638 84014 
49269 38191 
74536 77777 
52128 46111 
42094 18533 
59930 24779 
7195 68697 
74914 42689 
4112 57898 
99495 12459 
12454 79907 
47740 62491 
40275 53538 
82381 36811 
21191 5851 
57066 63481 
48624 881 
12412 10965 
15708 55228 
21403 33975 
2921 52982 
4757 95553 
57183 96831 
40117 40554 
35913 9596 
70281 87175 
47497 31021 
75134 97808 
5600 38345 
9565 88269 
28958 55983 
25350 35300 
60544 9599 
88870 46273 
50437 22906 
78461 62147 
45217 51736 
95306 74967 
53435 99224 
50031 54604 
11410 58402 
93464 95898 
56592 84060 
44524 17043 
26718 4425 
30799 62761 
42153 45019 
98083 91718 
96121 52016 
64002 56643 
72909 70457 
87823 17704 
37670 53900 
3646 65007 
93136 56382 
17395 64402 
78294 85017 
99367 82322 
92029 72120 
13595 90008 
60748 59436 
12838 95206 
33165 73882 
93777 321 
77719 14119 
50813 40005 
78501 60388 
88842 8295 
74097 66179 
55499 45664 
60426 89669 
31557 19719 
83432 75269 
74527 99812 
80381 1204 
44991 95417 
89596 67747 
57776 925 
37561 12521 
90808 65354 
29662 4254 
53339 84480 
16221 84413 
62203 95052 
79009 97348 
99865 35969 
85097 73898 
31232 29692 
84684 10829 
37571 28689 
87452 19076 
85315 66295 
38023 97410 
85176 49171 
25277 25014 
12668 29383 
2550 56352 
55022 98161 
66151 44804 
21429 50499 
38180 17730 
3650 80031 
26277 74932 
2254 76983 
87720 84942 
40101 18516 
8212 9103 
69136 60393 
16705 92135 
39199 61666 
96810 19661 
38221 99958 
22577 58149 
32091 63902 
41888 60738 
29385 41462 
54212 43663 
71301 58070 
81128 12283 
332 56941 
7835 43142 
92567 55384 
81744 9107 
47990 55592 
90310 68259 
20730 36138 
4409 24083 
36958 1268 
65842 4410 
91939 19101 
17984 99641 
39779 36980 
27099 46979 
89428 22455 
18535 46706 
98799 41763 
56766 48980 
15150 54193 
31181 55208 
44383 70316 
70554 36723 
44513 94853 
98266 85319 
29246 50806 
57674 75150 
36503 60485 
82389 33541 
63669 41218 
59798 89471 
96437 58734 
37796 92799 
61373 69651 
54508 74742 
13638 75944 
28651 50676 
30802 8945 
34272 50042 
21274 58154 
97708 94926 
71587 61025 
96941 38860 
50642 73897 
13894 20411 
60966 51370 
88790 82367 
77157 71676 
52315 56601 
39904 58976 
66131 17177 
80307 70017 
85216 59776 
33709 32219 
66487 74276 
64852 42990 
87390 39074 
66872 66001 
5368 80726 
15519 89078 
84567 10521 
56938 40575 
39654 70805 
82470 96298 
98292 98189 
97134 47433 
63598 38215 
19799 41463 
65813 26618 
62552 52652 
28471 86009 
24329 86459 
38481 73645 
99631 73093 
1857 55854 
46975 59455 
87200 77781 
83714 65828 
7624 43303 
73941 33909 
68418 19273 
54445 56208 
12577 30693 
1 43282 
29198 19000 
63767 54945 
50815 94313 
41157 94338 
54864 24329 
96287 39600 
1799 67490 
58912 66927 
87748 76091 
46787 883 
63162 66235 
93442 13138 
70562 75800 
64618 79133 
84262 9075 
27924 93713 
92886 97262 
99780 41388 
51494 87727 
31290 14617 
44317 11726 
10416 74427 
41393 70247 
51670 51645 
2771 20692 
16518 94172 
82525 43299 
57787 75973 
11463 15544 
9584 96846 
92186 25176 
50581 18520 
23091 8130 
53014 2278 
78934 6229 
92309 36039 
14716 1438 
32994 64739 
26963 98325 
25405 66804 
1873 94506 
44642 51709 
3325 99993 
78359 88794 
5426 40710 
23178 15955 
54040 8886 
80868 18273 
49670 3562 
54891 11324 
80080 38206 
35552 11634 
95215 79170 
27654 27624 
9270 18732 
18472 58422 
35149 79491 
5769 45002 
5103 93086 
5735 78412 
8007 95529 
38896 33196 
78488 33888 
48441 60635 
6062 84600 
39837 46062 
93457 42428 
43246 7248 
82446 50827 
90941 86755 
82834 9509 
70798 70128 
85618 12984 
63891 43964 
14888 45093 
99320 93097 
74709 78855 
62643 24591 
76983 8386 
75595 97650 
94232 70216 
24283 33260 
67243 95020 
50631 75088 
11706 67612 
37562 74045 
10248 62954 
12267 72950 
46675 69052 
63881 74822 
37772 3745 
21975 88622 
44671 81763 
70493 59613 
586 90827 
78144 8022 
74610 91156 
10673 19331 
2331 61438 
53094 52249 
53149 76123 
10643 56315 
71491 13841 
76092 20094 
24521 64835 
48004 3029 
12467 26462 
59643 39291 
49362 50149 
31440 40340 
1778 30618 
91300 64406 
81033 8793 
16466 65744 
20398 93437 
38293 84253 
32979 93451 
16985 86944 
38252 92644 
37203 26733 
65615 91899 
97415 41171 
91879 89829 
65980 73978 
46268 72323 
55151 65622 
21280 33857 
20550 25691 
60687 58972 
28139 69430 
56968 51046 
43289 73584 
79640 7278 
87312 82540 
73240 3761 
75615 74793 
9107 72581 
98663 81880 
48671 24062 
31984 37160 
77588 91612 
64722 20236 
99869 54048 
17538 54284 
39050 20859 
80192 8200 
79485 49541 
36675 53223 
95009 973 
61528 24590 
54502 28737 
64818 42734 
64284 41337 
35200 55742 
5829 72489 
80626 74954 
53923 43954 
94430 89048 
15194 7830 
80939 58398 
9829 10787 
59154 11144 
30369 31415 
25704 85182 
50583 3693 
98974 86128 
24741 54484 
85146 60341 
13010 51088 
3881 14209 
92229 76014 
86471 46151 
62969 20496 
12491 96173 
43589 15695 
82345 59333 
49905 1103 
32580 54052 
95095 63356 
88416 84039 
8677 65475 
13676 83391 
65631 26504 
62163 88503 
37170 4572 
56467 37509 
23206 82599 
20319 58251 
3204 55195 
68807 69136 
46897 67713 
17136 83764 
59273 64020 
3064 79817 
95247 58214 
30770 65475 
68610 57342 
34602 52480 
97134 27115 
30039 24002 
71105 10685 
66132 67555 
6116 81727 
18821 28501 
42586 37409 
67725 28031 
84278 14252 
80365 81028 
25985 40458 
87237 43850 
6594 21976 
68774 19809 
37899 96392 
90918 51023 
1815 78671 
19930 29299 
79060 65837 
18965 65855 
70904 63881 
79119 69924 
2240 49502 
65791 99679 
49032 81707 
67634 65404 
16090 33899 
19772 84485 
2152 25739 
35608 10532 
28450 95900 
22238 84829 
74161 71783 
73353 87315 
57624 60291 
30475 96424 
25673 5017 
78468 2362 
65150 29438 
94501 56795 
30412 13215 
974 83403 
88574 29229 
82387 18394 
20251 2682 
13758 97841 
77749 40419 
13878 59553 
94896 18545 
80572 81220 
63168 9518 
87092 33692 
37247 76031 
18866 88504 
9852 58377 
8058 82142 
441 34382 
79724 6049 
35304 36588 
57853 60993 
57601 70041 
92145 87177 
95053 85868 
57114 57356 
30296 30757 
43970 99216 
64289 10540 
12675 95416 
36738 77238 
96688 94925 
69123 73276 
56122 57691 
25727 44004 
56408 46170 
45969 60217 
8994 71858 
87358 76077 
48250 2760 
32583 84639 
34432 38563 
56507 23144 
66433 64324 
19253 23280 
60015 590 
50115 97841 
97306 78122 
13675 4486 
81569 78786 
4285 29792 
37616 674 
98021 92308 
82691 25127 
2194 72052 
55248 86120 
81714 35692 
29783 68324 
8862 41581 
64725 89167 
78432 76908 
27336 52353 
53768 404 
14726 95545 
60844 38348 
43239 93300 
27345 9092 
9883 17845 
71614 31846 
38887 4918 
82358 9201 
14130 19638 
94168 59649 
63839 68276 
56196 16315 
7870 55756 
11750 1189 
99801 45900 
55074 30326 
96211 41637 
8284 4792 
63697 65796 
66175 94608 
90565 89620 
89550 28464 
4593 25733 
88748 60706 
10841 75077 
28201 98896 
54243 93199 
164 40189 
80529 20276 
61121 82833 
16017 1396 
97964 50313 
11917 8866 
92655 89934 
1980 66689 
83895 85127 
3723 68877 
82218 51285 
52887 77874 
80971 68665 
98401 87119 
19802 42680 
866 32681 
99555 71863 
71379 42870 
17893 46839 
59537 21880 
93491 99850 
49511 73761 
73318 73675 
51354 86403 
72294 81238 
80997 11721 
77534 82771 
6922 97847 
60416 16067 
4038 51898 
78877 77204 
96059 37774 
19611 64038 
86494 42426 
25288 62845 
75364 76180 
75396 79675 
33813 7947 
41024 92295 
62070 74535 
13644 26058 
87488 44768 
15884 37573 
68929 63777 
38316 23766 
61315 50539 
10444 60726 
59907 72657 
6341 16677 
87721 76358 
5841 76476 
11456 6819 
80671 61250 
71414 14181 
51607 26056 
89113 4010 
67522 70952 
72633 57429 
90067 6376 
74218 15816 
28817 72452 
67260 97690 
60824 23661 
488 91296 
85839 55229 
56061 45398 
13848 65690 
85230 62929 
55129 21235 
20311 87386 
84674 11796 
64962 60248 
82619 66260 
46090 19199 
10233 24748 
70188 1553 
67040 49624 
64496 15058 
88834 93669 
99116 39101 
88601 33851 
80045 23374 
12801 22126 
75064 58161 
83970 960 
84532 687 
27295 80528 
97336 55318 
33563 77012 
78613 21937 
93826 66987 
20325 46425 
52154 21560 
48367 29944 
61973 45764 
20608 79591 
98839 63632 
69118 11999 
77831 57452 
36804 53592 
47347 90898 
33770 16446 
82701 20036 
91956 67101 
82730 23659 
27929 47157 
80528 64969 
33207 49128 
15437 30296 
99068 98780 
77621 77402 
48526 46049 
28800 65813 
92013 20656 
23153 34713 
45264 65635 
931 40137 
48008 22296 
3966 62474 
295 3450 
67066 47791 
89623 58307 
72194 51994 
16512 2024 
13346 15591 
38776 55660 
9224 8584 
45439 18188 
18080 50012 
40133 71181 
54502 24680 
60733 98956 
81480 90854 
87147 92177 
52706 96966 
92330 91348 
9898 2859 
73010 18059 
97800 31639 
56017 36553 
45580 61907 
13776 85879 
77489 6954 
38176 23804 
57943 17446 
15927 27653 
46579 87194 
20479 4374 
37401 37787 
85638 72374 
82767 7198 
54301 91074 
57755 69900 
2019 30593 
3382 71597 
19605 93647 
98150 70376 
1593 24468 
46574 37892 
28073 65444 
40635 89155 
46273 51174 
45488 77516 
55250 61780 
84324 12705 
72110 92547 
48917 34021 
11460 35355 
42180 98261 
41070 8878 
66975 22534 
86266 19131 
11441 55775 
43117 79726 
45280 39618 
26236 72059 
33702 59219 
20854 79654 
96182 77674 
30780 88042 
85660 93887 
13998 1768 
40537 63045 
75827 93533 
66550 71317 
45953 66965 
38557 61929 
105 84143 
73285 68498 
99734 81759 
13241 23283 
13790 75669 
79306 72990 
55535 32602 
94901 52814 
14294 69918 
58172 40587 
87173 29559 
40313 37239 
18945 60721 
17890 97196 
39705 37264 
4992 62927 
49341 30538 
37019 41532 
35456 56012 
72117 98072 
27134 13022 
18541 30305 
80747 40905 
66615 32539 
66010 21962 
2543 52513 
70570 71924 
7928 94528 
69633 71966 
3693 24504 
13495 12837 
79968 88183 
70317 41299 
64558 62423 
24050 21806 
21787 21300 
68194 52253 
40749 13716 
54862 1616 
67466 17269 
55643 69440 
58936 54297 
65817 2385 
88751 30391 
36738 41406 
13732 83043 
52495 14675 
18938 8712 
76496 35951 
94460 70255 
81162 15873 
61535 73508 
39678 44545 
57838 41710 
2575 57739 
12207 9576 
3908 56236 
87569 4965 
41864 8016 
47533 85456 
56891 26433 
6877 49539 
86763 83991 
59067 47734 
12474 90964 
34991 77618 
21453 40890 
36247 58562 
5329 788 
3598 46930 
78279 3014 
26646 70541 
49029 77763 
74273 32417 
4613 50481 
27092 58102 
67263 16853 
22915 38359 
67124 99497 
84165 49527 
32975 85172 
82191 17585 
40723 39016 
7599 28753 
75181 93242 
58015 79398 
54447 11702 
25084 1099 
38236 38873 
61064 92890 
91545 52069 
32009 42054 
3313 49044 
19363 17239 
66044 19699 
14637 73268 
6862 70175 
62943 15680 
23042 90426 
50251 34888 
15809 82195 
96591 34743 
35009 93369 
12762 48382 
44272 36771 
1707 55439 
91350 6723 
37319 88979 
21547 45117 
33285 48002 
3512 50172 
22419 11884 
46136 65755 
3036 86855 
72878 36844 
73036 1397 
85588 67622 
64658 7416 
93732 72675 
13297 37075 
6900 68916 
42284 11406 
88557 16085 
22203 96089 
47270 77078 
68111 52284 
97919 35853 
70918 35902 
59945 80282 
20235 57460 
72226 30084 
65151 26421 
94942 65847 
76695 68916 
37601 94153 
21125 25757 
99400 65942 
26758 8892 
33160 50522 
28674 18734 
47339 55985 
5449 2255 
41935 78321 
79961 62292 
33581 56127 
42345 12216 
62737 5579 
67353 6917 
91600 11205 
40645 71015 
95193 52000 
78945 88250 
20080 49561 
27543 12231 
35249 35168 
45276 8000 
27921 46112 
41906 36341 
3391 78086 
15729 48316 
32490 40072 
50278 66188 
52848 80921 
68144 88752 
70853 82698 
7230 73977 
30059 44859 
80156 19971 
8774 15475 
1066 86464 
84640 60955 
15770 73309 
57241 4106 
50899 99951 
51153 1871 
5700 10378 
31273 78717 
46119 61759 
49910 79391 
24968 41802 
10801 55657 
44271 99782 
79102 55605 
96302 69271 
88352 41287 
68338 6806 
95500 20649 
72829 70016 
13339 43147 
69477 11194 
6006 74899 
78593 67869 
67692 38894 
46195 90599 
17316 78500 
10398 60049 
32612 78403 
35997 10350 
15959 56131 
29512 93794 
31217 19410 
20515 93128 
75981 69888 
96727 12003 
56826 22111 
10134 51603 
16531 98177 
29308 12017 
21669 53077 
99136 40642 
56630 83518 
83331 86678 
85777 73906 
7371 10760 
39374 37131 
89941 41814 
50815 14980 
49470 69420 
22843 13211 
99030 9285 
28634 59728 
97627 81861 
59982 90784 
8866 99733 
19298 89788 
28948 68057 
14719 26016 
85177 64177 
58359 66446 
73398 77477 
86582 62886 
98212 58588 
18134 48759 
3357 48270 
41089 15101 
31289 30596 
72771 73743 
30791 82520 
68169 57152 
39352 72458 
61841 49011 
3073 94217 
15877 87396 
61052 9432 
12249 33272 
13447 11573 
71685 51052 
12858 17705 
3212 5056 
67175 40333 
88590 36013 
18732 90998 
84076 45075 
69357 19727 
78332 79354 
53857 11 
79735 82603 
25461 27679 
18959 47426 
5967 13827 
43423 81265 
70565 16947 
49033 77440 
82763 77429 
41640 64627 
68340 88808 
45715 93414 
18953 64472 
80974 6979 
45767 35942 
9025 34387 
61417 49441 
11599 39699 
54632 11150 
99507 57779 
36022 68339 
67192 48593 
75794 3553 
1601 5806 
24601 62050 
26061 62590 
7245 28905 
9960 47817 
5606 21517 
3226 59203 
1990 65664 
60989 36459 
36956 78867 
8231 37128 
46747 93462 
56876 40565 
84597 13638 
28457 31376 
97484 15618 
54369 42633 
25282 68231 
22683 71335 
12831 72323 
15575 13812 
77094 91747 
34686 7154 
51342 76155 
43037 4276 
36230 56332 
61620 54819 
23668 26548 
46371 11868 
23543 15185 
36963 35344 
15619 84866 
12702 16916 
69389 96357 
12774 8436 
23152 16718 
78197 96109 
90263 51492 
51054 26051 
65297 33159 
22930 53322 
35760 3648 
58943 56214 
66032 87408 
36367 30280 
9371 63326 
27553 52497 
21120 8742 
25725 84951 
91622 6878 
59173 69554 
90940 80180 
64476 50567 
19090 36392 
92631 50090 
85308 91625 
3254 13148 
97786 65242 
61573 33676 
31310 25088 
90445 70436 
54448 98394 
45424 62768 
40173 53633 
74707 60117 
54240 1661 
97786 86355 
14176 60702 
86704 70231 
38377 78997 
62069 86604 
59620 11435 
22304 69655 
60195 2007 
9082 78901 
96879 32647 
74517 21549 
23186 60805 
56375 60678 
83540 83091 
86436 67659 
49500 30338 
54101 9417 
91650 20654 
22445 96367 
32442 71360 
47133 55218 
5091 98118 
79956 32382 
51473 10151 
48241 78325 
28087 44135 
88954 10948 
53232 66152 
82069 7000 
20874 11058 
71600 24478 
27100 21651 
84679 16141 
3531 96259 
59162 54499 
28812 52644 
68444 52018 
94001 68580 
88553 26789 
30641 65037 
87033 33538 
71317 56562 
25721 52609 
1661 5312 
60280 5419 
80041 80084 
88163 43914 
46618 39800 
43669 43658 
16934 32058 
63848 15440 
56909 21708 
52241 38702 
65876 41824 
48780 11540 
52197 90038 
73648 6694 
72056 76873 
50496 20692 
16169 69532 
30149 4189 
71430 64553 
29750 65532 
54958 65792 
74306 46743 
16484 40391 
77655 81331 
31748 74716 
28135 56748 
64301 54672 
50542 20795 
56060 50384 
489 90917 
17961 93918 
9809 48079 
31260 535 
42441 22798 
37275 98906 
39019 9903 
88789 3788 
25415 80724 
59886 85863 
35521 96675 
62623 67725 
51856 66568 
98736 2487 
98847 31488 
82507 72004 
33181 5715 
6923 75427 
63165 49902 
89444 65617 
94794 3625 
25966 30861 
46045 58396 
1983 12451 
92917 9392 
58488 94821 
10799 84373 
86803 4289 
53014 11671 
31332 4900 
64679 55615 
12119 85380 
64568 17388 
40138 89982 
40175 72087 
87420 57738 
91977 88600 
91370 99639 
31694 57958 
18063 61294 
86332 37910 
82846 89825 
84889 6755 
28219 48055 
7849 7824 
88751 96526 
60884 57521 
30719 94393 
93721 84442 
40169 53989 
22682 64881 
47276 20629 
31141 20865 
17146 39183 
16008 50900 
7639 12026 
20283 70725 
93299 49120 
41864 51621 
81161 60358 
36989 57210 
98977 42692 
43043 96181 
19315 70168 
29942 27993 
94015 3652 
51895 81394 
12673 98881 
12076 71435 
66060 6385 
71579 29685 
90853 24901 
31000 94478 
95523 91112 
88097 43273 
18961 62823 
28197 87590 
53138 80159 
35353 92490 
69042 69923 
21764 27182 
21177 91942 
60513 1129 
70041 13051 
72460 90856 
54304 34303 
61929 16709 
64816 90064 
17823 85912 
21107 83834 
96897 78550 
27695 24959 
84131 16462 
92317 82841 
81507 21543 
21101 80820 
10960 39583 
66723 10577 
29857 78519 
94770 59752 
48118 85868 
50808 10390 
4890 69089 
56056 83903 
9708 44784 
33117 79427 
78130 87863 
64864 76759 
95096 40220 
19373 52533 
20572 29925 
31704 88808 
11544 46614 
19355 36986 
71999 16464 
22399 36754 
58273 21061 
1562 79711 
60983 8449 
97953 50392 
56727 51777 
56659 73605 
72853 21234 
43092 46297 
36797 48318 
35754 34628 
87867 77993 
62010 72472 
13775 23948 
54478 6289 
36887 64864 
44810 93085 
15802 45541 
78928 73170 
46797 75700 
33183 7439 
46578 51405 
34451 90133 
72940 59325 
38818 22325 
93095 62426 
3317 58844 
40842 7163 
93074 21883 
13162 36921 
2263 8263 
44478 44153 
31419 4121 
62487 44585 
55959 60729 
73364 10833 
41161 78237 
46083 59928 
7384 90297 
65714 49478 
25982 41872 
3759 593 
31139 4946 
9960 32192 
65780 82441 
64468 60942 
40713 9321 
41868 93838 
75364 71691 
29272 16301 
5715 29636 
9544 57695 
90481 47609 
67694 98259 
20092 7378 
3573 66747 
34719 2838 
37219 66407 
87341 93465 
74571 58469 
45790 23728 
60711 26908 
13733 99480 
85415 46031 
64702 49170 
21514 73295 
25577 87639 
70400 93784 
16354 43356 
60998 49878 
51517 6124 
98619 99934 
35055 1599 
88323 63151 
35896 1428 
63796 24292 
13479 33352 
37172 91606 
74195 64337 
47872 23985 
78596 91579 
29239 69323 
86568 91218 
30578 85026 
23057 42606 
29221 43736 
70475 67223 
42289 62629 
45589 95597 
1089 32969 
98451 3071 
82402 68163 
78883 35797 
396 33132 
52002 82038 
50517 65630 
8508 30683 
62395 50955 
7663 98801 
62686 65563 
11367 3158 
70729 62172 
16225 96773 
49983 29235 
67193 90940 
16460 21024 
41144 35570 
61681 21063 
21632 36267 
82198 71294 
47158 45254 
20280 72106 
4392 75084 
11107 34235 
55113 48991 
672 42541 
31006 19836 
45535 73817 
4031 60760 
30693 96013 
41700 55003 
45055 64656 
86415 89760 
35332 23745 
55900 89538 
18666 13025 
47830 8153 
71871 81301 
45882 35327 
30930 6340 
66755 63786 
28205 25891 
58084 5830 
66802 91511 
55732 44527 
81630 67112 
35594 54022 
64926 7545 
49827 25857 
40338 69017 
20342 93803 
54163 22795 
73421 58370 
14910 66385 
38486 73990 
53101 52242 
1332 76802 
92051 83115 
97535 99046 
17346 55205 
55308 37246 
7856 65606 
48704 15692 
44313 38869 
1883 14183 
42845 69022 
93035 9522 
70333 18019 
42629 13983 
86057 59343 
34776 80784 
19798 6367 
12807 86496 
40454 19074 
10564 93458 
91141 39878 
29444 41393 
66910 69527 
47894 16767 
89393 57467 
54837 887 
89039 47533 
31419 3265 
40107 89465 
66518 45485 
6139 99513 
80581 72653 
44389 29255 
49684 34389 
86515 80771 
67086 95449 
59822 88444 
53100 7219 
38440 72902 
25754 95654 
17037 60995 
74516 98668 
81028 57228 
37244 16565 
6701 46671 
66585 22754 
62280 7122 
86176 18870 
96687 9220 
79316 8290 
96569 87133 
23166 5162 
64191 69663 
80074 92225 
18829 71789 
84293 90014 
52566 60090 
17135 2498 
77722 21984 
46503 59763 
87626 88346 
17821 87029 
15031 81818 
22475 91133 
13205 89011 
37232 70513 
3566 83803 
23464 22847 
30718 61050 
98571 45631 
40825 75310 
43630 99358 
52499 17528 
91111 30343 
20705 4154 
44381 30855 
3688 97788 
16785 47882 
30496 26204 
42224 38665 
32411 17473 
1443 11108 
45449 22921 
28672 80209 
13045 56787 
11767 17852 
18172 41688 
75684 72646 
52315 12386 
43882 88888 
85123 96859 
5189 59343 
32994 63291 
74665 5187 
37462 94381 
26190 88310 
54980 26203 
91768 26078 
28533 67907 
67959 96756 
58495 631 
43378 94968 
15234 39280 
62865 20882 
39198 29201 
73724 64260 
55555 41269 
57314 75077 
89955 23554 
35344 96099 
9530 65472 
54350 69633 
29046 31216 
94142 20601 
15883 23253 
16412 61146 
99568 43826 
68224 58199 
41629 32614 
81770 54715 
49797 72127 
66562 37748 
26898 68890 
73153 2109 
29288 38093 
18472 67021 
72242 42169 
2090 65016 
60461 59600 
9938 37257 
40695 89302 
97475 37534 
70450 28014 
67798 68377 
71855 93423 
11868 47033 
92979 4102 
57796 26526 
30241 68849 
84057 77536 
75025 82652 
87525 70581 
35209 74256 
61389 84755 
48045 1180 
30282 9248 
44674 42034 
10393 96922 
48518 93140 
10830 75415 
89919 36683 
69197 20565 
97581 11003 
19106 49379 
83747 80177 
20274 95350 
74512 69608 
42879 87600 
49241 7156 
87014 67158 
43841 85175 
35368 38621 
41410 37853 
82651 73504 
20840 10370 
58853 52788 
58969 81643 
65051 60473 
85165 90808 
70279 17421 
68532 9098 
75889 75285 
77414 93389 
39868 74069 
88479 55457 
67711 3644 
38369 81862 
18775 99489 
4763 43374 
47418 46015 
75680 39995 
96774 56996 
15917 37864 
89675 51957 
67773 67754 
16017 49822 
29541 71311 
98765 56663 
39722 877 
31859 33119 
57518 1451 
22394 88839 
70879 29230 
36784 66257 
82235 90203 
45986 44078 
19004 14341 
88434 12044 
91074 16255 
20954 42846 
70679 31502 
7759 14527 
1431 59277 
5484 17246 
52753 86824 
38312 11996 
23539 18669 
21343 95677 
64608 84649 
82696 66843 
33356 54725 
55215 79553 
15982 45686 
57179 18911 
52776 65104 
58104 31199 
80143 1291 
30494 93982 
59446 34502 
21291 17078 
97156 14257 
37850 24031 
73440 20417 
32385 75491 
87030 1520 
86145 60899 
93055 62890 
39970 2884 
57493 59161 
91425 90023 
77011 31116 
80367 77901 
16166 15103 
14582 75852 
95299 44825 
45033 67339 
21914 59892 
86324 95613 
95959 33310 
92096 83119 
35112 30945 
37416 43038 
60046 19996 
30563 84445 
51626 50667 
75224 8727 
42053 45448 
30698 44264 
30246 43822 
72563 68751 
18048 66701 
39100 24185 
48350 84541 
59878 38163 
88810 95806 
1986 26993 
45566 48378 
36761 71052 
10205 65477 
25199 20889 
40189 69783 
43830 13763 
48086 34745 
24460 54619 
28125 30391 
60980 42956 
79978 72488 
44370 7605 
99132 28525 
23019 45109 
90806 81742 
49692 44245 
30108 5294 
68718 19135 
34943 52685 
17413 66498 
40208 27674 
64269 8735 
61836 57172 
83111 83918 
17551 53977 
67192 96136 
27478 22728 
20144 45259 
52272 32084 
21681 13852 
38993 48871 
55169 798 
35704 5841 
1422 56112 
4596 53676 
48511 89526 
10435 30005 
40900 96587 
86199 63453 
92901 70333 
81026 19128 
21194 44073 
76920 83439 
9095 41332 
20135 80784 
1290 92744 
50773 12396 
41882 16468 
29831 8507 
10928 48651 
56794 88998 
85014 53551 
42849 34847 
45984 39073 
54868 82902 
88561 52848 
73564 69934 
32427 36382 
15538 68394 
27205 70380 
53441 75931 
49835 53059 
31040 43504 
32999 15059 
10727 52774 
30521 89497 
9844 82473 
21101 23819 
79159 35592 
75252 41229 
51966 34462 
61991 33862 
45441 29188 
51600 97239 
27308 6409 
78704 96177 
70266 29978 
65930 85967 
4300 92902 
72579 99462 
42647 10784 
25038 50686 
1109 40982 
6043 98593 
52313 68860 
28468 60851 
56670 62739 
95957 66782 
89953 62543 
57506 91097 
43824 33628 
96020 15565 
10053 86937 
51881 24503 
71810 39353 
71765 51754 
16115 63995 
90180 61771 
50387 59252 
96653 65504 
52997 47407 
14999 42959 
12844 99036 
22778 68627 
16166 67677 
68835 13416 
20182 10807 
4709 27297 
12609 67791 
31756 90545 
93700 63208 
79977 58291 
33179 4843 
76832 13045 
48288 49640 
34722 82892 
21140 18041 
84377 79278 
23668 47390 
8021 57617 
46674 88450 
80994 6379 
35853 65601 
13408 25890 
22110 40898 
94447 66780 
96102 44947 
81101 59810 
17664 63402 
40376 83765 
69616 96919 
49463 86160 
62420 44527 
81872 92705 
71261 95603 
59190 15780 
40347 54064 
27921 99618 
20567 59847 
28765 20468 
16111 17408 
61738 93684 
3284 88709 
14681 26527 
50429 59042 
15010 95370 
11746 38064 
84950 19118 
89764 15501 
29051 46786 
61317 51284 
59417 76543 
40094 43225 
68902 75937 
5187 81852 
95391 78613 
59540 71670 
81373 91490 
94773 70827 
22112 58230 
29616 77094 
13063 89707 
58001 67033 
52563 90330 
89857 77377 
29349 80184 
92732 2879 
26157 37331 
45606 73300 
388 62034 
97594 63675 
60795 95211 
83711 86641 
45121 7161 
87488 13368 
17827 9381 
55907 70504 
49312 32255 
66035 64558 
8424 54467 
14641 92259 
98635 66154 
52229 5706 
94873 97167 
11119 14482 
92812 44222 
83558 23413 
65325 86302 
90324 24298 
31840 86364 
42866 82663 
85497 39213 
42778 86499 
90299 40344 
81209 52924 
55844 18648 
97822 20849 
20775 97019 
33992 92994 
27734 19268 
68163 28946 
52403 9154 
52627 32489 
57114 7922 
80466 21048 
75549 70442 
98994 12846 
99211 86826 
51752 18244 
28646 36380 
74972 75759 
72763 73791 
96374 30362 
28205 93636 
84293 11915 
47304 18642 
73317 35011 
8005 9545 
48994 7932 
32018 99958 
8620 8139 
58489 18386 
27735 54386 
69679 71285 
52654 81500 
82372 26068 
8237 2819 
64189 50961 
57039 27429 
7491 39873 
71118 84620 
95231 74687 
80964 96299 
22893 54894 
47387 29668 
98556 54990 
61668 57066 
29193 53808 
16859 47624 
15412 16721 
8862 16292 
19210 1631 
19762 59768 
39639 2717 
7837 16015 
29897 42081 
78802 94274 
15943 68787 
41042 35896 
31586 27207 
53941 82801 
67858 12142 
62892 49988 
45550 36917 
77170 21309 
58924 2422 
87566 13558 
5922 70039 
39531 82971 
15587 9459 
74565 80323 
6955 13566 
27653 96091 
65335 46913 
21804 75513 
1668 21721 
32080 24898 
68598 75928 
980 75132 
42875 61486 
74638 16129 
47917 37938 
95015 66819 
82618 6226 
27126 99272 
42896 10775 
22303 92707 
71027 84062 
18582 53370 
44462 7215 
57563 99645 
20603 12624 
53393 78278 
86941 60099 
84030 47204 
26969 76827 
87523 33253 
1473 63173 
36777 48835 
62070 31315 
35115 30783 
59267 61793 
21917 46581 
80873 34205 
2733 98530 
58232 12627 
21453 44731 
7551 43779 
73516 47292 
31483 56493 
18552 52805 
92192 34766 
88509 7858 
81247 73485 
2992 13264 
54028 15841 
97422 24667 
66676 14524 
41564 14330 
52217 55002 
76110 19145 
99096 28458 
23183 13313 
50182 44448 
33011 60613 
23192 28880 
13476 20832 
64525 61611 
51829 7672 
87658 69786 
78623 21324 
14538 7971 
42713 7927 
33818 24209 
63196 30220 
13316 32307 
99209 68976 
55739 84992 
31783 13200 
66497 70012 
83242 38519 
10349 31814 
9151 17897 
69641 55131 
85398 56503 
81081 33634 
78710 93453 
20260 86733 
32772 67188 
23547 80673 
24061 98308 
85523 56293 
41644 4014 
46772 65088 
23369 21625 
91642 67696 
37255 85176 
8491 54474 
31352 68731 
25965 6520 
87937 82778 
28036 27336 
8629 85970 
67780 40229 
25878 53480 
45317 64665 
83212 25353 
88854 55924 
51778 43507 
79423 16775 
53888 74406 
89724 67291 
45659 5928 
65351 89518 
70283 1596 
62747 47380 
31105 93077 
72382 19041 
49340 92731 
97929 68867 
65187 12028 
32626 29211 
13005 78723 
72556 58428 
51348 55999 
33230 90849 
56877 80106 
90628 96874 
97502 49577 
50799 26926 
84582 18697 
63122 21684 
66628 70667 
31508 32844 
67643 71796 
45100 13578 
92111 37036 
45452 5959 
15609 69311 
70673 73770 
55099 70364 
68730 3474 
66214 59193 
51833 23536 
46152 75673 
71785 72851 
30322 91588 
32182 82755 
58427 99039 
17522 23876 
51432 97083 
11564 9042 
84693 51470 
97701 36528 
64504 59439 
82611 4122 
15412 11844 
61151 23777 
63873 8201 
45229 19100 
60175 46795 
12281 93465 
15018 81588 
90041 15236 
39748 10442 
83445 78408 
69952 35031 
66785 61905 
20991 11843 
9646 28855 
70991 95770 
78705 78342 
91928 63078 
59105 86445 
52679 88889 
68934 50845 
99214 45838 
98218 83807 
76630 85185 
89898 82064 
95287 59418 
94404 38946 
59046 46260 
71737 54011 
67454 38004 
85364 38543 
75689 67223 
30787 11438 
46183 50146 
68279 29325 
54061 42403 
84110 97230 
14868 18300 
87434 61630 
87565 4452 
61107 96441 
68325 21339 
23817 54326 
31416 12229 
28222 70614 
92300 67920 
15186 75208 
65045 87875 
67750 89049 
61234 53596 
60124 56021 
30804 28434 
76776 88616 
76570 39562 
84608 86250 
83685 42450 
77243 18806 
92853 15939 
74592 54818 
11870 86902 
53184 53611 
3898 37461 
3128 33827 
12836 4877 
56117 76911 
86288 44481 
5549 23490 
34807 89378 
44630 72987 
22469 7180 
81209 2393 
18307 23647 
49167 78813 
50701 55853 
25312 52218 
97585 73400 
78028 79756 
14144 85185 
19343 51086 
46670 31363 
5604 55335 
6331 45400 
33613 54643 
79833 39499 
8863 6675 
35304 58164 
20431 9042 
41207 39321 
43094 22298 
53668 20148 
1432 64948 
43350 25668 
72934 63887 
26842 82128 
77555 86727 
39494 4358 
99691 78675 
36758 16525 
15212 75939 
39265 79087 
50974 70080 
43288 11267 
87139 53285 
2629 17972 
23658 83251 
50652 52861 
71465 68154 
71830 75130 
96175 87150 
51081 86581 
37503 29898 
26096 67692 
51182 59804 
42999 66642 
71775 79984 
68861 33618 
74589 8395 
45981 34267 
22806 49165 
82280 20734 
21978 80796 
59774 86535 
68179 68803 
8813 82355 
68432 50216 
39617 23882 
32382 30496 
44609 79905 
82779 79586 
85151 89181 
8954 13129 
54502 17915 
92273 97330 
65177 36258 
65460 21522 
43345 61785 
28727 41155 
25514 90749 
34783 5781 
43465 13710 
72112 51510 
52246 91197 
21285 55518 
3014 47163 
32642 21347 
87608 23258 
75316 88069 
84956 25308 
37353 33830 
20775 84926 
14620 74847 
11479 53754 
12196 44626 
834 45661 
96122 74989 
13589 43028 
75664 90430 
44192 87309 
66644 70411 
70647 81164 
84960 30349 
33684 39703 
46032 21437 
49622 41794 
729 51800 
31662 48843 
21240 87126 
78822 78135 
61361 97554 
54311 40536 
54868 79442 
15873 78260 
82893 95571 
79476 67399 
36672 45412 
94699 82048 
25514 98264 
85248 52102 
31570 96406 
61288 85196 
92693 62830 
41591 64747 
2652 28689 
32994 80694 
53951 29304 
2262 97284 
12708 4369 
41144 13142 
7282 77947 
69302 22833 
32802 86903 
41722 46310 
22245 72642 
27350 52824 
11387 50284 
3889 69326 
29744 21915 
70061 29830 
82502 6056 
11106 91881 
49512 14233 
65877 18997 
16542 17307 
34628 3851 
71301 9212 
35432 85949 
42132 93757 
64134 99709 
30819 91389 
37850 74065 
92621 87110 
5252 93143 
46406 18176 
88193 19021 
55699 30787 
78756 72242 
7473 18662 
53343 63482 
29667 93199 
81197 70667 
30730 24889 
98569 59839 
14864 38683 
91720 55177 
25199 42238 
82048 73877 
93779 15257 
34857 54912 
32041 90587 
19613 27270 
78350 13328 
34043 82823 
30216 72853 
66980 41794 
27974 64494 
15626 24634 
23971 52582 
91730 73134 
66746 74574 
48138 95731 
53201 47220 
32312 47204 
53432 10024 
26589 91369 
92672 68696 
66328 36840 
82703 81860 
36562 80587 
31139 67975 
35362 41777 
21137 96243 
57848 19216 
46368 65211 
98629 59795 
6514 65860 
92422 82380 
17071 72137 
12707 61921 
63905 1237 
26492 41876 
37792 38344 
59605 9581 
17091 26143 
61411 38821 
27725 78082 
70451 76593 
98805 86197 
73206 26963 
49518 59225 
17058 63890 
88331 44847 
85488 87040 
79045 61037 
68624 19865 
29968 85848 
65521 37582 
92184 32395 
35850 4227 
10870 66370 
78197 92544 
59606 7084 
49726 58263 
1791 89903 
57705 41166 
65596 57828 
47259 69384 
89232 93074 
81633 50440 
91918 95685 
61409 42870 
52528 65526 
57297 15586 
32738 46452 
37489 18673 
64364 47009 
55038 8923 
31629 60718 
23307 96196 
18269 70807 
48273 2521 
56661 39203 
5310 54925 
11565 47651 
45046 65034 
54608 80033 
87993 83807 
37320 9262 
20863 58096 
50267 79581 
38845 57262 
63803 55653 
87566 82677 
81927 43522 
46090 20729 
4960 75344 
58006 50786 
88982 89733 
61498 73624 
10427 32616 
91304 82910 
92726 49699 
25517 62612 
28599 40964 
28437 56586 
36322 39 
97016 23072 
21265 66869 
52931 56492 
74980 80808 
34874 31661 
33324 33041 
36428 1444 
32348 82225 
3703 57847 
46113 15275 
53883 48702 
64140 6434 
968 27329 
67832 52054 
78162 961 
95010 35987 
27758 35202 
39619 11042 
88809 66426 
19684 65637 
50485 71785 
60757 81615 
54744 47360 
84386 79130 
25773 48994 
61552 87556 
75657 57499 
89541 77598 
85798 40138 
77387 39064 
91864 93714 
79807 91222 
6357 71051 
2466 68226 
97400 12325 
12418 30785 
4914 25430 
26773 17067 
16091 85445 
19878 60768 
40906 52288 
84752 72350 
25404 37754 
8011 629 
15564 88395 
69226 66239 
37808 89087 
55382 85895 
93515 33610 
89080 86989 
74435 53229 
5109 45721 
93438 41987 
74205 68781 
90795 68313 
65080 78552 
20027 16559 
56237 54864 
39310 59197 
57589 32520 
34549 20666 
78597 53130 
78445 57231 
84404 22233 
86226 43744 
14348 28264 
63182 27785 
98298 38580 
51751 84453 
95389 99624 
76624 80943 
97033 33207 
55167 39028 
81494 38969 
87473 65743 
80835 84290 
65391 7759 
22725 87192 
43171 73368 
39366 75265 
93653 57479 
93715 34194 
33444 99653 
59209 43132 
38098 2961 
3360 31042 
84040 42336 
67883 77993 
47842 95095 
8410 28542 
65405 33403 
55402 80454 
3719 28764 
84502 61383 
26080 31946 
39396 8542 
38009 8284 
33122 21979 
85569 27922 
64812 70758 
40395 33314 
28041 93154 
46457 32182 
54196 46932 
22433 93121 
29715 33819 
10539 53192 
49595 43501 
37774 82086 
21179 36764 
8718 85807 
12078 14859 
80437 74358 
43947 2727 
79449 62513 
69892 7419 
8366 20527 
37437 99858 
55492 42512 
31275 8026 
64562 54214 
10424 2740 
43730 39043 
2945 3360 
93041 21479 
98061 30091 
7835 10339 
80265 81981 
71886 70917 
82952 25298 
88529 64597 
114 35634 
10666 67354 
83821 48921 
21217 54363 
72478 41481 
84476 17018 
40277 77298 
35761 60716 
31770 31880 
1879 17083 
47192 26416 
48142 92643 
73896 83363 
28993 67475 
17216 45156 
78805 52000 
70091 81448 
17013 7828 
74933 47079 
57419 39438 
73532 42932 
5422 67491 
11180 74887 
98844 1705 
59742 2296 
98149 41459 
51051 16686 
60063 45688 
66813 93872 
34958 30132 
14084 18210 
12834 69612 
26448 86406 
5318 5796 
70164 60138 
91847 86764 
1848 51662 
77024 93697 
19651 94648 
3129 42152 
73456 73707 
36841 80621 
51243 60337 
2487 47475 
38580 30514 
65428 88861 
56104 19668 
78733 84803 
15891 4526 
93810 78452 
1754 88067 
1470 54353 
70842 3826 
13668 65585 
94254 48817 
18202 66754 
2995 544 
38707 70078 
82188 72896 
10526 5193 
61293 18150 
39371 29788 
80970 87884 
44184 7828 
78270 24273 
98169 44873 
20979 65096 
72732 45864 
39248 10676 
57877 39782 
48047 19074 
79595 97677 
27496 67046 
59887 55861 
29815 38574 
68268 44384 
11402 80226 
94959 12480 
46462 93200 
35442 37240 
64651 15528 
13651 99556 
69342 84818 
86802 12261 
35437 61779 
68689 89368 
56020 37888 
80283 52464 
5716 46733 
86536 80564 
15252 47866 
6528 23100 
6526 54490 
90442 12233 
20391 31800 
41332 30297 
80375 1565 
22221 10950 
74768 50282 
29830 78474 
6728 53244 
35039 58671 
57537 94870 
87195 26942 
31600 86873 
54459 94376 
3517 60151 
25604 71064 
67269 33715 
30032 87351 
95534 44556 
42258 98376 
53132 56020 
24679 44995 
72793 49092 
28202 95059 
93714 40943 
14135 43046 
83777 68113 
82711 3139 
14847 17964 
93734 91119 
37211 91285 
43031 53829 
4035 31427 
14781 71435 
29583 60874 
64207 27381 
26020 24865 
97788 13651 
52755 53508 
8790 14857 
29566 18733 
94839 93662 
10178 80547 
31173 82187 
86474 88198 
98343 69280 
95210 26201 
66336 61940 
28847 72621 
18455 90669 
10080 67540 
57750 23154 
75619 73383 
76407 48442 
28989 45537 
84211 94656 
64362 21680 
86045 47288 
33873 81282 
70382 42240 
29387 22938 
20803 18049 
76352 56509 
90789 25094 
92163 9488 
88419 6103 
44364 2575 
2045 81882 
55052 58137 
60618 98982 
37012 67037 
63078 21852 
14393 54280 
30058 81076 
76138 51957 
28109 21375 
33943 9191 
91792 28351 
8133 43088 
22158 51300 
44689 62136 
71514 80939 
74506 74075 
33847 85514 
62051 23943 
47851 56517 
54721 94811 
85255 66106 
36486 43683 
40973 92349 
9830 38087 
63590 25510 
78518 5078 
64778 28885 
80398 3689 
24464 91036 
24201 84312 
64934 72815 
17256 4062 
1507 22164 
32028 25847 
90021 2457 
48579 40705 
82108 56006 
27318 17914 
68053 3383 
11825 5413 
34040 61310 
35075 74309 
85650 47156 
4028 25529 
92735 26414 
67356 54127 
92107 51092 
28982 97332 
43974 31525 
56138 76091 
75648 81911 
44811 76709 
61763 80727 
47732 9101 
84111 91194 
40467 21248 
86149 94099 
99729 45655 
87345 95512 
94638 2892 
50758 85338 
46512 89777 
3572 39139 
95611 35300 
94806 75278 
24346 16091 
36992 2224 
25593 85049 
19358 16691 
72055 81688 
98884 42324 
38005 60823 
72589 30768 
48311 97419 
9478 82177 
81263 99723 
73834 80664 
31544 90264 
2861 81616 
47573 94851 
11168 32503 
93494 13408 
82182 56510 
50243 33290 
72296 79227 
62413 85667 
97416 32625 
58032 38638 
93520 27687 
16938 66912 
42971 47290 
40051 37230 
36534 74359 
76658 1124 
97375 36762 
99738 92187 
27837 20088 
80366 83720 
52339 72189 
1413 74429 
20502 99233 
68047 34795 
3436 32044 
17932 64806 
63088 23615 
7581 84922 
99681 23935 
52957 6476 
85448 66664 
32210 5142 
74264 93678 
16363 51671 
36208 38141 
79758 37794 
3712 84520 
56282 71997 
31673 24831 
49632 9820 
67734 34406 
76317 26406 
936 97610 
18625 35191 
7028 24181 
91430 5983 
36943 10253 
81522 38083 
1306 14614 
1026 99681 
88294 40397 
7537 53462 
14803 35140 
82743 50154 
51534 48036 
28590 86702 
81545 12206 
35471 93824 
48703 51939 
440 38881 
27628 50115 
25108 4323 
99917 49390 
2697 29407 
52784 2251 
11576 83451 
25737 29632 
68718 72590 
18495 95594 
60601 68787 
39091 56406 
61409 89834 
14923 96386 
68790 52106 
11528 19988 
35946 64056 
3917 29875 
55509 27723 
23549 84096 
55435 67997 
60370 91991 
67 14924 
33802 78069 
50520 23052 
59186 15873 
27757 23609 
26888 9709 
38959 70268 
80124 81126 
73225 57303 
24558 99172 
46183 60145 
27783 78691 
74717 72656 
70058 59302 
92855 92879 
88998 69237 
77705 39596 
20390 72793 
40440 65703 
74912 97953 
51407 71255 
6255 41582 
10806 8936 
19982 53625 
46720 17818 
44447 8846 
20869 17420 
35193 84913 
49084 43442 
12452 79013 
98302 8948 
37746 11682 
4786 30366 
20036 86157 
69314 66352 
4479 94320 
24227 79378 
37569 86188 
34532 44873 
21288 48891 
90657 758 
65863 73214 
73976 51470 
25824 21052 
27910 14845 
57287 45468 
47171 27684 
65715 56593 
5638 6383 
22917 71193 
79389 92732 
19591 31515 
85567 1754 
85501 29882 
50050 28439 
53172 29521 
37297 63275 
62991 29241 
24291 12668 
7691 79812 
77144 19673 
92415 23299 
93722 32881 
42907 93095 
8562 76893 
28851 82026 
17383 36478 
81979 58666 
67644 78370 
79275 87863 
78918 99542 
30478 90488 
2218 8920 
56037 59559 
981 20650 
66775 35126 
38067 61370 
59744 28692 
82893 71369 
26103 79456 
10777 10086 
26308 19276 
52556 60094 
25533 21021 
66730 60529 
97920 5844 
48660 90862 
2145 88930 
61761 68988 
2731 50385 
74166 23784 
61652 28192 
10990 51620 
52988 43547 
87119 68732 
59744 85377 
68355 26946 
96406 479 
19776 68927 
63424 58484 
39347 60942 
80523 86702 
42077 56070 
64586 98928 
55468 8862 
14832 74421 
10477 83641 
43123 78506 
63943 72939 
40422 54638 
68151 70035 
1810 59269 
11169 20098 
41919 55486 
87584 8144 
20239 29153 
23454 28832 
61485 42147 
71570 23055 
65 91297 
13527 59369 
99633 98773 
53631 84473 
98843 19900 
66365 66277 
12635 17773 
63866 5545 
74697 20545 
82830 97653 
41284 46881 
51259 84699 
89107 57852 
84643 50026 
30773 69376 
78450 72144 
40080 38369 
9207 73119 
26461 17856 
29989 67680 
22950 61574 
47797 43614 
55285 46954 
88 81457 
41095 76902 
5629 52061 
27597 15390 
50889 14309 
13831 9668 
87329 72056 
19176 52737 
57258 39326 
53737 43777 
36308 5859 
18185 11306 
79129 91289 
10690 74133 
81574 25559 
46854 28539 
27405 95609 
4872 66608 
70482 53951 
92625 50288 
14433 93424 
96013 88483 
90938 54254 
8555 90385 
5080 44474 
61132 97244 
11595 22817 
67719 26890 
9410 14419 
78053 624 
93516 3943 
81399 60398 
82981 78213 
36948 25784 
51865 70986 
15804 84810 
25789 96202 
27183 60514 
71105 42854 
67101 45949 
95866 44567 
71728 54362 
2242 30052 
79524 88417 
78536 6760 
6395 92568 
95615 29423 
16309 16079 
77377 57572 
26174 80692 
47761 11708 
18246 16563 
17863 96483 
45932 2845 
65858 71083 
9589 25183 
79741 11914 
47737 41384 
78277 30799 
36113 28645 
99128 83042 
12072 70994 
44736 24075 
45055 33962 
6365 50806 
55215 65021 
44600 94383 
41741 52938 
90629 14758 
20038 76963 
46816 84266 
82629 77635 
7327 37376 
92495 85004 
90016 6818 
89555 47195 
69284 62509 
41065 12480 
26298 18993 
94949 31424 
87746 79573 
1425 62167 
7199 40853 
52765 81513 
54203 90141 
53594 27293 
15374 89918 
74919 23301 
79057 58587 
63843 67145 
70512 24745 
77981 93459 
28151 53394 
88614 60182 
62973 16890 
49893 43997 
23164 10790 
62728 72524 
93703 95381 
71477 65470 
96902 77348 
19140 4732 
23902 32844 
52504 4287 
19491 13182 
12507 4742 
62990 67432 
67083 74511 
36486 62386 
43839 59873 
48374 79690 
98136 89529 
84924 22362 
8495 5767 
95531 68500 
25730 64003 
78319 68664 
14789 15187 
21929 95238 
19028 61473 
76634 17012 
45475 54530 
73294 90302 
16623 88016 
82230 29107 
59378 20977 
5745 41128 
5027 57341 
27808 93896 
55425 98136 
2311 5857 
30070 77726 
47379 40916 
46356 93107 
27339 21778 
982 36165 
46251 67373 
14376 42827 
47324 2693 
71934 80141 
11064 85585 
46009 2603 
71658 44349 
10770 22393 
25893 22430 
68422 54722 
91825 82068 
89741 19087 
85416 27447 
34490 21 
22561 69724 
57969 96763 
21182 71226 
28859 20317 
73480 74207 
80423 28467 
81987 40723 
92281 24582 
4696 4504 
53174 84440 
34365 63154 
86475 16753 
44951 19558 
29693 7776 
74230 15091 
46799 48071 
75760 84018 
17947 90417 
65663 98419 
94974 41843 
10102 66056 
33078 49894 
47871 89775 
9144 3502 
19154 96350 
15412 32191 
76336 95131 
73539 53877 
85602 32413 
48578 91134 
89162 66141 
54983 48549 
87030 97380 
37490 19689 
14637 59912 
78547 71182 
37913 87412 
30971 33558 
61037 48818 
99579 13741 
43723 66843 
98772 32474 
54661 12022 
94409 81451 
45670 95227 
97761 89565 
17152 65325 
16959 85428 
59582 55404 
87039 44210 
98076 10997 
93563 10839 
37457 76752 
76761 98736 
3815 14222 
53223 73504 
5184 72742 
20412 44391 
88755 37806 
15602 2822 
54965 36949 
85321 66948 
99812 91775 
83992 13904 
95941 66659 
61156 7344 
90292 79522 
15542 56825 
91546 8208 
91196 77756 
44115 47129 
65999 55860 
37100 43199 
36112 58484 
76409 67507 
31236 76613 
56157 59730 
5054 26040 
1490 16006 
32822 83926 
19131 77784 
13780 87847 
84256 19116 
19920 78448 
12696 22915 
54622 23912 
15989 82917 
84749 24771 
13506 67365 
88031 60887 
80603 32912 
13908 9011 
44720 82773 
90479 28896 
2336 21882 
22797 88731 
18870 73589 
18476 76527 
90916 87405 
45425 23094 
95571 85354 
73482 44369 
25201 65679 
76858 96134 
7602 6981 
77458 22494 
41329 93295 
90575 71049 
33870 11179 
93841 42271 
16368 53593 
77997 38384 
22764 2147 
53697 77903 
63509 49242 
82459 46014 
94424 64705 
71824 58076 
79791 7695 
24884 23814 
75444 33980 
62568 13116 
12402 51142 
43428 40893 
44507 29793 
90115 8035 
34541 87625 
94367 58306 
92491 24897 
13028 36866 
46882 4926 
86476 65111 
25540 41195 
7801 78676 
45644 73901 
46189 10675 
64634 93081 
81175 40640 
23279 92871 
35777 71126 
20158 22056 
6009 38580 
92809 29734 
71842 12817 
44999 91740 
40450 90339 
51807 43425 
16361 40719 
94673 37438 
15177 22413 
27052 91366 
37566 44623 
48012 89389 
98484 15191 
65875 54555 
62926 81034 
66918 13849 
73969 37232 
65197 36920 
71481 53664 
98695 41136 
90584 43940 
54294 20599 
97805 80397 
49492 74793 
69831 41048 
72286 83763 
44869 59633 
82350 994 
79851 38292 
6376 12645 
28053 73891 
18389 42341 
11183 43662 
81862 64395 
97589 93560 
44637 25201 
13953 73635 
19914 62421 
11692 68705 
57020 54705 
81260 79763 
4158 30840 
57640 21790 
92039 16564 
88528 17021 
22063 99695 
43088 79242 
25626 49839 
23585 4294 
72163 37563 
4854 4721 
42723 59807 
67232 52407 
53109 93204 
7470 21996 
6078 65052 
9085 60077 
75590 52895 
28741 40321 
77784 97947 
8426 3176 
63122 45081 
54593 20193 
72073 2634 
34856 67715 
32726 48984 
30468 42396 
42886 99677 
48503 1910 
71511 88818 
41535 68199 
34720 11499 
4552 87749 
50179 20247 
18980 3632 
50293 67767 
91861 57434 
39460 40725 
94641 5692 
13510 34848 
40433 5088 
20510 80354 
51261 93404 
31284 38485 
57508 69130 
5260 54917 
40607 51603 
82684 73839 
77038 85697 
7763 87710 
66740 40343 
88970 22023 
32314 38508 
32528 31817 
56696 47816 
42990 17282 
86509 55560 
70876 49473 
65830 49674 
1490 33952 
80902 28049 
21319 30161 
90110 62642 
68825 87343 
85552 51901 
74990 54066 
82613 5320 
25606 67683 
62180 17310 
32129 32540 
96488 4053 
80781 51266 
74038 96672 
40648 82221 
1664 6771 
50685 57946 
2512 6299 
72788 14436 
47553 92683 
93561 49110 
55244 42314 
80881 46534 
69020 90716 
53070 85286 
75528 16110 
98241 66791 
57895 44594 
89309 87504 
87740 39770 
76187 9529 
47278 87442 
849 71575 
38583 36829 
73225 22080 
80903 13809 
66312 49412 
18906 78777 
37400 30248 
64847 62000 
59002 16537 
75847 72698 
47831 33904 
23823 44610 
13101 69921 
50102 50415 
6450 89349 
9335 90140 
44952 25289 
98040 34558 
95959 60101 
31971 83603 
57943 28039 
83472 81925 
45016 42726 
15073 18998 
84500 76904 
48808 29541 
66669 99370 
92080 1544 
43721 4513 
386 93793 
61062 53633 
94785 62567 
18147 83978 
67736 98041 
98409 31408 
4786 74936 
78205 55656 
21530 29097 
23273 53343 
65396 81921 
7817 93221 
60010 47945 
46149 10566 
76261 77390 
9716 53195 
98630 5124 
13377 80300 
17982 208 
93959 77065 
22708 36128 
71396 63023 
78977 30751 
78176 40138 
87821 37247 
66356 47806 
81862 2409 
53050 66278 
77741 47217 
45103 37470 
31622 65986 
91556 52647 
54653 85075 
48551 90210 
32824 69864 
5478 73608 
61431 19620 
13465 59313 
48148 43847 
77704 57930 
60741 70857 
23656 37623 
95500 99559 
23829 58425 
20728 68820 
76615 38391 
5963 85290 
61576 58159 
82056 20167 
56603 69140 
89874 58186 
91550 82396 
66072 57935 
30198 80207 
83262 61665 
17845 10385 
8851 74842 
5337 94580 
71941 20961 
62013 6163 
30892 65540 
19844 50684 
15503 94672 
48915 12486 
77233 28189 
50483 14750 
18492 45215 
67968 77046 
87745 763 
58531 44421 
21015 16075 
38309 5117 
82374 32464 
12902 10210 
6055 28739 
31379 57752 
71100 15640 
56833 6480 
45760 37196 
29461 39689 
23366 28604 
9140 8564 
33965 2912 
23664 46105 
56760 64732 
16070 57679 
77219 78158 
79895 62348 
29706 48239 
94762 80266 
41579 10579 
26312 35796 
47923 62022 
34331 73404 
77433 6907 
40790 63985 
19436 37960 
45586 12935 
69633 18699 
41901 68139 
17885 85062 
75408 65938 
85177 37992 
11941 46252 
38912 55853 
26798 14196 
15739 15767 
5499 24851 
59385 76391 
50605 20300 
37278 41114 
22108 53596 
34223 90303 
99964 93023 
34020 43987 
46463 11840 
90591 92227 
63443 33608 
59067 9439 
84757 21308 
4239 51063 
17930 69614 
28889 16226 
50619 84017 
67722 48410 
67259 7951 
73985 37677 
79191 89593 
85312 82585 
57613 63764 
92964 67718 
72846 61118 
54315 13620 
85691 46778 
82314 59928 
7072 33646 
17610 49617 
40684 11772 
39131 92548 
50035 84539 
97132 99861 
46053 4805 
59062 97292 
74331 59750 
43094 45073 
92137 61846 
76741 14893 
64452 65199 
58705 206 
75605 41435 
20976 65242 
48474 17391 
85137 70157 
86757 98036 
81950 45031 
7485 72401 
56528 23809 
10712 27695 
12710 90773 
41272 77383 
59776 36763 
33470 42678 
12201 70115 
93779 13725 
58881 78185 
68890 56689 
62119 89302 
66849 26014 
68618 42132 
47585 87353 
14841 29714 
75772 55927 
87299 48756 
33749 7564 
54704 51344 
25154 25205 
23376 65785 
60938 2365 
79890 26119 
8611 36852 
75684 25656 
2821 12994 
77194 88951 
60826 88682 
52047 38708 
19907 74730 
86936 19412 
15461 18375 
36053 27809 
48280 80183 
80270 91916 
47453 24171 
36735 34818 
21335 24682 
96183 57307 
3211 30343 
80933 74270 
40557 15374 
10423 43742 
47216 91600 
33111 34678 
36333 50700 
33634 89750 
78562 55541 
52383 52832 
84838 1881 
60965 47378 
95926 27324 
21516 11496 
71981 53043 
20413 18288 
14512 5671 
7678 35896 
20459 81640 
92170 10721 
63455 84361 
39700 89372 
20911 85803 
96233 30201 
17228 38349 
11611 93611 
33191 90262 
70557 41880 
39549 38646 
47210 23823 
48791 87477 
86998 67406 
43309 65113 
85453 54277 
30408 95619 
77323 4213 
95043 11297 
71408 54568 
69691 40049 
66554 80118 
17443 454 
62545 62014 
29160 89929 
35902 81119 
68457 56903 
85139 80579 
59343 6597 
62571 15281 
450 1851 
532 81695 
7118 85371 
8677 607 
27988 67821 
66036 7400 
56293 97399 
56573 89770 
57717 50837 
237 1150 
66431 63206 
12824 69622 
58890 44494 
87462 16729 
943 14577 
28107 98343 
78027 25066 
81180 80626 
60454 26417 
5305 68141 
26246 81779 
91099 8270 
62477 25233 
93049 6379 
92772 11404 
63731 99527 
33379 5864 
86992 53034 
63132 21298 
91175 63841 
3691 13121 
86056 77364 
45566 10037 
7909 50404 
22749 69957 
75942 21688 
34165 19795 
60329 83759 
33700 58822 
37154 85154 
62238 79585 
58820 30219 
74874 87840 
99803 85401 
24451 83521 
47119 45485 
98548 98439 
92469 60997 
71223 73241 
48733 78877 
23120 96095 
57366 2539 
3920 18621 
75175 34535 
59694 10806 
29098 25324 
24343 15926 
5800 15017 
79106 18960 
99257 21458 
17044 47547 
73982 97654 
10403 83216 
14125 54308 
67971 72449 
19417 19073 
86783 92061 
77769 83191 
47961 41482 
91313 68264 
80021 5661 
57765 31178 
14602 56694 
12222 13597 
89400 39664 
15836 33909 
10975 18781 
37300 14166 
76139 43588 
10665 32314 
64793 31819 
68737 90855 
59371 55435 
45144 97131 
16454 59425 
10144 57520 
14650 39173 
55334 98095 
29514 51469 
70649 37677 
41027 36726 
63387 55718 
62117 85499 
53468 17079 
87698 91111 
41717 38518 
2873 92004 
88730 7584 
56252 22367 
60661 93619 
99716 57669 
95305 22696 
19515 62914 
16913 23583 
35247 25746 
81405 90175 
23026 83980 
64997 47390 
27096 37696 
18737 52097 
60150 69738 
99027 8440 
56789 85240 
49950 27778 
36842 20803 
57042 17476 
55664 66948 
14164 39914 
67086 93711 
45168 43310 
1335 68529 
336 29372 
65021 8037 
3872 89258 
3229 10935 
63222 8986 
24756 77788 
63586 18158 
80701 35447 
61718 31771 
3921 48703 
61948 13869 
62252 19861 
4332 73932 
51935 48118 
19948 92145 
59365 44929 
11556 58073 
49031 79015 
99218 98769 
93468 55190 
29904 66979 
47039 14921 
87759 57839 
79546 83330 
57383 23377 
27955 77270 
86350 58095 
94914 32222 
65163 36061 
21300 1892 
92917 90189 
86670 33766 
25208 37764 
46292 26256 
7118 72767 
96339 28697 
78634 65186 
69845 54110 
2417 30274 
5228 36471 
4568 56546 
96405 79168 
37913 10366 
29005 9402 
74257 67067 
30654 74466 
7184 53809 
15022 90162 
212 27776 
79075 79049 
46412 54778 
20885 16802 
15140 98011 
81415 38612 
49062 74419 
77808 44429 
40430 87027 
88051 81743 
59373 95596 
67243 77682 
28966 45087 
24270 38416 
41928 31679 
64322 33138 
92023 49439 
7493 32358 
49577 27297 
26610 75808 
45025 35552 
8447 3943 
36959 13922 
31699 98842 
31911 49025 
72301 45253 
91914 8182 
92149 40599 
12898 18539 
40788 53940 
82031 65807 
1289 58217 
25384 75250 
41330 37537 
38603 29075 
88413 1821 
52775 69020 
34165 24850 
25263 30662 
86854 58515 
60992 56866 
33512 66083 
63553 41796 
43489 60292 
87419 64027 
43783 28327 
12702 77579 
23158 75018 
92078 43027 
76847 18058 
25873 97397 
86536 24602 
5765 81143 
41382 87282 
30147 63287 
44957 99527 
34947 31653 
20306 4972 
2511 44163 
20716 63852 
8161 69257 
77325 431 
39112 78786 
66364 69851 
73683 95073 
58605 10233 
40044 35375 
21506 26408 
83255 41582 
80573 85367 
56934 30744 
10619 90323 
21599 52926 
19885 40234 
75599 96850 
10412 74668 
66518 40944 
46556 50143 
31019 7664 
40238 93322 
89330 42333 
66276 28935 
76923 4230 
54069 85846 
30404 27334 
62933 43378 
57225 80816 
37563 91817 
9570 35326 
57349 45981 
51590 20052 
38728 68775 
56159 37723 
23245 32865 
92396 89930 
85696 72924 
68447 53556 
26465 58321 
75348 40575 
70139 46718 
37265 68148 
78452 62711 
11024 63660 
99822 82481 
93538 30252 
20010 95347 
89606 2374 
48824 56202 
64526 28059 
76364 38981 
56063 24813 
58932 50637 
48525 69456 
49523 67555 
18065 98703 
70736 11867 
42795 16933 
38972 93858 
33874 30338 
87926 8453 
84491 52521 
6712 88709 
52489 55619 
3315 87321 
89341 73157 
27649 78329 
3315 96091 
40111 45527 
97861 41871 
91363 51532 
57610 17873 
86929 62028 
63856 45170 
46262 33374 
8978 56354 
30093 58626 
44978 32031 
2142 6908 
45185 94570 
11709 84192 
80107 34874 
32166 89678 
8550 8129 
67054 41340 
63321 97921 
40280 96599 
67183 14591 
19775 99674 
49220 63316 
85082 45856 
44335 90190 
38424 64750 
49366 90417 
76154 89477 
78121 41780 
82848 96911 
4614 8626 
83880 75196 
8897 46908 
93938 99106 
43087 29173 
28761 71276 
16533 99899 
5261 17862 
58571 66224 
41243 10912 
54863 26838 
80092 26530 
69093 42715 
8078 37857 
55585 57351 
2352 84960 
40443 81299 
46223 59923 
98849 66068 
74981 94729 
84414 5797 
70310 41984 
72830 21660 
4249 94085 
66511 3544 
44685 95134 
69535 6340 
73533 61723 
82920 24021 
36040 43626 
89103 93725 
35056 23552 
91470 14162 
7654 76247 
49885 97935 
73134 81590 
6384 15728 
21256 13763 
26552 31839 
17413 9115 
91565 75138 
37533 49073 
63498 37320 
9639 81232 
12188 41150 
31279 41717 
35819 75466 
52459 34982 
29366 50774 
62231 73374 
55107 89563 
93777 78143 
47661 28827 
67576 95995 
42355 78793 
25181 90854 
50181 51490 
67168 29209 
15212 45518 
97948 89210 
81069 49295 
97463 88644 
61875 4044 
85156 44970 
60109 49895 
15177 51801 
98863 63765 
43407 80513 
39240 86037 
36706 93128 
34959 24556 
52680 83179 
35737 19115 
4295 44923 
88573 47328 
37838 8153 
1824 53693 
95002 65720 
30789 87625 
288 64013 
15478 43396 
13444 22790 
51378 5149 
13326 91 
2207 13549 
34361 20400 
70025 87119 
59672 39791 
22544 50967 
86005 30474 
40041 48333 
14713 29000 
85051 36278 
90369 7285 
16832 95850 
3977 93729 
69566 19170 
1279 92837 
88384 71155 
88341 26137 
70489 61958 
6351 44559 
90032 7720 
55500 43065 
94850 1855 
83844 41968 
50775 66838 
21200 86229 
74945 7346 
30415 53928 
43410 39625 
68770 58208 
80278 29043 
795 73150 
35746 28088 
80448 13373 
38609 70425 
25396 49586 
65156 43129 
39027 47893 
844 28849 
96881 79331 
83755 82405 
3338 57956 
9546 82213 
41684 30703 
46443 75904 
86082 60357 
55836 21680 
17531 14118 
39092 12153 
87526 94583 
34442 55837 
2945 27419 
69152 82931 
63579 50533 
31658 36689 
69770 33282 
65917 9393 
31771 91031 
5998 82875 
54731 50361 
62739 37474 
43635 63251 
46286 500 
71025 64784 
58446 15492 
77028 18210 
16963 26964 
25987 93674 
80231 91812 
26884 82462 
25375 48198 
35822 57308 
95276 95486 
97934 51140 
70801 64670 
53437 41566 
43379 87742 
27900 96476 
59998 6583 
50375 57318 
87849 97218 
94675 10952 
99009 23626 
18874 28371 
6937 76844 
86017 29214 
96029 99692 
85065 64631 
73059 45235 
35254 97895 
35065 67937 
49327 2122 
92092 516 
51538 87479 
5170 26583 
94808 16492 
99996 19452 
98143 65363 
95026 80847 
30133 41651 
39029 79770 
97336 74237 
87612 61389 
57316 50187 
60833 68586 
65330 84939 
14760 94675 
80886 77192 
28637 64797 
5842 17918 
56338 25635 
99247 94148 
15858 8353 
15756 52449 
93826 18016 
44285 64505 
23359 94292 
81429 67734 
53073 82819 
60245 37595 
62634 54424 
69136 85040 
95980 10205 
37873 62521 
77179 14556 
38180 5006 
45870 5266 
44874 28674 
99316 40159 
30181 59265 
56341 53051 
18660 64492 
64750 8350 
13054 20515 
58330 63236 
12439 51130 
32095 69098 
83202 40189 
45184 69830 
10642 32664 
79667 83526 
54434 7860 
80479 86307 
54701 29477 
76789 52220 
87113 51512 
38377 41554 
45212 86464 
51875 71415 
36076 22841 
11266 47024 
11476 12698 
4575 79966 
20814 36700 
44460 70494 
64454 94201 
34219 84985 
46441 58849 
82721 16803 
74134 86452 
81859 79032 
28973 61139 
38366 40976 
37338 18286 
8138 86766 
3416 88276 
15736 44113 
26982 63804 
54289 3923 
18197 5302 
51776 27442 
38796 63964 
58495 16538 
44436 19941 
57501 4918 
76538 4460 
24905 13275 
53593 98934 
70122 99773 
41695 81563 
67550 28782 
41985 22529 
50572 75384 
18702 12530 
76435 80940 
5715 46244 
86229 75882 
71697 72259 
78075 89906 
94495 64051 
83580 76854 
93807 62796 
87729 91843 
97912 92127 
60595 71569 
75012 47359 
75608 85223 
42631 17309 
73586 43084 
79570 5504 
94327 72596 
4057 79387 
38309 97644 
49042 91090 
39846 85710 
60972 81390 
30072 59753 
71927 99664 
43185 6885 
46668 46987 
72621 54315 
85912 76921 
15179 24518 
75077 69165 
50573 26230 
3767 24874 
91519 85617 
45428 19305 
5142 72840 
78894 87379 
50370 33257 
53944 10810 
97953 89612 
51544 21649 
99810 41837 
66084 36416 
52684 54449 
41723 87402 
57370 88046 
27863 23338 
9316 1025 
79795 10279 
68936 20408 
19745 75380 
50751 56525 
90803 1189 
39274 15322 
81651 96153 
86564 44192 
73531 38190 
71451 32458 
62566 12551 
3660 76057 
40300 42582 
37417 7426 
73288 42609 
18590 86265 
8539 5827 
27003 44591 
45824 76901 
91307 80356 
60130 48949 
47618 97938 
27937 67599 
85115 926 
9553 21052 
71893 52865 
66387 44359 
82577 35033 
46836 68593 
55554 46799 
57354 1145 
92165 13750 
46335 32059 
72774 91536 
67572 23163 
5386 79252 
57356 51674 
41283 85177 
54693 48014 
89187 19833 
17634 88799 
34491 26567 
40388 80235 
23371 98237 
55682 94641 
2901 70115 
14701 3346 
17810 23693 
73038 82929 
52062 83900 
75181 58563 
69218 43056 
22405 88190 
49345 98936 
29298 84297 
42239 51426 
22722 16268 
56797 62502 
13660 35602 
84631 47659 
77161 18727 
12335 33417 
8554 27696 
11298 85135 
85083 47775 
6563 82162 
51317 72696 
16944 93193 
63956 73354 
27455 83725 
77057 3725 
2109 69621 
22261 69039 
70187 16071 
40241 5506 
22364 69576 
49389 98370 
34376 2125 
95663 95606 
95410 41346 
13559 58288 
55993 58154 
42313 25458 
25870 84333 
83762 61280 
46218 36448 
58649 95307 
32520 29649 
16749 62909 
34494 75175 
82805 2213 
87739 68712 
75084 66333 
38059 93325 
16244 65265 
3937 80244 
67269 60489 
5210 93603 
54358 97138 
26721 31048 
25963 73559 
4572 61191 
72561 16125 
19582 50967 
65310 48366 
57635 71247 
21356 17809 
49849 7403 
83389 71340 
36819 43049 
8917 50488 
10684 29801 
799 11700 
76345 3658 
74691 63517 
38893 59473 
51407 52482 
68167 49006 
82537 22686 
13299 25164 
66260 20059 
40239 15290 
86916 11798 
43457 69751 
16685 43806 
39365 98566 
50656 64562 
83477 78455 
7585 2518 
65931 85433 
17791 95970 
30709 83967 
36964 39262 
32744 82698 
70011 27269 
94068 48876 
62672 51274 
45276 58910 
20219 23696 
41759 50786 
42408 86551 
25565 35662 
21721 89092 
63165 20516 
37978 3783 
27035 91537 
96570 86556 
4672 8774 
99841 77261 
12511 66606 
11558 79271 
64189 81695 
72942 53402 
92688 80353 
55400 10634 
54129 70629 
89868 90529 
47316 927 
95607 67853 
67621 26582 
42313 38556 
76381 28611 
18560 98124 
7718 54681 
46901 40207 
53529 81393 
81325 71554 
64363 29075 
46358 60416 
79016 95538 
28691 9950 
48878 13649 
12060 75550 
54431 79041 
53979 25634 
20751 38945 
38970 79091 
26482 80862 
7112 39404 
66472 10678 
48978 85420 
72083 63828 
78481 71796 
15200 50248 
43662 38342 
22029 94096 
12105 26792 
1009 92625 
72485 56000 
45516 85060 
26617 12090 
6495 92003 
7447 68804 
42772 58601 
47580 65107 
47501 10622 
40194 32032 
18065 11573 
79655 78838 
83721 91131 
42621 19731 
30353 401 
72136 46710 
64965 37902 
56966 31564 
43844 81696 
56358 70582 
47832 57669 
6422 69249 
25728 71774 
58515 1026 
42566 34891 
42276 64215 
63354 12965 
16377 4029 
74863 42237 
68592 63132 
98103 59606 
53443 73259 
72391 11560 
10461 2953 
98241 21610 
89036 32032 
10782 15782 
16821 32089 
18006 28502 
87859 94126 
78879 37052 
13869 59395 
15191 1806 
77518 77574 
47982 21583 
50087 37567 
24505 48680 
87545 90594 
54879 46565 
98884 12619 
8961 14690 
88424 33770 
33413 49519 
9883 96071 
36563 58612 
34133 87649 
54356 95512 
24857 41486 
54560 37144 
36737 79886 
58357 82605 
99339 31999 
58532 12443 
26514 51067 
91730 10933 
95917 10486 
78564 20341 
76172 63375 
79841 65799 
40229 8995 
29792 62172 
92630 21209 
97868 90186 
55677 59100 
99570 8061 
4915 97927 
23694 47063 
17873 89810 
68528 24598 
1662 87827 
82703 96891 
94830 44667 
87797 64768 
96755 27531 
19239 40701 
63926 74689 
59648 83031 
26606 55889 
54501 4152 
21636 88780 
93826 63455 
7603 6562 
15631 62954 
27066 68267 
36841 73771 
7236 52416 
45769 35036 
45297 77188 
96474 83259 
7409 45870 
29835 89868 
81556 24982 
8777 7350 
63470 24338 
95803 50317 
22226 63218 
19818 66829 
87460 74902 
76240 87422 
23717 23003 
79448 74542 
9108 77365 
39870 33494 
15208 24712 
69352 87476 
93076 69820 
27921 63922 
6278 16676 
12646 87136 
15979 5871 
55042 23068 
15443 24477 
37291 76074 
31693 97654 
59533 94666 
60616 17483 
90586 3481 
78465 63797 
12664 42084 
77492 24259 
27010 57735 
6341 26455 
21853 68868 
56898 53517 
16669 88783 
28426 26566 
87460 74942 
17102 2217 
46628 48252 
24503 51470 
97962 8854 
52103 57478 
12381 60186 
50505 94019 
73288 41473 
21929 23932 
21730 60294 
32377 87338 
91060 11513 
75937 33172 
58340 66601 
47833 84360 
55525 18279 
25151 16914 
77231 69386 
24521 76290 
93930 62029 
4641 50540 
29477 53314 
8122 69123 
90105 57340 
91967 98638 
38377 89636 
78888 62374 
90040 69866 
72691 19195 
74360 61353 
20143 99148 
39187 51886 
68992 8085 
894 9242 
67255 81693 
36286 77023 
72381 90474 
88662 11621 
90603 71581 
13465 99535 
46540 90809 
20272 35756 
91044 18655 
77372 88556 
91305 38008 
32764 23794 
11408 87880 
71128 12696 
83796 87510 
70188 1115 
92527 78245 
41837 75364 
37725 66808 
43502 19990 
27317 52846 
23449 26238 
46884 76128 
20077 76444 
91429 24307 
69716 99240 
3833 866 
90054 63199 
53985 64661 
97022 52427 
9817 17453 
81836 46613 
96915 33846 
21847 10188 
16898 99269 
23966 80476 
96405 45948 
2634 33122 
68350 54249 
75672 94573 
44977 17340 
20816 66009 
28309 50833 
73324 20905 
17725 65845 
60784 39246 
16709 13890 
65093 45445 
11198 55076 
73542 24148 
90508 97252 
31057 98330 
8474 3090 
33837 67511 
37226 64520 
11033 20383 
48920 99493 
25506 55806 
71811 34757 
87391 68843 
6164 134 
14825 84423 
52847 74723 
95125 50202 
2793 93545 
96615 32325 
59119 44298 
56437 93045 
15289 58249 
22878 67538 
92549 26709 
62110 98765 
47722 55082 
48714 33829 
98526 237 
46924 33071 
77716 23677 
55307 93996 
19636 33013 
31389 46146 
3198 77240 
34729 30139 
23812 7560 
27064 34381 
43460 14771 
46324 26311 
72925 6720 
27711 81548 
73026 94852 
79462 83945 
22823 17601 
33571 42314 
91861 40167 
82397 45432 
70833 35192 
81009 55993 
60435 66872 
42019 26256 
91754 72283 
74810 3410 
53138 57969 
24254 81069 
28341 7322 
45373 44780 
8591 24818 
9878 54099 
27310 26875 
78091 1496 
80343 25939 
85520 89282 
36862 44295 
87160 69700 
16488 37224 
74602 501 
6764 1269 
31101 78543 
21704 92721 
18002 27341 
56986 83870 
92249 31021 
80239 40117 
39190 26724 
5907 9760 
67480 90276 
43355 80064 
53610 75844 
74129 68176 
42439 99246 
9749 83499 
7072 86769 
4882 19356 
46537 46569 
52461 6070 
52919 58110 
67063 85024 
10980 16621 
70789 43854 
2738 14151 
31913 86597 
77102 86583 
70731 99454 
10372 6826 
39341 12734 
27252 58423 
2454 52665 
74013 80932 
94928 22888 
35526 38691 
8325 54818 
66124 27972 
63610 18478 
60580 4007 
60007 90951 
25972 79022 
51065 38349 
27816 15151 
88143 78951 
74528 12001 
88819 60136 
73189 67618 
33129 99810 
36496 73750 
64076 14186 
45911 91558 
70517 78126 
79257 42294 
60312 41675 
92308 38971 
89540 56993 
3462 79694 
99615 53567 
68106 21054 
28285 36431 
45073 50870 
2817 72036 
51403 83596 
94029 69480 
73586 8783 
8419 61024 
53601 33304 
22256 35108 
96233 71375 
16321 77539 
50555 52950 
52861 32078 
2896 40657 
47386 364 
81210 68242 
27070 62902 
11532 39323 
34839 17803 
85988 54290 
33582 2033 
98847 65300 
88531 81100 
82195 94578 
57446 67435 
25998 89610 
98070 55187 
98717 30317 
10210 39661 
94086 47937 
65845 23391 
17250 63076 
44820 97594 
89211 1296 
85951 27738 
92360 98583 
83824 64986 
1843 66189 
10038 51507 
47618 44586 
14372 86928 
30281 39643 
66091 75661 
70074 662 
28534 80405 
2974 69510 
21170 65804 
50357 2861 
12453 28067 
79451 45433 
4105 71302 
40638 11092 
12849 9360 
14642 10868 
29182 43211 
27742 52120 
34388 88156 
96350 21534 
86830 2646 
43674 56078 
46432 1028 
90634 712 
92310 16242 
60805 49387 
2683 15301 
54882 66749 
8445 60335 
44014 91959 
2245 51030 
3324 33192 
83391 80516 
57022 71595 
45611 86036 
34761 6915 
69465 78193 
45204 93448 
64091 88149 
57275 34648 
14059 80797 
42136 27455 
26203 43797 
69679 73284 
38636 77279 
72144 1629 
49537 77072 
84480 84368 
46838 25544 
46122 54087 
71611 78426 
2119 78151 
27720 63443 
72878 81727 
58233 87138 
71247 57603 
45116 79986 
33291 48421 
52881 96674 
94812 37768 
29168 28404 
89517 40638 
95625 77110 
66719 40862 
11016 87702 
26540 83364 
65102 33730 
48826 92502 
66684 4346 
48308 54230 
22052 45960 
23043 69453 
61156 70725 
75737 58726 
57951 55766 
78304 74280 
8680 22025 
18839 54401 
77234 99665 
17171 37310 
90299 58158 
20246 36923 
66634 3489 
91838 71281 
94625 22390 
92388 25915 
30158 84028 
4306 29071 
72894 93303 
95599 13433 
93204 26720 
30483 39907 
24277 71729 
29411 62993 
4345 33502 
52989 24429 
52509 69312 
34302 72027 
88286 59980 
12417 14013 
59811 30319 
26170 35672 
28517 86046 
11827 24743 
69152 43350 
10786 74762 
83178 89095 
34235 61406 
90840 24598 
50506 15935 
62644 13978 
57857 51924 
74485 79272 
80496 36737 
22354 58818 
78887 37601 
12320 72855 
96745 13602 
49393 20859 
76557 69574 
84926 68816 
63121 35623 
46351 71459 
80259 86861 
65349 14428 
9751 71983 
40960 54386 
23491 76403 
22646 81320 
19968 5948 
75046 26547 
94387 40479 
90860 92424 
28118 73307 
51291 85300 
17603 21900 
94452 91938 
75470 68155 
41331 51485 
27321 62348 
46196 39954 
96503 3906 
83706 2310 
16143 94282 
58561 38391 
32842 42425 
25171 73243 
69624 91777 
34586 19878 
97095 29174 
83895 73037 
21238 30697 
29271 56216 
33870 97260 
38052 81049 
87509 33590 
97502 68074 
50231 28279 
68323 20967 
68104 99700 
69512 42544 
12851 82839 
7830 30109 
20627 45478 
19914 90215 
34151 38659 
78011 68423 
44900 5993 
21299 98384 
94661 99135 
13957 36331 
36484 72622 
98433 62067 
73891 60263 
7719 95556 
94213 67426 
24063 99432 
86972 48800 
23110 12074 
91504 79581 
22340 83303 
49319 69574 
60511 65341 
46200 14275 
70888 45384 
16609 24811 
75199 92909 
48734 29447 
17517 34823 
72310 93389 
77713 64604 
33354 60770 
52623 37777 
60047 82892 
69774 5390 
2190 60260 
3255 89605 
83063 92370 
94268 11052 
36924 98903 
39898 36337 
18042 48687 
2822 25856 
57834 8697 
11963 27057 
15559 4351 
69472 76320 
14965 64492 
53018 43844 
84417 9711 
3951 80229 
21208 31022 
21761 898 
82157 97424 
43106 75044 
62037 25517 
69760 69517 
58974 42063 
23964 34843 
41692 71297 
51970 10540 
27335 82781 
66957 69935 
50539 42716 
21051 20910 
54552 21899 
22830 28281 
63416 26871 
71488 25998 
567 37324 
61734 42879 
3687 52450 
24543 74324 
48233 71679 
8038 94231 
32805 61120 
70053 16313 
98343 86042 
49363 82052 
50130 21835 
6074 73739 
26675 91176 
73349 25354 
12767 13466 
42410 31483 
25328 94152 
10690 35042 
10208 26135 
59022 8255 
75597 23247 
87930 28171 
53518 56650 
35352 87919 
24668 19009 
18557 77997 
63853 98425 
91551 18055 
63396 4379 
85889 18966 
70058 51281 
7663 7413 
27423 71773 
96284 50784 
50126 1517 
11743 78879 
68914 49989 
6188 10702 
76272 47642 
52950 59618 
71159 38855 
51527 8163 
48395 72154 
625 15014 
3336 24497 
32962 40951 
25687 84766 
35360 58054 
37662 13116 
35538 36976 
91161 87464 
23086 90805 
76236 46167 
86213 90847 
8859 36780 
88193 59614 
59808 84838 
77813 89358 
58512 3690 
26684 30675 
55760 76704 
12907 45047 
57406 56507 
25406 17603 
47561 42461 
46127 81953 
4232 17174 
78341 17662 
72949 45625 
28452 42713 
4678 66341 
16002 38276 
83124 33083 
81960 11155 
63536 97616 
88931 20476 
20205 59394 
58576 69504 
53074 46385 
71318 90907 
35220 32726 
61321 34361 
92460 43590 
75763 99065 
93897 45320 
31587 40588 
97989 69852 
95193 21361 
42519 76370 
30950 67237 
88879 10335 
12945 38703 
31107 80221 
71030 24670 
58412 35737 
47038 19189 
16205 97750 
69925 47006 
45174 59804 
19646 62590 
90516 53857 
38729 59035 
64162 48750 
67789 88236 
11681 28918 
26647 11746 
82535 82983 
36250 72966 
27432 17126 
78227 5601 
49758 96517 
18751 70766 
19421 9577 
81224 45704 
16911 44473 
38388 70748 
12959 65025 
8608 97997 
4938 74046 
83340 75102 
24955 56170 
83240 40631 
6588 99340 
38882 3671 
47304 4379 
18717 29649 
31817 5456 
81703 56778 
87999 40744 
14921 23124 
31424 32226 
27556 92957 
17227 56334 
11766 32887 
58679 12980 
48241 3215 
90723 29576 
29682 97993 
53710 68736 
98956 88489 
47633 43614 
50331 99064 
60419 83220 
22013 71905 
5166 31564 
16078 57638 
10683 9076 
17951 2512 
97298 12547 
51744 89691 
35620 80684 
42 32112 
29782 6384 
37132 7439 
88671 33967 
73229 71834 
48746 39857 
83870 88590 
90272 58573 
3494 60092 
45133 82414 
95062 57169 
28882 32826 
68679 98561 
42255 74216 
11279 45062 
78129 16843 
6770 37827 
38722 34420 
71397 28420 
14837 4200 
2669 19332 
4014 62570 
41803 58066 
47713 57534 
79466 5273 
48965 71015 
92481 28039 
91438 78484 
85213 53078 
18415 11220 
23493 51421 
45953 87354 
91243 16123 
78306 81874 
70373 37588 
65680 12886 
43024 77296 
94484 31681 
41953 90019 
28466 17542 
29575 47090 
25468 94724 
69129 68814 
39001 8673 
62463 82833 
76459 21296 
68082 87053 
26480 10984 
80389 10704 
86849 92088 
46485 35138 
21277 669 
20380 57195 
48502 28621 
6189 52265 
20394 26609 
21607 21621 
77060 37812 
20923 89156 
76452 69035 
52839 46363 
83558 53575 
92512 31203 
69986 11035 
79559 66449 
18597 63337 
14132 76158 
49815 23297 
11738 45131 
86348 32357 
94120 85504 
51252 87489 
98307 27096 
50658 63755 
18853 53665 
26912 8651 
59320 65952 
80507 57122 
58208 64178 
49894 91998 
71844 7624 
7104 53617 
42125 26976 
74099 84531 
50572 36310 
89862 80431 
61784 15922 
61443 6831 
89193 14626 
13550 32516 
73913 50733 
10742 25441 
53518 74597 
63850 54464 
11744 92439 
48025 41220 
42393 41113 
53613 10430 
31130 46506 
63049 94056 
57400 94513 
97074 54992 
45340 92782 
1769 9340 
47375 3921 
54279 42832 
27050 86387 
49549 36582 
18748 87981 
93007 40129 
81037 98704 
64853 55558 
27729 84634 
40435 25567 
16109 92601 
48208 50391 
95348 36572 
21830 93832 
69761 51029 
56189 76943 
11367 24016 
8519 99495 
64101 3137 
95189 73914 
18090 1452 
22410 4181 
96538 17042 
54757 93045 
90066 19968 
69326 14896 
93761 53393 
65248 48801 
50718 41840 
98425 26420 
82523 98883 
89569 12941 
91910 78991 
9952 5645 
55739 23828 
83773 4351 
87460 11986 
58624 80757 
37421 32972 
86279 49543 
16622 71176 
24869 23146 
74965 3646 
20468 14202 
38555 86662 
51229 34940 
12297 30436 
20437 31175 
83782 38696 
66154 80045 
22407 20481 
14667 75292 
53671 65168 
42481 21596 
2777 8561 
27374 60411 
43940 7826 
62849 53692 
62218 86104 
82303 59077 
33210 3854 
89320 40326 
52641 63254 
18739 70184 
2618 54470 
59467 99378 
24269 8146 
54500 85029 
77506 27161 
56209 94580 
7805 32523 
55666 27158 
7202 73212 
23635 23338 
52081 17835 
97825 66383 
23911 67170 
26105 13291 
70693 971 
28591 32365 
46725 99870 
72880 65519 
76143 63748 
66164 78161 
21777 81677 
55557 7269 
5003 95311 
93701 69110 
14544 37580 
70557 42107 
62618 21581 
34250 97461 
95324 775 
23957 10372 
40859 20888 
16032 48135 
83900 36386 
40910 97832 
87446 69933 
62822 66001 
44399 51954 
26926 55432 
30358 89222 
69201 63 
46376 76348 
53286 18023 
85835 82106 
45437 24947 
33126 13721 
63841 34956 
3505 86569 
41780 65088 
63244 4169 
25477 50447 
27137 83918 
86909 71987 
16450 47726 
69501 96585 
74540 33490 
317 29949 
79696 73331 
96213 86895 
65126 27541 
63398 90684 
54565 59416 
39940 23323 
48653 85443 
58986 62157 
51980 37753 
16787 54550 
13655 31339 
14136 2091 
65241 37195 
2374 48527 
79092 24385 
5887 91494 
37408 48961 
11828 67106 
97713 35736 
14795 88628 
64032 20101 
79290 55673 
24665 91396 
35985 88776 
97270 6776 
59208 85666 
29863 25094 
82495 40231 
42382 44005 
96677 12873 
57622 10310 
40684 91878 
62634 13512 
39096 39395 
62084 65604 
62451 72761 
33621 16317 
86401 92169 
71941 52372 
4052 29035 
13030 81702 
2149 55944 
62988 9197 
46264 68682 
16847 69214 
32711 23589 
41994 91900 
55674 89394 
18037 45322 
6842 51641 
70439 13469 
71849 90002 
8703 41382 
12895 33968 
81607 2972 
30158 90846 
91747 24548 
75943 31443 
69561 27622 
55008 13483 
93042 38269 
82073 20531 
53517 47119 
83269 95111 
10133 94014 
22124 48655 
46130 94417 
2638 38113 
38486 20862 
52127 9254 
79207 2047 
14718 20099 
41296 4600 
92718 74417 
65364 18151 
57584 14848 
53870 72974 
14783 47975 
99142 81357 
47579 99531 
38609 8722 
83613 26956 
26100 48639 
25134 48614 
31584 97045 
58819 84280 
33393 95299 
14353 39826 
46753 39144 
72285 10599 
40364 31222 
31147 22580 
28799 88467 
31421 78155 
92649 2528 
99670 24253 
70638 91310 
19976 14562 
88328 72782 
61830 94692 
36585 38412 
93685 99397 
89621 2880 
89636 14355 
57217 59180 
93010 21489 
98660 73777 
35151 16475 
86926 15189 
20246 59798 
839 21168 
77813 98629 
40196 74596 
53250 75775 
4267 76294 
53893 24106 
47615 74109 
93064 30091 
28837 31986 
77850 38477 
97624 151 
67696 61636 
23423 78110 
90353 51738 
55047 45862 
39332 91660 
14727 75534 
92742 61426 
72382 25578 
87224 40963 
16290 62775 
52673 17106 
34903 53422 
63545 73019 
51171 14456 
90742 51603 
5560 17661 
44462 925 
66834 95712 
82821 29387 
60719 7455 
23692 21057 
45732 81697 
37905 87487 
32727 73651 
20815 61348 
40125 36322 
36205 69335 
352 30250 
1600 57044 
84629 69370 
37276 76922 
93084 28203 
32620 91860 
65031 16122 
92933 91670 
330 58162 
17411 67407 
46869 8645 
24720 39391 
1517 63832 
86450 88791 
92302 32878 
50710 99745 
58102 72573 
38208 79269 
18783 90648 
71387 85566 
33536 74877 
53555 61853 
78047 10774 
49382 42470 
32166 9370 
30773 70758 
58940 78379 
42828 44112 
73106 34985 
13444 80575 
42593 76578 
77106 83504 
40098 96932 
8489 66073 
63463 59646 
64736 85766 
73364 18114 
16606 30507 
54750 1842 
8182 92716 
94471 72638 
22388 65328 
81725 91009 
45346 94678 
80234 23041 
16378 29191 
91451 61099 
22504 9906 
26656 27893 
46330 59147 
32448 82752 
4460 37015 
68930 51400 
19942 51898 
22791 56091 
56670 30797 
48522 31662 
6327 78038 
70176 74853 
59123 76835 
43343 89220 
8478 17126 
72454 56005 
36719 65285 
2027 82527 
4012 26526 
52158 53988 
15932 89225 
48333 41996 
76441 81868 
3536 3724 
42513 17966 
46690 39255 
84242 52049 
55605 61534 
19992 20704 
44893 73257 
39994 96644 
79746 38098 
53766 40918 
34967 79881 
96844 98628 
95346 42603 
10510 46891 
98223 96665 
64570 70301 
52014 82227 
27705 8755 
25507 39313 
2503 95295 
91876 86079 
33026 77443 
28678 71620 
61581 94573 
20477 47762 
58373 65943 
84303 75446 
72789 29289 
39788 5676 
58293 58249 
75618 52389 
4264 78414 
21858 5219 
67578 96384 
23734 13794 
34323 54019 
26600 12015 
57789 20905 
24143 40738 
12674 42091 
92245 70313 
77477 65265 
29497 20636 
7091 81793 
51974 25708 
85874 29436 
44720 92096 
57806 21043 
55245 56301 
14804 83170 
25427 54684 
86887 11308 
97322 81467 
18591 74300 
95701 25220 
34870 29509 
85540 42347 
96734 42464 
26214 47257 
21908 39914 
95802 73222 
99096 63649 
38731 85383 
55701 33922 
97834 7900 
48395 75937 
28002 60977 
33482 10631 
52713 90258 
39744 61855 
17049 11077 
10307 86060 
11182 83086 
2017 87712 
86887 76980 
30939 43946 
66267 94364 
30803 25309 
46672 54233 
47563 65975 
38716 65119 
27715 6428 
35302 60641 
70624 4367 
98765 88003 
5814 85474 
70483 3949 
25040 84679 
52762 50726 
45925 10676 
86288 55815 
9051 51741 
48153 23494 
13595 29218 
25196 63744 
77984 96597 
75346 34585 
71474 76714 
75665 57594 
191 27348 
69977 3208 
46876 26398 
71219 32322 
57422 71791 
44087 23785 
39286 98433 
92087 13582 
86911 24744 
99724 20788 
77583 54720 
35405 37849 
87423 77941 
3491 18294 
61739 29604 
44989 3678 
36546 95390 
25553 93371 
48763 71863 
16701 75755 
91484 22098 
71620 7451 
67656 98377 
20425 48385 
70614 39027 
61418 34837 
73142 84861 
4670 40 
38077 2201 
32168 32464 
72937 44056 
74798 95627 
38672 28830 
70586 20072 
88330 66764 
60926 18103 
55312 18359 
1918 64930 
32831 26131 
16478 36084 
86311 21323 
89535 90240 
18664 70550 
13441 39086 
64764 93900 
23589 51374 
25855 55586 
25310 97043 
67295 1058 
2255 49079 
93697 90314 
13755 25734 
84425 56181 
34079 73793 
19344 98458 
60020 64767 
49837 10064 
14930 206 
73315 19717 
7070 99764 
50802 27173 
58096 76222 
66649 1679 
3501 85371 
67018 12057 
81015 75442 
29510 57703 
65234 50758 
10156 73801 
77179 7321 
85972 91168 
95997 94225 
61345 41416 
26705 4149 
34783 11477 
32623 98572 
28884 68055 
24109 28965 
70844 92199 
6175 23865 
73448 86933 
26787 73587 
7193 46757 
34905 59248 
73033 6869 
52715 40860 
82241 22031 
90086 40423 
24927 60312 
80897 30285 
62040 35285 
700 64460 
6964 41760 
33065 71169 
72340 4800 
88024 58567 
45324 99454 
40151 72422 
20200 49603 
46126 84459 
61152 68238 
22049 83159 
89925 58685 
9265 84970 
93250 56488 
34176 83234 
23089 55100 
72245 4548 
19127 24976 
59357 47857 
17416 5332 
54704 40276 
21646 20584 
48535 55427 
4273 49323 
25386 5056 
73559 52748 
38842 32726 
89557 51549 
27380 9598 
37182 25519 
2530 56613 
67721 98546 
70371 94849 
1476 63138 
5279 56357 
43731 93259 
80893 71521 
3805 92017 
77410 85756 
22692 21619 
26623 48333 
8631 67007 
26506 59172 
51926 91730 
55709 55628 
40419 54852 
44959 70636 
25269 71068 
17170 95994 
93006 12725 
90966 40149 
84333 72061 
53360 78536 
62712 24715 
46480 56332 
76529 61471 
80537 18437 
77453 84180 
80635 9558 
54588 93937 
98530 8449 
19118 34846 
72167 34711 
27359 95095 
95532 93952 
61484 8537 
69336 7712 
96657 44649 
39034 8230 
70926 22439 
90870 64946 
39906 34797 
68913 49590 
42194 23775 
96452 39742 
23361 4385 
33687 6984 
66522 94801 
80251 35038 
55670 74199 
35960 65755 
54329 55984 
66028 76374 
16535 33774 
78066 50161 
59782 30287 
7325 14357 
20244 55115 
23928 84313 
79491 56425 
21253 70732 
98838 33712 
18157 78168 
22592 63996 
9397 47205 
14682 82257 
28390 70217 
74490 48368 
44349 41156 
37195 27437 
1899 83508 
1523 8230 
25391 37385 
43520 85200 
52476 76647 
68826 33676 
31840 70028 
27885 14885 
18614 96419 
68635 57726 
27566 73790 
29431 77610 
59001 63663 
81325 9173 
95212 68623 
13267 49298 
76332 49045 
16427 29644 
3618 47010 
64520 63746 
85479 20377 
5903 42768 
36970 57971 
80147 86111 
67001 68109 
46930 88334 
39188 6952 
68266 42221 
72037 40643 
16479 59346 
52077 15731 
89787 54090 
69590 46111 
4934 4849 
50742 11474 
2093 57028 
52208 2254 
41028 86425 
4793 39091 
89551 98748 
41089 41038 
5362 1247 
18855 16036 
90599 45839 
56623 99663 
54767 9583 
30895 73673 
56199 48022 
45386 54587 
4779 29640 
71881 54371 
99405 35559 
79593 80217 
42491 87639 
15295 58458 
20812 50214 
70048 38908 
67048 36015 
70010 60165 
19662 35157 
58578 33903 
80046 77616 
95046 36727 
25364 34199 
80988 81862 
73118 58824 
39725 79753 
9191 75752 
16546 86617 
84941 19453 
37737 83021 
60934 41899 
65015 20793 
24964 12337 
8638 25839 
40260 47973 
17233 46940 
86101 30496 
45283 96107 
37556 83023 
10288 34814 
93657 4758 
90728 22221 
4012 86578 
83274 56439 
62764 59747 
33099 7967 
35715 62072 
74653 65613 
61579 41108 
71959 89536 
21523 52347 
27248 93473 
2517 51879 
34673 58805 
89474 27609 
91869 16775 
8782 60879 
46299 22025 
11508 61230 
45595 80525 
28467 71023 
81520 88059 
51254 93795 
65728 81609 
93480 60445 
52120 5305 
64663 10768 
25431 45043 
45564 34312 
8537 91443 
88241 84191 
2066 49508 
76688 50243 
58995 25163 
74650 53779 
14255 83797 
56053 5194 
34740 93990 
60448 47828 
28665 40810 
41000 96724 
54885 17365 
75725 69307 
2547 80756 
94074 96516 
69394 89120 
30407 97536 
53039 20180 
53507 99058 
83710 8478 
36997 80838 
69248 28476 
29400 33363 
93540 93725 
54504 20546 
8122 38510 
22852 50619 
83324 97706 
63343 71781 
40142 3007 
90317 25673 
66900 69259 
5958 11353 
35834 53331 
437 35221 
73867 29752 
52947 48217 
9124 42311 
55641 611 
10186 58855 
79437 76844 
58552 77741 
75754 8134 
46512 8682 
61493 98912 
72356 78202 
65884 44711 
12789 90453 
27315 63700 
88454 7850 
15872 11851 
2610 2812 
22992 2590 
25316 71797 
3545 5783 
15867 95940 
77575 58049 
24771 78742 
99056 76637 
93212 90611 
77248 32487 
72739 2482 
92563 4588 
20818 96315 
83341 7399 
88920 98947 
