6983 90479 
14589 17630 
42605 37660 
50343 89132 
87798 15763 
37973 53072 
52163 47114 
76269 40757 
30537 41197 
45107 73625 
53905 49929 
20800 46577 
77048 15250 
27211 5147 
72478 83012 
73083 10874 
44079 11152 
46481 82251 
95815 57254 
85736 44877 
90998 90866 
22985 23704 
15807 39312 
1148 62743 
17105 42259 
98121 63154 
19077 59896 
52983 89316 
35805 52368 
78174 4328 
87617 23974 
58906 61296 
97907 4635 
86454 94841 
94068 23279 
45529 28472 
61322 13032 
77569 37749 
1397 76504 
71618 86639 
29411 30927 
92310 85000 
1738 47578 
40559 98858 
5266 97619 
56699 81913 
54173 17423 
18098 86695 
34173 10408 
53689 56828 
6199 9564 
96389 98067 
31533 35099 
21048 75073 
8669 95001 
70339 83359 
18505 92836 
53930 1378 
58953 26720 
17289 36431 
12637 86144 
15663 39891 
32099 79246 
96031 82168 
45744 52082 
85256 45921 
84756 93618 
6190 17207 
6309 55390 
95151 28562 
41610 53177 
73971 35488 
28664 59522 
37725 88327 
99130 40570 
55297 95264 
76223 38459 
44070 58947 
6353 51345 
72358 9216 
91026 17190 
63558 47456 
7508 64536 
24573 64301 
6868 53751 
97706 91724 
56209 95630 
39989 2998 
48269 709 
66866 79566 
36025 82299 
58134 22565 
62560 8997 
13244 98560 
47145 78299 
60333 73965 
57344 61969 
68768 10741 
43948 55912 
88515 67098 
40597 52584 
41328 71285 
33212 42335 
18505 13977 
85684 41592 
97892 35332 
67745 40402 
78844 66490 
68546 59639 
48016 22099 
95192 9025 
31127 30391 
49321 41145 
56275 30409 
46797 3748 
52894 62156 
95682 2884 
37115 24783 
75873 2814 
89079 80344 
70136 5126 
10651 36237 
80751 69115 
63033 48118 
28563 58253 
22921 46925 
71975 23435 
63143 8543 
2257 62719 
59124 52761 
68509 29365 
46058 79317 
60738 95274 
3336 23171 
32711 15288 
22536 38579 
77592 79306 
23242 2110 
78863 83822 
16931 58423 
46612 2224 
83385 19482 
14991 84101 
16334 67760 
20507 67753 
15454 7115 
2771 47311 
50389 51179 
69435 96039 
99122 38413 
45265 10842 
67786 15442 
81640 9456 
31958 35845 
37265 81463 
463 80246 
53442 66997 
91920 15402 
38007 12910 
31520 74901 
40861 35154 
20945 62155 
51013 98275 
7870 47570 
70130 8163 
83161 56080 
20842 2582 
63637 18696 
29367 15511 
76225 92253 
81506 85950 
45312 35267 
88674 79602 
99311 64595 
16312 92728 
54701 7564 
20922 11458 
6255 7279 
13905 6992 
50653 35018 
20491 57359 
97386 12950 
30278 99797 
75612 52828 
42236 34306 
28544 71903 
91507 18573 
97989 55981 
7934 17198 
40811 1355 
96974 94058 
86377 82310 
52485 65619 
39463 58941 
7867 65159 
56621 61225 
7134 3113 
75668 59602 
30688 47119 
57766 59776 
41969 86858 
9434 39976 
30560 93410 
87896 82667 
14980 30603 
57333 39449 
34094 26702 
55864 7882 
99917 68789 
53513 92008 
6571 39339 
29960 64541 
90242 74712 
77507 48020 
13219 88685 
39504 84648 
1423 70653 
27370 70108 
99340 37740 
20391 85363 
18832 92833 
41638 72223 
49055 16418 
20607 63434 
63534 99107 
98649 96098 
7441 3877 
6723 8434 
73205 32281 
46725 44184 
75807 57291 
37394 66446 
20469 76929 
43728 13239 
14901 37449 
94862 10836 
15902 72631 
9527 97693 
15784 6583 
90501 1747 
67982 71485 
19863 56937 
23162 98807 
85395 40965 
97237 52819 
95152 65671 
20930 88560 
91984 53789 
26870 32965 
62726 91463 
14684 7446 
47785 54559 
97119 33010 
96037 68646 
70997 84854 
77206 77458 
75615 92388 
59333 62697 
98184 12761 
82461 79259 
61015 41233 
11325 44252 
78358 60096 
29623 45635 
2166 69362 
46362 16874 
85521 87066 
20795 57678 
80061 54782 
76626 67737 
49460 34824 
68459 276 
24872 39623 
83864 35354 
50220 90882 
12973 18980 
65303 66376 
94174 13490 
52915 55648 
49270 57003 
32543 12330 
54359 35410 
17636 60486 
53751 28990 
66085 85097 
13369 7586 
44239 12687 
27397 13211 
93660 67126 
37332 87025 
36758 67733 
96113 68801 
82579 22079 
11715 21338 
97224 54267 
34317 9696 
84721 973 
9106 95707 
83653 2133 
2803 91912 
22451 10975 
26146 55877 
91956 48893 
16872 95792 
87730 34741 
18122 1324 
46557 25207 
85764 9875 
51670 13185 
84742 67735 
9468 44471 
89402 48026 
6826 29575 
85597 42944 
42596 47094 
83457 56456 
89458 57845 
88838 85455 
83041 74814 
48761 92292 
54055 63012 
81575 39705 
16157 75437 
26074 80316 
97377 66589 
95518 67206 
56138 63398 
2226 79534 
54275 14883 
26374 37689 
68895 86525 
38644 16201 
12565 13075 
50512 49423 
96987 74398 
58292 64950 
19212 12963 
67421 72814 
71381 68706 
32023 84660 
75102 67270 
21466 36456 
19793 60974 
30369 40712 
40650 88396 
81470 99749 
6391 88064 
31784 70264 
99526 74512 
81620 81240 
62605 60836 
3354 72195 
52760 90885 
52227 36831 
93836 26359 
94988 28349 
40482 19326 
93861 6974 
71809 89067 
13108 87729 
13578 13645 
73348 77015 
47336 41239 
64853 70274 
2517 24015 
45182 19821 
43274 78215 
88814 71864 
55616 78123 
26839 14821 
12423 98711 
13311 77194 
44013 32010 
81520 62622 
70133 15649 
8232 12151 
55613 28483 
86843 39314 
36401 27880 
21451 92346 
25264 25990 
92987 59629 
47201 28183 
15837 49433 
73437 85857 
98817 43083 
19834 47956 
47864 41855 
50684 30765 
99496 2242 
82042 63960 
53858 81663 
10112 12365 
84103 97252 
99679 17525 
34866 34051 
55172 50926 
86774 25778 
62670 21608 
56197 71230 
35000 34892 
19882 42493 
14061 56082 
2619 87308 
84600 93259 
42766 27245 
31892 76661 
55248 5797 
32113 78640 
44531 46064 
98686 87837 
81141 36391 
20455 23929 
44432 74131 
18296 55238 
51599 62665 
15576 60440 
38357 74856 
64897 57777 
30209 67323 
98615 10421 
44928 54215 
73873 5000 
96629 26645 
64217 91830 
29729 34462 
9369 70007 
97143 30769 
72266 98258 
11187 16391 
68282 13360 
37992 11449 
25314 41904 
76604 24254 
5443 98340 
62497 83932 
68962 72475 
61884 52504 
89762 22969 
78000 34592 
37465 9917 
73435 58482 
26107 19169 
23625 10965 
91822 53861 
55794 70207 
2672 94462 
94885 95818 
22616 57667 
33472 3388 
48608 16592 
66145 71904 
14875 79974 
80539 6829 
11682 66468 
76960 9033 
97216 51631 
96464 80331 
90716 9809 
73296 30107 
22536 20908 
91730 34265 
82601 62892 
19666 37757 
52520 64875 
11733 84933 
28616 52785 
23177 8218 
43228 79839 
52490 4873 
69848 97459 
35515 84094 
54029 88729 
46656 72236 
46454 56173 
23886 22641 
27145 28328 
23382 88391 
555 25519 
26916 81217 
10074 4223 
70525 57880 
67509 81513 
36544 46534 
18155 26391 
52715 49876 
65327 93131 
71900 39361 
59539 63289 
63810 85290 
17021 57681 
36212 51310 
69840 77342 
17245 18645 
65622 33393 
72728 95345 
28720 29737 
2796 8886 
66648 69622 
60696 76667 
55683 67388 
63268 98243 
67790 60059 
17394 15597 
7336 29985 
69629 43301 
10568 69333 
97245 79119 
23392 40002 
98103 67419 
13743 8404 
4019 2703 
93669 63564 
37739 28622 
23223 59122 
57142 9058 
43362 55057 
81967 22129 
38265 73364 
78134 55467 
58848 23381 
82662 61640 
48699 97123 
88178 66315 
1284 82723 
70232 8537 
42971 94942 
32852 32489 
80280 75754 
68243 43121 
71752 75091 
75024 84251 
84891 82133 
56089 97048 
76893 40873 
21935 69259 
94213 50210 
58243 91088 
20472 18446 
77489 92354 
14840 14817 
63583 47349 
73722 36561 
35748 98763 
17443 89046 
3324 70122 
50587 58594 
56674 7359 
69747 42893 
41058 14465 
95679 92279 
90105 25610 
88164 6663 
53434 86681 
61407 27510 
39009 2876 
55350 62033 
4977 45833 
34031 77634 
78005 3670 
75954 8654 
45575 424 
93415 24586 
68188 7542 
67819 19189 
84140 19393 
16248 93300 
34260 67227 
10905 20672 
16967 1564 
57488 5746 
94990 81679 
1204 65087 
14295 72689 
69802 90016 
63012 65656 
81894 77050 
93601 4227 
45768 44826 
54990 22478 
49028 91486 
33130 72993 
92600 84844 
78143 51606 
53991 19196 
4183 5832 
74167 17218 
84168 47689 
50016 3201 
25670 78438 
80066 24704 
6569 72701 
55010 53750 
69465 62483 
6520 55784 
22397 7834 
27965 74895 
70048 40172 
58860 47163 
4437 16761 
81205 20506 
16976 30382 
10368 29031 
54834 76933 
75757 42635 
33681 95521 
77234 88497 
36199 60533 
72094 20102 
71128 23246 
94395 91555 
41188 71742 
33513 80211 
69827 2178 
2035 89015 
66585 71942 
4439 51471 
68732 35758 
77491 56747 
82895 49514 
10883 10225 
64539 63394 
72347 45654 
15467 15855 
55357 9066 
49888 83015 
39470 41767 
78167 34269 
3481 99944 
84005 94200 
59768 61829 
25606 13360 
84573 89841 
74275 6003 
3417 34787 
14945 21582 
53461 91917 
72282 78628 
85337 44560 
93298 4566 
85815 60005 
12826 93084 
99680 34490 
51733 11889 
4230 19359 
49418 67965 
43091 98857 
11907 64909 
57352 31535 
64800 67499 
61508 11847 
36330 22306 
99302 56301 
59967 70005 
80274 69377 
78289 24984 
41664 98464 
50241 90889 
2318 44149 
12445 26961 
75300 52506 
21891 79334 
84177 79340 
12106 43887 
84266 82923 
27824 32823 
24616 71310 
64212 75848 
99087 3148 
25858 98617 
25625 16715 
38030 86071 
61659 40959 
88099 56356 
10545 24433 
48586 42193 
99045 3259 
34927 904 
9098 17668 
80843 51722 
28430 78113 
72121 69588 
44084 76646 
65639 48335 
40497 36943 
34622 82961 
79504 97282 
23417 10650 
33493 24764 
65469 93249 
14887 66202 
16735 20123 
95257 51351 
83402 59601 
35577 77535 
77598 89692 
55462 21238 
17665 94295 
53751 41836 
609 19831 
55341 65424 
13516 49042 
99930 62550 
17969 63635 
7176 62689 
36967 35519 
49744 80403 
97327 7587 
40796 63406 
32253 99279 
95739 11106 
28510 99649 
59359 53737 
10572 91180 
98955 26770 
90139 81313 
51688 23112 
73581 5465 
80076 56416 
12147 5246 
33417 22874 
194 78647 
34895 5977 
75224 45191 
14219 28977 
50173 68319 
83871 23173 
13191 29741 
13382 46642 
63042 56058 
90537 57664 
9327 56637 
70992 19851 
55833 43536 
8527 91858 
2667 69238 
26996 33567 
48183 35996 
41995 42767 
45279 1789 
65409 21581 
68299 32225 
29170 60316 
76540 25133 
45929 17866 
18299 65176 
83844 72470 
5422 49518 
70221 14340 
2453 62357 
54534 52596 
16819 66121 
55149 12914 
46835 20157 
86085 9433 
42905 33949 
10205 84733 
63905 11225 
93500 25062 
65564 43735 
41419 74483 
40533 69057 
82738 91281 
40890 15498 
28992 12668 
52981 18927 
78262 19757 
61780 11383 
50946 23741 
37364 49298 
42094 26358 
99637 70429 
50029 42983 
69094 42862 
94145 15049 
91194 96918 
66165 80017 
29841 11350 
68592 11748 
61481 58921 
81690 91852 
65506 3238 
66053 23528 
98936 78710 
51666 53339 
63735 78509 
86344 23560 
23703 21652 
16517 37947 
4487 69599 
51566 87181 
15098 15241 
19260 46726 
62169 72674 
54300 29484 
89291 54903 
74607 48370 
62856 38371 
90672 19822 
43193 78213 
62183 18254 
25111 56152 
63052 73603 
5587 14172 
41143 89348 
37919 51413 
62148 46793 
61499 39173 
8448 52886 
54254 39471 
63278 83481 
40834 96308 
48061 71696 
3792 5596 
96566 91933 
87296 59650 
43335 94066 
53288 5209 
75833 49506 
48599 50155 
49857 81046 
68124 3391 
95960 61807 
53992 34815 
51012 85079 
53563 97848 
33470 26511 
70106 65718 
43536 42837 
79198 94471 
10114 77203 
51144 40646 
25313 70177 
15140 29627 
4209 7651 
24438 91843 
82704 72077 
33433 58332 
19507 1895 
77362 34621 
99644 5473 
53236 52429 
46349 20546 
36650 32408 
35799 57866 
33272 77933 
74885 18674 
56110 59916 
46034 29597 
40059 45668 
45108 95697 
53759 71035 
38460 32686 
45460 54342 
43484 2639 
64396 3124 
93329 44116 
32030 70201 
80923 57161 
98627 74316 
90040 76457 
9717 12405 
11888 41756 
24352 55490 
14521 53727 
72400 38255 
79370 85490 
11740 23553 
44258 5361 
47797 47430 
95529 54688 
7703 27658 
33224 16209 
19255 49362 
92740 2947 
30875 25016 
43992 95424 
22937 62885 
4828 55880 
3132 67935 
99283 52145 
48916 42321 
63248 30970 
58651 48718 
50215 90872 
99704 49111 
17978 17922 
96530 34077 
83533 64404 
84720 13166 
17888 69921 
67983 45695 
15066 47250 
54222 53051 
10361 81165 
14136 68576 
41692 17394 
1204 49157 
44919 51083 
95416 93822 
49067 59304 
84799 88998 
90618 60611 
78576 27482 
97392 26080 
53671 28777 
2003 10935 
72353 22120 
32477 23629 
72941 40353 
93346 71 
27783 12721 
94364 4762 
83147 37758 
5978 37690 
44180 63600 
20790 86090 
44754 2402 
78444 23575 
46812 57943 
67743 25630 
46735 51109 
54270 40090 
27268 86612 
94372 23995 
82738 16112 
87098 34065 
62547 17879 
84536 37070 
23351 31171 
27951 88481 
53879 54706 
2236 13050 
37980 42932 
4406 9342 
51295 11218 
3213 91749 
44860 91679 
26430 78140 
54956 65021 
49963 29062 
92719 30621 
78645 45281 
9272 66991 
2448 34458 
2592 77845 
83794 64880 
30804 15179 
81758 34424 
23323 20087 
47172 96313 
35984 24481 
28996 99719 
79258 12454 
16780 22907 
59662 48699 
6651 99354 
13642 43239 
18978 63173 
80489 36644 
14717 69168 
56251 57976 
54397 74958 
94166 28923 
18838 7907 
68756 61860 
63873 77916 
559 27041 
12730 38689 
46343 44695 
99180 44689 
95706 91467 
62158 98746 
79114 97490 
58311 36186 
84729 50298 
2721 45330 
1763 14854 
70090 81343 
56665 25173 
88720 90686 
85065 2330 
37864 26772 
87234 6065 
15377 3967 
47678 32810 
77054 6672 
60558 31594 
61657 42996 
91778 21159 
6327 8407 
25844 56508 
25974 3749 
91052 11213 
77145 34131 
30055 12974 
52035 473 
84548 94265 
51473 83852 
92577 97303 
67098 14300 
54909 3196 
62399 10337 
12899 38767 
79895 73278 
94504 51393 
17438 21230 
27320 32149 
10507 51687 
87974 10579 
29281 28792 
55711 40649 
49433 1541 
64698 46714 
83758 72637 
4324 806 
68138 54161 
99713 58093 
79783 65873 
15689 86064 
28329 54723 
66586 84797 
1037 40014 
81598 10633 
62247 17651 
70761 83616 
4168 89085 
60195 80273 
21209 15759 
16902 87610 
33261 38281 
63194 21654 
14700 41036 
88737 94426 
95353 87586 
4233 46926 
87252 99949 
44925 52529 
56751 5744 
24382 35136 
5395 31175 
59459 39473 
44930 74967 
35822 37146 
51934 58629 
60128 51365 
65758 11766 
49711 35677 
49828 17705 
43539 47656 
70835 14310 
79250 17130 
62919 17598 
70228 20403 
34696 11693 
33966 36821 
45804 27608 
68373 82133 
26649 15501 
46228 84266 
40083 317 
99618 91466 
87017 99067 
96014 80175 
39281 69533 
65528 60626 
42544 54816 
24933 61764 
69682 85871 
58195 13982 
20729 5079 
55541 38057 
59361 77898 
83505 91761 
47870 66768 
56935 21802 
92664 51693 
10578 18076 
40551 95310 
22677 69643 
72417 66747 
25909 77409 
25381 58222 
52024 87194 
37114 51063 
95713 68677 
46708 13725 
50517 80645 
5363 43377 
64996 31051 
47103 94777 
90918 61563 
44847 75363 
46872 60632 
30371 23933 
525 36494 
88066 31730 
80622 62156 
41842 9406 
65872 38042 
42138 51100 
62043 4847 
25735 97722 
70838 79042 
64897 55548 
74570 76573 
44331 83374 
9170 36477 
4592 21703 
74709 55437 
68739 846 
37450 96780 
25418 31300 
10283 42944 
76020 49411 
59507 19158 
66159 64072 
75018 27893 
12422 26089 
58298 98576 
4219 20867 
27973 75123 
7507 67155 
16270 35057 
22282 89900 
31342 58264 
48926 23590 
90227 40917 
99890 93999 
85129 80623 
52608 20861 
31701 42589 
77192 81766 
62229 53358 
88136 78431 
68857 58678 
63132 50530 
72414 25068 
44066 89373 
90951 60879 
85344 13980 
8749 81952 
42961 85497 
1332 49404 
4015 52373 
54953 62665 
40904 38366 
30035 99556 
36989 8207 
57219 57024 
71257 71598 
21960 61100 
68368 15259 
89008 82694 
17421 84849 
41662 17052 
37887 73848 
62333 59000 
24387 14854 
60755 33549 
33317 10263 
64051 22008 
83817 83936 
18968 57424 
33168 83190 
20673 50010 
52430 11351 
74850 43136 
71961 25083 
20218 93555 
88473 87882 
87137 15690 
25324 31322 
44612 29170 
16017 39058 
92820 1192 
37189 35088 
91162 80908 
51865 27388 
72904 81677 
36347 30814 
86611 78869 
54822 69015 
21884 55850 
14633 34130 
22293 48820 
82113 65163 
61962 12388 
64005 91166 
63905 52081 
62684 73779 
68001 47424 
94772 75128 
14409 19785 
22184 71760 
94252 82886 
82263 33018 
33578 50685 
19373 83144 
18856 67294 
14167 70407 
42714 66622 
78724 73677 
47142 65689 
35841 87129 
68030 44808 
28997 37120 
39737 70313 
15838 1812 
1238 71070 
82533 23717 
56501 88687 
78912 28118 
80836 83174 
15049 86181 
32304 90730 
78789 90585 
22631 98401 
30687 43622 
25662 21564 
7942 92976 
52992 44480 
22095 88777 
6247 11625 
66662 77003 
23364 38051 
60292 88964 
72278 40751 
38670 34339 
9555 79778 
74100 56115 
13833 37859 
45545 59789 
24308 60259 
3885 86312 
63062 22878 
77234 58527 
96674 95877 
39400 94199 
97350 22547 
20908 45281 
96711 38728 
76472 92655 
86424 16756 
35426 98353 
9006 29763 
52310 93143 
99431 97037 
43685 56376 
83562 89300 
44206 27094 
12996 43866 
40099 70690 
17531 64027 
41374 13746 
86280 54411 
35501 51229 
46349 74649 
24713 24804 
94049 77364 
86708 68812 
47750 33319 
14254 21331 
33781 36500 
83033 1727 
87204 24984 
69047 63252 
47801 49606 
86996 39496 
58279 71805 
49266 16854 
26500 74414 
51512 81720 
96442 24770 
75294 10693 
83610 38187 
60814 94886 
69830 51655 
43548 15274 
19582 32588 
67373 15027 
75485 15470 
83817 46919 
14066 80490 
22093 9134 
94587 62531 
67874 21192 
13525 6343 
20035 33200 
85186 64294 
4133 6285 
4969 66763 
8942 49794 
15965 82100 
78107 51754 
91863 22966 
32828 93055 
69532 48968 
23443 92990 
13195 61697 
7898 93989 
68769 87565 
33294 56820 
71728 96297 
53062 3974 
4749 8520 
46792 18632 
62461 4531 
22314 79343 
69737 58198 
70397 86401 
17301 84845 
11233 14964 
23790 10080 
18875 12027 
6972 37667 
34884 39674 
48476 18907 
85674 55356 
66166 3408 
99369 11490 
66216 81695 
77481 51288 
32964 13801 
14311 75461 
28787 74803 
72689 55357 
18537 38211 
18520 72069 
3468 61158 
88583 68176 
48134 31571 
16119 9066 
10384 86795 
66972 64128 
39392 15566 
45388 34628 
89529 10857 
13061 74714 
8963 49724 
27598 74732 
1002 38185 
47313 1931 
23489 74040 
68094 22633 
86976 48639 
55070 62069 
35930 29788 
6897 93340 
48892 42300 
43703 85339 
73272 90142 
41091 80980 
18425 44685 
42050 21695 
66616 57272 
66254 81934 
25711 41119 
1911 28260 
39674 7526 
9212 71650 
93366 34405 
86370 38743 
96693 91372 
49365 48009 
9805 44929 
54701 40229 
75802 19708 
50865 79137 
60384 97346 
78624 7742 
58819 93202 
52900 18570 
19872 62988 
49693 71971 
53522 56300 
90362 75632 
34777 52121 
62554 20540 
89403 82530 
42152 53951 
49031 75214 
83864 58228 
92924 22760 
29394 95978 
51564 17343 
41624 76511 
33278 73038 
10830 96406 
49267 94877 
94688 7843 
54689 43656 
47644 72391 
93875 88587 
67231 65029 
36254 36092 
34997 3454 
16273 72318 
57917 91123 
45340 59445 
22538 78948 
46746 81361 
58557 70207 
75568 43033 
71139 16005 
24689 89675 
42003 74460 
85381 26771 
18145 35830 
26292 90088 
4058 47904 
78221 35981 
48382 11241 
63717 96629 
69160 52216 
90334 72277 
93208 23349 
34277 13117 
94602 24995 
77206 77152 
4850 90264 
23140 37168 
33069 25880 
14662 49929 
78321 55721 
88071 93736 
38238 70904 
55628 26694 
18157 50513 
79725 17358 
23222 80483 
8584 51864 
72248 64623 
76005 27208 
6613 91412 
28713 99037 
80046 92946 
34016 64139 
5903 8288 
37777 22744 
7376 42497 
88105 83821 
63027 94718 
13711 47764 
65167 13982 
47525 25135 
11818 29735 
15978 27632 
34316 95637 
72228 97955 
22124 79777 
37682 28984 
43995 32217 
30302 59469 
80357 61660 
464 23381 
75639 57031 
65579 73159 
91236 96896 
33186 93241 
89888 99902 
28907 69610 
10501 82777 
434 83541 
98757 8969 
51628 53254 
43351 30600 
71845 55915 
30285 49183 
64763 24225 
68372 46423 
48273 26780 
57942 65425 
92411 9439 
71737 54760 
85816 96160 
92050 23111 
72908 22049 
1417 90573 
83714 98817 
55487 64192 
86221 93423 
76196 9991 
27138 34347 
90947 41420 
91132 46770 
9236 95114 
882 57879 
72004 18795 
696 6568 
30965 53312 
14978 38018 
15267 51061 
49508 62931 
21055 36397 
8240 13666 
15870 80160 
31290 35049 
84254 30073 
20768 6370 
53585 11515 
10308 2850 
29833 89040 
51413 69835 
41804 58055 
35142 1025 
39424 18149 
41227 83240 
16667 64856 
8320 94547 
33009 25004 
48912 20000 
88596 52293 
90331 79835 
67813 94393 
9280 48616 
3509 40596 
41542 80698 
29898 59938 
90746 47248 
85964 43702 
30519 33201 
3189 73366 
92864 38658 
61522 45284 
62281 78595 
25721 96781 
49923 77164 
80563 94862 
4994 8450 
67860 68325 
31623 44236 
90858 86873 
18629 31130 
92275 16637 
56841 34384 
31126 10602 
14093 53753 
80411 24475 
61502 37982 
42873 83856 
96343 98783 
35246 66913 
86576 52651 
22752 8273 
70023 99376 
95086 74491 
77217 79864 
62733 9166 
11103 42642 
18165 96718 
9050 88396 
50330 47775 
33070 54949 
22818 66306 
82633 51268 
26162 18839 
1168 48420 
92998 89539 
52101 87829 
21108 71357 
73199 72752 
83887 13161 
79017 67600 
20326 15447 
70423 41507 
87384 43170 
27434 57548 
26397 3180 
7042 27014 
42225 15923 
41194 19399 
18862 96292 
31813 43019 
98507 46917 
69471 88663 
32420 58648 
60281 59227 
71368 7668 
31583 91975 
1046 36370 
1169 16876 
43614 6057 
37081 84436 
40302 13500 
5420 39481 
2033 70532 
2133 13551 
65102 56099 
91426 57891 
17172 63578 
28216 41438 
65197 82673 
24946 93805 
1351 74821 
34143 81929 
85650 23810 
57231 70873 
4662 69171 
57421 34216 
84558 58927 
49882 47536 
33732 90394 
65976 19668 
65298 43008 
39939 90746 
3017 45494 
46245 53482 
5549 61236 
23732 34692 
53375 20308 
58662 7779 
30371 74395 
63003 93690 
97705 1699 
76542 47817 
1593 42947 
41813 23368 
78411 6730 
49393 47935 
20783 42662 
27754 49288 
46443 44229 
56657 18886 
68066 9702 
15979 7145 
96700 59113 
42907 3195 
24048 78043 
59569 63692 
19555 34877 
50508 20173 
47127 97127 
14742 12514 
53255 54636 
90764 67248 
3435 42638 
54437 63812 
46980 46107 
19559 9230 
71695 58286 
28771 72319 
69315 60919 
8513 12170 
70255 91497 
75901 72507 
21904 63653 
27675 3441 
78556 10899 
11792 15210 
43054 30990 
80748 64693 
50304 18478 
52411 24806 
11046 86368 
58884 89304 
40622 94331 
46875 21115 
81935 20528 
4053 60996 
94428 36860 
25046 75130 
21581 73350 
98008 35225 
68323 86342 
88111 92733 
16702 77365 
17845 30010 
83244 44729 
95646 45544 
74697 88329 
24205 57831 
30147 29601 
27684 93029 
47011 53260 
73099 55234 
75994 25129 
25319 65015 
35806 91320 
67392 91796 
42307 17973 
38325 98757 
68706 87934 
88967 65073 
53541 30975 
33349 49687 
51382 27544 
77556 13188 
77567 92562 
41162 19994 
32732 15372 
47291 1687 
5504 4733 
46493 74176 
42446 63609 
56959 66320 
43192 97528 
48967 35692 
85689 42389 
75000 18359 
11540 82870 
48659 83877 
4695 20965 
5240 44132 
78051 45666 
34778 95237 
42027 49464 
64404 55375 
66757 35064 
80993 98285 
65264 56615 
27394 72075 
18852 43749 
75928 36038 
37888 63841 
81374 44421 
1276 88180 
42335 55338 
46134 41102 
54655 45520 
85523 27641 
23453 67119 
16573 54889 
11415 91502 
43931 85016 
40086 46769 
84179 83750 
28257 70677 
35729 57169 
46896 68731 
95667 1737 
93628 88362 
80103 27811 
41448 94474 
57850 55182 
96102 59033 
38537 20769 
4500 57984 
65793 83166 
92566 2436 
53710 56519 
75071 17905 
70512 57097 
72299 25303 
17211 99894 
88794 70487 
71013 39770 
57976 95306 
63321 11850 
33074 42463 
40403 89311 
9609 38898 
11158 43180 
97564 8009 
20866 58386 
22435 19677 
2419 33073 
23473 98922 
47250 64072 
34774 78911 
7009 394 
80224 2154 
84046 28784 
86874 44871 
93806 40594 
22984 63857 
85515 17632 
96740 42611 
88841 66130 
9566 44052 
13727 22625 
43997 60831 
68145 53285 
80232 91096 
74290 69087 
77764 57464 
57541 83284 
28910 30061 
54519 44688 
89586 10643 
36641 90591 
19337 84180 
73824 76486 
17419 46659 
69309 56287 
24642 73495 
81073 6355 
71697 1580 
7869 9401 
93898 59848 
58699 40204 
99487 98155 
43306 24109 
74137 32358 
18322 71368 
27752 44648 
98740 25673 
41367 52525 
97639 3574 
51740 87243 
88433 43021 
19085 3097 
93365 23851 
59511 72660 
89599 70845 
87816 9842 
89967 800 
8616 2624 
99265 29131 
14192 30372 
68988 8594 
95950 86822 
73481 32989 
53083 29153 
8695 2115 
86785 26001 
71110 10683 
1288 82839 
8833 93604 
94014 81830 
49491 32752 
6325 85084 
260 6225 
23600 15187 
84221 40115 
58808 44951 
24197 4928 
27269 99490 
10334 84044 
21949 98087 
90901 30005 
28444 40731 
7141 15896 
76683 74772 
52482 83729 
12446 60845 
73984 89504 
85943 94015 
49672 45465 
96972 26055 
69194 64111 
6603 77811 
17277 15641 
23870 26830 
9491 20730 
2587 4713 
58101 13981 
38228 41112 
52112 29834 
37684 46865 
20090 82377 
45782 37429 
6929 33265 
51564 59617 
36483 67796 
64672 99556 
50806 28241 
47522 17884 
13711 85617 
12554 79355 
41490 66364 
45459 18378 
76824 88779 
95084 9429 
53273 5513 
78630 91850 
7219 93144 
86792 32247 
81712 77514 
37645 94499 
32412 34453 
20362 27362 
89653 59484 
90279 72668 
52637 57265 
25330 43377 
91850 61725 
30564 19985 
14040 61292 
82216 66294 
415 70072 
35720 71077 
63214 55482 
83113 80879 
78390 5585 
34398 1007 
42866 95280 
14741 6705 
73691 89462 
14798 24572 
13359 3433 
4978 15487 
30697 26083 
26128 14592 
9911 99735 
98897 61367 
1749 42061 
51962 83351 
70209 90107 
55314 80793 
5815 44196 
58985 96314 
92201 90400 
79863 43607 
6607 84222 
49656 12264 
6842 85310 
35621 62021 
7393 43240 
72294 69011 
75548 47801 
97290 89085 
84786 73724 
67111 58790 
47129 69412 
39958 63314 
8765 61990 
51704 62517 
33971 76868 
78449 81097 
21205 99026 
74521 37021 
92223 35345 
98283 3539 
70164 72562 
89814 74403 
15762 63823 
44259 29377 
22216 18284 
32610 77666 
78697 12877 
57677 90603 
75 93066 
97185 21741 
86185 80334 
78213 52435 
17782 58132 
47595 94072 
18312 65150 
51465 24292 
10732 85016 
13744 33878 
76821 84933 
8190 13391 
82788 22231 
51532 14254 
69436 7477 
6230 77622 
17759 85517 
70580 36230 
91557 71703 
51166 59338 
27505 59581 
58058 28950 
90095 98414 
36705 6700 
33941 24204 
52129 75091 
19203 16226 
70804 14215 
7185 42604 
43522 5682 
22672 53092 
78573 39113 
7147 74962 
8752 33450 
2764 68797 
97944 75198 
795 4983 
3505 18839 
60239 28814 
9144 90820 
52386 92397 
69699 87840 
15346 44913 
63977 62602 
8906 89278 
34736 45775 
44539 32920 
5928 61568 
28008 83084 
6470 56182 
92699 63011 
97116 73307 
20701 54300 
92391 78920 
45598 2921 
93098 58821 
6044 61574 
96559 86664 
72408 79487 
31552 87690 
144 92250 
72787 3908 
72986 8887 
25844 202 
86684 41166 
37598 37623 
89722 70975 
79504 80080 
41279 5631 
71470 93720 
68713 28114 
62618 44456 
6902 9452 
61882 98443 
80018 13884 
16159 82725 
42667 93919 
66682 68846 
31773 42051 
75268 924 
93214 38621 
1289 1481 
37917 11215 
27501 53276 
50975 1 
78237 73457 
24318 5490 
47062 67535 
8584 80527 
52595 74991 
83029 16636 
71031 95785 
23693 66379 
51766 17599 
9482 38023 
8607 47313 
43464 96532 
93172 87076 
82346 5816 
99382 85222 
61001 51142 
18371 35393 
70843 87770 
61656 93399 
982 72104 
97080 30655 
79274 45039 
96818 45503 
56771 53698 
79660 9265 
63521 17366 
40801 32589 
26260 66187 
1549 99436 
79301 7073 
78628 31036 
18714 279 
68174 10177 
46921 62215 
63066 17389 
29885 45334 
73855 4916 
42316 84308 
3407 61786 
7662 39205 
33208 3881 
49121 11012 
15382 56584 
55512 52609 
28581 84392 
31557 49161 
48234 61848 
45996 95918 
2016 73193 
12888 58531 
29958 74322 
41608 61251 
45272 49983 
69208 11742 
96733 51543 
45212 37777 
66413 6268 
73347 80672 
97544 47717 
27344 63100 
36482 28679 
48631 24791 
90032 43024 
2631 98626 
44769 909 
17287 81783 
68573 72963 
52617 41803 
16207 43393 
53243 85877 
90603 89403 
17239 13121 
69383 34878 
74101 64242 
92210 9967 
2225 80767 
18712 85035 
32031 86868 
9005 37389 
74686 10823 
49259 52227 
88375 70304 
43283 55496 
44165 55893 
17750 25605 
81707 60654 
43505 33442 
51405 20062 
58268 15647 
24119 46217 
87099 94842 
12096 63064 
96166 22294 
85510 75155 
82602 33447 
87888 31559 
98698 74826 
50626 78602 
32165 81998 
81915 30408 
15898 62604 
58636 24575 
20430 65900 
81097 71825 
90203 834 
59986 53099 
20788 98356 
92499 65321 
38365 486 
50323 67933 
35058 98608 
46007 36307 
34131 36511 
66232 85276 
7568 39913 
60571 86258 
45245 33491 
52567 64860 
79683 58909 
96307 32324 
3253 12878 
36130 73809 
75784 83000 
39709 89286 
9649 70936 
65480 58657 
36706 57406 
94228 81743 
6875 81562 
1610 25921 
41671 78521 
73506 99410 
67676 43088 
69293 56616 
84706 65213 
19513 33444 
81348 13238 
3833 5095 
96585 24713 
92856 56656 
40370 1361 
52997 57620 
28298 94725 
7535 35532 
55961 12083 
18905 51042 
37060 68414 
7393 86925 
56056 59530 
49621 76990 
40888 33892 
6550 17328 
44229 96247 
15229 21945 
32753 84857 
41062 7611 
23078 25963 
28155 18613 
70316 84021 
4090 31115 
10575 94344 
92494 8961 
82286 85968 
61834 17988 
2919 76865 
92116 44329 
57387 51083 
72499 3661 
62390 7953 
52312 72994 
6973 7190 
55563 24354 
33717 20536 
34748 90583 
17295 40543 
83609 47494 
17500 90136 
50489 53729 
32437 22814 
93984 49950 
54167 2653 
865 82346 
33940 5703 
42558 81956 
97013 89973 
80939 935 
8124 39835 
46844 79640 
77817 2555 
5341 94296 
17132 99559 
90743 14014 
93559 13113 
41242 78035 
14701 20313 
88185 89357 
67754 70560 
58227 9273 
72686 80174 
27924 28839 
64919 48337 
29834 87933 
9346 82257 
46762 10316 
61681 56278 
46524 23993 
35410 19573 
3457 40152 
3051 10142 
24849 71118 
58934 29025 
50596 77990 
97381 77959 
22585 52028 
14979 66143 
26675 50334 
28501 47336 
94591 26027 
11104 57233 
15679 15855 
88579 82843 
49164 74055 
4707 10555 
46407 70300 
60201 67650 
89653 1675 
53226 93187 
28814 3897 
1186 48528 
51102 85369 
3204 5204 
49641 49146 
10669 28369 
66677 12549 
9254 7825 
74591 81890 
79941 75363 
23658 90660 
98921 87157 
29321 63551 
56591 42973 
93749 25773 
24468 60181 
56513 37430 
75438 19844 
47475 96059 
67594 54624 
71292 16952 
34793 53795 
87440 70530 
88111 19354 
62254 28749 
21546 19030 
60191 48444 
32576 46939 
10377 98483 
13610 20701 
31485 19758 
43916 15008 
23065 92279 
13224 55982 
34689 72022 
38049 78063 
5609 51679 
89641 75775 
27107 94108 
38517 66372 
17315 84993 
34715 16205 
13987 52161 
85147 73593 
84583 2946 
59893 94030 
24972 38165 
57761 39764 
68174 11507 
88144 85116 
52770 16507 
80948 61299 
6968 99795 
19322 30123 
88795 18942 
903 84633 
85440 85948 
72498 36522 
15561 63345 
50373 65162 
97151 8846 
33759 71103 
40581 96630 
42694 98107 
1502 78587 
63001 62113 
81538 87245 
60967 52946 
96019 23591 
38228 55153 
37508 17621 
33360 68067 
51445 97240 
40874 91980 
5979 51965 
10574 87265 
81886 31930 
10657 6365 
30450 79796 
86471 44732 
47298 53434 
23493 56132 
88364 60613 
27898 30183 
10560 93466 
70975 35525 
54144 20074 
4701 90755 
96420 63334 
44934 37046 
97105 73091 
35965 51319 
24553 76571 
55605 56907 
98991 74230 
93480 59845 
14028 33443 
36905 63221 
922 20789 
28462 89472 
81422 5214 
17343 71095 
14502 58979 
12532 53897 
79864 81064 
60077 93750 
56859 68553 
8977 17761 
51265 65555 
631 63811 
94386 26325 
15309 8636 
89005 39524 
35797 43914 
4941 73917 
43127 62281 
33343 22308 
42219 70763 
93278 40174 
26313 57788 
46811 98173 
28199 1782 
19471 93598 
73571 24273 
41857 94864 
47217 58504 
25101 25216 
6310 25749 
58015 27136 
26700 85832 
66964 87263 
47923 55810 
10851 43185 
90539 71317 
93078 38069 
55432 98789 
59957 36844 
78888 93590 
20732 68552 
9551 39002 
68267 13461 
93738 94101 
1380 10690 
4169 24755 
49948 22321 
23804 91278 
82097 53378 
1262 18711 
29138 93532 
27228 81285 
98414 16053 
42262 91301 
56792 42240 
75611 94481 
58253 55481 
31888 38785 
57915 28078 
87903 1752 
1756 6092 
35468 32627 
6427 82743 
7652 89833 
46765 79258 
55750 31809 
49944 43572 
2140 49779 
54715 71907 
80235 14737 
31728 56032 
86907 47713 
76711 59851 
15029 12368 
82080 32999 
4198 71994 
64552 76239 
46253 49211 
76435 83718 
8829 75958 
56465 504 
95007 23828 
82435 50344 
40003 60347 
72325 8211 
56905 85494 
43228 14942 
82581 64596 
78112 57186 
42218 88633 
69280 64843 
46328 61096 
4385 10329 
57603 31699 
35945 29255 
16655 71588 
28521 20480 
95478 12114 
9076 24997 
55360 49815 
55508 27756 
22017 53927 
45933 74272 
54891 99590 
57038 44731 
79811 89819 
43653 82355 
74657 22406 
53670 29849 
46194 4102 
32550 88085 
12876 13731 
49838 74475 
13258 68354 
36520 25065 
92505 52139 
56458 53957 
80568 26321 
47795 56444 
64744 50403 
60905 18111 
76591 9742 
88331 71185 
58649 62699 
29126 21492 
49863 91721 
55091 54702 
30355 67067 
49656 18864 
95901 9300 
71477 71761 
90431 67252 
54293 76258 
10880 11863 
92200 24531 
12881 83084 
75213 72991 
88089 17023 
33826 73677 
54310 23527 
23276 95056 
98181 80623 
28285 35394 
36764 61544 
97301 45267 
19239 12495 
21600 92258 
72770 54911 
59067 20543 
7662 94615 
65103 80795 
36078 82127 
33804 31734 
25893 83306 
71400 43653 
6630 87563 
20953 66365 
68013 2110 
32355 59280 
43275 54974 
24944 19709 
49199 56991 
21360 86973 
62731 53542 
40769 44551 
50076 30488 
27154 90220 
28327 25566 
54114 95066 
31971 36481 
91452 26199 
77025 9951 
40804 65174 
64087 42193 
47659 14345 
38251 20634 
75348 46780 
28618 89074 
82926 21856 
23045 24094 
83332 58280 
94809 69212 
70826 29051 
87034 85071 
97427 18733 
77984 38912 
46893 62448 
95774 74654 
1795 68078 
24561 76066 
24318 8473 
45940 59864 
74631 58796 
89061 12987 
72046 45670 
20903 18881 
63629 69401 
94133 1313 
2545 58323 
84210 51047 
54129 15162 
89605 90651 
41525 19367 
39469 75799 
14714 56427 
51590 27577 
76847 55487 
10161 39660 
30011 29959 
87637 6651 
8920 32281 
17902 75431 
55485 53668 
38974 30080 
49820 22401 
62659 82732 
53961 80119 
95833 57669 
43419 44542 
33446 24029 
98671 99229 
66888 53701 
3781 86179 
3001 55276 
52567 15517 
68813 62390 
94088 47942 
84982 35336 
58677 50324 
26978 68542 
93370 72516 
57173 83297 
1275 44373 
3309 25073 
23299 45963 
79234 77846 
22610 61067 
92301 54014 
32304 84349 
58505 17821 
4985 15923 
51234 52650 
59299 43576 
42371 88096 
52939 82519 
55581 61438 
24255 15294 
40720 99937 
35285 50353 
95634 75331 
17913 96807 
6995 99961 
71805 35007 
55366 5162 
87882 47837 
31365 66854 
74323 65998 
39537 20727 
43397 72062 
24523 39971 
76962 2711 
40067 32193 
26001 86298 
95639 48975 
15325 53809 
57687 91494 
18420 65227 
52962 38643 
39368 506 
19887 20340 
88888 74560 
80612 7986 
69752 49087 
61171 96484 
93198 30523 
70063 7825 
32406 63083 
56644 54886 
81734 48560 
9829 65958 
31098 50475 
24937 85419 
83762 69136 
61884 34062 
42755 6324 
41489 33758 
66232 73548 
78311 75472 
45322 36224 
28206 37077 
89368 27608 
36724 37973 
12897 10951 
10504 51227 
6306 16114 
97942 80752 
37933 27723 
57763 50993 
79047 55991 
14466 49643 
65264 78435 
48197 10116 
7988 977 
43249 19816 
47706 50288 
24157 92678 
97301 75775 
41293 50034 
58031 9174 
28891 12527 
3424 2537 
47572 17643 
17041 41229 
40770 42353 
38928 7576 
79811 28409 
22542 52935 
45994 79080 
29028 21204 
99626 20360 
88962 55166 
15797 97195 
43001 8584 
24549 5773 
32383 81563 
79168 46672 
47778 94478 
90449 20435 
60761 16630 
7102 77109 
55979 69792 
92861 74330 
54091 33953 
49389 94749 
65646 92806 
60748 22891 
44279 69912 
89973 83998 
13959 22975 
41207 2952 
29506 83293 
11885 50094 
92174 50198 
98628 2542 
82824 76187 
87764 64568 
94076 7441 
56837 58670 
39767 76563 
36986 20132 
95189 79611 
37719 2230 
74739 7905 
15425 26637 
85031 46554 
74856 94175 
939 96312 
28842 4747 
99658 23100 
5684 22093 
53600 90440 
85933 58958 
26776 84009 
70684 51336 
41291 94690 
32049 36619 
80685 86734 
73130 49835 
75065 41014 
29599 4570 
69320 29883 
77905 30738 
10207 49752 
76156 74 
648 10271 
52899 82025 
60353 54875 
76279 37648 
696 66450 
81509 77226 
68744 94025 
8067 78453 
40473 21613 
99754 86397 
46376 88754 
50466 93883 
94051 63759 
36520 31477 
11826 65339 
62331 79987 
75060 26011 
60456 55182 
92498 91577 
29278 4370 
23890 54977 
62023 97575 
72078 29931 
19324 92204 
42832 80046 
24232 99439 
93944 32448 
13337 83012 
1452 21503 
60569 76612 
55308 27804 
1320 14834 
59442 371 
23631 34414 
51850 75896 
60531 17444 
79230 37842 
12984 16301 
57618 90358 
56458 21242 
25607 57221 
35771 5910 
49945 54387 
32679 13467 
74633 26245 
98560 26601 
14166 80288 
80593 98372 
79096 2687 
33982 7671 
87883 88104 
5076 43001 
62785 71121 
90639 11360 
29563 3746 
27039 15206 
40843 83756 
39830 39787 
21212 1990 
88934 45553 
88466 43207 
77586 65979 
39914 44761 
54205 69743 
5214 90117 
25542 58106 
57981 90058 
16711 33203 
47198 83504 
59159 91083 
56494 71942 
61124 64483 
24409 86732 
16814 64670 
61992 76964 
40333 49097 
85461 96989 
68262 72213 
41074 67425 
60861 60444 
37002 81174 
46011 89166 
12691 26854 
92305 29468 
70065 6076 
68091 75533 
62877 28107 
41829 59675 
90629 75729 
5764 11382 
71699 49464 
59713 19163 
76647 13856 
74672 9549 
87181 89127 
66981 66300 
8810 54264 
52946 74695 
5981 53496 
21117 90691 
47318 27101 
54790 2848 
45564 19627 
60897 76073 
51913 53861 
13051 40563 
17665 97254 
96334 16783 
67450 89022 
49305 47853 
37783 40768 
34768 44439 
22262 71216 
34954 34032 
30488 86548 
59111 46469 
11598 71811 
71865 60590 
15300 16021 
99260 83131 
63382 53808 
46065 30270 
82898 69864 
62693 34673 
8572 78933 
33000 6469 
96446 63715 
15276 35260 
3384 25824 
57879 32103 
77779 80799 
28274 75320 
75638 7191 
39619 42090 
63225 41856 
32607 78939 
92498 98858 
71906 88576 
38833 77758 
46345 87961 
71871 18556 
19886 23056 
89761 55210 
66473 9411 
84733 17375 
36001 4525 
23596 30923 
40931 7910 
20640 71760 
23493 27802 
52381 34651 
61953 49695 
13695 88936 
1078 91165 
43090 6483 
46716 29904 
51239 63660 
47323 47444 
71345 38778 
96310 39755 
12527 49192 
28221 7699 
38121 98135 
49062 55271 
9655 30361 
36502 91642 
34211 27792 
69202 54175 
28006 11642 
96178 43931 
62220 55840 
36918 92617 
88480 58107 
10844 60477 
50846 59643 
30786 98352 
78771 52160 
59254 93910 
21219 61857 
18617 62028 
25961 53941 
66683 32344 
90068 58440 
97714 33210 
7693 78284 
5588 70575 
19468 4035 
50569 52790 
24191 26129 
4098 17863 
47945 5131 
7015 78422 
78390 33270 
65823 11426 
62699 96374 
28837 84619 
36443 24342 
29530 29802 
97715 441 
57874 44155 
65875 84917 
22168 25204 
67521 96847 
93610 22414 
73640 89620 
83787 19019 
71364 50085 
91293 41324 
91354 49149 
67847 29591 
27565 72495 
96565 94519 
79971 64083 
45441 26419 
22831 22238 
57654 20366 
51157 98374 
66944 29926 
86264 61782 
81116 64504 
27643 10420 
59613 923 
22865 27275 
22162 88527 
89811 4596 
64634 88928 
66272 84215 
25563 6461 
80778 91143 
42155 33457 
35513 69779 
58184 55667 
67258 67304 
97805 37450 
5532 47236 
99118 33817 
78446 57598 
9215 56957 
26257 22806 
78479 58580 
70210 76118 
56072 76233 
49976 372 
80834 31660 
86842 98751 
82198 62382 
51784 74428 
54315 13827 
17644 58206 
43186 18685 
52869 86656 
91416 42582 
70603 99737 
18113 80756 
81401 96528 
72482 49089 
10437 60464 
88822 24673 
30793 41311 
87930 56036 
33262 60168 
15318 81212 
91 85875 
80188 63032 
75150 16463 
60769 75333 
26274 87698 
71396 51215 
76852 22221 
44647 35059 
43209 27449 
67856 63688 
51939 48161 
27506 38887 
27048 80539 
57276 43436 
30638 58473 
55933 95865 
12815 30047 
39799 35355 
76617 52380 
21167 77490 
91964 46389 
58849 84048 
98999 69520 
9921 45552 
25654 84142 
22798 84009 
6854 22050 
50902 45079 
33533 71392 
33481 63855 
78449 41348 
85568 56509 
42770 92017 
62563 11233 
42514 52217 
16620 26244 
7118 86286 
41783 70049 
93793 12475 
12742 19719 
30768 20158 
58086 66659 
90140 80819 
73132 66118 
56759 98688 
69659 46663 
3433 862 
80300 88904 
4709 23915 
83886 28934 
21570 14225 
94681 41272 
67641 22634 
63245 8542 
23806 40581 
69566 90686 
2651 94433 
50144 65190 
76705 87540 
89859 21636 
75208 55392 
26741 58823 
22967 78259 
63195 50756 
41829 77838 
50728 19037 
60404 9680 
16916 73434 
80909 51533 
33130 59935 
33313 79276 
79431 86073 
6472 16702 
49108 77071 
83534 43204 
49469 53126 
24592 44276 
97793 8116 
33443 93741 
81752 13061 
17271 63760 
52167 63896 
98150 68920 
42587 42378 
63530 64091 
65005 61439 
49168 32223 
13908 21839 
32474 17905 
21893 15663 
76821 85253 
49274 74037 
8101 4575 
57335 71363 
23650 1254 
10346 66453 
30630 32440 
74971 82122 
86091 92379 
37347 99131 
64093 85587 
37921 67792 
6688 48596 
32034 21131 
24976 45600 
20260 7192 
4093 11121 
56694 44875 
31663 63652 
35653 47651 
13148 68271 
77666 52552 
59454 83337 
84161 38047 
32284 86621 
6932 13701 
10925 39631 
83230 16981 
525 15365 
20261 58129 
36381 84373 
73881 12717 
51343 26765 
55451 73298 
64190 13656 
18119 36547 
15653 80583 
19158 20312 
25749 97517 
28577 76202 
71190 25380 
55851 87671 
84841 37326 
96401 20964 
60551 74584 
57392 26899 
6174 1248 
8406 75108 
25159 20200 
16765 39214 
22842 13181 
69506 41331 
27413 72075 
54467 7369 
87482 95563 
71447 80789 
58303 35588 
71078 91800 
16903 91425 
73840 81395 
52735 65670 
4522 35232 
64933 16094 
88530 91016 
59849 60035 
95538 44882 
83271 13929 
83303 97213 
40587 79519 
89878 46388 
55090 20485 
45949 60152 
89780 8415 
30745 28619 
11171 55491 
74700 30345 
5020 92696 
19985 23503 
63327 97040 
86060 7847 
49574 19011 
51551 90005 
14882 12367 
56035 24554 
81622 22358 
45756 96409 
32977 45632 
35783 56249 
47068 35305 
37829 20028 
92458 88062 
7704 96025 
58204 16669 
99290 8507 
26122 80882 
72979 45732 
5476 22532 
95653 71831 
41084 26391 
86575 7095 
74636 7486 
8989 99198 
86022 7601 
80733 79130 
66535 69005 
78849 19897 
79080 41806 
42957 93507 
41818 72818 
40065 52317 
31185 18496 
39514 44502 
37804 22200 
60953 10247 
24542 96983 
464 95172 
29795 59041 
10431 60593 
31081 64147 
7236 66401 
34095 9608 
7552 51657 
80618 77682 
48765 40451 
75007 12883 
31996 56123 
13489 45244 
37203 35662 
63048 94355 
99012 97883 
77435 14870 
99226 33947 
56689 73181 
27338 56852 
53493 77093 
83947 67706 
4843 15584 
53609 70907 
20662 4104 
53448 97822 
92403 72392 
71773 79085 
94114 76387 
46959 39360 
36062 63605 
1033 75201 
96709 72189 
34685 16621 
2716 97878 
10816 65999 
48583 20241 
2305 54191 
47679 39813 
56303 53002 
84575 41096 
32161 35617 
95012 62953 
3027 82181 
34255 27496 
72139 86361 
7199 51364 
44053 30601 
24329 39144 
8278 62667 
16457 37697 
38256 24174 
88165 12282 
82102 52985 
14938 90625 
23223 5657 
92237 9455 
18707 23587 
26088 89536 
81272 97049 
14222 59858 
56611 65021 
4435 49385 
62133 25514 
32531 65665 
95378 21044 
36058 83585 
90782 6979 
12046 74705 
2045 6665 
37019 17833 
13953 6544 
95808 44910 
42354 46957 
72012 92761 
63848 19842 
37445 50893 
27815 93260 
40501 18300 
42555 44500 
34083 8071 
94604 98424 
2607 67654 
55687 35828 
44531 14709 
55327 57733 
42016 23768 
48767 65886 
2475 37285 
89654 47152 
88172 16177 
24864 30070 
59479 89556 
64837 15532 
45008 11147 
47006 70346 
17533 80728 
2142 12415 
98510 42966 
53877 9290 
35926 33111 
30192 58089 
345 99312 
42314 14060 
22209 94655 
91254 87517 
49841 98556 
95133 34452 
42009 96754 
91470 24798 
21583 21913 
57774 84166 
7464 32712 
11058 69781 
10878 88320 
92311 59442 
29044 57259 
15499 3501 
94370 84939 
62318 14189 
40520 32509 
33719 44042 
28058 91170 
27120 35758 
31849 70752 
94281 9501 
29989 59064 
48937 90494 
49749 49464 
35616 69667 
19898 38034 
41445 33214 
50705 98937 
31291 93079 
13039 56744 
13262 99744 
16207 87908 
96342 21083 
90504 82 
84882 26663 
64953 57584 
65681 25538 
93262 44085 
82557 67386 
21803 79456 
60596 31821 
12214 36734 
37669 98736 
28242 37283 
84361 13750 
71507 37481 
45083 37140 
4115 58648 
12966 92083 
27384 53426 
59005 8592 
95410 46466 
71986 93231 
29835 35010 
29869 41516 
67841 85848 
15606 49815 
19310 19138 
10755 76688 
31007 26693 
48818 49725 
55766 32600 
86863 13334 
2891 67417 
58797 65301 
2302 93697 
6553 35564 
49458 90202 
46489 19302 
10667 74959 
17475 88272 
59127 23147 
74404 69272 
80884 14838 
36291 96644 
36871 29731 
71652 16977 
92277 91276 
5518 48421 
27732 50959 
62221 74528 
28145 95034 
16001 83048 
4480 50596 
7522 43842 
41375 65675 
98531 56857 
79230 38871 
79209 91081 
33228 78090 
13127 78425 
23732 75044 
3305 22711 
42593 92451 
89496 33235 
8142 74230 
41621 94811 
67957 5504 
97184 41801 
93012 68864 
1524 12288 
69361 66058 
48944 20385 
34280 206 
90022 99630 
22608 42594 
65816 38441 
86013 40268 
53230 49839 
22996 55867 
57458 91942 
10687 69559 
67194 83178 
60820 14390 
96233 36724 
31744 61039 
71108 72393 
15938 15698 
88558 50977 
88217 45666 
58938 16019 
43643 1286 
72053 21042 
76174 59939 
70466 66448 
49118 78099 
91981 69645 
86749 813 
47764 44361 
72734 44472 
35519 70704 
75527 38388 
48127 96199 
33467 83413 
27351 19860 
23050 61756 
29467 76289 
2683 11115 
15119 54865 
71208 58404 
49198 60278 
5574 93592 
98240 44972 
45276 52549 
42604 21515 
72494 69318 
78593 93464 
96375 52816 
71740 27011 
87476 40785 
36620 22467 
24109 84631 
60848 34641 
6189 22836 
61324 34182 
64150 7732 
59324 98192 
40592 60694 
87704 67682 
50541 44183 
98247 11942 
32569 55563 
20130 95412 
87470 67281 
31478 51369 
63796 60690 
45178 28532 
90296 26752 
77363 91660 
74108 35787 
62441 25247 
80579 10620 
2026 10648 
85637 72697 
86826 21258 
44892 69141 
10306 7817 
54984 30199 
866 26484 
92164 51200 
35314 96017 
688 40840 
60543 57187 
69343 28554 
42658 47539 
78259 77683 
83156 97643 
20123 8308 
90332 1174 
46 93865 
70738 10506 
96508 59026 
10289 61905 
22194 72857 
47546 39998 
57985 863 
2722 49883 
45969 52313 
15130 77060 
18067 35100 
59058 80300 
5706 9394 
53504 80631 
22961 13487 
54682 80837 
40652 20473 
21934 74154 
72153 72778 
77415 78291 
72967 33094 
37857 61495 
15641 84839 
82752 11044 
39147 13089 
37440 31377 
87616 97742 
91882 49016 
47140 54734 
46313 44497 
61329 68210 
73499 27721 
56417 66841 
13972 22446 
34928 10829 
75432 28093 
3260 72676 
90376 82593 
83021 14391 
97090 58707 
18542 86587 
48255 88054 
33732 783 
18758 22036 
10255 55244 
79645 6901 
56022 26800 
28751 71394 
8056 76371 
20157 99744 
67028 54267 
14431 90194 
92101 32866 
79510 79830 
94202 38881 
8127 50171 
53424 5199 
81829 14795 
52001 13138 
3946 30205 
58130 49980 
44236 64222 
17899 63762 
86519 2384 
12670 57579 
47236 72123 
17492 28997 
37665 16959 
52465 26707 
75435 58513 
53452 66184 
12025 42811 
1133 18826 
32076 79196 
38105 64991 
97647 45088 
72606 80294 
55937 47908 
14387 6693 
2563 6652 
13374 45134 
94090 39969 
74960 94897 
33364 24960 
7153 56310 
9041 21568 
14234 8098 
56786 41041 
89215 68412 
23765 73833 
73080 49456 
60321 82195 
42666 19624 
33161 5821 
60986 94193 
52889 25063 
73925 85888 
35423 75577 
65426 59984 
71551 10697 
89674 55134 
61868 63383 
83208 50751 
85312 68294 
22545 84478 
8709 66368 
33567 49240 
12010 29199 
77813 28275 
99315 8590 
37770 58773 
89317 37857 
98351 49918 
30456 85749 
74992 19567 
65859 91323 
70120 55277 
81055 88660 
49238 50014 
3478 63989 
15462 10662 
86958 74644 
27066 88298 
6643 99161 
46450 33206 
10250 80953 
30892 34766 
20042 74128 
75582 66554 
56616 99390 
97622 20416 
60349 70364 
6049 79756 
19274 56260 
37394 51911 
73195 5509 
48891 52249 
52990 66779 
52193 8498 
31363 8754 
39258 32815 
6698 58105 
99090 91238 
15207 46288 
49074 85419 
68230 80110 
7893 49912 
41321 28444 
18360 59796 
99677 48053 
87957 38027 
30477 55168 
52481 49707 
66903 86270 
83928 71281 
30838 81482 
57573 26726 
91715 67049 
65188 89898 
37465 9549 
11444 62462 
80213 63816 
58755 50217 
74139 39005 
92174 77113 
5833 62762 
60421 95922 
28509 32189 
11722 77226 
50604 2085 
83876 84316 
56577 75908 
26771 70569 
33120 32945 
32602 68007 
97546 46386 
24095 70996 
76763 21311 
4280 57425 
65040 9033 
2712 31201 
96675 34815 
62498 14537 
5710 9671 
87 66248 
9004 83764 
35516 53166 
41250 38871 
34639 55771 
90941 10449 
26843 46289 
34827 76018 
61845 37728 
45051 45897 
47416 65731 
47953 44778 
66176 31615 
46433 78190 
4125 4607 
78802 36569 
36149 54007 
76206 1516 
4455 57944 
97999 83712 
94761 14337 
69850 40071 
62020 61842 
22892 88876 
82559 3800 
33910 65964 
12745 16584 
96315 42478 
15623 15258 
9583 55261 
76461 44068 
60875 84659 
65718 57058 
86698 51316 
23684 54976 
44762 93497 
34891 48638 
96611 29516 
32347 26046 
105 6077 
21774 10818 
37532 82596 
44232 12851 
59890 4081 
1851 88664 
10787 70652 
55897 48472 
4457 20516 
68966 69820 
71545 5004 
3833 3462 
53582 49236 
10337 86195 
22518 60034 
28642 7475 
25171 63895 
12330 11893 
4153 32163 
27982 57976 
26582 77968 
19271 95285 
59831 90078 
33058 66393 
69575 2484 
92559 88104 
79579 85379 
68421 17129 
24926 83112 
42336 59462 
50835 17768 
79837 39807 
57707 23238 
28998 7673 
69749 73920 
39992 20141 
9252 24675 
56793 7777 
91568 84194 
66806 99840 
16825 2649 
6782 57654 
23593 66303 
14112 40903 
87005 56696 
81436 10616 
89241 50099 
19476 54731 
63805 4114 
58111 7379 
16725 2607 
18907 21425 
57536 7617 
73695 45282 
30863 97446 
63244 49663 
25436 53814 
87671 47675 
51527 97792 
95970 52557 
20084 64176 
95871 21338 
27269 46999 
77223 39864 
46600 45112 
92190 14839 
57608 86043 
63772 51964 
94659 8809 
514 15717 
82528 41917 
79722 85969 
36341 21467 
24140 49378 
42667 56118 
37710 89379 
5804 60575 
84944 67599 
38748 47371 
95363 21654 
1835 87865 
49574 39525 
43737 27726 
56788 9112 
79256 69590 
64914 83054 
46268 16171 
53839 43527 
20237 760 
50111 99506 
28829 18906 
66954 99830 
1495 14979 
17405 99447 
9245 70406 
70310 73294 
98429 86533 
19051 32586 
98956 54431 
11063 61602 
92182 56346 
42573 59612 
56623 49107 
57446 42182 
70655 38474 
1642 28873 
40556 65228 
75487 20205 
39492 88754 
94827 45790 
88504 71921 
19105 47632 
84044 42266 
29482 47887 
78303 28806 
43367 38704 
48333 51230 
33055 23335 
47904 68802 
75653 32261 
22029 79998 
99059 35900 
78306 708 
4505 76290 
51456 38772 
39987 44182 
67893 25714 
70925 35080 
15650 62684 
44437 28038 
51703 86971 
71889 44387 
33461 67887 
60697 60082 
44140 96360 
10830 64987 
92755 41300 
54080 85149 
8644 7611 
54874 10025 
17686 45632 
10248 95608 
82837 29909 
83586 46523 
15089 46344 
81816 15436 
12661 1114 
38986 96477 
65992 92178 
479 30913 
74018 64760 
11611 87889 
53267 5898 
1946 30858 
85435 19949 
22382 31164 
41436 66885 
35931 44270 
40268 38302 
85043 21234 
49647 92218 
58484 88294 
11950 67091 
58940 90821 
83837 47898 
28910 64368 
10823 62704 
26903 65208 
19093 46834 
58552 65476 
96036 23570 
57995 93934 
48232 15253 
83700 82372 
71060 16711 
39901 59778 
37617 34162 
59898 21682 
16305 17022 
90712 90442 
56217 87503 
99904 73758 
37379 3463 
84881 23312 
68930 73645 
2573 93200 
32481 81265 
53105 98698 
10189 61856 
44938 79904 
7473 24323 
40910 81927 
78865 390 
34734 73556 
92113 56889 
35693 39704 
20471 7831 
45657 99449 
35993 18727 
97000 21104 
87706 4339 
82595 28508 
87683 82858 
49792 18609 
95329 64431 
49125 39426 
85597 20042 
25477 9568 
10397 97945 
14518 95800 
14105 29133 
60461 3470 
43879 90825 
2529 76145 
3396 77450 
86993 45432 
34648 62365 
49242 19693 
76615 20307 
76072 51278 
41891 20556 
2223 75857 
72787 93836 
17167 74611 
86927 22174 
58255 70253 
99047 254 
44534 31259 
10473 69254 
61924 25175 
90680 29701 
44881 31498 
36348 98586 
12306 97404 
82507 87801 
6152 95428 
57655 45874 
50044 21259 
20111 23084 
92204 51905 
86442 91200 
22057 69753 
64432 73406 
53125 46415 
32858 17439 
46164 71777 
68247 75507 
5970 8273 
4828 38253 
22877 48175 
28039 6859 
45687 52557 
44254 77313 
66641 54619 
39786 53926 
70980 17144 
40766 5394 
53773 44165 
12171 25995 
34891 60256 
89024 66972 
9371 87385 
15742 58706 
54861 68901 
80608 52974 
80468 12960 
71527 76425 
42029 53597 
46493 1310 
67677 56637 
7624 7607 
34554 29775 
91133 31847 
12615 31420 
37285 72279 
44695 11242 
84168 47442 
63348 56912 
37002 85790 
54449 66113 
774 57692 
65149 10676 
28118 47969 
19486 10577 
26661 7036 
48811 89511 
90470 11830 
66159 40914 
68745 13846 
13790 93549 
61595 50963 
91352 29134 
37504 52155 
28453 71038 
99993 69756 
99932 32635 
92041 32655 
94674 86728 
15981 25581 
39572 93278 
63854 64614 
49072 1722 
98647 57098 
17706 26254 
346 5342 
98131 77717 
92416 37799 
10387 24152 
94085 28857 
9480 43491 
1751 98952 
97809 26602 
88821 70387 
6606 86550 
27497 91073 
86262 30897 
78284 28344 
39240 57819 
63391 78065 
1287 43970 
38784 30425 
26717 2263 
6244 83179 
61791 1134 
61616 95459 
96542 53336 
58327 30925 
69889 1963 
76288 47662 
65453 54141 
25454 54070 
76247 38707 
80601 64928 
35227 93203 
39300 59882 
5678 17637 
18578 67799 
513 67728 
57453 74740 
52768 98701 
72270 80757 
90943 12257 
19724 11268 
82292 3893 
58449 22479 
94790 55596 
64232 27116 
94187 69717 
46209 6687 
36450 93914 
31771 69547 
37844 44137 
36486 60249 
4991 92894 
11981 24956 
85497 53415 
69507 90156 
56060 56845 
9843 17469 
99456 89207 
51204 56031 
34395 27644 
36002 25766 
52964 91328 
14579 29789 
89217 1415 
49442 12250 
89443 26567 
57069 49118 
79762 75821 
6026 83735 
29878 88936 
19891 96392 
93223 65883 
91420 27758 
63134 71763 
417 59679 
22370 51183 
41911 93684 
78940 87002 
13568 57470 
75100 42377 
81633 12723 
28330 32151 
43259 33781 
13204 79879 
29734 76024 
21295 30185 
49901 55256 
42594 2627 
55972 14955 
96408 92879 
24981 66927 
2276 49813 
88277 52742 
22204 82911 
8735 88256 
24319 83466 
791 21585 
15061 75151 
11927 56112 
62093 44783 
35894 64396 
83359 42507 
7754 46313 
9043 82098 
38732 65315 
32684 16739 
84884 30390 
55260 13375 
7780 78120 
91832 99608 
77656 49184 
54116 11127 
89926 46691 
44394 24776 
14446 9960 
96229 22632 
73623 36658 
75672 95825 
50217 38631 
13031 63360 
58598 22381 
69700 50804 
74276 43770 
57183 46482 
5651 98399 
16138 28680 
9244 74030 
32136 36367 
95055 9481 
11799 38093 
42258 75625 
68067 38939 
47066 18440 
66575 53804 
54424 81497 
66483 66811 
83069 55827 
48531 91223 
39535 88828 
60750 42058 
30869 20659 
27929 34409 
28060 6525 
64809 24543 
2645 26326 
4956 17935 
57443 79323 
7343 78670 
99080 10801 
30904 88011 
54696 20144 
73674 16464 
18187 55307 
57589 93243 
22333 7358 
2639 79869 
72344 80583 
74758 80436 
43636 28584 
10723 50147 
42051 14876 
20261 95815 
48283 77665 
40708 97277 
19930 52817 
72743 17074 
4352 36471 
57103 7235 
23483 49303 
61631 66619 
27704 98155 
35627 50062 
80117 17545 
54179 81416 
24784 13522 
19007 76591 
12960 25408 
4331 39832 
9831 67128 
36352 56734 
80977 9188 
73178 70843 
62529 14768 
8373 97226 
51910 48974 
55760 96022 
17109 38994 
85725 1698 
11545 74717 
73999 79684 
98919 4284 
92710 60989 
37832 97172 
20508 87584 
49472 18524 
73635 86575 
93375 82831 
63052 79549 
5997 32439 
64073 25014 
14795 17000 
44430 86453 
26503 33598 
34301 16289 
2496 24159 
37535 46910 
76372 16661 
77177 83947 
39340 39741 
40359 4076 
17496 36481 
37716 69921 
91753 52475 
20718 87966 
65977 75719 
6650 51928 
71769 61433 
45451 33652 
9400 83611 
25212 6329 
63539 16923 
53864 10760 
99706 67517 
73429 4345 
42815 39359 
60185 64634 
62660 43905 
39182 54526 
42917 35266 
94793 94570 
89954 80406 
90295 29346 
45718 54545 
18990 19505 
4943 85575 
96931 38835 
1136 58145 
73081 6559 
18035 28010 
76547 39124 
3680 90285 
42523 62810 
12757 91463 
58676 88802 
79534 74358 
51911 15699 
28499 97574 
91819 90967 
62719 76671 
21578 32459 
30965 52895 
39679 83877 
63833 7148 
46551 53950 
86338 1815 
39040 68069 
59901 51144 
82648 43295 
80180 92046 
16527 82861 
58826 51514 
49480 74714 
47080 84303 
86530 70109 
16983 85062 
85113 12928 
2061 62820 
77550 88118 
13452 2534 
12160 58550 
89776 28345 
59236 63597 
9422 26275 
80 59831 
92490 80250 
67378 94549 
46262 24702 
33432 16158 
62879 19397 
49115 41983 
60797 7729 
20861 23706 
72650 28410 
75642 73343 
21280 12287 
4574 38619 
93009 10978 
94652 45538 
12606 72075 
55086 58115 
47982 96844 
19814 40478 
24248 90696 
60980 44916 
6612 44111 
79519 90987 
19464 62295 
48465 45375 
5044 95511 
72187 60000 
89265 8867 
90491 76710 
14512 70274 
378 60925 
19681 28350 
90184 83718 
96252 98244 
80994 32063 
25819 72667 
48368 90379 
9344 27869 
53820 2984 
31245 99837 
49946 96719 
62514 64726 
35677 15733 
96203 69310 
28894 96336 
25892 22203 
92452 88776 
23179 74663 
96648 14987 
43761 90984 
26279 36561 
93331 32789 
43631 95598 
14303 58989 
113 82593 
12302 73737 
48705 80127 
27356 38391 
46995 28916 
68932 325 
56305 63630 
76204 81363 
36243 69880 
35375 11677 
6010 20959 
84406 91192 
93856 63097 
62150 9830 
24342 31449 
13698 60407 
99385 95470 
46637 33530 
13533 52010 
43957 92543 
6546 7190 
78522 88389 
97039 14000 
41265 89205 
59828 61583 
90732 67510 
6566 44271 
55082 9060 
4374 73709 
69349 81752 
20373 35790 
10537 30396 
11395 35595 
1033 43750 
87607 18210 
86861 73895 
66378 995 
61467 74848 
98459 3794 
97977 67257 
92368 17570 
73342 29075 
84879 9069 
16250 58317 
5570 19378 
87392 53310 
61641 77623 
5440 8293 
25554 17558 
64999 27779 
42500 54407 
53839 21811 
87322 52110 
65876 56016 
91229 86959 
23634 95345 
27493 92656 
69365 98433 
92283 53922 
57504 90701 
41896 1063 
82832 68648 
50870 46255 
8459 65217 
36804 93841 
15707 36694 
57183 51532 
83949 15275 
21110 67186 
22666 8266 
74568 16701 
20248 14813 
11676 72564 
44471 74139 
36385 89725 
28136 55436 
49150 55737 
99996 48896 
61339 65456 
75892 19796 
46495 97108 
7939 43113 
22029 86174 
609 44865 
17514 16277 
41752 38135 
26505 72145 
63859 56752 
57614 28716 
46286 57590 
97574 82615 
92705 83698 
74105 67425 
69683 54771 
59637 32620 
72100 78887 
88265 7484 
89022 60048 
67814 15995 
79659 9725 
56465 56384 
33238 57418 
39130 9992 
78852 95218 
82607 98016 
31826 84369 
70519 61880 
11600 98093 
19139 3233 
42850 74170 
53421 82924 
56323 3299 
78919 44847 
38772 84745 
19727 136 
42430 39539 
5191 79980 
53608 83266 
78851 41187 
37277 25453 
71934 87634 
19943 80601 
30676 52868 
46608 47126 
11858 74388 
49309 34772 
64163 78492 
94499 98518 
94308 86107 
34438 67539 
76369 44630 
73808 41503 
339 88555 
76920 63282 
71646 32572 
83162 67115 
67236 4793 
68767 44292 
25792 34898 
91482 64676 
99733 22273 
81412 41632 
24911 22550 
96076 30426 
70207 7496 
40640 5697 
13758 72809 
65303 72298 
55109 91142 
90995 25625 
13319 33549 
81831 92492 
79895 11553 
78145 51681 
92407 24168 
27505 54470 
69724 29459 
2745 39781 
3037 98590 
75832 66025 
28196 51848 
24313 62266 
14334 20717 
83112 35062 
91378 27860 
18611 54098 
4750 27739 
94220 79731 
29406 4597 
17082 88587 
97362 81671 
4057 99550 
92910 55743 
81824 1824 
47996 34529 
40690 39160 
26536 20891 
94644 9924 
20961 57519 
61191 1363 
96834 18444 
63690 88254 
12154 9643 
76193 91058 
6767 20015 
76185 6756 
4297 46097 
44183 96751 
94118 99184 
50778 40535 
64073 91868 
1534 41244 
36051 92525 
68019 99824 
15933 30912 
19313 58170 
7100 35782 
82493 48490 
52332 86304 
2858 76001 
62847 63091 
45105 5210 
65161 91749 
75155 16174 
46551 82133 
89047 46457 
8147 79853 
10027 36977 
41003 63112 
57961 55441 
24978 37533 
6145 79831 
12868 4450 
79811 86145 
2923 3963 
17886 99611 
21772 63086 
14972 36594 
36710 11454 
84046 85652 
91419 62274 
32070 50501 
12435 94638 
20426 5068 
64976 14759 
90073 91426 
46260 18370 
67304 25038 
92022 24247 
30155 58598 
37662 99722 
7825 95690 
19302 53026 
5845 38522 
22015 24465 
98289 232 
82566 68656 
4979 11537 
32251 83438 
76397 3963 
21750 7606 
41978 57447 
4382 79176 
38432 58805 
66773 18732 
23950 29364 
86632 78203 
1415 45005 
66208 74482 
19147 89927 
36966 9383 
91247 56640 
56100 62728 
81287 29002 
18761 33698 
22836 62562 
91183 97105 
8260 7037 
29394 35872 
63254 99441 
85783 8754 
38722 93196 
21517 13211 
93910 78521 
36655 7362 
15110 92408 
1773 62056 
12778 12756 
25021 24378 
66584 80486 
16731 87245 
42682 95945 
20088 76312 
90408 91448 
60794 84965 
36653 90517 
31298 10995 
35293 26178 
65858 74389 
96387 5614 
81575 24690 
15215 76578 
57473 78498 
44804 72090 
98850 62962 
7224 84341 
87289 79455 
18732 46093 
48116 43169 
11756 78490 
76534 98950 
72731 97847 
51272 61496 
78973 60823 
30305 78883 
10069 67301 
67051 72396 
29633 33409 
7432 62792 
81874 93251 
28260 53343 
24017 87270 
55672 3408 
20461 47611 
58626 92788 
57423 96385 
47019 46728 
97875 31454 
16502 64202 
85749 86174 
72872 67998 
25637 14457 
37696 74098 
9668 70585 
83847 60006 
36731 24418 
74702 96927 
70923 76928 
83983 99051 
15838 18454 
54576 34739 
39256 2613 
14117 39009 
68829 92543 
2751 64488 
93476 72901 
84190 8863 
47550 11042 
5028 60887 
25196 93842 
39257 14099 
70883 62818 
5034 7696 
18744 19522 
68946 67358 
8137 75641 
59391 35333 
85773 77758 
95159 98730 
15754 45479 
97880 47700 
58071 23394 
97763 21086 
43356 62321 
60851 26115 
67108 13325 
63038 50833 
50162 39194 
11153 23243 
63809 22404 
64656 9487 
97763 75989 
42849 84908 
57099 44359 
11946 56457 
10295 14754 
33979 62688 
74704 46867 
25218 28418 
18016 68090 
15634 5179 
74753 74927 
22914 85684 
25297 27282 
54620 40809 
61674 21671 
30338 90947 
69060 81826 
71956 90113 
84913 10752 
44748 70801 
58655 6963 
44489 70343 
23985 59450 
16563 35412 
13212 891 
61892 80303 
88375 16642 
31455 56749 
37475 78279 
36294 78316 
85806 94763 
3096 30750 
2130 51719 
86826 91197 
37388 39925 
11314 73825 
19650 57774 
46339 17128 
43163 9293 
45439 29082 
31671 9246 
62559 10327 
26559 49910 
37588 82660 
48912 80318 
90954 60405 
11279 98061 
95671 15576 
9651 56195 
1562 4288 
9131 43358 
70872 41457 
47784 3903 
47069 33618 
22310 26657 
19373 5564 
86477 45870 
64374 85493 
88669 65968 
43092 45493 
98417 42941 
6933 29467 
23465 29483 
19191 38934 
98692 18465 
30132 88684 
36124 99879 
53132 88896 
61314 80087 
76963 58032 
25519 99016 
15035 21778 
75388 20897 
36254 7224 
82292 67192 
44111 98675 
81957 6571 
70746 81684 
51722 16082 
30929 65317 
57530 80143 
37249 39135 
35667 99503 
12294 91026 
35312 41053 
46174 84771 
37090 71152 
38489 72084 
80153 80104 
32678 92917 
75678 23452 
97651 99899 
58229 76984 
36719 28058 
28090 26646 
7053 19370 
67465 91974 
14250 3127 
71321 12287 
6049 27826 
19735 8495 
26855 37948 
32722 70256 
10446 89945 
90828 8133 
82062 5722 
75181 53451 
13088 69029 
79218 84785 
21616 80450 
70980 9291 
40384 40 
39639 29552 
79975 23172 
42845 82172 
99581 54777 
82493 43043 
60290 69930 
75710 56023 
76523 74589 
55094 56712 
138 9332 
27702 31081 
68669 71017 
45772 69874 
24269 62614 
93863 54064 
63146 19747 
76850 34045 
6645 4087 
1139 45836 
94579 98274 
77511 41241 
89019 84867 
38129 95748 
42491 42665 
52570 97880 
28337 47761 
48127 16766 
53020 23807 
88162 90926 
70209 46231 
38968 80537 
94721 68536 
60368 77917 
70742 5286 
88190 76535 
83229 76038 
37799 57511 
13969 87231 
47030 64430 
34533 4905 
94134 2207 
97162 50140 
71775 13810 
31643 31246 
71652 59860 
81292 11947 
35967 50406 
14406 3241 
61756 55651 
28889 58057 
2005 52957 
27228 42522 
93516 51134 
76581 55351 
55631 69863 
84495 67783 
46234 42018 
14573 60491 
31831 49746 
38429 40997 
27063 1311 
70329 35408 
85669 5088 
59161 61644 
79680 99472 
18725 7856 
86561 53068 
61783 59327 
15037 58220 
65943 39945 
39505 2736 
40143 60180 
80210 19619 
79361 92521 
61794 82681 
92154 27449 
6343 37103 
60714 98289 
68712 28321 
46370 1635 
1729 20069 
84788 81584 
46739 72956 
24617 90604 
81023 88678 
50915 87659 
17777 11733 
415 85038 
46606 20513 
19529 9399 
22917 32649 
37985 99623 
63128 95725 
31055 24338 
79254 33758 
21589 65374 
91233 72316 
29392 79878 
88270 70684 
9971 23474 
71480 48190 
37260 89599 
99310 3626 
75674 96021 
74488 91627 
55672 28550 
56645 37953 
13989 34086 
58315 46799 
84802 40405 
83662 77565 
31302 68448 
99075 45999 
88505 94393 
82677 35133 
47608 13428 
85832 85188 
49770 54869 
53900 68377 
72964 99181 
95763 44534 
89353 51432 
62060 36516 
42630 32860 
90621 60555 
44874 62481 
4208 96024 
20675 14034 
511 81534 
32631 50091 
57211 79854 
6820 54746 
85985 62820 
39399 9104 
8466 29235 
6263 79610 
94489 83676 
16483 18327 
98322 72225 
47275 6334 
52156 92304 
73291 6729 
27756 68124 
56312 32058 
56983 10694 
92686 72519 
9800 61910 
25428 75902 
64394 55926 
15391 18005 
68242 17829 
31736 53107 
81198 59585 
65704 88124 
12108 26285 
93700 81170 
8985 91910 
15801 25523 
39456 3161 
74004 43355 
2942 22327 
10878 80101 
48983 25731 
63787 59975 
37126 73011 
2404 35877 
62966 74273 
7991 42833 
92210 47108 
61760 43102 
90056 73560 
56592 33216 
6698 38261 
71509 68482 
81436 53338 
51487 48829 
57655 53082 
16585 1421 
58856 71954 
83793 90061 
61934 3217 
22647 79162 
18076 72256 
81331 80976 
13947 48628 
13883 18720 
36207 63925 
11055 45418 
974 98745 
87506 68503 
36489 51360 
6196 43613 
62029 3132 
27235 17508 
89014 51279 
52883 19679 
81314 88296 
3003 24973 
50898 69148 
96009 35406 
32254 22285 
29168 58397 
74442 28611 
49111 90724 
13145 13720 
78499 52800 
36772 73031 
18015 56232 
40425 76893 
74187 29118 
69487 83306 
73038 68188 
90580 19580 
7158 34630 
91837 81090 
29481 61339 
6712 35204 
50954 93301 
75929 11556 
21203 40001 
10770 5989 
71438 78936 
97487 24855 
77036 12758 
87472 48752 
53603 49026 
50688 395 
34793 41189 
30922 59960 
92733 2199 
30572 83095 
52660 77995 
69953 41713 
22200 47133 
11560 25748 
2705 94941 
13193 15271 
75147 95858 
75585 56630 
56307 25975 
79888 53783 
2336 19305 
68350 16501 
96236 75942 
7483 90850 
93413 28020 
87241 34147 
15171 70262 
51983 86565 
73869 65911 
29394 34577 
85421 45973 
22115 57671 
74951 29937 
53445 99048 
9593 9536 
13293 3476 
98801 53615 
33470 21034 
87010 11773 
32413 84167 
26071 17249 
8642 27296 
55606 15348 
29491 33166 
38300 72756 
57100 58180 
94087 55172 
77158 10160 
52306 95996 
47574 26293 
94124 17125 
64026 26457 
88859 4485 
47248 97697 
37324 85484 
92946 99302 
22902 3388 
89413 64758 
36772 34452 
170 16793 
87595 47677 
29397 4789 
27883 64170 
36432 20040 
29429 33350 
42295 43636 
18352 6616 
75962 34209 
36693 55601 
41030 68338 
31951 51764 
44461 5088 
88550 96824 
18235 58009 
5953 69415 
82032 22817 
96989 32358 
40492 27080 
26927 27066 
82100 39421 
38922 66842 
48440 35 
14702 29233 
72328 11798 
689 39089 
41249 61797 
89234 28599 
28549 26780 
82237 58361 
49012 52889 
80157 84384 
37724 89927 
33237 59940 
21530 3520 
63786 68334 
50949 84694 
18408 92872 
87038 25732 
37332 43712 
92521 33594 
34314 77801 
59368 7754 
65088 67681 
16080 18020 
24893 97758 
97072 79691 
56375 92472 
23843 38354 
67988 9807 
43026 44713 
59978 65738 
89949 20999 
30156 90439 
98011 94851 
84878 55460 
53920 3991 
11995 52602 
6817 55575 
82009 49820 
75270 57818 
31280 97262 
60354 28268 
46831 7420 
65259 23090 
16166 87374 
42311 24750 
27474 58238 
36828 71703 
5708 57173 
73862 12995 
48216 80714 
38709 23135 
79995 94652 
34939 18164 
83071 5355 
64746 72516 
67130 60144 
65598 48123 
39240 20253 
54421 12114 
99346 28869 
75976 37557 
35205 78901 
25630 52871 
15513 70370 
18367 29842 
83212 35702 
5688 77644 
32299 2693 
99930 40804 
10935 59559 
51613 82768 
31265 84233 
39540 73511 
82058 942 
75683 89611 
34139 31119 
97307 78240 
562 12812 
17287 32737 
63550 73028 
30270 76748 
8476 50805 
27090 56328 
11486 85333 
52779 95010 
11851 3057 
54523 75507 
62731 60455 
5101 73536 
94736 25066 
54615 84201 
45563 6334 
58732 49433 
5904 79984 
55185 16179 
6963 84882 
11967 29340 
28116 9714 
50401 90917 
34610 28332 
54212 97375 
64663 87227 
11736 922 
72924 96364 
2579 27246 
2978 25471 
32321 22152 
5429 61896 
39259 92649 
40061 43268 
45727 54188 
685 38438 
3205 95112 
79493 13592 
85173 21781 
44081 86887 
14630 53417 
34810 44618 
74190 94429 
2723 64676 
35840 23735 
98992 68926 
64755 5614 
95715 5140 
96918 44624 
64834 41261 
63903 78346 
67070 40010 
39769 26030 
5974 70235 
14840 88649 
83541 2920 
59054 26428 
53334 34358 
23567 23641 
4613 76812 
43513 87236 
26742 57792 
47037 15832 
96947 73141 
46205 18666 
6504 46222 
83855 60294 
90520 55754 
37175 56123 
54687 8230 
33539 46339 
98746 47355 
17063 31320 
20880 12561 
15361 60346 
49820 81423 
95173 27225 
92207 56673 
62772 41374 
1578 87499 
60520 11004 
72334 46976 
34442 96208 
37115 22705 
99361 64083 
99272 16117 
7921 5476 
63441 87413 
37738 53473 
36705 27739 
46940 77475 
60436 87933 
12542 13509 
98629 44084 
58362 31351 
52368 34124 
99610 32133 
92072 56826 
79809 16268 
99241 84808 
52377 60861 
87640 6545 
63970 98214 
30242 78891 
29604 92584 
52674 41216 
50617 71078 
66549 15070 
15675 76335 
6773 89103 
42328 73644 
5758 68021 
62010 63164 
84456 46465 
24952 19135 
65219 53956 
3081 2270 
14722 5441 
98819 68962 
6515 83448 
25567 31516 
52272 72532 
11712 7293 
88371 64403 
94152 31478 
20175 53040 
9619 98119 
20256 43077 
62486 37169 
48717 1884 
46285 31421 
13937 96028 
22824 26575 
20223 66161 
17567 90103 
55251 10893 
72861 30139 
54605 69856 
11623 94322 
43369 18875 
3270 30344 
95402 16090 
90937 4858 
69810 66842 
34473 45533 
81084 7284 
47206 92160 
34473 41918 
56147 17097 
11382 8653 
95095 2721 
20950 86466 
47985 44185 
43400 5397 
95891 79404 
78392 66341 
85235 35067 
77298 28995 
27047 17376 
82190 80318 
57521 69296 
16288 52984 
38661 62286 
70728 23575 
54468 89806 
10717 83621 
62881 82319 
80497 43127 
96646 69093 
21015 95814 
67261 70782 
26802 48102 
15351 18605 
59247 89708 
68095 60845 
2365 62743 
9730 35505 
94062 68333 
44718 59099 
91056 35034 
34776 5923 
28788 61681 
20819 29545 
19041 38838 
98703 8854 
87440 47623 
3759 84683 
90600 32440 
73216 89839 
68421 45049 
97925 65320 
80885 61376 
45200 98561 
50654 79620 
33122 15744 
82889 18456 
63324 9514 
61942 47520 
74033 85913 
30876 98851 
58102 69865 
44301 27611 
1749 17288 
47556 13151 
38909 43671 
76033 17365 
83397 93955 
87257 46282 
96463 46566 
35319 92982 
70873 65678 
72369 75160 
64315 90089 
15075 19062 
94696 74525 
45318 82990 
17826 79770 
23863 58244 
44002 41700 
83340 33085 
14181 36119 
32598 56193 
48700 96231 
48324 90118 
1933 32668 
51832 2317 
4784 52148 
68974 1660 
53598 70202 
49379 91621 
8843 65798 
77582 77939 
99827 31311 
43035 38080 
92767 29925 
48649 32678 
68652 84418 
28177 14919 
74671 86179 
11645 72915 
58341 31414 
24990 22193 
67051 62660 
35151 50695 
97360 18042 
55102 7069 
8191 68179 
4665 14526 
69977 51174 
82376 87175 
7830 99839 
41335 23486 
10997 92117 
77639 52435 
23109 45597 
33875 11868 
98180 20095 
92113 45758 
5820 88452 
80940 17273 
95813 85040 
49298 47987 
86954 43877 
66223 10010 
28000 93840 
90094 17495 
89586 87160 
13535 86722 
85139 99174 
30912 59805 
86096 52281 
94141 16120 
92144 85091 
19549 27648 
40751 8968 
83609 49699 
91888 68459 
98580 76835 
3657 49576 
90451 35360 
22421 60429 
11054 28327 
47103 42425 
3802 96794 
91441 57057 
8237 11921 
60307 33238 
32422 66541 
76573 53224 
44180 91904 
43586 1330 
32277 85612 
4928 98995 
66879 102 
67956 2166 
44959 7548 
90503 42549 
40781 26689 
91188 52959 
94230 69832 
32897 28839 
60420 44165 
46331 42919 
12931 20524 
5890 48101 
39925 64874 
43715 74810 
97544 13022 
89376 53373 
88193 57475 
52452 69461 
12653 6830 
23191 91145 
4463 72739 
52456 89851 
92584 37233 
86323 14298 
54089 54067 
72988 66431 
12489 41761 
30045 71465 
9242 33127 
58743 30304 
26125 56344 
18469 91947 
64342 35996 
29510 85921 
92614 19032 
55052 10343 
60955 50185 
24394 79923 
39432 44188 
98549 14 
81947 27967 
46639 47770 
33906 55031 
96956 9540 
99634 26365 
50056 44804 
60472 87430 
92928 21297 
87724 9218 
33073 93379 
25978 2833 
79214 76302 
31784 61698 
31428 2703 
40271 73222 
7611 34464 
98024 92676 
25513 43035 
44360 25987 
79952 64380 
45153 25328 
3386 80870 
83408 61611 
74651 81824 
89067 1372 
45478 6759 
46812 82056 
87315 81060 
55150 49318 
21989 12402 
22655 92728 
88940 28123 
77934 92133 
19011 98657 
38779 65939 
30209 10217 
32900 94710 
34380 21105 
87752 78727 
45401 60351 
10184 76523 
9275 4802 
57994 62945 
34434 1379 
64936 39867 
86580 84881 
18327 30501 
26557 78562 
4126 89068 
12035 54618 
28213 61640 
54199 74808 
94537 41065 
19166 27623 
70952 69161 
90502 27718 
1724 52731 
64041 45787 
32094 76457 
29042 92597 
94705 15359 
844 89628 
70345 72275 
9260 20542 
76141 91663 
14292 72673 
53218 30072 
16125 45782 
22782 95717 
49915 26526 
54709 4880 
7528 1384 
45931 41212 
8198 8254 
37250 45545 
47937 7473 
6708 8410 
93626 86727 
65213 85255 
51821 1114 
45863 5207 
34622 89577 
22235 98229 
65367 1991 
12918 22676 
15414 17377 
29612 35464 
39994 33018 
4393 10496 
85829 56725 
88048 77441 
76188 40035 
45885 22646 
40044 48836 
90010 66658 
41170 79718 
77773 8761 
80306 95303 
74966 7903 
88918 69852 
29297 51539 
6630 7669 
24761 49147 
36047 21103 
90799 75590 
98493 32432 
21402 80945 
72077 94430 
18875 78116 
79553 8152 
14516 17241 
7596 53278 
34205 56818 
81386 36269 
70756 45472 
88833 4700 
96840 35408 
47272 72298 
2400 58847 
32159 48529 
68692 12135 
42044 69033 
97431 8705 
57039 78765 
98011 81701 
59013 28391 
98344 39841 
20929 6301 
85600 5959 
39981 43555 
1968 96679 
84662 97132 
17546 33795 
49365 38042 
77544 13202 
61819 45194 
74222 95571 
68446 33338 
25339 24509 
30603 23965 
50330 22524 
753 1756 
23068 62909 
11735 85974 
45757 66519 
4602 86133 
32367 26424 
40900 4357 
11993 20538 
93810 93023 
62606 32608 
89222 75600 
63902 65291 
72588 91032 
14295 95563 
10334 27611 
91578 92360 
95638 70912 
49352 89044 
17512 2263 
32089 79243 
69472 49081 
60494 83544 
19419 6542 
85842 16702 
35955 21191 
37032 70254 
67962 51449 
87359 13805 
4102 97397 
49310 9783 
96778 22792 
65207 31047 
21138 75958 
99077 68531 
53874 53009 
50877 16946 
98838 36814 
8050 30600 
56919 88161 
21341 48499 
36157 61788 
41924 98152 
24721 69246 
85090 901 
4181 13034 
92115 18074 
63396 71954 
46387 96897 
84393 26397 
62473 97872 
10747 74026 
7523 11176 
76290 1301 
33268 98666 
67362 44343 
93830 30193 
15353 93823 
99672 18179 
67966 72891 
11217 92802 
67392 44586 
7043 1618 
71512 85745 
71004 62101 
90276 98115 
30247 43324 
73557 14201 
41806 3872 
79078 95291 
69299 67105 
69417 12216 
13243 72008 
35624 45549 
58579 98108 
21634 41280 
81237 26328 
28494 10463 
11907 64160 
10251 66862 
89666 33148 
34466 55348 
50710 89436 
69426 35587 
88131 24025 
77424 50532 
87586 68363 
38901 27260 
90613 13045 
5759 28929 
62497 32643 
83828 899 
44781 98055 
74256 31559 
53876 49292 
61480 78903 
46709 96225 
21508 97655 
11908 12578 
38360 38506 
60790 89338 
58846 80998 
86248 17749 
86219 4652 
29579 79186 
11826 99113 
45450 29457 
10505 63428 
83361 78478 
80270 46981 
10359 82739 
89754 40210 
84197 87637 
7883 31895 
48749 79482 
29441 11643 
64210 32886 
77466 11109 
3451 68225 
58807 45610 
42882 66006 
72738 38910 
51263 20224 
24169 88332 
33132 51168 
72770 54768 
14880 39643 
57251 42719 
70928 89209 
70074 69196 
75135 70775 
22020 7143 
28208 54776 
28334 28954 
55795 90185 
68572 68750 
93878 46686 
20814 68259 
78194 96658 
47565 70463 
32641 76932 
15448 77615 
7956 36847 
63718 95807 
56438 48702 
97632 46925 
41088 29513 
71905 40713 
68248 98808 
46739 64514 
1688 76243 
44337 66424 
63034 4918 
7353 78704 
48562 71542 
62364 52655 
95581 82978 
21270 53595 
12981 50184 
11411 95140 
50005 25219 
11243 75670 
14879 34719 
82557 16715 
70693 54134 
32526 92883 
29727 71021 
9276 86072 
39439 92818 
33194 92864 
3375 64770 
92861 63324 
8545 77068 
89291 51881 
37101 56759 
95035 16520 
24651 59617 
5792 11202 
90160 99915 
1276 78268 
3056 81918 
99416 62495 
72076 25930 
83361 36572 
37301 13838 
4286 48908 
21958 14378 
14664 79063 
53783 86683 
66475 13470 
97091 2235 
16689 34735 
46150 69919 
18433 51455 
18088 96660 
40397 82340 
49259 66999 
49319 48343 
42845 78955 
10802 19581 
37458 30674 
12253 10027 
66585 12581 
88382 12244 
56953 23184 
34509 16907 
70241 93120 
25804 67403 
27027 71720 
21653 58495 
64459 3083 
23481 99852 
69884 94547 
71652 30200 
1469 59446 
12486 85890 
53876 98173 
39961 98906 
52104 66806 
18322 23609 
59873 70966 
21618 69001 
70228 14047 
84083 43821 
5564 23601 
41338 5493 
91834 77419 
56503 40771 
87428 51726 
67654 95847 
41088 17896 
63421 16767 
25154 21250 
92086 57196 
40571 85729 
36178 59874 
18281 1626 
39384 20559 
47997 70066 
55450 98815 
49807 97536 
99843 48700 
66667 56544 
24046 4210 
96555 54354 
99704 69292 
1923 80730 
95178 30305 
31032 37794 
50675 29990 
60872 90311 
9721 16324 
24582 13119 
44562 7096 
17642 53924 
20983 91584 
86565 74305 
84052 24418 
91437 79511 
10494 53524 
99352 98560 
65637 63993 
9659 30088 
23329 12773 
33891 26577 
55719 75292 
53359 49830 
76491 24409 
55608 93915 
25897 14568 
7281 38353 
18859 49551 
55414 63902 
38453 70972 
61773 36084 
46218 16410 
65582 37450 
98059 61081 
38820 8613 
99891 74958 
45257 40168 
10716 98490 
39475 42919 
2492 64346 
45368 12167 
15935 70088 
34941 93352 
9296 37208 
87707 50947 
83195 75682 
48589 40273 
78773 10002 
17939 82762 
88666 12584 
1151 49235 
90769 33520 
17306 62840 
13236 11832 
16381 43600 
65877 2712 
82802 29864 
27849 57654 
9429 28476 
64493 49965 
10571 65095 
57163 46839 
5205 28870 
69086 90970 
42299 31528 
37558 69647 
58994 29955 
78192 17331 
59368 93482 
10493 18894 
76592 32321 
65646 55044 
34538 41997 
17247 58864 
56217 60119 
83573 32997 
75915 76445 
86038 10676 
99483 84986 
12651 30618 
22978 17734 
27555 35757 
63670 53631 
88160 98830 
79431 53507 
79903 24058 
52598 31985 
55331 73438 
92642 40713 
68992 18648 
68319 3799 
32522 25093 
14430 15952 
75367 33338 
70950 86580 
85716 14982 
2982 88981 
23518 44964 
18856 52762 
42882 50369 
50645 19765 
34659 66978 
86496 68995 
1695 59143 
47375 4480 
9018 35984 
82169 91445 
9132 27502 
14600 20839 
28627 67860 
12932 80003 
16475 69925 
69264 8143 
96659 65105 
68962 19277 
38220 25556 
2823 82451 
54292 82059 
24623 59280 
68415 161 
84944 12246 
41147 79623 
78502 13679 
32943 97782 
26696 5001 
90295 26134 
79681 78524 
81264 11238 
62977 80031 
73863 26026 
12516 59315 
46126 65609 
38949 28016 
40238 82926 
37177 19335 
24780 33846 
10259 82596 
8904 28811 
8228 87105 
60184 68646 
91790 54421 
13910 75885 
18501 85872 
25747 19736 
14725 3048 
12000 72805 
40535 73013 
42089 30700 
76682 47077 
96407 71898 
62853 2257 
79378 34499 
94687 37919 
82334 39012 
43320 46591 
23713 91812 
95752 47579 
55142 62644 
26882 44768 
11110 41355 
4822 45854 
97244 43972 
99912 59292 
57573 56304 
14854 67328 
34746 74459 
78466 58775 
38791 25966 
48799 93561 
69820 32632 
52684 62554 
97960 6848 
48256 860 
89858 56718 
34625 10461 
85254 12252 
48542 49023 
69390 74738 
81788 45640 
57459 34544 
24981 11448 
5808 98733 
93585 23292 
91285 19236 
20136 71988 
54897 14740 
3040 83249 
88866 35021 
86783 38964 
57189 25166 
10973 49264 
78981 8899 
6375 51705 
71167 25211 
34935 42897 
42486 20544 
67764 80013 
54319 19957 
70160 24912 
15499 75042 
15951 41947 
58068 13788 
84807 2051 
48829 98146 
5630 90321 
27595 28769 
96740 62085 
27191 23184 
19280 43284 
22558 33621 
4133 25043 
76694 63771 
34592 59406 
99740 89949 
67150 23485 
14140 91453 
50971 82628 
23624 47341 
62972 49739 
16642 62432 
9904 7495 
95932 44003 
61436 32970 
15072 62508 
68938 40041 
20115 94545 
93549 33980 
39863 64386 
14046 54726 
41838 71586 
10151 70632 
72673 16474 
20147 72816 
31458 12794 
52977 11785 
82433 7328 
94537 12598 
99520 10013 
85402 2629 
49289 74883 
63008 86812 
61275 62126 
55119 9320 
4958 54592 
83405 47701 
91251 98275 
86029 95789 
43013 85645 
96407 5063 
33880 3093 
21595 70636 
77611 19376 
48281 67699 
61205 585 
66935 66978 
54176 99025 
45379 83649 
93676 78298 
1923 43167 
40565 4978 
25148 79593 
25053 58424 
62546 17236 
52214 84637 
53417 24836 
17436 47465 
12807 73000 
89804 11052 
82718 70234 
57432 21118 
54419 672 
92933 39459 
31426 37479 
89476 26008 
46563 59905 
38338 55871 
68459 59114 
67323 4916 
32987 78135 
36163 36852 
13323 94688 
89723 77133 
98685 22133 
2800 64618 
86260 73416 
11305 30597 
3449 5639 
13807 66611 
68263 38766 
44667 7439 
64549 20981 
65437 73681 
55730 95332 
94709 89582 
85794 7564 
98271 16017 
19518 83410 
91207 16044 
55266 95121 
61491 970 
3153 31647 
10657 88568 
58969 84616 
21294 41911 
19993 63172 
3391 47230 
82668 54693 
41971 32250 
34066 55584 
66995 22673 
99190 6554 
93163 83784 
34384 80196 
32037 96589 
63437 85167 
61814 73483 
37487 70924 
51116 27105 
62391 39685 
72323 67882 
77970 98212 
7258 20703 
92373 10971 
43438 19198 
71785 48382 
82669 57333 
60812 59122 
35372 52327 
62056 33801 
53863 326 
34807 68877 
65689 86860 
82189 84254 
4170 47788 
83731 95807 
97452 63249 
96046 94921 
69662 7085 
88152 41165 
28168 67272 
99930 31329 
59488 99070 
12336 68305 
33027 71941 
96168 16702 
16651 23702 
62592 98542 
40964 40979 
73038 52063 
10236 43675 
78734 49357 
47056 63025 
50827 44507 
75097 67725 
30916 2831 
89763 10695 
78765 44024 
40043 40234 
19108 17201 
46548 43637 
92612 14257 
10503 68778 
97489 19427 
26357 99742 
67662 87601 
96723 46272 
71005 41661 
62519 43620 
26929 80019 
3475 49325 
36371 89514 
34540 66509 
89283 65975 
22328 19481 
64775 54998 
72333 56743 
67290 38867 
92469 58951 
48560 12053 
21394 84922 
49543 7360 
21101 97506 
59138 57530 
72430 72929 
27228 3001 
79438 12156 
88401 85533 
83969 40929 
49707 99509 
15307 6253 
70908 8012 
51455 51498 
18867 69135 
48365 79673 
9106 59485 
1351 95009 
57023 26480 
38967 46703 
48842 48792 
13767 85434 
8118 35154 
46681 83285 
77445 45768 
2120 60686 
56998 77679 
19476 10249 
41638 15721 
3348 6653 
76528 14026 
79590 44178 
7549 39614 
57199 49062 
37307 79158 
97110 72551 
10074 82834 
78094 82303 
39761 94996 
67263 34794 
63877 444 
48098 29374 
53355 97181 
32433 15895 
33280 91801 
84503 52067 
72727 2028 
14942 84205 
83308 42445 
60541 55552 
25467 64061 
51581 30081 
59163 16132 
82750 56486 
91344 99525 
45924 87005 
66384 84916 
53491 8803 
17723 76256 
79446 41819 
48962 10161 
72155 6303 
40946 95310 
47436 65716 
87683 12380 
53557 6210 
48442 14734 
10752 22638 
65947 92787 
67040 42812 
41331 90874 
79406 36704 
75345 94456 
24805 25341 
82291 37605 
69014 25323 
58258 15980 
72978 39230 
38447 28886 
96117 29623 
9728 15506 
63943 94879 
54049 95013 
3392 98850 
85891 68060 
13430 93086 
12719 87975 
30763 10360 
91211 64036 
70910 1266 
74002 16299 
73437 31856 
41812 61736 
56776 59617 
94023 74772 
92879 57509 
27135 31875 
44851 61358 
64983 19431 
71726 74604 
17224 56910 
93733 76190 
33289 63219 
28681 42349 
87883 73111 
55480 11108 
81053 92689 
34384 89486 
60969 68250 
15170 27731 
80757 31146 
94280 62350 
82107 72796 
39837 60250 
57820 98631 
89505 80018 
83068 7525 
40305 3177 
20862 44113 
91796 78180 
1089 75412 
74434 63005 
44401 50312 
93455 48374 
52406 10712 
45297 92937 
13772 36512 
18361 4240 
82245 23114 
72795 54809 
67023 9776 
5071 31414 
38559 99860 
42233 77372 
93553 39944 
78007 2711 
41768 53723 
58378 5043 
74265 58808 
47750 65244 
47757 29726 
58495 56293 
72988 8854 
6457 31111 
26418 8500 
62900 35791 
13944 91959 
9424 28287 
2987 69172 
66529 69467 
5024 93437 
58793 93378 
34444 99670 
44 56607 
91632 81826 
30435 12860 
18244 67335 
13996 58149 
50871 9803 
10021 44457 
55650 87731 
64555 65299 
60829 66612 
29289 75284 
16915 54552 
4320 17619 
4736 57415 
18530 98414 
80606 18506 
6736 64728 
94759 9935 
16310 14493 
44307 28063 
77620 90745 
25194 33790 
2434 90056 
28992 69980 
32325 45628 
89823 82918 
45180 29172 
24315 72466 
42040 52550 
23209 96462 
78809 40074 
47090 58894 
77768 85432 
50679 18533 
52371 3399 
10230 64949 
5463 35807 
56785 22214 
15823 73695 
24407 57100 
10881 13121 
6973 88219 
34469 70813 
79692 15283 
57621 47641 
82268 13578 
47750 42855 
79453 67695 
6905 90086 
11703 50759 
13383 7289 
23773 90580 
52592 27147 
12282 2595 
2880 1888 
64644 10907 
49946 57007 
71230 23427 
39453 2134 
80215 74818 
41686 94032 
30304 1844 
94320 86722 
40356 69753 
9809 96746 
56924 25402 
82440 57799 
60797 13129 
6730 38259 
11889 52737 
23677 47603 
68118 45466 
44228 63256 
48455 43438 
60415 68103 
22848 90859 
43735 720 
2523 21079 
47647 85325 
72942 72677 
76474 26505 
58722 69813 
56534 24971 
34899 97386 
46957 94916 
2129 89892 
57479 40982 
24794 44377 
98368 83421 
90423 62534 
73699 3698 
86475 24709 
43346 19655 
6203 99504 
21340 89230 
89211 96630 
48672 84841 
74268 77812 
77123 76716 
92033 50798 
27392 12769 
53598 84912 
39565 85068 
97056 3062 
16879 28490 
38827 24800 
74769 5883 
39031 57717 
46355 95840 
30945 60396 
62802 14134 
83407 29111 
22391 67963 
62026 92600 
85694 63292 
30147 34502 
85890 59947 
83717 1416 
23044 96520 
45596 96045 
19087 87732 
54279 99532 
46277 30581 
69631 14816 
6059 42425 
83930 73755 
27551 94092 
70387 4743 
75281 94161 
23260 14671 
4334 26776 
43805 99359 
77734 44647 
4489 59948 
65668 71342 
80287 69243 
79074 72544 
70319 1648 
51133 14641 
45698 13055 
69396 40809 
50170 32959 
78529 59738 
49008 10055 
19091 60152 
68536 34718 
41291 35538 
93821 46991 
34320 27742 
95250 27136 
41652 75604 
36063 57245 
90617 85301 
72415 37094 
50568 22817 
95092 35137 
48147 65734 
77765 56425 
10426 41507 
90503 13271 
77113 22429 
9223 91546 
21545 43708 
1885 15815 
46856 60370 
425 29854 
78488 61164 
73799 25603 
57133 13199 
1966 73262 
47201 19738 
13240 27952 
15118 35385 
88154 14274 
98992 97861 
51858 19091 
86622 3607 
74004 54982 
42372 75656 
70193 92079 
75049 46535 
52281 94380 
18764 6391 
6188 38113 
6615 47109 
85312 34391 
53106 66881 
95264 26114 
25340 86485 
11369 79984 
75354 68507 
14195 48479 
26318 23771 
50374 33783 
53909 35460 
26075 45897 
80798 30707 
18682 10560 
6976 81887 
48624 49105 
31581 25419 
87729 21985 
82878 44544 
93111 496 
62254 74398 
46294 7054 
25335 52623 
46146 43449 
68767 56825 
51145 8551 
64726 41380 
91624 92282 
86884 10414 
75841 20962 
1350 41212 
95075 20720 
54007 2885 
92442 60219 
71700 98817 
97679 31762 
8904 98219 
45910 30666 
13766 12080 
92236 96845 
57844 11838 
5952 89637 
72386 85330 
78329 77185 
60664 73846 
6074 35043 
10654 36603 
18966 65204 
15274 44477 
4622 66350 
18408 13556 
45949 8907 
44130 50880 
27558 94340 
33806 99663 
86260 7132 
11172 39394 
77755 55 
19015 17351 
6696 88528 
22759 62448 
20557 68305 
56017 59701 
99057 12187 
91109 44227 
80393 46125 
53560 7357 
53115 52790 
63759 94239 
8187 1597 
81258 12297 
89663 58179 
47565 62936 
4343 83392 
71868 55087 
50885 92240 
80749 58520 
7077 6454 
57743 7268 
70322 972 
31524 69079 
80837 14198 
32498 55526 
69706 64666 
26796 59186 
64608 92623 
53883 69267 
54918 24044 
39468 35117 
64840 36716 
28893 18249 
8331 93288 
87860 97813 
2785 94565 
47130 71915 
99827 97818 
25758 27731 
50995 39532 
53420 37053 
63725 99726 
26613 70734 
18753 45920 
75718 15439 
13903 98758 
90402 19148 
71206 68490 
49303 88099 
94381 21721 
26660 7128 
91954 51238 
3285 57824 
87610 38225 
92220 64490 
23871 15813 
443 6584 
27767 65632 
87145 98122 
47923 4975 
46395 49487 
91286 51111 
37399 95140 
84742 81477 
9135 91913 
61917 43695 
17749 66914 
28728 7759 
14941 21466 
92560 94221 
93431 78114 
49439 56860 
11668 91396 
11158 46047 
84079 29907 
20045 29916 
15451 77115 
42897 4439 
78451 91459 
57595 80654 
81822 12458 
45987 97516 
53448 98863 
84880 72263 
67271 37329 
83294 66646 
75961 65660 
48645 17037 
72251 13365 
77078 49177 
91044 74067 
53926 74172 
81651 89274 
19110 41408 
24945 41069 
99260 6122 
43758 22466 
33435 54672 
56492 78512 
22564 18890 
53709 88638 
14039 2435 
35375 91337 
92411 36659 
32464 35945 
84690 81299 
50805 83096 
4505 86135 
17301 65393 
53223 33796 
79107 62881 
68086 91014 
4863 44102 
57528 5865 
63724 72836 
92068 1947 
12763 83078 
25508 36908 
6172 80348 
5638 12404 
50767 36134 
96271 45303 
71453 4100 
73108 35817 
17564 1595 
74835 97283 
36446 68103 
87779 44406 
64150 33442 
17585 72054 
34782 2849 
54572 95069 
89832 93519 
70779 61051 
76728 37737 
96211 92725 
61871 1451 
9341 64222 
47598 53900 
42705 66515 
74780 63924 
48225 71235 
13191 91582 
88903 59230 
90294 89943 
23607 40483 
85792 31201 
29895 55377 
24022 23732 
66179 13804 
29236 92244 
9003 98258 
69803 51908 
13790 29771 
6556 19125 
38156 71467 
77777 66565 
35732 23485 
98733 48157 
75391 45179 
27195 90913 
65906 25720 
48062 74774 
69255 12640 
59965 99121 
67154 99343 
4648 65144 
4878 67232 
65976 86981 
74007 75879 
79546 81309 
11474 95512 
36192 75066 
86134 80124 
33069 14004 
16041 86621 
24543 50990 
9733 55689 
51770 42282 
53021 83437 
84631 82437 
69157 29368 
92616 64101 
64697 25881 
72254 57585 
36013 77226 
97879 66994 
52073 61756 
29785 34565 
48025 80284 
9243 32984 
61025 25508 
93392 6608 
14906 82709 
34655 96865 
13467 10311 
89148 14508 
33519 90388 
46434 2010 
18319 83853 
9018 63044 
59583 72777 
14149 22822 
22024 23223 
82755 23008 
8196 55920 
785 47992 
83391 69285 
86718 25476 
80442 19527 
75713 43693 
82523 25935 
55619 79956 
38335 36004 
22979 40852 
98606 54619 
88232 73066 
75380 14319 
48423 15635 
16307 39523 
63061 29375 
55014 36599 
14154 57302 
45567 23804 
4989 41044 
14184 352 
53885 42557 
64535 42270 
68934 97921 
54337 4195 
47653 60533 
20429 886 
31511 74715 
67083 39994 
59437 57574 
48070 78508 
6731 56898 
66797 79286 
66179 95919 
90866 51229 
26732 11981 
27428 66893 
31746 45469 
34013 64725 
53590 37787 
45778 59605 
4324 52741 
84668 5005 
13186 44382 
78516 72836 
40783 56174 
58874 42935 
67184 51291 
25200 23125 
86502 41922 
59988 52949 
64100 6646 
54556 79392 
64202 59263 
58387 31318 
35507 59900 
96305 60826 
50267 39784 
7220 64381 
28370 44761 
45775 44305 
42101 89464 
53959 22122 
89545 53966 
53585 69227 
45018 47813 
32526 77489 
43434 12559 
97662 52661 
32178 33187 
45764 76834 
28843 81295 
59845 52684 
56104 18445 
73000 11884 
86027 46818 
54358 42821 
15274 6064 
62484 68612 
9960 80257 
80410 85454 
4314 96867 
93469 53417 
10835 70876 
96182 17114 
1310 71505 
17677 21989 
47813 66413 
36477 83524 
70752 28828 
14945 61261 
27035 76766 
21296 87302 
85615 50279 
22794 99833 
79915 22647 
27598 36205 
97115 84476 
24704 47258 
62727 35860 
21521 4806 
5637 71093 
6840 87585 
43503 42830 
73315 47495 
11354 48201 
18020 77540 
67256 88037 
2278 25698 
48059 12204 
92665 24753 
15551 78985 
23924 37201 
28724 24500 
21524 46402 
1424 59356 
96685 60465 
56291 84035 
79906 33676 
65685 41977 
90388 51835 
78229 9852 
48220 72450 
65598 58255 
23783 58526 
88359 2815 
84562 95550 
71977 5712 
43388 35269 
4460 80614 
34128 67013 
15697 259 
40909 77529 
75189 5225 
85215 23724 
49638 64859 
31514 9159 
94811 46929 
6575 24820 
17085 11208 
40208 87403 
29271 54070 
25890 84260 
42594 96082 
68597 13131 
82104 22653 
34127 86941 
86340 58993 
39285 59182 
53725 84959 
25552 13759 
27962 72786 
40183 54738 
72589 61292 
8154 25998 
70924 63820 
15997 88587 
1750 44006 
44251 84448 
83405 83386 
79144 19181 
49340 7961 
6048 3634 
16737 36978 
37389 4385 
36464 66539 
55900 66543 
67392 3086 
60435 88791 
1047 17358 
86067 50257 
73566 98127 
32768 11504 
41139 46836 
77698 37863 
62334 69174 
64986 22281 
26191 87743 
63836 17042 
88426 21106 
60915 18917 
29825 48865 
6193 90725 
30620 9835 
62739 43765 
62611 60951 
20471 50205 
36781 58246 
21445 2291 
8361 8049 
9985 86096 
33542 76478 
64822 91537 
92466 38404 
92360 37534 
41670 93211 
60299 51404 
35782 74037 
29070 5007 
63106 29578 
94870 76623 
72585 63149 
92573 77197 
30714 72348 
19385 52325 
36112 44502 
30824 47245 
36742 28034 
29474 1090 
40203 17905 
13917 18805 
81019 64547 
80352 54360 
10551 39948 
72630 27298 
4897 72047 
57790 86128 
44095 89131 
63634 26745 
1962 99632 
52509 71764 
50 69527 
21140 17573 
21520 49504 
10265 59896 
51101 47106 
79735 15784 
5878 35252 
54885 70218 
48280 37886 
78186 88878 
27442 35890 
6527 55129 
78031 92025 
78974 8926 
16631 2298 
42427 88076 
14987 43017 
63321 98168 
96644 97702 
72396 66517 
98973 16114 
86474 67549 
66075 78830 
26340 42368 
89743 15130 
3016 73559 
95412 49391 
76052 17844 
77984 31756 
96974 43794 
28410 42520 
38569 69578 
56082 46535 
76476 46604 
4388 13813 
33330 88901 
77178 15633 
17736 5233 
42425 51616 
90420 51187 
56031 62547 
68121 81841 
53511 36193 
32162 52150 
90195 18891 
43080 81791 
71633 4415 
75318 73972 
5030 83403 
76686 53599 
19843 1616 
26164 69171 
51070 93310 
10565 84938 
52297 27254 
65714 75083 
7243 27192 
30977 20076 
38296 6018 
47352 96862 
68488 83493 
88809 49153 
79346 41019 
54129 21877 
21256 3806 
62258 44678 
75237 30709 
88013 53408 
35432 35080 
46952 45641 
80181 56166 
88333 76521 
26176 49902 
83287 14626 
14995 70394 
1701 94021 
64218 68962 
55752 18326 
26374 46260 
50670 95364 
38105 54883 
23983 6831 
9249 64730 
73388 46436 
96924 71521 
70337 92106 
33254 50028 
31528 13065 
27019 27895 
73740 51025 
39316 83376 
8746 56181 
41209 50885 
44577 3371 
97387 51930 
46940 61497 
84031 55833 
80383 40174 
41325 14580 
92574 91609 
81520 9194 
27115 2795 
21947 91240 
50331 73409 
89043 2371 
55758 38138 
44274 7266 
66364 58692 
15696 80885 
89031 80379 
79970 49653 
88406 20859 
28794 98004 
37971 34610 
70997 16645 
75009 75593 
66953 86993 
33142 62778 
65511 67398 
51176 38412 
15292 71105 
60257 97319 
51998 3340 
32650 56986 
21268 55467 
34951 32876 
82681 37868 
66127 81097 
54646 69998 
76501 71488 
2198 36021 
57663 58156 
40151 57497 
65233 21641 
22582 30771 
86529 67139 
16277 26047 
93394 76575 
10553 47568 
26793 28859 
98806 9867 
44260 22236 
78127 93791 
23885 55449 
52527 7763 
59227 50263 
92578 94733 
98417 26947 
99684 93311 
77670 76400 
46752 82768 
74520 7887 
18662 15920 
59329 89726 
55753 71336 
54960 41762 
11428 36898 
23975 83093 
71023 70393 
90313 86282 
43252 69694 
68148 40157 
27821 24960 
14442 77288 
83204 18418 
43707 79407 
67128 83416 
43568 34228 
98961 33814 
7969 80562 
97981 27173 
61172 45081 
84429 30799 
80209 43745 
91263 18374 
36025 93631 
23706 36730 
64272 56818 
20962 47258 
45579 16953 
19884 64525 
22068 71262 
93906 85829 
2013 6040 
42227 29791 
7732 12004 
34001 79467 
3183 87427 
70221 56082 
97179 71573 
11984 33131 
55744 48727 
38032 37450 
72862 63983 
36701 73782 
42714 95956 
7861 52411 
48460 38725 
48932 95682 
32744 55544 
25743 48475 
43293 80267 
83780 20194 
53359 58914 
38278 41381 
41204 43442 
92635 26733 
75431 72538 
73826 98175 
93695 133 
40722 36506 
81162 61338 
16678 98275 
52068 97623 
21271 55683 
12827 98338 
27715 91653 
38342 54016 
52300 9636 
24557 58452 
90071 98296 
89712 41118 
47038 24897 
84415 59301 
83326 18060 
36314 30159 
74008 40452 
99043 36947 
14725 45082 
97065 762 
47773 55046 
58134 69432 
60962 5874 
3339 38532 
16373 42107 
21004 86027 
99019 65245 
85245 71675 
36461 88953 
92519 25060 
29605 69194 
80280 22018 
52159 41906 
60662 28228 
21681 18915 
49111 70835 
18639 63964 
92975 84285 
31606 95045 
8261 64864 
36464 36673 
14177 59989 
75420 76310 
14461 12906 
87682 62825 
12194 81196 
57760 21701 
60430 48395 
89706 51645 
44885 52006 
85951 10317 
66863 58337 
7988 93083 
44720 24839 
22770 58027 
80367 3997 
93501 52876 
43679 59335 
56401 55085 
12138 83731 
36051 44998 
65641 32969 
91106 93831 
77128 13362 
49429 63158 
58524 91273 
87116 80641 
18473 24470 
29422 77971 
63436 50553 
3258 51237 
26940 6006 
50695 31457 
43121 90995 
20853 33520 
90179 39613 
93564 85491 
16947 3048 
52367 27065 
31520 4041 
16674 5867 
74708 74969 
63365 93401 
23094 49055 
16595 88594 
66510 34439 
61259 76240 
83050 64222 
40355 60078 
91000 82119 
29376 95775 
91616 92959 
41924 7835 
29209 80047 
9865 86205 
85785 67258 
98667 23355 
96271 82772 
63945 70614 
17386 63444 
28776 63785 
8282 24099 
63029 92354 
84303 4386 
75704 64045 
86577 97357 
89221 47064 
69611 58541 
50609 56037 
46665 92063 
48714 84479 
48395 11212 
48833 76583 
44121 74879 
26595 74151 
47018 8425 
81420 70724 
74671 27757 
36587 54239 
64598 98815 
87698 22030 
50755 81151 
44229 7502 
91464 23897 
19940 66561 
1821 5208 
67010 33634 
84364 32126 
16111 72114 
70626 46797 
79991 12084 
83171 17140 
1727 89400 
2804 25296 
80406 74503 
78877 5558 
86838 6794 
51962 25016 
89772 30955 
67615 44744 
49143 65295 
47584 47145 
97025 19034 
50502 65915 
19270 15337 
97993 9119 
71190 70033 
64044 22988 
9218 22093 
25646 4294 
97101 11293 
50883 32558 
49990 50911 
57025 59824 
12697 48884 
5647 65392 
29420 89528 
14386 55624 
51394 99760 
55673 64840 
46227 88691 
81641 92319 
18065 67516 
61356 92538 
21295 27842 
41631 21057 
52127 80896 
45911 26810 
32201 37488 
7053 73093 
56267 39198 
89292 64150 
62014 34917 
92316 52017 
94310 33706 
46042 99173 
78362 54884 
98586 76530 
86751 39293 
71851 83441 
83806 81919 
9285 86656 
57462 95337 
68565 88526 
3515 15890 
18312 51270 
10100 20098 
82432 23734 
1275 27465 
38248 39851 
37714 27677 
15337 83854 
39836 85117 
60816 46334 
94086 41716 
33802 27336 
26618 60301 
66862 77960 
80307 24976 
85507 10290 
10786 42461 
8109 47015 
25113 68924 
58106 26685 
22725 20493 
7970 28347 
62486 12484 
40097 30150 
71905 12308 
53674 70541 
35051 84077 
68515 37764 
44177 49143 
76967 73673 
76772 86103 
73216 41221 
64502 46249 
45664 71490 
53462 66006 
52513 75772 
16128 16609 
13313 80951 
64637 43049 
39927 22322 
32238 9314 
99231 6983 
35213 84954 
46831 43075 
1080 79250 
96187 15369 
50566 53541 
90739 76131 
50594 19724 
27996 11639 
13484 63508 
44014 39405 
3553 14683 
4279 88874 
26502 23494 
62754 19275 
19234 92153 
44670 32292 
28164 53561 
80633 44341 
62636 85552 
69723 93527 
36695 98238 
77446 69688 
67256 34507 
80798 72477 
79637 79278 
57138 22044 
82441 81821 
76172 69621 
12929 57244 
95080 81228 
21336 48226 
75663 96686 
57964 96092 
39348 98265 
50435 91573 
51014 58565 
10148 49870 
75782 75574 
86760 82088 
84315 44375 
97446 15696 
91586 59612 
93674 50336 
1725 90533 
92469 22124 
97235 21368 
91350 89542 
54751 3757 
6585 47072 
91451 25090 
22916 18908 
46368 56878 
19588 84435 
79025 10646 
42276 39550 
24227 95343 
23437 3519 
76234 39901 
14638 39720 
88228 17316 
83573 70453 
63630 82512 
45761 30941 
84720 15256 
46347 25704 
70969 41511 
80931 21691 
84591 91869 
46049 36850 
4036 44095 
39682 60291 
67522 88315 
90084 70731 
48135 47985 
77292 3618 
59660 87579 
25778 54147 
8013 38765 
89048 93310 
96983 80875 
17362 17216 
68985 18584 
98310 46071 
11617 9987 
86622 38552 
89014 11610 
94385 89748 
63383 23439 
95750 36390 
56528 36631 
11232 1802 
63818 9372 
75901 74814 
73725 22187 
63000 31816 
64958 93034 
29977 79208 
50143 64637 
77432 14683 
10135 11763 
63146 80094 
16251 54533 
93139 6120 
69057 5355 
19625 29477 
91837 21704 
11761 97140 
4439 84714 
29231 58851 
68947 74444 
21036 89120 
42446 66668 
92214 73001 
94148 33179 
29790 36122 
44218 87843 
55905 98743 
59884 84020 
80855 86089 
744 35486 
61673 32740 
39678 2585 
32949 77570 
98340 58136 
65716 57543 
26960 23474 
27517 73604 
27011 44008 
62210 19984 
62277 55811 
81552 39414 
28954 80022 
62314 91075 
58651 70207 
72423 95542 
9468 29321 
7565 51545 
59861 7573 
5709 3075 
57537 90209 
21161 72160 
91398 85147 
82065 62594 
48359 24371 
25660 82962 
88875 135 
4136 33491 
25073 67284 
80614 50578 
13643 56361 
89527 5296 
81959 58698 
18631 7723 
90394 64302 
80853 77653 
96380 56085 
83414 4053 
26499 89921 
68880 30578 
81715 18940 
98260 72503 
97864 52668 
69771 91660 
58575 76833 
18558 30245 
11060 98047 
22461 31821 
66534 19094 
46792 58417 
76488 95146 
97167 46290 
63678 69030 
13561 29758 
52361 34508 
31053 2436 
86205 30554 
53144 78287 
44247 26746 
32062 61081 
65361 20128 
27111 30172 
69963 27288 
16944 2958 
23971 21905 
74506 39929 
24563 37633 
74472 16935 
99832 28957 
92115 1084 
5196 58528 
69885 31655 
68232 58490 
73330 25452 
80607 95440 
31562 97233 
60863 53922 
59134 10161 
15028 41720 
85938 48648 
3393 11735 
79710 36571 
81244 89853 
31691 7469 
18960 95965 
90208 70219 
22584 46176 
69206 3557 
69855 28249 
29158 55942 
48617 49461 
26336 23393 
34669 66293 
53077 27308 
74302 18757 
46466 16651 
43143 8679 
25760 74507 
37375 80869 
29919 17680 
16027 88872 
65783 39822 
53727 52875 
44685 63521 
82173 46342 
80734 34856 
95541 80076 
47522 15104 
70154 87682 
41674 98612 
1954 54750 
81426 13268 
96666 75610 
76370 40606 
57017 66125 
40486 26236 
98977 8748 
84786 38126 
94701 56942 
18151 70202 
83696 80073 
5368 81794 
15736 87011 
79908 9651 
89110 26925 
85630 88562 
26031 29145 
26407 69065 
83384 10461 
35559 26287 
31451 47860 
38025 12656 
45858 87456 
67355 19031 
48711 36245 
16908 73758 
3729 62329 
50021 27207 
17161 11369 
67489 40530 
21374 32292 
32315 21742 
21212 93646 
81506 29597 
64580 63514 
12587 96369 
58186 20516 
18535 4283 
86951 61182 
59014 87202 
11347 69863 
98052 19071 
10751 21357 
8740 93740 
12875 93534 
44037 96926 
99455 77520 
99453 20426 
6559 86374 
48147 71128 
44272 79683 
11900 82913 
44961 41148 
42454 48259 
11901 68971 
26862 48171 
80835 64748 
97787 73969 
25790 35558 
25104 2586 
37547 56083 
88670 8179 
78167 72848 
83818 67176 
68275 71028 
90894 41356 
95097 65799 
48070 4076 
38747 24833 
2720 8494 
1847 76265 
80767 83430 
93291 7385 
5741 82448 
60808 13265 
19663 4829 
88953 11698 
6413 53263 
79253 1053 
94921 92439 
7455 1041 
24268 25134 
9183 82896 
85737 7957 
79754 65084 
17838 87641 
86546 23436 
19556 50529 
82978 40450 
64285 42898 
82074 97533 
42381 37791 
94487 96073 
33769 95253 
61018 78484 
13700 87146 
12842 8748 
24566 35191 
74034 63495 
4548 41442 
80435 79256 
49949 74068 
26506 99319 
2206 8179 
67557 64472 
92843 11322 
98546 95923 
50076 6385 
2660 25828 
69282 40803 
12956 41098 
76219 40306 
58578 19538 
66674 27861 
73408 53891 
89102 44054 
29485 78959 
47894 13832 
20116 39752 
44037 66342 
58342 64493 
37217 29562 
75250 35285 
8862 89457 
99605 81416 
29106 24615 
75380 55497 
82352 1611 
26961 91021 
85884 43799 
13193 81438 
43889 66801 
20851 65466 
15281 7648 
35768 51108 
37900 61333 
95552 61727 
43896 78517 
71656 41544 
21591 71138 
50583 15033 
27572 18913 
84048 54959 
29478 69026 
56198 77181 
64714 73705 
72289 46830 
33232 16022 
7733 50126 
3553 32865 
68996 58830 
373 55919 
8568 90223 
59377 56372 
5062 44489 
80294 97187 
66483 83530 
82750 67915 
39797 476 
71169 1390 
13157 17543 
44719 49051 
78483 41392 
46231 22235 
81587 99770 
30051 90440 
24595 80968 
42949 64411 
1185 98521 
54481 81813 
38967 7553 
43621 56343 
95330 6324 
47019 47306 
3167 66790 
887 56014 
91123 51331 
63312 57798 
9334 89363 
86698 33986 
76131 7125 
21084 76905 
23757 26712 
68230 2769 
61867 76316 
73665 22258 
96456 82599 
39284 86672 
38786 48305 
62634 48711 
14032 53424 
60671 51279 
32552 56624 
15577 85122 
18045 15180 
88105 36696 
96349 86223 
79993 81346 
36196 19930 
91115 63694 
99001 6114 
9345 47072 
98574 89708 
91500 6910 
93657 27748 
42290 89167 
36230 20721 
74830 54232 
76823 14522 
41088 79136 
84348 35762 
53522 96507 
72492 92811 
80219 7369 
37280 47700 
84995 16727 
1146 39898 
1207 5796 
27707 21963 
73428 72819 
18391 49223 
74689 45597 
27189 50880 
8634 93184 
32994 98304 
35725 41612 
90378 77800 
20560 29133 
39086 69759 
83368 20081 
90157 33847 
52942 33350 
22297 783 
60527 31364 
15960 75231 
84614 58525 
24590 61505 
55109 14281 
32558 33987 
52004 95307 
77555 87587 
88486 43704 
21556 20038 
51309 93704 
38930 17474 
82279 18054 
52884 37478 
23900 37077 
92128 9677 
19484 68331 
58538 2955 
53432 62874 
93508 40485 
40966 95329 
5837 79052 
28206 49237 
77181 7486 
43313 66672 
92464 60559 
47286 11616 
52109 89308 
69087 30304 
10558 76516 
73880 78559 
51254 36945 
5480 26090 
52122 95930 
64523 40776 
17555 97078 
32383 2154 
53002 50046 
27543 92662 
36488 92778 
85897 67601 
97727 9071 
89368 10379 
49988 11969 
28296 38260 
32445 76238 
72148 35676 
11480 79063 
40455 57102 
58250 87097 
11238 59552 
66805 10137 
77756 95946 
2140 26933 
66043 24928 
70786 77056 
55503 70128 
87891 4191 
2742 92463 
74223 30929 
54838 22740 
54106 42805 
52417 38638 
41058 60283 
65202 60110 
91695 81323 
73083 80281 
80495 84357 
4323 45142 
98069 91710 
69151 44635 
3831 6895 
81782 80162 
70302 55733 
46840 29145 
40761 80837 
97144 35918 
84529 61805 
9039 20082 
74938 59292 
88684 8369 
33845 10186 
18152 64152 
83535 33193 
73725 9900 
21977 39434 
80423 12229 
90581 81010 
46591 26608 
34983 11988 
30281 79360 
68846 80928 
25208 98305 
38254 21778 
18197 90168 
50026 60872 
62353 2865 
71080 11764 
30576 3807 
28005 86763 
62575 51572 
36044 14267 
95216 37609 
64951 14412 
70804 27088 
5516 52013 
50818 33546 
35022 55433 
23656 20712 
92509 62762 
84093 36677 
65432 32558 
79463 50538 
58152 35416 
62963 79693 
59662 24762 
68028 67176 
53071 70503 
19380 92716 
12564 27578 
26134 78666 
14919 2918 
60273 82493 
52137 78989 
9810 51232 
69329 49819 
10146 50113 
67731 26301 
99388 67504 
6564 71570 
13835 41403 
9446 34372 
38341 48869 
31115 58608 
52946 49136 
68507 60599 
71945 73568 
6525 82144 
54479 11188 
73348 47050 
76756 47205 
42696 71576 
95176 73793 
61210 5129 
96938 7281 
97950 6506 
30075 14031 
9982 93171 
28444 68420 
93111 36253 
98822 40696 
40083 12350 
17072 39908 
59861 64757 
88228 17666 
21123 71295 
61408 72196 
70657 63758 
54601 78951 
43127 94802 
36676 14008 
22452 2143 
34365 29517 
37081 77044 
80504 86682 
71504 4349 
96484 51060 
54567 4647 
6636 7405 
41529 75725 
15204 56858 
41244 41 
37579 17965 
52461 57722 
66625 64834 
63963 60479 
72233 668 
42097 822 
77627 82991 
76251 93093 
29494 88065 
77878 68085 
80663 26331 
31959 71403 
33858 98113 
81080 7210 
52929 9433 
81816 63653 
34042 51439 
10685 53995 
43431 83798 
12675 8372 
70627 52315 
79183 55095 
16468 14125 
14192 37545 
33755 40008 
97583 22959 
65041 12643 
82737 72795 
76880 42139 
71899 60848 
72703 75653 
97267 44951 
77600 86688 
98362 20807 
27373 91408 
26951 12409 
61577 54289 
29650 82505 
15619 13482 
55309 78667 
30567 77452 
9369 65817 
50941 18765 
30614 34419 
60577 18365 
97078 15037 
14548 94216 
77350 74623 
61151 81894 
31111 17626 
12165 21531 
28466 65897 
11819 45445 
1464 45376 
75375 53858 
63208 64671 
16715 12315 
30007 30885 
61017 3692 
60287 11454 
43378 20174 
80300 17221 
27144 86104 
1152 51634 
36756 61325 
44267 43695 
89074 86442 
83130 58175 
24426 96375 
77993 55595 
84039 46635 
27205 56627 
54051 67960 
83925 50805 
97947 89247 
90195 77819 
29077 46171 
61715 1177 
32776 23434 
16094 88638 
33702 62310 
75005 11567 
18113 1914 
86348 76282 
63120 12627 
6389 4398 
95363 23123 
53829 86375 
64 38671 
97832 42672 
28125 97680 
70272 40333 
3653 15904 
98819 29298 
17272 23302 
41937 82384 
1572 7207 
69478 45637 
24228 37318 
73271 31610 
1592 62931 
10962 17155 
30986 40915 
83324 39428 
63448 74126 
20352 19068 
90350 14258 
4700 77880 
97087 10590 
92335 59877 
44946 66630 
99786 9131 
78310 379 
14936 5681 
18495 90722 
54050 11570 
97816 32420 
31566 33156 
7882 15228 
31154 62892 
84664 88866 
66648 24095 
29520 74873 
99662 5562 
70176 38834 
37088 39396 
98539 42018 
66090 45057 
83287 50166 
96860 35388 
44307 88988 
74090 56250 
93365 854 
86969 10396 
90795 75256 
54508 98367 
41508 96773 
88051 94416 
55321 78633 
36099 63866 
26350 27357 
97888 19809 
44161 14589 
51652 11664 
35369 15858 
